mammal,12,4423024,"cetancodont,cetancodontamorph,feralmammal,mamal,mammal_(species),mammale,mammalian,mammals,mammel,mammmal,panda_panda,ungulate",Động vật có vú
canid,12,1716547,"anthro_canid,caind,candid_(species),canidae,canide,canids,canind,feral_canid",Họ chó
canine,12,1659543,"anthro_canine,articwolfgirl,canines,caninie,cannine,cnaine,dogboy,doggirl,feral_canine,foxboy,foxgirl,k9,lap-dog,mongrel,vixengirl,wolfboy,wolfgirl",Loài chó
felid,12,925373,"anthro_felid,catshepherd,catsona,felidae,felids,felind,feline_(species),felines,feral_felid",Họ mèo
canis,12,915506,"anthro_canis,feral_canis",Họ chó
scalie,12,843827,"anthro_scalie,draconian,draconic,reptilian,reptilians,reptillian,scaley,scalies,scaly",Nhân vật bò sát nhân hóa
pokemon_(species),12,661586,"baby_pokemon,baby_pokémon,pokefur,pokemon(species),pokemon_(creatures),pokemon_baby,pokemon_creatures,pokemon_pred,pokemon_prey,pokemon_species,pokesex,pokémon(species),pokémon_(creature),pokémon_(creatures),pokémon_(species),pokémon_baby,pokémon_creatures,pokémon_species,strange_shiny_pokemon",Loài
feline,12,617763,"anthro_feline,catboy,catgirl,feline_(species),felines,fleine",Loài mèo
humanoid,12,587766,"adult_humanoid,humaniod,humanoid_(species),humanoid_being,humanoid_mimiff,humanoid_nation,humanoid_on_back,humanoid_on_non-humanoid_creature,humanoid_on_side,humanoid_student,humanoid_teacher,humanoide,humanoids,huminoid,hummanoid,mobian_humanoid",Loài
human,12,492317,"adult_human,black_human,bottom_human,brown_human,furry_and_human,homo_sapiens,homo_sapiens_sapiens,human_baby,human_child,human_female,human_male,human_on_back,human_on_non-humanoid_creature,human_on_side,human_student,human_teacher,humans,non-humanoid_creature_on_human,nord,white_human",Loài
equid,12,485156,equidae,Họ ngựa
mythological_scalie,12,471153,,Nhân vật bò sát thần thoại
equine,12,465049,"equines,equoid",Thuộc loài ngựa
domestic_dog,12,459302,"anthro_dog,canis_lupus_familiaris,dogg_(species),doggie,doggies,doggo,dogs,feral_dog,hound,mobian_dog,mutt,northern_dog,pup,pupper,sato_(dog),sato_dog,skinny_dog,small_dog",Chó nhà
felis,12,407496,"anthro_felis,feral_felis",Họ mèo
domestic_cat,12,398046,"anthro_domestic_cat,cats,domestic_long-haired_cat,domesticated_cat,egyptian_cat,feral_domestic_cat,house_cat,housecat,katt_(species),kitties,kitty,mobian_cat,neko,猫",Mèo nhà
lagomorph,12,369761,"anthro_lagomorph,bunnyboy,bunnygirl,lagamorph,lagomoprh,lagomorpha,lapine,leporine,logomorph,rabbitboy,rabbitgirl,unirabbit",Họ thỏ
reptile,12,329438,"lizard_girl,repitle,reptiles",Loài bò sát
leporid,12,324680,"anthro_leporid,leoprid,leporidae",Họ thỏ
bovid,12,259789,bovidae,Họ bò
pantherine,12,259650,"big_cat,leonine,panter,panther,panthers,panthress,phanter,snow_panther,white_panther",Phân họ báo
avian,12,251660,"avain,avians,blue_avian,mobian_bird",Loài chim
mythological_equine,12,235751,,Loài
hybrid,12,220403,"aardeer,alicorn_husky_hybrid,angel_fosky,angelchu,animal_hybrid,anthro_hybrid,aquadox,arctic_folf,arctic_pegafox,arctic_pegafox_(species),bat_rabbit,batcoon,batcoon_mimiff,batdragon,batfox,bear_fox,bearbull,bearshark,bearwolf,bee_cat,bird_hybrid,bolfy,botter,bragon,buizanine_(species),bullbear,bullgon,buncat,buncoon,bunk,bunnicorn,bunnycoon,bunnydragon,bunnywolf,bunwolf,burrdog,burrdog_(species),caidoberman,cangaroo,canguroo,cat-bird,cat-shark,cat/wolf,cat/wolf_hybrid,cat_dragon,cat_fish_(pun),cat_fox,cataroo,catcoon_(species),catdragon_(species),catfox,cathorse,catibou,catox,catpony,catpup,catskunk,catspider,cattolf,catvixen,catxolotl,cheefox,cheeger,cheetox,cheolf,cheolfs,chicken_gryphon,chilla_fox,cholf,chox,colf,cowbee,cowbold,coyfox,coyogon,coyote_dragon,crocofox,crossbreed,crox,croxen,cusky,dalox,darflox,deer-crossfox,deer_canine_hybrid,deercat,deerfox,deergon,deerhorse,deeroo,deerwolf_hybrid,demfox,demon_fox,demon_lion,demon_wolf,demonhusky,demonic_fox_dragon,demonic_lion_(species),demonskunk,demonwolf,dergal,dingofox,dirdwolf,diregon,dobber_deer,dober_deer,dober_rat,dogfox,doggot,donkeroo,dox,doxen,draard,drabbit_(hybrid),dracat,draco_rat,dracobat,dracobra,dracogriff,dracogryph,dracohorse,dracolf,draconicorn,dracoon,dracophin,dracoraptor,dracorat_(species),dracorn,dracovix,dracowolf,dracubus,dragadillo,dragark,draginni,dragnine,dragolf,dragon-goat,dragon-ox,dragon-wolf,dragon-zebra,dragon/deer,dragon/hyena_hybrid,dragon_cat,dragon_fox,dragon_hybrid,dragon_lion,dragon_shark,dragon_turtle,dragon_wolf,dragon_wolf_fox,dragonbat,dragonbear,dragoncat,dragonchu,dragondog,dragonfox,dragonhorse,dragonicorn,dragonine,dragonraptor,dragonwolf,dragonwolfhybrid,dragorca,dragorse,dragosect,dragox,dragriffin,drakitterwolf,draquine,drat,dratter,dravali,drawolf,draxen,drayenote,driger,drolf,drotter,drox,drusky,dryeena,drygerskunk,dusky,eeldragon,fabbit,falcon_hybrid,faxby,feasox,feazox,feer,felinfox,fenfolf,fennec_cat,fennec_lion,fennecoon,fennmink,fensky,feox,feral_hybrid,ferratoodorple,ferrox,fiox,fishcat,fishdog,fishfox,flottsky,fobbit,folf,folfbold,folfsky,foo_doggon,forgi,fosky,fot,fotter,fougar,fox-cat,fox-hyena,fox-moth,fox-wolf,fox/cat,fox/cat/hybred,fox/cat/hybrid,fox/cat_hybrid,fox/jerboa,fox/wolf,fox_bat,fox_corgi,fox_dog,fox_dragon,fox_goat,fox_panda,fox_pony,fox_slug,foxal,foxaroo,foxat,foxbat,foxbat_hybrid,foxbee,foxbird,foxcario,foxcat,foxcoon,foxcoon_(species),foxda,foxdeer,foxdemon,foxdog,foxdragon,foxger,foxgon,foxhemoth,foxhog,foxhyena,foxibou,foxkitty,foxleopard,foxmoogle,foxmutt,foxoon,foxote,foxotter,foxpanda,foxroo,foxsky,foxttercoon,foxxgoat,foyote,fraccoon,froslosion,fruitbatcat,fusky,fusky_(species),fynx,gatorfox_(species),gatorsnake,gatox,giramon,goat/horse,goat_cat_fox,goat_dog,goat_gorilla,goatbun,goatfox,griffox,growldramon,half-fox,half-otter,half-snake,half_dragon,hedgefox,hedgewolf,hibrid,horse-lynx,horse_goat,horsebird,hubrid,human_hybrid,huskena,huskoon,husky-wolf,husky_rabbit,huskyena,huskyfox,hybid,hybird,hybrid_(species),hybrid_fur,hybrid_specie,hybrid_species,hybrid_wolf_phoenix,hybride,hybrids,hydrabbit,hyenadeer,hyenapuss,hyenkel,hypno_(lopunny),hyrbid,hyrid,ice_draconic_horse,iguolf,jexouium,kaibun,kangayote,kangootter,kardox,kecha_wox,kiraptagon,kitsuragon,kitty/otter,kittydog(species),kittydog_(species),kittydragon,kittyfox,kittypup,koicat,kotterox,kowbold,krystariomon,lemurbat,leobbog,leofox,leogarg,leolynx,leopanda,leopard_dragon,ligerwolf,ligon,liolf,lionbear,liondragon,lionfox,lionroo,lionwolf,liox,lizard-mouse,loporeon,lotteron,lucachu,lucaridon,luskandox,lynx/domestic_cat,macunny,mewgia_(species),mewlava,mimiff,mix,mixed_species,monkey-bird,monkeybird,moth_dragon,multiple_species,mystgoose,octoraccoon,octoskunk,octowolf,orca-dragon,orca_dragon,orcadragon,orcagon,orcat,orcdragon,otsky,ottagon,otter/wolf,otter_bat,otter_hybrid,otterbat,otterbear,ottercat,otterdog,otterfox,otteritty,otteroo,otterroo,ottershark,ottox,ottsky,owl_gryphon,owlcat,owlox,pancoon,panda-dragon,pandafox,pandafox_(species),pandapard,pandauren,pandragon,pangoose,panther_wolf_hybrid,phoegon,pikachumbreon,planedragon,protocrow,rabbit-dragon,rabbit_wolf,rabbitcat,raccat,raccoon_fox,raigon,rampox,ratcat,ratdragon,ratdragon_(species),ratwolf,renaskunk,rodragon,roofox,roogryph,roolacine,roosky,rosechu_(species),saber_cat,saber_dog,saber_lynx,sabercat,saberdragon,sabershark,sabersune,saberwolf,sableroo,salugia,sandlava,scaled_fox,schnolf,sergal-fox,sergal_dragon,sergal_moth,serpent_peahen,shargon,shark/fox,shark_dog,shark_fox,shark_pony,sharkdragon,sharkfox,sharkgon,sharkpony,sharktopus,shennec,shepcoon,shepherds_fox,shox,shoxy,skoon_(species),skotter,skox,skunk-bat,skunk-bear,skunk-fox,skunk_bunny,skunk_cat,skunk_fox,skunk_pony,skunk_rat,skunkaroo,skunkat,skunkbax,skunkbunny,skunkcoon,skunkfox,skunkkangaroo,skunkmink,skunkpony,skunksum,skunkubus,skunkwolf,skunx,skusky,skwolf,slime_hybrid,snail_cat,snailkit,snake_dragon,snolf,snowpanda,snowval,sonichu_(species),sox,spiderhorse,spidox,squabit,squabit_(species),squid-skunk,squidfox,squirrel_dragon,swolfpert,sylbreon,sylviark,sylvox,tabbit,tabby-twogon,tegu_dragon,teragon,tifox,tiger-bear,tiger-striped_skunk,tiger/otter_hybrid,tigerbunny,tigerchu,tigerdog,tigerfox,tigerskunk,tigerwolf,tigotter,tigox,tixagon,tolf,totter,toucat,tox,tycoon,umbreon_cat,umbrox,unibunny,unigon,unisky,vaporunny,velocelox,vulpeer,wadger,wagon(species),wagon_(species),wallaroo,weagle,werehybrid,werewolf_dragon,wokitah,wolcon,wolf-cat,wolf-dragon,wolf-tail_hare,wolf-tailed_hare,wolf/panther_hybrid,wolf/tiger_hybrid,wolf_bat,wolf_dragon,wolf_falcon,wolf_falcon_hybrid,wolf_fox,wolf_hybrid,wolf_panda,wolf_rabbit,wolf_tailed_hare,wolf_tiger,wolfa,wolfbear,wolfbird,wolfbreon,wolfbreon_(hybrid),wolfbreon_(species),wolfbull,wolfbunny,wolfcat,wolfcoon,wolfdagon,wolfdragon,wolfdrake,wolffox,wolfhawk,wolflope,wolfmouse,wolfox,wolfrabbit,wolfroo,wolfshark,wolfskunk,wolfsune,wolfvern,wolfyena,wolger,wolgon,wolingo,wolphin,wolther,wolvern,wolviex,wolyena,woox,worgi,worval,wotter_(hybrid),wox,woyote,wuffoon,wulfion,wunnyroo,wynx,xoox,yveltvoir,zorocario,zorupix",Sinh vật lai
rodent,12,201151,"anthro_rodent,rodents",Loài gặm nhấm
animal_humanoid,12,190140,"aniamal_humanoid,humanoid_animal,kemonomimi",Động vật dạng người
aquatic,12,188311,"marine,marine_animal,marine_reptile",Sinh vật thủy sinh
generation_1_pokemon,12,185758,"gen_1_pokemon,gen_1_pokémon,gen_one_pokemon,gen_one_pokémon,generation_1_pokémon,generation_i_pokemon,generation_i_pokémon,generation_one_pokémon",Pokémon thế hệ đầu
caprine,12,160867,"caprid,caprinae,goat-antelope,goat_antelope,ram",Loài
pony,12,142995,ponies,Loài
generation_4_pokemon,12,138914,"gen_4_pokemon,gen_4_pokémon,gen_four_pokemon,gen_four_pokémon,generation_4_pokémon,generation_four_pokémon,generation_iv_pokemon,generation_iv_pokémon",Loài
mammal_humanoid,12,123856,"cetancodont_humanoid,cetancodontamorph_humanoid",Loài
true_fox,12,118012,"vulpes,vulpine,vulpines",Loài
murid,12,112280,muridae,Loài
murine,12,111023,"mouseboy,mousegirl",Loài
generation_3_pokemon,12,106316,"gen_3_pokemon,gen_3_pokémon,gen_three_pokemon,gen_three_pokémon,generation_3_pokémon,generation_iii_pokemon,generation_iii_pokémon,generation_three_pokémon",Loài
generation_2_pokemon,12,97687,"gen_2_pokemon,gen_2_pokémon,gen_two_pokemon,gen_two_pokémon,generation_2_pokémon,generation_ii_pokemon,generation_ii_pokémon,generation_two_pokémon",Loài
generation_6_pokemon,12,97173,"gen_6_pokemon,gen_6_pokémon,gen_six_pokemon,gen_six_pokémon,generation_6_pokémon,generation_six_pokémon,generation_vi_pokemon,generation_vi_pokémon",Loài
eeveelution,12,96886,"all_eight_eeveelutions,eeveelutions",Loài
mustelid,12,95676,"anthro_mustelid,mustelidae,mustelids",Loài
bovine,12,90100,"bovines,ox,oxen",Loài
prehistoric_species,12,89828,"prehistoric_creatures,prehistoric_mammal",Loài
generation_5_pokemon,12,83295,"gen_5_pokemon,gen_5_pokémon,gen_five_pokemon,gen_five_pokémon,generation_5_pokémon,generation_five_pokémon,generation_v_pokemon,generation_v_pokémon",Loài
bat,12,80370,"bat/mammal,bat_(species),bats,chiroptera,chiropteran,mobian_bat",Loài
mythological_canine,12,78233,,Loài
earth_pony,12,75116,"earth_ponies,earthponies,earthpony",Loài
digimon_(species),12,74819,"champion_level_digimon,champion_level_digimon_(species),data_type,data_type_(species),data_type_digimon,data_type_digimon_(species),fresh_level_digimon,fresh_level_digimon_(species),in-training_level_digimon,in-training_level_digimon_(species),mega_level_digimon,mega_level_digimon_(species),rookie_level_digimon,rookie_level_digimon_(species),ultimate_level_digimon,ultimate_level_digimon_(species),vaccine_type,vaccine_type_(species),vaccine_type_digimon,vaccine_type_digimon_(species),virus_type,virus_type_(species),virus_type_digimon,virus_type_digimon_(species)",Loài
legendary_pokemon,12,72527,"legendary_pokémon,mythical_pokemon,mythical_pokémon",Loài
incest_(lore),15,70388,"after_incest,family_group_sex,family_sex,incestuous,turtlecest,wincest",Lore
eulipotyphlan,12,68311,,Loài
sibling_(lore),15,65669,sibling,Lore
mouse,12,65604,"mice,mobian_mouse,mouses",Loài
generation_7_pokemon,12,65221,"gen_7_pokemon,gen_7_pokémon,gen_seven_pokemon,gen_seven_pokémon,generation_7_pokémon,generation_seven_pokémon,generation_vii_pokemon,generation_vii_pokémon",Loài
parent_(lore),15,64340,"parent,parents",Lore
insect,12,63155,"bug_girl,insect_girl,insects",Loài
procyonid,12,62952,procyonidae,Loài
marsupial,12,61484,,Loài
pastoral_dog,12,60904,livestock_dog,Loài
herding_dog,12,59609,"shepard_dog,shephard_dog,shepherd_dog",Loài
cattle,12,57350,"bulls,cows,dairy_cow,mobian_cattle",Loài
parent_and_child_(lore),15,55919,"child_and_parent,parent_and_intersex_child",Lore
werecreature,12,53815,"lycan,were,were-hybrid,were_beast,were_hybrid,werebeast,wereform,wereshep_hybrid",Loài
trans_(lore),15,52627,"trans,transgender,transgender_(lore),transgendered",Lore
sciurid,12,51228,"mobian_squirrel,sciuridae,squirrelgirl",Loài
nordic_sled_dog,12,49845,"nordic_sledge_dog,sled_dog,sledding_dog",Loài
werecanid,12,47887,,Loài
felid_humanoid,12,47845,,Loài
generation_8_pokemon,12,47359,"gen_8_pokemon,gen_8_pokémon,gen_eight_pokemon,gen_eight_pokémon,generation_8_pokémon,generation_eight_pokémon,generation_viii_pokemon,generation_viii_pokémon",Loài
furred_scalie,12,47089,furred_reptilian,Loài
musteline,12,46136,"anthro_musteline,mustelinae",Loài
rat,12,45808,rats,Loài
elemental_creature,12,45020,"earth_(elemental),earth_creature,element_creature,element_fauna,elemental_fauna,nature_elemental",Loài
sister_(lore),15,43502,sister,Lore
brother_(lore),15,43480,brother,Lore
hunting_dog,12,43021,,Loài
feline_humanoid,12,42367,,Loài
canid_demon,12,41517,,Loài
hellhound,12,39804,"demon_dog,devil_dog,hell_hound",Loài
mythological_avian,12,39728,"mythical_avian,mythologial_avian",Loài
werecanine,12,39511,werefolf,Loài
saurischian,12,39225,saurischia,Loài
mother_(lore),15,38837,"mom,moms,mother,mothers",Lore
ursine,12,38470,,Loài
cat_humanoid,12,38131,"catboy,catgirl,catgirls,catian,humanoid_cat,neko_girl,nekomimi",Loài
mephitid,12,38125,,Loài
primate,12,37623,primates,Loài
canid_humanoid,12,37060,,Loài
animate_inanimate,12,36352,"inanimate,living_object,male_animate_inanimate",Loài
canine_humanoid,12,35438,,Loài
son_(lore),15,34553,son,Lore
suine,12,33992,"hog,porcine,procine,suiforme,suiformes,suina,swine",Loài
flora_fauna,12,33754,"animal_flora_hybrid,animal_plant_hybrid,fauna/flora,fauna/plant,fauna_flora,fauna_plant,flora/fauna,flora_boy,flora_elemental,flora_girl,grass_elemental,living_flora,living_plant,piranha_plant_girl,plant/fauna,plant_creature,plant_elemental,plant_fauna",Loài
ailurid,12,33598,ailuridae,Loài
horned_humanoid,12,33103,"honed_humanoid,honred_humanoid,horn_humanoid,horned-humanoid,horned_human,hornned_humanoid",Loài
parent_and_son_(lore),15,32894,parent_and_son,Lore
tree_squirrel,12,32517,"sqiurrel,squirrels,squrriel",Loài
suid,12,31978,"piggirl,suidae,suids",Loài
mother_and_child_(lore),15,31821,"child/mother,child_and_mother,child_mother,mother/child,mother_and_intersex_child,mother_child",Lore
trans_woman_(lore),15,31534,"trans_female,trans_female_(lore),trans_feminine,trans_girl,trans_woman,transfem,transfemale,transfeminine,transfemme,transgender_female,transgender_girl,transgender_woman,transgirl,transwoman",Lore
sus_(pig),12,30535,,Loài
goo_creature,12,30446,"goo_boy,goo_girl,goo_monster,goo_pony,gooboy,googirl,living_goo,living_slime,monster_slime,slime_creature,slime_monster,slimegirl",Loài
amphibian,12,30293,"anphibian,lissamphibian",Loài
gryphon,12,30215,"griffen,griffon,gryphon_on_feral,gryphoness,gryphons,gyrphon",Loài
father_(lore),15,29578,"dad,father,two_dads",Lore
raccoon_dog,12,29529,raccoondog,Loài
new_world_deer,12,28790,capreoline,Loài
giant_panda,12,28553,"mobian_panda,panda_bear,pandas",Loài
spotted_hyena,12,28265,"laughing_hyena,spotted_hyena_(species)",Loài
nonbinary_(lore),15,28082,"enby,genderfluid,non-binary,non-binary_(lore),non_binary,non_binary_(lore),nonbinary,nonbinary_gender",Lore
mollusk,12,28080,mollusc,Loài
spirit,12,27942,,Loài
generation_9_pokemon,12,27778,"generation_9_pokémon,generation_ix_pokemon,generation_ix_pokémon",Loài
boss_monster_(undertale),12,27262,gote,Loài
galliform,12,27200,"galliforme,galliformes,gallinaceous,gallinaceous_bird,gallus_(genus),game_bird,game_fowl,gamebird,gamefowl,junglefowl,land_fowl,landfowl",Loài
male_(lore),15,27196,,Lore
unknown_species,12,27103,"creatures,uknown_species,unknown_creature,unkown_species",Loài
father_and_child_(lore),15,27083,"child/father,child_and_father,child_father,father/child,father_child,father_penetrating_child",Lore
phasianid,12,26976,"phasianidae,phasianinae",Loài
passerine,12,26689,,Loài
oscine,12,26514,,Loài
true_musteline,12,25335,,Loài
bird_dog,12,24948,"birddog,gun_dog,gundog,pointer_dog,pointing_dog",Loài
haplorhine,12,24930,"haplorhines,haplorhini,haplorrhini",Loài
macropod,12,24709,"kangaroo_family,macropodid,macropodidae",Loài
brother_and_sister_(lore),15,24388,"b/s,brother/sister,s/b,sister/brother,sister_and_brother",Lore
koopa,12,22924,albinokoopasona,Loài
daughter_(lore),15,22727,"daughter,daughters",Lore
parent_and_daughter_(lore),15,22204,parent_and_daughter,Lore
toy_dog,12,21457,,Loài
demon_humanoid,12,21212,"daemon_human,daemon_humanoid,demon_human,devil_human,devil_humanoid,human_daemon,human_demon,human_devil,human_incubi,human_incubus,human_succubi,human_succubus,humanoid_daemon,humanoid_demon,humanoid_devil,humanoid_incubi,humanoid_incubus,humanoid_succubi,humanoid_succubus,incubi_human,incubi_humanoid,incubus_human,incubus_humanoid,succubi_human,succubi_humanoid,succubus_human,succubus_humanoid",Loài
alien_humanoid,12,21137,humanoid_alien,Loài
sheepdog,12,20919,sheep_dog,Loài
arachnid,12,20486,arachnida,Loài
cetacean,12,19973,,Loài
corvid,12,19698,crow_family,Loài
aquatic_humanoid,12,19683,marine_humanoid,Loài
lepidopteran,12,19146,lepidoptera,Loài
alligatorid,12,19007,alligatoridae,Loài
retriever,12,18550,"retreiver,retriver",Loài
fox_humanoid,12,18544,"foxmorph,humanoid_fox,kitsunemimi,kitsunemusume,kyubimimi",Loài
regional_form_(pokemon),12,18510,"regional_form,regional_form_(pokémon),regional_variant,regional_variant_(pokemon),regional_variant_(pokémon),regional_varient,regional_varient_(pokemon),regional_varient_(pokémon)",Loài
pinscher,12,18195,pinscher_dog,Loài
female_(lore),15,17955,,Lore
toothed_whale,12,17619,,Loài
trans_man_(lore),15,17549,"trans_male,trans_man,trans_masculine,transboy,transgender_boy,transgender_male,transgender_man,transmale,transman,transmasc,transmasculine",Lore
brothers_(lore),15,17530,"brother/brother,brother_and_brother",Lore
mother_and_son_(lore),15,17395,"mom_and_son,mother/son,son/mother,son_and_mother",Lore
sergal,12,17309,"eastern_sergal,northern_sergal,scaled_sergal,southern_sergal,western_sergal",Loài
dromaeosaurid,12,17209,"dromaeosaur,dromaeosauridae,dromaosaur,dromeasaur,dromeosaur,eudromaeosauria,eudromaeosaurian,mobian_raptor",Loài
american_opossum,12,17185,"didelphidae,didelphimorph,didelphimorphia,opossom,opposum",Loài
sisters_(lore),15,17115,"sister/sister,sister_and_sister",Lore
oryctolagus,12,17057,,Loài
father_and_son_(lore),15,17012,"father/son,father_impregnating_son,father_rimming_son,father_son,fathers_and_son,son/father,son_and_father,son_father",Lore
hymenopteran,12,16987,hymenoptera,Loài
domestic_pig,12,16752,"pigs,sow",Loài
deity,12,16719,"diety,god,goddess,godness",Loài
ambiguous_species,12,16567,ambiugous_species,Loài
wingless_dragon,12,16355,,Loài
accipitriform,12,16076,"accipitriforme,accipitriformes,buzzard",Loài
changeling_(mlp),12,15953,"changeling,changling",Loài
draconcopode,12,15719,"draconcopedes,draconcopedis,draconopode,dracontopode",Loài
protogen,12,15085,proto_gen,Loài
oceanic_dolphin,12,15077,delphinoid,Loài
molosser,12,14923,"band-dog,band_dog,bande-dogge,bande_dogge,bandog,bandogge,bonde-dog,bonde_dog,bondogge,molosser_dog,molossian_dog",Loài
ornithischian,12,14817,"bird-hipped_dino,bird-hipped_dinosaur,bird_hipped_dino,bird_hipped_dinosaur,ornithischia,predentata",Loài
wild_boar,12,14205,"eurasian_wild_pig,wild_swine",Loài
mother_and_daughter_(lore),15,14115,"daughter/mother,daughter_and_mother,mother/daughter",Lore
mammal_taur,12,13632,,Loài
asinus,12,13467,,Loài
ground_squirrel,12,13342,,Loài
robot_humanoid,12,13336,,Loài
bandicoot,12,13322,mobian_bandicoot,Loài
house_mouse,12,13255,,Loài
accipitrid,12,13242,"accipitridae,hawk-eagle,hawk_eagle,hawkeagle",Loài
elemental_humanoid,12,13231,"earth_humanoid,element_humanoid,elements_humanoid,humanoid_element,humanoid_elemental,humanoid_elements",Loài
anubian_jackal,12,12858,,Loài
lagomorph_humanoid,12,12326,,Loài
experiment_(lilo_and_stitch),12,12262,"experiment_(disney),experiment_(l&s),experiment_(las),experiment_(lilo_&_stitch),experiment_(stitch)",Loài
corvus_(genus),12,12251,"corvus_(corvid),true_crow",Loài
anseriform,12,12187,"anseriforme,water_fowl,waterfowl",Loài
anatid,12,12159,anatidae,Loài
bovid_humanoid,12,12002,,Loài
twins_(lore),15,11979,twin,Lore
feathered_scalie,12,11913,feathered_reptilian,Loài
cervine,12,11781,cervines,Loài
food_creature,12,11608,"anthro_food,anthropomorphic_food,foodgirl",Loài
robot_anthro,12,11416,,Loài
cobra,12,11362,hooded_cobra,Loài
saber-toothed_tiger,12,11177,"machairodont,machairodontine,saber-tooth_cat,saber-tooth_tiger,saber-toothed_cat,saber-toothed_feline,saber_tooth_lion,saber_tooth_tiger,saber_toothed_tiger,sabertooth_tiger,sabertoothed_cat,sabertoothed_tiger,sabertoothkat_(species),sabre-tooth_cat,sabre-tooth_tiger,sabre-toothed_tiger,sabre_tooth_tiger,sabre_toothed_tiger,sabretooth_cat",Loài
mollusk_humanoid,12,11153,,Loài
giraffid,12,11051,giraffidae,Loài
monotreme,12,11043,,Loài
darkner,12,11006,,Loài
leporid_humanoid,12,10823,,Loài
domestic_ferret,12,10757,common_ferret,Loài
herm_(lore),15,10685,hermaphrodite_(lore),Lore
rabbit_humanoid,12,10673,"bunny_humanoid,demibun,demibunny,humanoid_bunny,humanoid_lagomorph,humanoid_rabbit,usagimimi,usagimusume",Loài
tailed_humanoid,12,10664,humanoid_tail,Loài
yokai,12,10414,"yo-kai,yo_kai,yookai,youkai,yōkai",Loài
proboscidean,12,10409,proboscid,Loài
cephalopod_humanoid,12,10322,,Loài
elephantid,12,10157,elephantidae,Loài
father_and_daughter_(lore),15,10126,"daughter/father,daughter_and_father,father/daughter",Lore
dragon_humanoid,12,9908,"dragon-kin,dragon_kin,dragonkin,humanoid_dragon",Loài
echidna,12,9722,mobian_echidna,Loài
plant_humanoid,12,9660,"flora_humanoid,humanoid_flora,humanoid_plant",Loài
bat_pony,12,9489,"batpony,ponybat",Loài
tyrannosauroid,12,9481,,Loài
hylian,12,9404,,Loài
naga,12,9385,larger_naga,Loài
tyrannosaurid,12,9248,,Loài
arthropod_humanoid,12,9162,,Loài
living_machine,12,9161,,Loài
tyrannosaurus,12,8948,,Loài
domestic_sheep,12,8937,dairy_sheep,Loài
mastiff,12,8929,,Loài
pal_(species),12,8905,,Loài
labrador,12,8848,"black_lab,black_labrador,chocolate_lab,chocolate_labrador,yellow_lab,yellow_labrador",Loài
alolan_form,12,8835,alolan,Loài
maned_wolf,12,8668,"chrysocyon,lobo_guara,manned_wolf,stilt_wolf",Loài
domestic_rabbit,12,8559,pet_rabbit,Loài
european_rabbit,12,8516,,Loài
bovine_humanoid,12,8478,,Loài
living_inflatable,12,8057,"animate_inflatable,inflatable_creature",Loài
sighthound,12,7979,"gaze_hound,gazehound,sight_hound",Loài
winged_humanoid,12,7944,,Loài
pinniped,12,7935,,Loài
hare,12,7868,"jack_rabbit,jackrabbit,lepus",Loài
gulonine,12,7784,guloninae,Loài
midnight_lycanroc,12,7765,midnight_lugarugan,Loài
marginocephalian,12,7699,marginocephalia,Loài
avali,12,7662,avali_(original),Loài
twili,12,7572,,Loài
virginia_opossum,12,7540,"possom,tlacuache,virginia_possum",Loài
humanoid_taur,12,7533,,Loài
gastropod,12,7516,"gasteropod,gasteropoda,gasteropodan,gastropoda,gastropodan,univalve,univalves",Loài
scalie_humanoid,12,7478,,Loài
hisuian_form,12,7399,,Loài
ceratopsian,12,7398,"ceratop,ceratopia,ceratopian,ceratops,ceratopsia",Loài
wolf_humanoid,12,7288,"humanoid_wolf,okamimi,okamimimi,ookamimi,ookamimimi,wolf_human",Loài
coleoid,12,7125,"coleoidea,coleoidean,dibranchiata",Loài
cattle_humanoid,12,7120,"bull_humanoid,cow_human,cow_humanoid,humanoid_cow,ushimimi,ushimusume",Loài
living_vehicle,12,7072,,Loài
malo,12,7056,mal0_(species),Loài
cattledog,12,6971,cattle_dog,Loài
succubus,12,6946,,Loài
strepsirrhine,12,6917,"strepsirhini,strepsirrhines,strepsirrhini",Loài
australian_cattle_dog,12,6882,"australian_cattledog,blue_heeler,heeler,queensland_heeler,red_heeler",Loài
waddling_head,12,6789,,Loài
aquatic_dragon,12,6697,"marine_dragon,sea_dragon_(species)",Loài
flying_wyvern,12,6688,,Loài
fish_humanoid,12,6688,humanoid_fish,Loài
animated_skeleton,12,6530,"animate_skeleton,living_skeleton",Loài
owl_demon,12,6496,,Loài
living_plushie,12,6389,living_plush,Loài
equid_taur,12,6361,equitaur,Loài
adult_(lore),15,6217,adult_character,Lore
striped_skunk,12,6188,,Loài
camelid,12,6187,,Loài
keidran,12,6144,,Loài
caprine_demon,12,6070,,Loài
rodent_humanoid,12,5941,,Loài
herpestid,12,5888,herpestidae,Loài
pandaren,12,5844,,Loài
striped_hyena,12,5773,striped_hyena_(species),Loài
spaniel,12,5732,,Loài
tentacle_creature,12,5726,"tentacl_monster,tentacle_monster",Loài
lightner,12,5582,,Loài
cricetid,12,5555,cricetidae,Loài
wolfdog,12,5431,"whusky,wolf-dog,wolf/dog,wolf/husky,wolf_dog,wolfsky,wusky",Loài
grizzly_bear,12,5417,"grizzly,grizzlybear,north_american_brown_bear",Loài
dog_humanoid,12,5390,"humanoid_dog,humdog,inumimi,inumusume",Loài
gynomorph_(lore),15,5351,dickgirl_(lore),Lore
ornithopod,12,5327,,Loài
living_aircraft,12,5297,anthro_plane,Loài
scent_hound,12,5277,scenthound,Loài
goat_demon,12,5235,"baphomet_(species),demon_goat,krampus_(species)",Loài
ceratopsid,12,5235,,Loài
marten,12,5216,martes,Loài
tauren,12,5078,,Loài
mountain_dog,12,4966,,Loài
chasmosaurine,12,4874,"chasmosaur,chasmosaurinae",Loài
fury_(httyd),12,4874,,Loài
hadrosaurid,12,4866,"hadrosaur,lambeosaur",Loài
jay_(bird),12,4861,,Loài
dragon_koopa,12,4853,,Loài
xenarthran,12,4823,,Loài
octarian,12,4813,,Loài
avian_humanoid,12,4761,"avian_human,humanoid_avian",Loài
new_world_jay,12,4738,american_jay,Loài
ambient_arthropod,12,4696,"ambient_arthropods,ambient_bug,ambient_bugs",Loài
afrosoricid,12,4667,,Loài
octopodiform,12,4657,octopodiforme,Loài
tenrec,12,4648,mobian_tenrec,Loài
hippopotamid,12,4648,,Loài
dingo,12,4596,,Loài
rexouium,12,4594,,Loài
thiren,12,4583,,Loài
indirect_incest_(lore),15,4572,"indirect_incest,semi-incest,semi_incest",Lore
mixed_breed,12,4555,mix_breed,Loài
terrier,12,4544,,Loài
mink,12,4537,,Loài
fox_spirit,12,4509,"celestial_kitsune,fox_demon,kitsune_(mythological),kitsune_(mythology),kyubi,mythological_kitsune,nine-tailed_fox,nine_tailed_fox,ninetail_fox,九尾狐,狐狸精",Loài
common_hippopotamus,12,4470,hippo,Loài
monstrous_humanoid,12,4456,"humanoid_monster,monster_humanoid,monsterous_humanoid",Loài
hairless_cat,12,4454,,Loài
pseudo_incest_(lore),15,4453,"pseudo_incest,pseudoincest,technical_incest",Lore
mole_salamander,12,4426,"ambystoma,ambystomatid,ambystomatidae",Loài
draconequus,12,4360,,Loài
equid_humanoid,12,4261,,Loài
living_latex,12,4171,living_rubber,Loài
night_fury,12,4163,"night_fury_(oc),nightfury",Loài
fluffy_pony_(species),12,4108,,Loài
critters_(poppy_playtime),12,4095,,Loài
sphynx_(cat),12,4058,"sphinx_(cat),sphinx_cat,sphynx",Loài
european_hedgehog,12,4003,,Loài
viper,12,3993,"viper_(species),viperae,viperid,viperidae,viperini",Loài
insect_humanoid,12,3932,humanoid_insect,Loài
reptile_humanoid,12,3931,,Loài
charr,12,3926,,Loài
vessel_(species),12,3906,,Loài
true_parrot,12,3904,"psittacoid,psittacoidea",Loài
requiem_shark,12,3885,"carcharhinid,carcharhinidae",Loài
grey_squirrel,12,3836,gray_squirrel,Loài
caracal_(genus),12,3812,,Loài
mineral_fauna,12,3802,"living_mineral,living_minerals,mineral_creature",Loài
stoat,12,3786,"short-tailed_weasel,short_tailed_weasel",Loài
monitor_lizard,12,3782,"goanna,monitor_(lizard),varanus",Loài
aeromorph,12,3778,,Loài
chinchillid,12,3761,chinchillidae,Loài
ambient_insect,12,3749,,Loài
elder_dragon,12,3738,,Loài
gatomon,12,3666,,Loài
flower_creature,12,3666,living_flower,Loài
equine_humanoid,12,3662,"humanoid_equine,humanoid_horse,humanoid_pony,pony_humanoid,umamimi",Loài
goo_humanoid,12,3648,"humanoid_goo,slime_humanoid",Loài
raven,12,3629,,Loài
echinoderm,12,3620,,Loài
dairy_cattle,12,3610,,Loài
synth_(vader-san),12,3594,"synth_(vader_san),synth_(vadersan)",Loài
alaskan_malamute,12,3554,malamute,Loài
spider_humanoid,12,3538,,Loài
twincest_(lore),15,3517,,Lore
spinosaurid,12,3514,spinosaur,Loài
draft_horse,12,3500,draught_horse,Loài
falconid,12,3500,"falconidae,falconiform,falconiforme,falconinae",Loài
adopted_(lore),15,3477,adopted,Lore
kirin,12,3475,"qilin,quilin",Loài
felkin,12,3454,,Loài
chinchilla,12,3403,"anthro_chinchilla,mobian_chinchilla",Loài
fossil_pokemon,12,3375,fossil_pokémon,Loài
living_clothing,12,3364,living_suit,Loài
holstein_friesian_cattle,12,3361,holstein,Loài
cousins_(lore),15,3320,"cousin,cousin_and_cousin,cousin_fingering_cousin,cousin_penetrated,cousin_penetrating,cousin_penetrating_cousin",Lore
dasyuromorph,12,3303,,Loài
thyreophoran,12,3290,"armored_dino,armored_dinosaur,armored_dinosaurs,armoured_dino,armoured_dinosaur,armoured_dinosaurs,thyreophora,thyreophoroid,thyreophoroidea,thyreophoroidean",Loài
red_deer,12,3283,,Loài
mythological_bird,12,3252,,Loài
malacostracan,12,3249,malacostraca,Loài
pantherine_humanoid,12,3243,panther_humanoid,Loài
akita,12,3229,,Loài
lynian,12,3227,,Loài
seal,12,3192,,Loài
skulldog_(species),12,3172,,Loài
asterozoan,12,3160,,Loài
vulpera,12,3147,,Loài
andromorph_(lore),15,3142,cuntboy_(lore),Lore
mythological_firebird,12,3140,"firebird_(bird),firebird_(mythological),firebird_(mythology),firebird_(species)",Loài
saluki,12,3108,saluki_hound,Loài
dragonborn_(dnd),12,3090,,Loài
caninu,12,3048,,Loài
caprine_humanoid,12,3011,,Loài
vombatiform,12,3008,,Loài
paradox_pokemon,12,3004,,Loài
fanged_wyvern,12,3002,,Loài
busty_boy_(lore),15,2975,"busty_boy,bustyboy,bustyboy_(lore)",Lore
ambient_bird,12,2975,"ambient_birds,ambient_gull,ambient_seagull",Loài
cnidarian,12,2971,cnidaria,Loài
sciurid_humanoid,12,2957,,Loài
dwarf_rabbit,12,2906,,Loài
columbid,12,2906,columbidae,Loài
ultra_beast,12,2881,,Loài
samoyed,12,2877,"bjelkier,nenetskaya_laika,samoiedskaya_sobaka",Loài
digital_creature,12,2863,"computer_program_(species),digital_organism_(species)",Loài
kig-yar,12,2860,"halo_jackal,halo_skirmisher,jackal_(halo),kig_yar,kigyar,skirmisher_(halo)",Loài
sea_eagle,12,2849,"erne,fish_eagle,haliaeetinae,haliaeetus,seaeagle",Loài
recently_extinct_species,12,2846,,Loài
arctic_wolf,12,2840,"artctic_wolf,artic_wolf",Loài
decapod,12,2820,decapoda,Loài
fly_(animal),12,2817,"animal_fly,bug_fly,diptera,dipteran,dipterid,flies,fly_(bug),fly_(insect),fly_insect,insect_fly",Loài
living_candy,12,2792,"candie_creature,candie_elemental,candie_elementals,candy_creature,candy_elemental,candy_elementals,candy_girl,candyboy,candygirl,living_candies",Loài
sauropodomorph,12,2768,prosauropod,Loài
megabat,12,2731,"fruit_bat,fruitbat,megachiroptera,megachiropteran,old_world_fruit_bat,pteropodid,pteropodidae,pteropodiform,pteropodiformes,yinpterochiroptera,yinpterochiropteran",Loài
silver_fox,12,2730,silver_fox_(species),Loài
tree_squirrel_humanoid,12,2730,"humanoid_squirrel,squirrel_humanoid",Loài
tiger_shark,12,2728,tigershark,Loài
pilosan,12,2725,,Loài
cocker_spaniel,12,2708,,Loài
hirundinid,12,2685,,Loài
true_owl,12,2685,"strigid,typical_owl",Loài
mantis,12,2648,mantid,Loài
neotropical_parrot,12,2626,,Loài
sky_forme_shaymin,12,2623,"shaymin_(sky_form),shaymin_(sky_forme),shaymin_sky,shaymin_sky_form,shaymin_sky_forme,sky_form_shaymin,sky_shaymin",Loài
ambient_flier,12,2609,,Loài
pomeranian,12,2599,,Loài
white-tailed_deer,12,2597,"virginia_deer,white_tail_deer,white_tailed_deer,whitetail,whitetail_deer,whitetailed_deer",Loài
decapodiform,12,2593,"decapodiforme,squids",Loài
leopardus,12,2590,,Loài
flamedramon,12,2590,blackflamedramon,Loài
stegosaurian,12,2590,stegosaur,Loài
winged_dragon,12,2587,,Loài
caviid,12,2571,"caviidae,cavy",Loài
eastern_grey_squirrel,12,2551,eastern_gray_squirrel,Loài
veemon,12,2539,vmon,Loài
pit_viper,12,2538,"crotalinae,crotaline_snake,pit_adder",Loài
murid_humanoid,12,2534,,Loài
canada_lynx,12,2526,canadian_lynx,Loài
murine_humanoid,12,2522,,Loài
mackerel_shark,12,2504,"lamniform,lamniformes",Loài
piciform,12,2500,,Loài
viverrid,12,2487,,Loài
river_otter,12,2485,,Loài
guardian_spirit,12,2478,,Loài
pit_bull,12,2459,pitbull,Loài
night_elf,12,2444,,Loài
wolverine,12,2439,gulo,Loài
baryonyx,12,2426,,Loài
swiss_mountain_dog,12,2414,"sennenhund,swiss_cattle_dog",Loài
shadow_creature,12,2380,"shadow_familiar,shadow_girl,shadow_monster",Loài
cape_buffalo,12,2371,african_buffalo,Loài
latex_creature,12,2370,"living_rubber,rubber_creature,rubbercat",Loài
uncle_(lore),15,2346,uncle,Lore
ambient_sealife,12,2346,,Loài
microbat,12,2340,"microchiroptera,microchiropteran",Loài
angel_humanoid,12,2332,,Loài
red_wolf,12,2329,redwolf,Loài
fungi_fauna,12,2327,"animal_fungi_hybrid,animal_fungus_hybrid,animal_mushroom_hybrid,fauna/fungi,fauna/fungus,fauna/mushroom,fauna_fungi,fauna_fungus,fauna_mushroom,fungi/fauna,fungi_boy,fungi_girl,fungus/fauna,fungus_boy,fungus_fauna,fungus_girl,living_fungi,living_fungus,living_mushroom,mushroom/fauna,mushroom_fauna",Loài
hybrid_pokemon,12,2308,,Loài
bobcat,12,2304,bob_cat,Loài
pine_marten,12,2293,pinemarten,Loài
nephew_(lore),15,2290,nephew,Lore
grandparent_(lore),15,2246,"grand_parent,grand_parents,grandparent,grandparents",Lore
living_fruit,12,2243,fruit_creature,Loài
maleherm_(lore),15,2208,"male_herm_(lore),male_hermaphrodite_(lore),malehermaphrodite_(lore)",Lore
mythological_sphinx,12,2202,"sphinx_(myth),sphinx_(mythology)",Loài
cypriniform,12,2194,cypriniforme,Loài
intersex_(lore),15,2176,,Lore
canid_taur,12,2174,,Loài
felineko,12,2172,,Loài
wereeulipotyphlan,12,2171,,Loài
siberian_husky,12,2164,,Loài
basitin,12,2164,,Loài
cyprinid,12,2162,cyprinidae,Loài
midday_lycanroc,12,2156,midday_lugarugan,Loài
galarian_form,12,2155,,Loài
ocelot,12,2154,,Loài
yangochiropteran,12,2138,"vespertilioniform,vespertilioniformes,yangochiroptera",Loài
palico,12,2122,,Loài
ancient_pokemon,12,2120,,Loài
dipodid,12,2108,dipodidae,Loài
anserine,12,2095,anserinae,Loài
ditto_(pokemon),12,2090,"ditto_(pokémon),ditto_pokemon,ditto_pokémon,pokemon_ditto,pokémon_ditto",Loài
canine_taur,12,2088,folftaur,Loài
leviathan_(mh),12,2059,"kairyushu,kairyūshu,leviathan_(monster_hunter)",Loài
inanimate_object,12,2027,,Loài
iguanid,12,2005,iguanidae,Loài
troll_(mythology),12,2004,,Loài
wickerbeast,12,1992,,Loài
bird_wyvern,12,1987,,Loài
faun_(spyro),12,1983,,Loài
leaf-nosed_bat,12,1980,"leaf_nosed_bat,new_world_leaf-nosed_bat,new_world_leaf_nosed_bat,phyllostomid,phyllostomidae",Loài
arthropod_taur,12,1979,,Loài
screen_head,12,1978,,Loài
young_(lore),15,1965,,Lore
felid_taur,12,1939,"felitaur,spacekat-taur_(species)",Loài
nimbat,12,1933,,Loài
warframe_(species),12,1925,,Loài
liger,12,1918,"liger_(species),ligress,lion_tiger",Loài
fire_creature,12,1916,"fire-boy,fire-girl,fire_boy,fire_girl,fire_monster,fireboy,firegirl,flame_creature,flame_elemental,flame_monster,flaming_creature,flaming_elemental,flaming_monster,living_fire,living_flame",Loài
minkmen_(one_piece),12,1906,mink_tribe,Loài
blood_elf,12,1901,,Loài
bird_humanoid,12,1874,humanoid_bird,Loài
living_toy,12,1867,,Loài
nardoragon,12,1855,"nardodragon,narodragon",Loài
hypno_(pokemon),12,1853,hypno_(pokémon),Loài
true_antelope,12,1849,"antilopinae,antilopine",Loài
eurasian_red_squirrel,12,1843,,Loài
larid,12,1843,laridae,Loài
thylacine,12,1841,"tasmanian_tiger,tasmanian_wolf,tazmanian_tiger,tazmanian_wolf",Loài
tiger_humanoid,12,1814,humanoid_tiger,Loài
gull,12,1807,"gulls,sea_gull,seagulls",Loài
foo_dog,12,1778,"foo_lion,foodog,fu_dog,fu_lion",Loài
horse_humanoid,12,1772,,Loài
bull_terrier,12,1767,"bullterrier,english_bull_terrier",Loài
myriapod,12,1756,,Loài
kaka_(blazblue),12,1740,,Loài
pokemon_humanoid,12,1731,"human_pokemon,humanoid_pokemon,pokémon_humanoid",Loài
wallaby,12,1727,,Loài
clouded_leopard,12,1719,clouted_leopard,Loài
rath_wyvern,12,1717,,Loài
turkey,12,1709,,Loài
food_humanoid,12,1681,humanoid_food,Loài
kremling,12,1678,,Loài
sharpclaw_(star_fox),12,1677,sharpclaw_(starfox),Loài
grandchild_(lore),15,1674,"gran_child,gran_children,gran_childs,granchild,granchildren,granchilds,grand_child,grand_children,grand_childs,grandchild,grandchildren,grandchilds",Lore
mouse_humanoid,12,1631,"humanoid_mouse,nezumimimi",Loài
shark_humanoid,12,1629,human_shark,Loài
aquilops,12,1624,,Loài
quirked_human_(my_hero_academia),12,1624,,Loài
neopet_(species),12,1611,"neo_pet_(species),neo_pets_(species),neopets_(species)",Loài
arachnid_taur,12,1610,,Loài
asari,12,1608,,Loài
aquatic_gastropod,12,1601,"marine_gastropod,water_gastropod",Loài
nightwing_(wof),12,1594,,Loài
exveemon,12,1588,xveemon,Loài
white_shark,12,1585,"lamnid,lamnidae",Loài
deer_taur,12,1584,"cervid_taur,cervitaur,deertaur",Loài
incestuous_voyeur_(lore),15,1582,incestuous_voyeur,Lore
northwestern_wolf,12,1573,,Loài
t'vaoan,12,1555,"skirmisher,skirmishers,t_vaoan,tvaoan",Loài
cross_fox,12,1553,crossfox,Loài
grandparent_and_grandchild_(lore),15,1551,"grand_child/grand_parent,grand_child/grand_parents,grand_child/grandparent,grand_child/grandparents,grand_child_and_grand_parent,grand_child_and_grand_parents,grand_child_and_grandparent,grand_child_and_grandparents,grand_children/grand_parent,grand_children/grand_parents,grand_children/grandparent,grand_children/grandparents,grand_children_and_grand_parent,grand_children_and_grand_parents,grand_children_and_grandparent,grand_children_and_grandparents,grand_childs/grand_parent,grand_childs/grand_parents,grand_childs/grandparent,grand_childs/grandparents,grand_childs_and_grand_parent,grand_childs_and_grand_parents,grand_childs_and_grandparent,grand_childs_and_grandparents,grand_childss_and_grand_parent,grand_childss_and_grand_parents,grand_childss_and_grandparent,grand_childss_and_grandparents,grand_parent/grand_child,grand_parent/grand_children,grand_parent/grand_childs,grand_parent/grandchild,grand_parent/grandchildren,grand_parent/grandchilds,grand_parent_and_grand_child,grand_parent_and_grand_children,grand_parent_and_grand_childs,grand_parent_and_grand_childss,grand_parent_and_grandchild,grand_parent_and_grandchildren,grand_parent_and_grandchilds,grand_parent_and_grandchildss,grand_parents/grand_child,grand_parents/grand_children,grand_parents/grand_childs,grand_parents/grandchild,grand_parents/grandchildren,grand_parents/grandchilds,grand_parents_and_grand_child,grand_parents_and_grand_children,grand_parents_and_grand_childs,grand_parents_and_grand_childss,grand_parents_and_grandchild,grand_parents_and_grandchildren,grand_parents_and_grandchilds,grand_parents_and_grandchildss,grandchild/grand_parent,grandchild/grand_parents,grandchild/grandparent,grandchild/grandparents,grandchild_and_grand_parent,grandchild_and_grand_parents,grandchild_and_grandparent,grandchild_and_grandparents,grandchildren/grand_parent,grandchildren/grand_parents,grandchildren/grandparent,grandchildren/grandparents,grandchildren_and_grand_parent,grandchildren_and_grand_parents,grandchildren_and_grandparent,grandchildren_and_grandparents,grandchilds/grand_parent,grandchilds/grand_parents,grandchilds/grandparent,grandchilds/grandparents,grandchilds_and_grand_parent,grandchilds_and_grand_parents,grandchilds_and_grandparent,grandchilds_and_grandparents,grandchildss_and_grand_parent,grandchildss_and_grand_parents,grandchildss_and_grandparent,grandchildss_and_grandparents,grandparent/grand_child,grandparent/grand_children,grandparent/grand_childs,grandparent/grandchild,grandparent/grandchildren,grandparent/grandchilds,grandparent_and_grand_child,grandparent_and_grand_children,grandparent_and_grand_childs,grandparent_and_grand_childss,grandparent_and_grandchild,grandparent_and_grandchildren,grandparent_and_grandchilds,grandparent_and_grandchildss,grandparent_penetratrating_grandchild,grandparents/grand_child,grandparents/grand_children,grandparents/grand_childs,grandparents/grandchild,grandparents/grandchildren,grandparents/grandchilds,grandparents_and_grand_child,grandparents_and_grand_children,grandparents_and_grand_childs,grandparents_and_grand_childss,grandparents_and_grandchild,grandparents_and_grandchildren,grandparents_and_grandchilds,grandparents_and_grandchildss",Lore
uncle_and_nephew_(lore),15,1550,nephew_and_uncle,Lore
secretary_bird,12,1544,"sagittariid,sagittariidae",Loài
mega_charizard,12,1535,,Loài
kong,12,1527,,Loài
solarian,12,1527,,Loài
dire_machine,12,1523,feral_machine,Loài
allosauroid,12,1523,,Loài
urocyon,12,1521,,Loài
snake_humanoid,12,1516,,Loài
beef_cattle,12,1503,,Loài
furred_kobold,12,1502,fluffy_kobold,Loài
spider_taur,12,1491,"spidertaur,spidetaur",Loài
ambient_butterfly,12,1490,,Loài
peashooter_(pvz),12,1476,"peashooter_(plant_versus_zombies),peashooter_(plant_vs._zombies),peashooter_(plant_vs_zombies)",Loài
dusk_lycanroc,12,1475,shiny_dusk_lycanroc,Loài
jex,12,1472,,Loài
yinglet,12,1462,,Loài
medusozoan,12,1447,medusozoa,Loài
sandwing_(wof),12,1437,,Loài
laquine,12,1424,,Loài
tv_head,12,1419,tv_face,Loài
bengal_tiger,12,1408,,Loài
night_stalker_(fallout),12,1404,"night_stalkers_(fallout),nightstalker,nightstalker_(fallout),nightstalkers_(fallout)",Loài
dire_vehicle,12,1402,,Loài
gem_(species),12,1399,crystal_gem,Loài
gummy_creature,12,1398,,Loài
aunt_(lore),15,1397,aunt,Lore
cybertronian,12,1391,,Loài
niece_(lore),15,1390,niece,Lore
novabeast,12,1390,,Loài
old_world_monkey,12,1379,"cercopithecid,cercopithecidae,cercopithecidaen,mangabey",Loài
avian_demon,12,1378,,Loài
pelecaniform,12,1377,pelecaniforme,Loài
magpie_(corvid),12,1370,,Loài
grey_fox,12,1364,"blazemm008_(artist),gray_fox,greyfox,tree_fox",Loài
sloth,12,1361,,Loài
octopus_humanoid,12,1360,,Loài
sheep_humanoid,12,1360,"humanoid_sheep,ram_humanoid",Loài
toad_(frog),12,1352,toad,Loài
living_pinata,12,1351,"living_piñata,pinata_creature,piñata_creature",Loài
x-digimon,12,1350,"x-anti-body,x-anti_body,x_anti-body,x_anti_body,x_antibody,x_digimon",Loài
vampire_bat,12,1349,"vampire-bat,vampirebat",Loài
gunsawian,12,1345,sawian,Loài
blattodean,12,1340,blattodea,Loài
anthozoan,12,1338,anthozoa,Loài
old_world_vulture,12,1309,,Loài
tenno,12,1306,,Loài
grandmother_(lore),15,1297,grandmother,Lore
clydesdale,12,1296,,Loài
breegull,12,1293,,Loài
dasyurid,12,1291,"dasyuridae,dasyuridaen,marsupial_mice,marsupial_mouse,marsupial_shrew",Loài
icewing_(wof),12,1290,,Loài
livestock_guardian_dog,12,1287,"livestock_protection_dog,livestock_protector_dog",Loài
hereford_cattle,12,1287,,Loài
bassariscus,12,1287,,Loài
grazing_antelope,12,1280,"hippotraginae,hippotragine",Loài
sunflower_(pvz),12,1264,"sunflower_(plant_versus_zombies),sunflower_(plant_vs._zombies),sunflower_(plant_vs_zombies),sunflower_(plants_versus_zombies),sunflower_(plants_vs_zombies)",Loài
highland_cattle,12,1261,highland_cow,Loài
corsac_fox,12,1258,"corsac,corsac_vixen,karsak,karsak_fox,korsak,korsak_fox,korsák,korsák_fox,корсaк,корсaк_fox,корса́к,корса́к_fox",Loài
adopted_son_(lore),15,1257,adopted_son,Lore
lizard_humanoid,12,1245,,Loài
dire_wolf,12,1232,"dire-wolf,direwolf",Loài
patchwork_creature,12,1226,"frankenfur,frankenstein_(species),stitched_together",Loài
ray_(fish),12,1221,"batoid,sea_ray",Loài
viper_(x-com),12,1218,viper_(xcom),Loài
ambient_firefly,12,1214,"ambient_fire_flies,ambient_fire_fly,ambient_fire_flys,ambient_fireflies,ambient_fireflys",Loài
carpet_shark,12,1213,"orectolobiform,orectolobiformes",Loài
typical_carp,12,1212,cyprinus,Loài
rock_creature,12,1211,"living_rock,living_stone,rock_boy,rock_girl,rock_monster,stone_boy,stone_creature,stone_girl,stone_monster",Loài
amur_carp,12,1209,,Loài
asura,12,1207,,Loài
wood_mouse,12,1196,"field_mouse,fieldmouse,woodmouse",Loài
shadow_pokemon,12,1195,shadow_pokémon,Loài
shyguy,12,1194,"shy_girl,shygal,shygirl",Loài
creeper_(minecraft),12,1192,,Loài
tytonid,12,1184,tytonidae,Loài
adoptive_father_(lore),15,1178,adoptive_father,Lore
werefox,12,1175,"were-fox,were_fox",Loài
red_pandaren,12,1174,,Loài
tyto,12,1173,masked_owl,Loài
saint_bernard,12,1170,"bernhardiner,saint_bernard_(dog),saint_bernard_dog,saint_bernhardshund,st._bernard_(dog),st._bernard_dog,st._bernhardshund,st_bernard,st_bernard_(dog),st_bernard_dog,st_bernhardshund",Loài
fox_taur,12,1168,"foxtaur,kitsune_taur,kitsunetaur",Loài
wildcat,12,1165,,Loài
future_pokemon,12,1162,,Loài
lepidopteran_humanoid,12,1156,,Loài
small_molosser,12,1153,,Loài
goat_humanoid,12,1153,humanoid_goat,Loài
boa_(snake),12,1145,"boa_snake,boidae",Loài
rainwing_(wof),12,1141,,Loài
diplodocoid,12,1138,,Loài
okapi,12,1136,,Loài
water_creature,12,1133,"elemental_water,liquid-boy,liquid-girl,liquid_creature,liquid_elemental,liquid_girl,liquid_man,liquid_monster,liquid_person,liquid_woman,liquidgirl,living_liquid,living_water,water-boy,water-girl,water_boy,water_girl,water_man,water_monster,water_person,water_woman,waterboy",Loài
witch_(the_owl_house),12,1128,,Loài
shadow_siren,12,1125,,Loài
cuculiform,12,1124,"cuckoo,cuckoo_bird,cuculid,cuculidae,cuculiforme",Loài
classical_unicorn,12,1121,,Loài
spix's_macaw,12,1120,"little_blue_macaw,spix_macaw,spixs_macaw",Loài
sable_(marten),12,1120,,Loài
deer_humanoid,12,1119,cervid_humanoid,Loài
scaled_dragon,12,1118,,Loài
light_fury,12,1116,"light_fury_(species),lightfury,lightfury_(species)",Loài
tabaxi,12,1115,,Loài
squid_humanoid,12,1112,,Loài
ursid_humanoid,12,1109,"bear_humanoid,humanoid_bear",Loài
sloth_bear,12,1108,,Loài
sphere_creature,12,1102,,Loài
living_sex_doll,12,1100,,Loài
aardwolf,12,1098,"ardwolf,civet_hyena",Loài
space_dragon_(metroid),12,1098,ridleymorph,Loài
agamid,12,1092,"agama,agama_(lizard),agama_lizard,agamidae,dragon_(lizard),dragon_lizard",Loài
sea_sponge,12,1091,,Loài
genderfluid_(lore),15,1082,"gender_fluid,genderfluid",Lore
thomson's_gazelle,12,1081,"thompson's_gazelle,thompson_gazelle,thompsons_gazelle,thomson_gazelle,thomsons_gazelle,thomspon_gazelle,tommie_gazelle",Loài
philippine_eagle,12,1078,"great_philippine_eagle,monkey-eating_eagle,monkey_eating_eagle,philipine_eagle",Loài
blin_(tloz),12,1077,"blin_(loz),blin_(zelda)",Loài
beta_pokemon_(species),12,1076,"beta_pokemon_species,beta_pokémon_(species),beta_pokémon_species",Loài
meloetta_(aria_form),12,1069,"aria_meloetta,meloetta_(aria_forme),meloetta_aria",Loài
tanuki_humanoid,12,1067,,Loài
grandson_(lore),15,1066,"gran_son,gran_sons,grand_son,grand_sons,grandson,grandsons,granson,gransons",Lore
altered_forme_giratina,12,1061,"altered_form_giratina,altered_giratina,giratina_(altered_form),giratina_(altered_forme),giratina_altered,giratina_altered_form,giratina_altered_forme",Loài
cavalier_king_charles_spaniel,12,1051,"blenheim_spaniel,cavalier_king_charles,english_toy_spaniel,king_charles_spaniel,prince_charles_spaniel,ruby_spaniel,toy_spaniel",Loài
new_world_ground_cuckoo,12,1050,neomorphinae,Loài
toon_(dandy's_world),12,1049,toons_(dandys_world),Loài
roadrunner,12,1049,"chaparral_bird,chaparral_cock,road_runner",Loài
netherland_dwarf_rabbit,12,1047,,Loài
annelid,12,1040,,Loài
elk,12,1039,wapiti,Loài
expie_(gunsawian),12,1039,"experiment_(gunsaw),experiment_(scav_prototype),expie_(gunsaw),expie_(scav_prototype)",Loài
diplodocid,12,1033,,Loài
american_black_bear,12,1029,,Loài
cardinal_(bird),12,1028,"cardenal,cardinal-bunting,cardinal-grosbeak,cardinal_(species),cardinal_bird,cardinal_bunting,cardinal_grosbeak,cardinalid,cardinalidae,cardnial",Loài
pan_(genus),12,1021,,Loài
elapid_(snake),12,1018,elapidae,Loài
wingless_bat,12,1017,wingless_chiropteran,Loài
siren,12,1014,,Loài
robot_feral,12,1007,,Loài
domestic_goat,12,1004,"billy_goat,dairy_goat",Loài
allosaurid,12,994,allosaur,Loài
penis_creature,12,988,"cock_beast,cock_creature,dick_beast,dick_creature,penis_beast,shaft_beast,shaft_creature",Loài
rough_collie,12,983,,Loài
mamagen,12,972,,Loài
slime_(blob),12,971,,Loài
apex_build_koraidon,12,970,koraidon_(apex_build),Loài
fungi_humanoid,12,968,fungus_humanoid,Loài
hairless_dog,12,967,,Loài
amped_toxtricity,12,967,"amp_form_toxtricity,amp_toxtricity,amped_form_toxtricity,toxtricity_(amp),toxtricity_(amp_form),toxtricity_(amped_form),toxtricity_amp,toxtricity_amp_form,toxtricity_amped,toxtricity_amped_form",Loài
chakat,12,966,,Loài
flesh_creature,12,966,,Loài
ruuhtian,12,962,ruutian,Loài
majin,12,962,,Loài
adoptive_sibling_(lore),15,961,"adoptive_sibling,adoptive_siblings_(lore)",Lore
american_red_fox,12,956,,Loài
seawing_(wof),12,954,,Loài
flemish_giant,12,948,"flemish_giant_rabbit,flemmish_giant,flemmish_giant_rabbit",Loài
mule_deer,12,946,,Loài
ottsel,12,946,,Loài
aardvark,12,943,,Loài
brute_wyvern,12,937,,Loài
smilodon,12,937,,Loài
equine_taur,12,937,,Loài
tasmanian_devil,12,936,tazmanian_devil,Loài
procyonid_humanoid,12,935,,Loài
mygalomorph,12,935,"mygalomorphae,orthognatha,orthognathan",Loài
lontra,12,933,new-world_river_otter,Loài
north_american_river_otter,12,929,,Loài
hymenopteran_humanoid,12,928,,Loài
raccoon_humanoid,12,928,humanoid_raccoon,Loài
gorgon,12,919,,Loài
boinae,12,918,,Loài
cactus_creature,12,917,,Loài
euplerid,12,916,,Loài
grandfather_(lore),15,912,"gramp,gramps,gran_father,gran_fathers,gran_pa,gran_pas,gran_paw,gran_paws,grand_dad,grand_father,grand_fathers,grand_pa,grand_paw,grand_paws,granddad,grandfather,grandfathers,grandpa,grandpaw,grandpaws,granfather,granfathers,granpa,granpas,granpaw,granpaws",Lore
dilophosaurid,12,909,dilophosaur,Loài
mythological_marine,12,903,,Loài
koopa_humanoid,12,902,koopa_girl,Loài
rat_humanoid,12,900,,Loài
demigod,12,899,,Loài
dilophosaurus,12,897,,Loài
true_eagle,12,896,aquila,Loài
ambient_fish,12,895,,Loài
air_creature,12,893,"air_elemental,living_air,living_wind,wind_creature",Loài
betelgeusian,12,889,,Loài
feathered_snake,12,888,"feather_serpent,feather_snake,feathered_serpent,featherserpent,feathersnake,plumed_serpent,plumed_snake",Loài
elateroid,12,887,"elateroidea,elateroidean",Loài
diamond_dog_(mlp),12,884,,Loài
russian_blue,12,884,blue_russian,Loài
starling_(kirby),12,884,,Loài
bearded_vulture,12,883,lammergeier,Loài
meles,12,881,,Loài
goo_dragon,12,872,,Loài
caitian,12,871,,Loài
incestuous_temptation_(lore),15,869,incestuous_temptation,Lore
dragon_taur,12,864,"dracotaur,dragon-taur,dragontaur,dragotaur",Loài
gaia,12,862,,Loài
marble_fox,12,859,"canadian_marble_fox,marbled_fox",Loài
werefelid,12,859,,Loài
primate_humanoid,12,859,,Loài
king_cheetah,12,859,,Loài
black-backed_jackal,12,856,black_backed_jackal,Loài
flower_humanoid,12,856,humanoid_flower,Loài
amphibian_humanoid,12,854,,Loài
manticore,12,853,,Loài
moth_humanoid,12,852,,Loài
titan_(the_owl_house),12,851,,Loài
puwa,12,845,,Loài
civet,12,843,,Loài
troodontid,12,841,,Loài
lizardman_(overlord),12,839,,Loài
angel_dragon,12,836,,Loài
skink,12,831,"scincid,scincidae",Loài
gruiform,12,830,"crane-like,crane_like,gruiforme",Loài
lihzahrd,12,828,,Loài
dire_aircraft,12,823,feral_aircraft,Loài
pomsky,12,822,,Loài
chua,12,820,,Loài
bat_humanoid,12,817,"chiropteran_humanoid,humanoid_bat",Loài
eldritch_being,12,814,,Loài
genet,12,813,,Loài
skywing_(wof),12,810,,Loài
furred_shark,12,810,fluffshark,Loài
hyenid_(species),12,801,,Loài
living_mask,12,801,,Loài
fossa,12,800,,Loài
tailed_beast,12,797,bijuu,Loài
mother_and_father_(lore),15,794,"father/mother,father_and_mother,mother/father,mother_and_father",Lore
ring-tailed_cat,12,794,"ringtail_cat,ringtailed_cat",Loài
humanoid_merfolk,12,793,,Loài
mackerel_tabby,12,788,,Loài
jackal_humanoid,12,787,,Loài
land_forme_shaymin,12,787,"land_form_shaymin,land_shaymin,shaymin_(land_form),shaymin_(land_forme),shaymin_land,shaymin_land_form,shaymin_land_forme",Loài
dracthyr,12,786,,Loài
cucujoid,12,785,"cucujoidea,cucujoidean",Loài
zebroid,12,784,,Loài
bighorn_sheep,12,784,big_horn_sheep,Loài
troodon,12,783,troodon_formosus,Loài
new_world_monkey,12,781,"ceboid,ceboidea,ceboidean,platyrrhine,platyrrhini",Loài
crane_(bird),12,780,"crane_(avian),crane_(gruiform),crane_(species),crane_bird,gruid,gruidae",Loài
colubrid,12,777,,Loài
macronarian,12,771,,Loài
zeti,12,771,,Loài
moon_bear,12,770,asian_black_bear,Loài
prionailurus,12,769,,Loài
grandmother_and_grandchild_(lore),15,768,"grand_child/grand_mother,grand_child/grand_mothers,grand_child_and_grand_mother,grand_child_and_grand_mothers,grand_children/grand_mother,grand_children/grand_mothers,grand_children_and_grand_mother,grand_children_and_grand_mothers,grand_childs/grand_mother,grand_childs/grand_mothers,grand_childs_and_grand_mother,grand_childs_and_grand_mothers,grand_ma/grand_child,grand_ma/grand_children,grand_ma/grand_childs,grand_ma_and_grand_child,grand_ma_and_grand_children,grand_ma_and_grand_childs,grand_mother/grand_child,grand_mother/grand_children,grand_mother/grand_childs,grand_mother_and_grand_child,grand_mother_and_grand_children,grand_mother_and_grand_childs,grand_mothers/grand_child,grand_mothers/grand_children,grand_mothers/grand_childs,grand_mothers_and_grand_child,grand_mothers_and_grand_children,grand_mothers_and_grand_childs,grandchild/grandmother,grandchild/grandmothers,grandchild_and_grandmother,grandchild_and_grandmothers,grandchildren/grandmother,grandchildren/grandmothers,grandchildren_and_grandmother,grandchildren_and_grandmothers,grandchilds/grandmother,grandchilds/grandmothers,grandchilds_and_grandmother,grandchilds_and_grandmothers,grandma/grandchild,grandma/grandchildren,grandma/grandchilds,grandma_and_grandchild,grandma_and_grandchildren,grandma_and_grandchilds,grandmother/grandchild,grandmother_and_grandchild,grandmothers/grandchild,grandmothers/grandchildren,grandmothers/grandchilds,grandmothers_and_grandchild,grandmothers_and_grandchildren,grandmothers_and_grandchilds",Lore
cheshire_cat_(species),12,764,,Loài
seikret,12,763,wild_ride_(monster_hunter),Loài
half_sister_(lore),15,763,half_sister,Lore
triplets_(lore),15,760,,Lore
lepi,12,759,,Loài
dragon_(dnd),12,758,,Loài
egyptian_mau,12,758,,Loài
flying_fox,12,757,"flying_fox_bat,pteropus",Loài
ara_(genus),12,756,,Loài
legged_snake,12,755,,Loài
grandfather_and_grandchild_(lore),15,751,"grand_child/grand_father,grand_child/grand_fathers,grand_child_and_grand_father,grand_child_and_grand_fathers,grand_children/grand_father,grand_children/grand_fathers,grand_children_and_grand_father,grand_children_and_grand_fathers,grand_childs/grand_father,grand_childs/grand_fathers,grand_childs_and_grand_father,grand_childs_and_grand_fathers,grand_father/grand_child,grand_father/grand_children,grand_father/grand_childs,grand_father_and_grand_child,grand_father_and_grand_children,grand_father_and_grand_childs,grand_fathers/grand_child,grand_fathers/grand_children,grand_fathers/grand_childs,grand_fathers_and_grand_child,grand_fathers_and_grand_children,grand_fathers_and_grand_childs,grand_pa/grand_child,grand_pa/grand_children,grand_pa/grand_childs,grand_pa_and_grand_child,grand_pa_and_grand_children,grand_pa_and_grand_childs,grandchild/grandfather,grandchild/grandfathers,grandchild_and_grandfather,grandchild_and_grandfathers,grandchildren/grandfather,grandchildren/grandfathers,grandchildren_and_grandfather,grandchildren_and_grandfathers,grandchilds/grandfather,grandchilds/grandfathers,grandchilds_and_grandfather,grandchilds_and_grandfathers,grandfather/grandchild,grandfather_and_grandchild,grandfathers/grandchild,grandfathers/grandchildren,grandfathers/grandchilds,grandfathers_and_grandchild,grandfathers_and_grandchildren,grandfathers_and_grandchilds,grandpa/grandchild,grandpa/grandchildren,grandpa/grandchilds,grandpa_and_grandchild,grandpa_and_grandchildren,grandpa_and_grandchilds",Lore
microraptor,12,750,,Loài
salmonid_(fish),12,749,"salmonidae,salmonids,salmoniform,salmoniforme,salmoninae",Loài
uncle_and_niece_(lore),15,746,niece_and_uncle,Lore
wolpertinger,12,744,,Loài
ground_shark,12,743,"carcharhiniform,carcharhiniformes",Loài
mineral_humanoid,12,733,humanoid_mineral,Loài
couatl,12,729,"coatl,quetzalcoatl_(species)",Loài
giant_pacific_octopus,12,729,,Loài
roswell_grey,12,728,"gray_alien,gray_aliens,grays,grey_aliens,greys,roswell_alien,roswell_aliens,roswell_gray,roswell_grays,roswell_greys,zeta_reticulan,zeta_reticulans",Loài
badnik,12,728,,Loài
cockapoo,12,726,,Loài
bamfear,12,723,,Loài
adoptive_mother_(lore),15,720,adoptive_mother,Lore
adoptive_brother_(lore),15,718,"adopted_brother,adoptive_brother",Lore
adopted_daughter_(lore),15,717,adopted_daughter,Lore
beast_(bloodborne),12,716,,Loài
lizardman_(warhammer),12,712,,Loài
generation_10_pokemon,12,712,"generation_10_pokémon,generation_x_pokemon,generation_x_pokémon",Loài
robloxian,12,710,roblox_avatar,Loài
gigantamax_pokemon,12,708,"g-max,g-max_pokemon,g-max_pokémon,g_max,g_max_pokemon,g_max_pokémon,gigantamax_pokémon,gmax,gmax_pokemon,gmax_pokémon",Loài
stepparent_(lore),15,707,"step-parent,step-parents,step_parent,step_parents,stepparent,stepparents",Lore
primitive_dog,12,707,,Loài
picid,12,705,,Loài
growlmon,12,704,,Loài
lion_humanoid,12,703,,Loài
ghidorah_(species),12,702,,Loài
cell_(organism),12,700,,Loài
leopard_cat,12,700,leopardcat,Loài
monkey_humanoid,12,700,,Loài
carcharhinus,12,691,,Loài
micro_organism_(organism),12,691,,Loài
deinonychus,12,690,,Loài
living_cloud,12,689,"cloud_(species),cloud_creature,cloud_monster",Loài
european_badger,12,686,,Loài
acrador,12,685,,Loài
enfield,12,685,,Loài
drekir,12,680,,Loài
palamute,12,678,,Loài
brachiosaurid,12,676,brachiosaur,Loài
ragdoll_cat,12,673,,Loài
single_strike_style_urshifu,12,672,"single_strike_style,single_strike_urshifu,single_urshifu,urshifu_(single_strike),urshifu_(single_strike_style),urshifu_single,urshifu_single_strike,urshifu_single_strike_style",Loài
ambient_bat,12,672,bats_in_background,Loài
aunt_and_nephew_(lore),15,671,nephew_and_aunt,Lore
domestic_duck,12,666,,Loài
ambient_crustacean,12,664,"ambient_hermit_crab,ambient_lobster",Loài
gargomon,12,658,,Loài
australian_possum,12,653,"phalangeriform,phalangeriforme,phalangeriformes",Loài
reformed_changeling,12,652,,Loài
xenomorph_queen,12,652,,Loài
mythological_carbuncle,12,651,carbuncle,Loài
soul_(undertale),12,649,,Loài
mind_flayer,12,645,"ilithid,illithid",Loài
low_key_toxtricity,12,638,"low-key_form_toxtricity,low-key_toxtricity,low_key_form_toxtricity,lowkey_form_toxtricity,lowkey_toxtricity,toxtricity_(low-key),toxtricity_(low-key_form),toxtricity_(low_key_form),toxtricity_(lowkey),toxtricity_(lowkey_form),toxtricity_low-key,toxtricity_low-key_form,toxtricity_low_key,toxtricity_low_key_form,toxtricity_lowkey,toxtricity_lowkey_form",Loài
thrush_(bird),12,638,"turdid,turdidae",Loài
mexican_wolf,12,634,"mexican_gray_wolf,mexican_grey_wolf",Loài
armorless_protogen,12,634,,Loài
honey_bee,12,633,honeybee,Loài
bee_humanoid,12,632,,Loài
abelisaurid,12,632,,Loài
mythological_golem,12,632,golem_(myth),Loài
ankylosaurian,12,630,ankylosaur,Loài
weredog,12,627,"wereshep,wereshepherd",Loài
characiform,12,627,,Loài
hobkin,12,625,,Loài
yeti,12,625,abominable_snowman,Loài
orthopterid,12,624,,Loài
bow_experiment_(resident_evil),12,620,,Loài
granddaughter_(lore),15,620,"gran_daughter,gran_daughters,grand_daughter,grand_daughters,grandaughter,grandaughters,granddaughter,granddaughters",Lore
ultimate_mode_miraidon,12,619,miraidon_(ultimate_mode),Loài
poon_(atlyss),12,619,,Loài
salmonid_(splatoon),12,619,salmonoid_(splatoon),Loài
sun_bear,12,619,sunbear,Loài
kubold_(atlyss),12,613,,Loài
serrasalmid,12,612,"serrasalmidae,serrasalminae",Loài
mudwing_(wof),12,610,,Loài
sekhmet_(pal),12,610,,Loài
living_pool_toy,12,609,living_pooltoy,Loài
scavenger_(rain_world),12,609,,Loài
dutch_angel_dragon,12,609,,Loài
mustelid_humanoid,12,608,,Loài
nudibranch,12,607,,Loài
bovid_taur,12,606,,Loài
piranha_(fish),12,604,"pirana,piraña",Loài
tibetan_mountain_dog,12,601,"bhote_kukur,drog-khyi,drog_khyi,himalayan_mountain_dog,tibetan_mastiff,tibetan_mastiff-dog,tibetan_mastiff_dog,tzong_ngou,zang_ao,zàng_áo",Loài
carnotaurus,12,597,carnotaur,Loài
crux,12,594,,Loài
apodiform,12,594,,Loài
cactus_humanoid,12,592,,Loài
pterodactylus,12,592,pterodactyl,Loài
syngnathiform,12,591,syngnathiforme,Loài
aunt_and_niece_(lore),15,589,niece_and_aunt,Lore
binturong,12,588,bearcat,Loài
iradeon,12,585,,Loài
primatius,12,585,"fanged_beast,gajushu,gajūshu,pelagus",Loài
venlil_(the_nature_of_predators),12,583,,Loài
diaper_creature,12,582,"diaper_critter,diapercritter,living_diaper",Loài
fruit_humanoid,12,580,humanoid_fruit,Loài
mushroom_humanoid,12,580,,Loài
fire_humanoid,12,577,,Loài
lampropeltini,12,574,,Loài
ambient_crab,12,574,,Loài
tatzlpony,12,573,,Loài
araneomorph,12,573,"araneomorphae,labidognatha,labidognathan",Loài
nevrean,12,573,,Loài
mega_mewtwo,12,572,"megamewtwo,mewthree",Loài
heteromyid,12,571,heteromyidae,Loài
monodontid,12,569,,Loài
frilled_lizard,12,568,"chlamydosaurus,frill-necked_lizard,frill_neck_lizard,frill_necked_lizard,frilled_agama,frilled_dragon,frilled_neck_lizard,frilled_necked_lizard",Loài
syngnathid,12,567,,Loài
japanese_kobold,12,567,,Loài
ventrexian,12,567,,Loài
mythological_fox,12,565,,Loài
nokuri,12,562,,Loài
cyan_yoshi,12,561,,Loài
bat-eared_fox,12,561,"bat_eared_fox,otocyon",Loài
living_car,12,559,,Loài
dipodomyine,12,558,dipodomyinae,Loài
alcid,12,558,auk,Loài
draako,12,557,,Loài
frog_humanoid,12,556,,Loài
petaurid,12,555,petauridae,Loài
stand_(jjba),12,555,,Loài
deuzear,12,555,,Loài
cacomistle,12,554,cacomixtle,Loài
eublepharid,12,553,eublepharidae,Loài
living_costume,12,552,,Loài
paper_creature,12,552,,Loài
candy_people_(at),12,548,,Loài
eurasian_lynx,12,546,,Loài
compsognathid,12,544,,Loài
brachypelma,12,543,,Loài
skull_dog,12,542,,Loài
water_deer,12,542,"hydropotinae,hydropotine,waterdeer",Loài
grandfather_and_grandson_(lore),15,540,"grandfather/grandson,grandpa/grandson,grandpa_and_grandson,grandson/grandfather,grandson/grandpa,grandson_and_grandfather,grandson_and_grandpa",Lore
origin_forme_giratina,12,540,"giratina_(origin_form),giratina_(origin_forme),giratina_origin,giratina_origin_form,giratina_origin_forme,origin_form_giratina,origin_giratina",Loài
nidoran♀,12,540,"nidoran_female,nidoran_♀,nidoranfemale",Loài
bobtail_cat,12,539,,Loài
dall_sheep,12,539,thinhorn_sheep,Loài
cocotama,12,539,,Loài
abyssinian_cat,12,539,,Loài
asian_small-clawed_otter,12,539,"asian_small_clawed_otter,oriental_small-clawed_otter,oriental_small_clawed_otter,small-clawed_otter,small_clawed_otter",Loài
red_kangaroo,12,537,macropus_rufus,Loài
living_balloon,12,536,balloon_creature,Loài
leopard_seal,12,534,sea_leopard,Loài
cat_demon,12,533,,Loài
pantherine_taur,12,533,"panther_taur,panthertaur",Loài
grus_(genus),12,532,"grus_(avian),grus_(bird),grus_(gruid),grus_(gruiform)",Loài
setter,12,532,,Loài
zerg,12,531,,Loài
mexican_redknee_tarantula,12,530,,Loài
gastropod_humanoid,12,528,,Loài
biyomon,12,528,,Loài
natural_furfrou,12,527,"furfrou_(natural_form),furfrou_(natural_trim),normal_furfrou",Loài
zonkey,12,526,zedonk,Loài
ibie'shan,12,526,"ibie_shan,ibieshan",Loài
avian_(starbound),12,524,,Loài
assimilative_feline,12,524,,Loài
disassembly_drone,12,523,,Loài
dodo,12,522,,Loài
seraph_(angel),12,518,seraphim_(angel),Loài
ankylosaurid,12,517,,Loài
roselia,12,516,,Loài
grumpus,12,515,,Loài
oriental_shorthair,12,513,oriental_cat,Loài
heartless,12,512,,Loài
martian,12,510,,Loài
strawberry_sweet_alcremie,12,509,,Loài
harpy_eagle,12,509,harpiinae,Loài
otolla_gungan,12,508,,Loài
vespid,12,507,"vespidae,vespidean,vespinae",Loài
oathkin_(atlyss),12,506,,Loài
cnidarian_humanoid,12,505,,Loài
nu_mou,12,504,,Loài
brown_hyena,12,503,strandwolf,Loài
highmountain_tauren,12,500,,Loài
bottlenose_dolphin,12,497,,Loài
swatchling,12,497,,Loài
compsognathus,12,496,compy,Loài
bangaa,12,495,,Loài
fakeveelution,12,492,,Loài
star_sprite,12,492,,Loài
leviathan,12,492,,Loài
crowned_sword_zacian,12,491,"crowned_(zacian),crowned_sword,crowned_sword_(zacian),crowned_sword_form,crowned_zacian,zacian_(crowned_form),zacian_(crowned_sword),zacian_(crowned_sword_form),zacian_crowned,zacian_crowned_form,zacian_crowned_sword,zacian_crowned_sword_form",Loài
ursidae,12,490,,Loài
displacer_beast,12,490,,Loài
chaos_daemon,12,489,,Loài
will-o'-the-wisp,12,489,"will-o'-wisp,will-o-the-wisp,will-o-wisp,will-o-wisps,will_o'_the_wisp,will_o'_wisp,will_o_the_wisp,will_o_wisp",Loài
apatosaurus,12,489,apatosaur,Loài
true_buffalo,12,488,"bubalina,bubaline",Loài
spiral-horned_antelope,12,488,,Loài
ctarl-ctarl,12,487,,Loài
stepparent_and_stepchild_(lore),15,487,stepparent_and_stepchild,Lore
kweltikwan,12,484,,Loài
pixie,12,483,,Loài
chang_(atlyss),12,481,,Loài
drow,12,481,drow_elf,Loài
jou,12,480,,Loài
cecaelia,12,479,"cecealia,octomaid",Loài
chameleon_humanoid,12,479,,Loài
king_cobra,12,478,"hamadryad_snake,ophiophagus",Loài
malinois_dog,12,477,"belgian_malinois,malinois",Loài
carcharodontosaurid,12,477,carcharodontosauridae,Loài
mouth_creature,12,477,blowjob_beast,Loài
metroid_(species),12,477,metroid_species,Loài
vernid,12,476,,Loài
pikmin_(species),12,476,,Loài
siberian_tiger,12,475,"amur_tiger,white_siberian_tiger",Loài
gremlin_(spiral_knights),12,475,gremlin_(sk),Loài
pooka,12,474,,Loài
dupin_(pal),12,473,,Loài
pronghorn,12,472,"american_antelope,mobian_pronghorn,prong_buck,pronghorn_antelope",Loài
xoloitzcuintli,12,472,"mexican_hairless_dog,xolito,xolo,xoloescuincle,xoloitzcuintle",Loài
seedrian,12,472,,Loài
short-faced_bear,12,472,"arctodus,tremarctine",Loài
keldeo_(ordinary_form),12,472,"keldeo_ordinary,keldeo_regular,ordinary_keldeo,regular_keldeo",Loài
abyssal_wolf,12,472,,Loài
fairy_dragon,12,471,faerie_dragon,Loài
gootraxian,12,467,gootraxtian,Loài
chuki,12,467,,Loài
shape_head,12,465,,Loài
grandmother_and_grandson_(lore),15,463,"grandma/grandson,grandma_and_grandson,grandmother/grandson,grandson/grandma,grandson/grandmother,grandson_and_grandma,grandson_and_grandmother",Lore
spectacled_bear,12,463,"andean_bear,tremarctos",Loài
xerneas_(active_mode),12,462,"active_mode_xerneas,active_xerneas,xerneas_(active),xerneas_active_mode",Loài
raypeople_(rayman),12,461,"limbless_(rayman),ray_people,ray_people_(rayman),rayman's_species,rayman_(species),rayman_species,raymans_species,raypeople,thingamajig_(rayman)",Loài
werefeline,12,461,,Loài
floran,12,460,,Loài
pixiu,12,459,,Loài
rat_snake,12,458,"fox_snake,pantherophis",Loài
indoraptor,12,458,,Loài
blade_(xenoblade),12,457,,Loài
fish-men_(one_piece),12,456,"fish_men_(one_piece),fishmen_(one_piece)",Loài
spotted_skunk,12,455,,Loài
pteranodontid,12,454,,Loài
musteline_humanoid,12,452,,Loài
infected_(species),12,452,,Loài
reef_shark,12,451,,Loài
panthera,12,450,,Loài
air_humanoid,12,449,"humanoid_air,humanoid_wind,wind_humanoid",Loài
dark_latex,12,448,,Loài
unown_(pokemon),12,448,"pokemon_unown,pokémon_unown,unknown_(pokemon),unknown_(pokémon),unown_(pokémon),unown_pokemon,unown_pokémon",Loài
lemurian,12,448,,Loài
irish_setter,12,446,"irish_red_setter,irish_settler,red_setter",Loài
kryptonian,12,444,,Loài
ambient_fly,12,443,,Loài
honduran_white_bat,12,443,"caribbean_white_tent-making_bat,caribbean_white_tent_making_bat",Loài
wolf_taur,12,443,wolftaur,Loài
atelid,12,442,"atelidae,atelidaen",Loài
inbred_(lore),15,441,inbred_child,Lore
frieza_race,12,441,"frost_demon,icejin",Loài
stepfather_(lore),15,441,"step-dad,step-father,step_dad,step_father,stepdad,stepfather",Lore
thresher_shark,12,441,"alopias,alopiid,alopiidae",Loài
jakkai,12,440,,Loài
great_penguin,12,440,aptenodytes,Loài
silver_dragon,12,439,,Loài
mayu_(azuki),12,439,,Loài
pteranodon,12,436,,Loài
scarabaeid,12,433,"scarabaeidae,scarabaeidaen",Loài
dorukolorukalai,12,432,,Loài
corn_snake,12,431,"blizzard_corn_snake,cornsnake",Loài
living_bomb,12,430,,Loài
faraden,12,430,,Loài
bloodhound,12,428,blood_hound,Loài
catfolk,12,427,"cat_folk,cat_warrior_(magic),cat_warrior_(magic:_the_gathering),cat_warrior_(magic_the_gathering),cat_warrior_(mtg),cat_warrior_(wizards),cat_warrior_(wizards_of_the_coast),cat_warrior_(wotc)",Loài
girdled_lizard,12,427,"cordylid,cordylidae,girdle-tail_lizard,girdle_tail_lizard,spiny_tail_lizard,spinytail_lizard",Loài
harpy_humanoid,12,426,,Loài
australian_kelpie,12,424,,Loài
indian_python,12,422,"asian_rock_python,black-tailed_python,indian_rock_python",Loài
coati,12,422,coatimundi,Loài
werecat,12,422,were-cat,Loài
hooda,12,420,,Loài
keronian,12,419,,Loài
macaque,12,418,,Loài
devilchild,12,418,,Loài
longma,12,418,,Loài
elkhound,12,417,,Loài
golden_jackal,12,417,,Loài
true_toucan,12,416,ramphastos,Loài
vanilla_cream_alcremie,12,415,,Loài
anubis_(pal),12,415,anubis_(palworld),Loài
terminid,12,413,,Loài
chinese_crested_dog,12,411,chinese_crested_hairless,Loài
dabbling_duck,12,411,"anatinae,anatini",Loài
fire_demon_(slightly_damned),12,411,,Loài
assaultron_(fallout),12,411,,Loài
set_(species),12,411,"set_(animal),set_animal,set_species,seth_(species),seth_species,sha_(animal),sha_(species),sha_animal,sha_species,typhonian_animal,typhonic_beast.",Loài
synx,12,410,,Loài
queen_bee,12,408,,Loài
eliksni,12,408,fallen,Loài
sika_deer,12,408,japanese_deer,Loài
worker_drone,12,407,,Loài
avian_taur,12,406,,Loài
american_badger,12,406,taxidea,Loài
nidoran♂,12,405,"nidoran_male,nidoran_♂,nidoranmale",Loài
muppet,12,405,,Loài
beluga,12,405,,Loài
baleen_whale,12,403,"great_whale,rorqual",Loài
grandmother_and_granddaughter_(lore),15,401,"granddaughter/grandma,granddaughter/grandmother,granddaughter_and_grandma,granddaughter_and_grandmother,grandma/granddaughter,grandma_and_granddaughter,grandmother/granddaughter",Lore
chickenhawk,12,401,"chicken_hawk,hen_hawk",Loài
gieeg,12,401,,Loài
helodermatid,12,401,"beaded_lizard,heloderma,helodermatidae",Loài
medusozoan_humanoid,12,400,,Loài
skink_(warhammer_fantasy),12,400,,Loài
windragon,12,400,,Loài
toa,12,399,,Loài
void_monster,12,399,,Loài
jellyfish_humanoid,12,397,,Loài
gila_monster,12,397,,Loài
holarctic_magpie,12,396,"black-and-white_magpie,black_and_white_magpie,holarctic_black-and-white_magpie,holarctic_black_and_white_magpie,pica_(genus)",Loài
fabric_creature,12,396,,Loài
feline_taur,12,395,,Loài
citra,12,395,,Loài
bucerotiform,12,395,bucerotiforme,Loài
living_chess_piece,12,395,,Loài
blacktip_reef_shark,12,394,,Loài
ethiopian_wolf,12,393,"abyssian_wolf,abyssinian_wolf,simien_fox,simien_jackal",Loài
kit_fox,12,393,kitfox,Loài
teddy_bear_(species),12,393,,Loài
stepson_(lore),15,392,"step-son,step_son,stepson",Lore
ariral,12,390,,Loài
smiler_(the_backrooms),12,389,,Loài
vastaya,12,389,,Loài
short-beaked_echidna,12,388,,Loài
desert_long-eared_bat,12,387,,Loài
snatyr,12,386,,Loài
kangaroo_rat,12,385,kangaroorat,Loài
gyroid,12,385,,Loài
ivalician_moogle,12,384,,Loài
anas,12,384,,Loài
european_red_fox,12,384,,Loài
meicrackmon,12,384,,Loài
ambient_starfish,12,383,,Loài
buteo,12,382,,Loài
cloud_humanoid,12,381,,Loài
papillon,12,380,"butterfly_dog,continental_toy_spaniel,papillon_dog",Loài
saber-toothed_squirrel,12,378,sabertooth_squirrel,Loài
werepantherine,12,378,werepanther,Loài
lizard_(divinity),12,378,,Loài
dire_car,12,377,,Loài
procellariiform,12,377,"petrel,procellariiforme,tubinare",Loài
dracony,12,377,,Loài
european_polecat,12,376,,Loài
bivalve,12,376,,Loài
fennec_humanoid,12,376,,Loài
suine_humanoid,12,375,"porcine_humanoid,suina_humanoid",Loài
eulipotyphlan_humanoid,12,374,,Loài
american_akita,12,373,,Loài
shrew,12,372,mobian_shrew,Loài
slug_humanoid,12,372,,Loài
weasel_humanoid,12,372,humanoid_weasel,Loài
fancy_rat,12,370,lab_rat,Loài
living_train,12,370,,Loài
pine_squirrel,12,370,,Loài
half_brother_(lore),15,370,half_brother,Lore
scalie_taur,12,370,,Loài
kumiho,12,369,gumiho,Loài
centrosaurine,12,368,"centrosaur,centrosaurinae",Loài
timberwolf_(mlp),12,368,,Loài
cat-sith,12,367,"cait_sidhe,cait_sith,cait_sìdhe,cait_sìth,cat-sidhe,cat_sidhe,cat_sith,cat_sìdhe,cat_sìth,cat_sídhe",Loài
stepsibling_(lore),15,365,"step-sibling,step_sibling,step_siblings,stepsibling,stepsiblings",Lore
fyre_fox,12,365,,Loài
nihallaks_(species),12,365,,Loài
somali_cat,12,363,somali_(cat),Loài
martian_(looney_tunes),12,362,,Loài
bovine_taur,12,362,bovine_centaur,Loài
aircraft_animal,12,361,,Loài
accidental_incest_(lore),15,361,accidental_incest,Lore
teal_mask_ogerpon,12,359,,Loài
faunus,12,359,,Loài
kermode_bear,12,356,spirit_bear,Loài
deku_(tloz),12,355,"deku_(race),deku_race",Loài
gemsbok,12,355,"gemsbuck,south_african_oryx",Loài
tetraodontiform,12,355,"plectognathi,tetraodontiforme",Loài
pup_(adventure_time),12,355,,Loài
rito_humanoid,12,355,,Loài
cervine_taur,12,354,,Loài
cetacean_humanoid,12,354,,Loài
kishu_inu,12,354,"kishu-inu,kishu-ken,kishu_dog,kishu_ken,kishū-inu,kishū-ken,kishū_dog,kishū_inu,kishū_ken",Loài
furred_snake,12,354,"fluff_serpent,fluff_snake,fluffserpent,fluffsnake,fluffy_serpent,fluffy_snake,fluffyserpent,fluffysnake,fur_serpent,fur_snake,furred_serpent,furserpent,fursnake",Loài
coraciiform,12,353,coraciiforme,Loài
ginglymostomatid,12,352,ginglymostomatidae,Loài
nurse_shark,12,352,,Loài
crystal_pony_(mlp),12,351,"crystal_ponies,crystal_ponies_(mlp),crystal_pony",Loài
computer_virus_(species),12,349,,Loài
luma,12,349,,Loài
unicorn_humanoid,12,348,,Loài
long_taur,12,348,,Loài
lava_creature,12,347,"lava_elemental,lava_elementals,lava_monster,living_lava,living_magma,magma_creature,magma_elemental,magma_elementals,magma_monster",Loài
cum_creature,12,347,"living_cum,semen_creature,sperm_creature",Loài
fallow_deer,12,347,,Loài
pale_wolf_(minecraft),12,346,,Loài
demogorgon,12,346,,Loài
tree_frog,12,346,"hylid,hylidae,treefrog",Loài
rinrin_(pokemon_gold_beta),12,345,"ringaling,rinrin_(beta_pokemon),rinrin_(beta_pokémon),rinrin_(gold_beta),rinrin_(pokémon_gold_beta),rinring",Loài
lamarian,12,345,,Loài
bird_demon,12,344,,Loài
quoll,12,343,,Loài
tailclops_(species),12,343,,Loài
grinion,12,343,grinion_(species),Loài
iksar,12,343,,Loài
gerbil,12,343,"gerbillinae,gerbilline",Loài
nine-banded_armadillo,12,342,,Loài
chupadore,12,342,,Loài
scombriform,12,341,scombriforme,Loài
eye_creature,12,340,,Loài
platinum_fox,12,340,,Loài
pomacentrid,12,340,pomacentridae,Loài
maxillopod,12,340,maxillopoda,Loài
turkish_angora,12,339,,Loài
kroxigor,12,339,,Loài
black-necked_crane,12,339,black_necked_crane,Loài
meicrackmon_vicious_mode,12,339,,Loài
spider_monkey,12,339,"ateles,spider-monkey,spidermonkey",Loài
hylotl,12,338,hylotl_(starbound),Loài
deino,12,338,,Loài
red-tailed_hawk,12,338,"red-tail_hawk,red_tail_hawk,red_tailed_hawk",Loài
spring_deerling,12,337,,Loài
pachycephalosaurid,12,334,pachycephalosaur,Loài
sea_goat,12,334,capricorn_(mythological_creature),Loài
ouginak,12,334,,Loài
demon_dragon,12,332,,Loài
orange_yoshi,12,331,,Loài
ice_creature,12,331,"ice_monster,living_ice",Loài
colorpoint,12,329,,Loài
kyubimon,12,328,,Loài
american_cocker_spaniel,12,328,,Loài
tarantula_taur,12,328,,Loài
hero_of_many_battles_zacian,12,328,"hero_of_many_battles_(zacian),hero_of_many_battles_zacian_form,hero_zacian,zacian_(hero_of_many_battles),zacian_(hero_of_many_battles_form),zacian_hero,zacian_hero_of_many_battles,zacian_hero_of_many_battles_form",Loài
mithra,12,327,,Loài
adoptive_sister_(lore),15,326,adoptive_sister,Lore
living_onahole,12,326,,Loài
kaisura,12,326,,Loài
gremlin,12,325,,Loài
owl_humanoid,12,325,,Loài
baby_kangaskhan,12,325,,Loài
least_weasel,12,325,,Loài
bugbear,12,325,,Loài
cacatua,12,324,true_white_cockatoo,Loài
three-toed_sloth,12,324,"3-toed_sloth,3_toed_sloth,bradypodid,bradypodidae,bradypus,three_toed_sloth",Loài
brontosaurus,12,324,brontosaur,Loài
reploid,12,324,,Loài
blob_creature,12,323,,Loài
mechanical_dragon,12,323,,Loài
suid_humanoid,12,323,,Loài
manokit,12,321,,Loài
exceed,12,321,,Loài
stepparent_and_stepson_(lore),15,321,stepparent_and_stepson,Lore
hippocampus,12,321,,Loài
golden_pheasant,12,320,chinese_pheasant,Loài
hornet,12,320,,Loài
dragonmaid_(yu-gi-oh!),12,320,,Loài
cookie_(cookie_run),12,319,,Loài
gormotti,12,319,,Loài
dutch_rabbit,12,319,,Loài
god_of_destruction,12,318,,Loài
norwegian_forest_cat,12,317,,Loài
ceratosaurid,12,317,ceratosaur,Loài
polecat_(mustelid),12,317,polecat_(species),Loài
black_yoshi,12,317,,Loài
vulpin,12,316,,Loài
great_horned_owl,12,316,tiger_owl,Loài
sasquatch,12,316,bigfoot,Loài
exo,12,315,,Loài
serval_humanoid,12,314,,Loài
honeypot_ant,12,314,honey_ant,Loài
peryton,12,313,,Loài
dormouse,12,313,"glirid,gliridae",Loài
fjord_horse,12,313,norwegian_fjord_horse,Loài
roe_deer,12,312,"chevreuil,roebuck",Loài
sumatran_rhinoceros,12,312,"asian_two-horned_rhino,asian_two-horned_rhinoceros,asian_two_horned_rhino,asian_two_horned_rhinoceros,hairy_rhino,hairy_rhinoceros,sumatran_rhino",Loài
stoat_humanoid,12,311,ermine_humanoid,Loài
iguanodontian,12,311,,Loài
gem_creature,12,310,"gem_monster,living_gem",Loài
kudu,12,309,,Loài
ceratosaurus,12,309,,Loài
ferrin,12,309,,Loài
bangboo,12,308,,Loài
yuman,12,308,,Loài
scombrid,12,308,,Loài
sunshine_form_cherrim,12,307,"cherrim_(sun),cherrim_(sun_form),cherrim_(sun_forme),cherrim_(sunny),cherrim_(sunny_form),cherrim_(sunny_forme),cherrim_sun,cherrim_sun_form,cherrim_sun_forme,cherrim_sunny,cherrim_sunny_form,cherrim_sunny_forme,sun_cherrim,sun_form_cherrim,sun_forme_cherrim,sunny_cherrim,sunny_form_cherrim,sunny_forme_cherrim,sunshine_forme_cherrim",Loài
shire,12,307,shire_horse,Loài
coywolf,12,307,coyowolf,Loài
mantrin,12,306,sogowan,Loài
malzeno,12,305,,Loài
egyptian_vulture,12,305,,Loài
umbrum,12,305,,Loài
zerian_(species),12,305,,Loài
ursine_humanoid,12,305,,Loài
american_red_squirrel,12,305,,Loài
translynx,12,304,,Loài
shurian,12,304,,Loài
french_spaniel,12,304,,Loài
peridot_(gem_species),12,304,,Loài
faceless_(species),12,303,,Loài
stepfather_and_stepchild_(lore),15,302,stepfather_and_stepchild,Lore
werehyena,12,302,werehyaenid,Loài
reptile_taur,12,301,,Loài
pokemon_taur,12,301,"arcanine_taur,arcaninetaur,lapras_taur,pokemontaur,poketaur,pokémon_taur,pokémontaur,pokétaur,zoroark_taur",Loài
caiman,12,301,,Loài
living_statue,12,301,,Loài
oviraptorosaur,12,301,oviraptorisaur,Loài
nomu,12,301,noumu,Loài
milky_(gunsawian),12,299,milky_(gunsaw),Loài
bicorn,12,299,duocorn,Loài
dream_creature,12,298,,Loài
plorgonarian,12,298,,Loài
horse_taur,12,298,horsetaur,Loài
adoptive_brothers_(lore),15,297,adoptive_brothers,Lore
pig_humanoid,12,296,humanoid_pig,Loài
wereursid,12,296,werebear,Loài
imaginary_friend,12,296,,Loài
collared_lizard,12,294,"crotaphytid,crotaphytidae,crotaphytus",Loài
anole,12,293,"anole_(lizard),anole_lizard,dactyloid,dactyloidae",Loài
leonin,12,293,,Loài
numbat,12,292,"noombat,walpurti",Loài
irish_wolfhound,12,292,,Loài
crystal_creature,12,291,"crystal_fauna,crystal_monster,crystalline_creature,crystalline_monster,living_crystal",Loài
appmon_(species),12,291,,Loài
slime_(slime_rancher),12,290,,Loài
nanger,12,290,,Loài
bumble_bee_(species),12,289,,Loài
rapid_strike_style_urshifu,12,287,"rapid_strike_style,rapid_strike_urshifu,rapid_urshifu,urshifu_(rapid_strike),urshifu_(rapid_strike_style),urshifu_rapid,urshifu_rapid_strike,urshifu_rapid_strike_style",Loài
t'au_(warhammer),12,287,tau_(warhammer),Loài
pinto_horse,12,287,"american_paint_horse,paint_horse,painted_horse,painthorse",Loài
trogonid,12,286,,Loài
spidr,12,286,,Loài
living_tank,12,285,"tank_morph,tankmorph",Loài
istiophoriform,12,285,istiophoriforme,Loài
blackgatomon,12,285,black_gatomon,Loài
goetia,12,284,,Loài
living_fursuit,12,284,,Loài
t-virus_mutant_(resident_evil),12,284,,Loài
hell_knight,12,282,,Loài
dazzi_(pal),12,281,,Loài
mythological_salamander,12,281,"salamander_(mythological),salamander_(mythology)",Loài
bio-android_(dragon_ball),12,281,,Loài
stepbrother_(lore),15,280,"step-brother,step_brother,stepbrother",Lore
sungazer_(lizard),12,280,,Loài
sleep_paralysis_demon,12,280,,Loài
crustacean_humanoid,12,279,,Loài
tamagotchi_(species),12,279,,Loài
vortigaunt,12,279,vortigaunts,Loài
pink_birdo,12,278,,Loài
friesian,12,278,,Loài
mallkin,12,277,,Loài
south_american_fox,12,276,"lycalopex,pseudalopex",Loài
jiralhanae,12,276,"brute_(halo),halo_brute",Loài
incubator_(puella_magi),12,276,"incubator_(madoka),incubator_(pmmm),incubator_(puella_magi_madoka_magica),madoka_incubator",Loài
2channel_ascii_art_character,12,275,,Loài
gem_fusion,12,275,,Loài
metal_creature,12,274,,Loài
moonfang,12,273,,Loài
jorunna_parva,12,273,,Loài
oviraptorid,12,273,"oviraptoridae,oviraptoridaen",Loài
interceptor,12,273,,Loài
margay,12,272,,Loài
e-series,12,272,,Loài
bombay_cat,12,271,,Loài
zbornak,12,271,,Loài
gypsy_vanner,12,271,,Loài
felid_demon,12,271,,Loài
khao_manee,12,270,,Loài
fire_salamander,12,270,fire_salamander_(salamander),Loài
living_vegetable,12,270,vegetable_creature,Loài
ice_cream_creature,12,270,,Loài
ball_python,12,269,royal_python,Loài
leafwing_(wof),12,269,,Loài
snow_creature,12,268,"living_snow,snow_monster",Loài
mythological_chimera,12,268,"chimaera_(myth),chimaera_(mythological),chimaera_(mythology),chimera_(myth),chimera_(mythological),chimera_(mythology),chimæra_(myth),chimæra_(mythological),chimæra_(mythology),mythological_chimaera,mythological_chimæra",Loài
beauceron,12,268,"bas_rouge,beauce_sheepdog,berger_de_beauce",Loài
unigan,12,267,,Loài
plankton_(species),12,266,,Loài
peafowl_demon,12,266,,Loài
quartz_(gem_species),12,265,,Loài
wood_elf,12,264,,Loài
keldeo_(resolute_form),12,264,"keldeo_resolute,resolute_keldeo",Loài
circlehead,12,264,,Loài
mustela_humanoid,12,264,,Loài
pure_faraden,12,264,,Loài
common_collared_lizard,12,264,"eastern_collared_lizard,oklahoma_collared_lizard,yellow-headed_collared_lizard,yellow_headed_collared_lizard",Loài
black-footed_ferret,12,263,"american_polecat,black_footed_ferret",Loài
bambiraptor,12,262,,Loài
sinner_demon,12,262,,Loài
cattle_taur,12,262,"bull_taur,cow_taur,cowtaur,female_cowtaur",Loài
eurasian_eagle-owl,12,261,"european_eagle-owl,european_eagle_owl,siberian_eagle-owl,siberian_eagle_owl",Loài
zorgoia,12,260,,Loài
galliform_humanoid,12,260,,Loài
oviraptor,12,260,,Loài
long-tailed_weasel,12,259,"bridled_weasel,long_tailed_weasel",Loài
saturniid,12,259,saturniidae,Loài
organ_creature,12,259,,Loài
glaive_wyvern,12,259,,Loài
amoeba_(organism),12,259,,Loài
dra'essa,12,259,,Loài
living_melee_weapon,12,258,,Loài
lemon_shark,12,258,,Loài
septarian,12,256,,Loài
grant's_gazelle,12,256,grants_gazelle,Loài
normal_rotom,12,255,"normal_form_rotom,normal_forme_rotom,original_form_rotom,original_forme_rotom,original_rotom,rotom_(normal_form),rotom_(normal_forme),rotom_(original),rotom_(original_form),rotom_(original_forme),rotom_(standard),rotom_(standard_form),rotom_(standard_forme),rotom_normal,rotom_normal_form,rotom_normal_forme,rotom_original,rotom_original_form,rotom_original_forme,rotom_standard,rotom_standard_form,rotom_standard_forme,standard_form_rotom,standard_forme_rotom,standard_rotom",Loài
scratazon,12,254,,Loài
winter_sawsbuck,12,254,,Loài
fantasy_creature,12,254,,Loài
canine_demon,12,254,,Loài
tooth_creature,12,254,,Loài
kirin_(mlp),12,254,,Loài
dragon_pony,12,253,,Loài
cra,12,252,,Loài
lizardfolk_(dnd),12,252,,Loài
butterfly_humanoid,12,252,,Loài
pufferfish,12,252,"bubble_fish,bubblefish,sea_squab,swell_fish,swellfish,tetraodontid,tetraodontidae",Loài
african_civet,12,251,,Loài
physeteroid,12,251,,Loài
tufted_deer,12,251,tuft_deer,Loài
snow_leopard_humanoid,12,250,,Loài
stepmother_(lore),15,250,"step-mom,step-mother,step_mom,step_mother,stepmom,stepmother",Lore
high_elf,12,250,,Loài
loriine,12,250,"lorie,loriinae,lory_(bird)",Loài
teacup_gryphon,12,249,,Loài
shellder_(slowbro),12,249,,Loài
hornbill,12,248,"bucerotid,bucerotidae",Loài
sabertooth_feline,12,248,,Loài
cerinian,12,248,,Loài
leezpunk,12,247,,Loài
chromatic_dragon_(dnd),12,247,,Loài
jogauni,12,246,,Loài
pearl_(gem_species),12,246,,Loài
merino_sheep,12,245,,Loài
multigenerational_incest_(lore),15,245,multigenerational_incest,Lore
toco_toucan,12,245,"common_toucan,giant_toucan",Loài
sunflower_creature,12,244,,Loài
karelian_bear_dog,12,244,karelian_bear,Loài
hedgehog_humanoid,12,243,,Loài
saurian_(mortal_kombat),12,243,,Loài
true_bug,12,243,hemiptera,Loài
snowshoe_cat,12,243,,Loài
ki'rinaes,12,242,,Loài
american_pit_bull_terrier,12,242,"american_pitbull_terrier,american_pitt_bull_terrier,pit_bull_terrier,pitbull_terrier,pittbull",Loài
squirmle,12,242,worm_on_a_string,Loài
seven_flowers,12,242,,Loài
catrobis,12,241,,Loài
crested_penguin,12,241,eudyptes,Loài
stepsister_(lore),15,241,"step-sister,step_sister,stepsister",Lore
savannah_cat,12,241,,Loài
lunaris_(pal),12,240,,Loài
jacob_sheep,12,240,,Loài
japanese_bobtail,12,240,,Loài
winterpaw_canine,12,239,,Loài
harlequin_rabbit,12,238,"harlequin_(bunny),harlequin_(rabbit),harlequin_bunny",Loài
quivern,12,238,,Loài
mako_shark,12,238,isurus,Loài
nezumi_(magic:_the_gathering),12,238,"nezumi_(magic),nezumi_(magic_the_gathering),nezumi_(mtg)",Loài
mantled_beast,12,237,,Loài
entity_(tma),12,237,,Loài
hilichurl,12,237,,Loài
water_humanoid,12,236,,Loài
south_china_tiger,12,235,,Loài
mephitid_taur,12,235,,Loài
skunk_taur,12,235,skunktaur,Loài
living_sword,12,235,sword_creature,Loài
banded_mongoose,12,234,,Loài
tojol,12,234,,Loài
living_puppet,12,234,,Loài
ictonychine,12,233,ictonychinae,Loài
changeling_(world_of_darkness),12,233,,Loài
werewire,12,233,,Loài
zorse,12,233,golden_zebra,Loài
airplane_dragon,12,233,,Loài
acanthurid,12,232,"acanthuridae,naso_(fish),surgeon_fish,tang_(fish),unicorn_fish,unicornfish",Loài
whippet,12,232,,Loài
clay_creature,12,231,,Loài
dreamspinner,12,231,,Loài
demi_elder,12,231,,Loài
werebat,12,231,werechiropteran,Loài
bacteria_(organism),12,231,,Loài
skeksis,12,230,,Loài
amazon_parrot,12,230,,Loài
eldritch_humanoid,12,229,,Loài
algebralian,12,229,algebralien,Loài
raharr,12,229,,Loài
kangal,12,228,"anadolulu_karabaş,anatolian_karabash,anatolian_shepherd,anatolian_shepherd_dog,kangal_dog,karabas_(blackhead),karabas_blackhead,karabaş_(blackhead),karabaş_blackhead,sivas_kangal,turkish_shepherd,turkish_shepherd_dog",Loài
backrooms_creature,12,227,,Loài
locomorph,12,227,,Loài
amur_leopard,12,227,,Loài
manx,12,226,manx_cat,Loài
flap-necked_chameleon,12,226,flap_necked_chameleon,Loài
kukuri,12,226,,Loài
budgerigar,12,225,budgie,Loài
ethereal_(zzz),12,225,,Loài
imperial_dragon_(lol),12,225,,Loài
feline_demon,12,225,,Loài
manserpent,12,224,,Loài
copepod,12,224,,Loài
corvid_humanoid,12,224,,Loài
mamba,12,224,dendroaspis,Loài
living_bubble,12,223,,Loài
brush-tailed_penguin,12,222,pygoscelis,Loài
northern_cardinal,12,222,"cardenal_norteno,cardenal_norteño,cardinal_norteno,cardinal_norteño,cardinal_rouge,common_cardinal,red_cardinal",Loài
lewxen,12,222,,Loài
awtter,12,222,,Loài
little_mouser,12,222,,Loài
zygarde_10_forme,12,222,"zygarde_10,zygarde_10_form",Loài
jackson's_chameleon,12,221,"jackson's_horned_chameleon,jacksons_chameleon,jacksons_horned_chameleon,kikuyu_chameleon,kikuyu_three-horned_chameleon,kikuyu_three_horned_chameleon",Loài
drauk,12,221,,Loài
night_elf_(feral),12,220,,Loài
super_fox_(sar),12,220,,Loài
robot_master,12,220,,Loài
new_faraden,12,220,,Loài
hellfox,12,219,,Loài
diplodocus,12,219,seismosaurus,Loài
perciform,12,219,perciformes,Loài
heart_creature,12,219,,Loài
living_sock,12,219,,Loài
bowman's_wolf,12,218,"bow_man's_wolf,bow_man_wolf,bow_mans_wolf,bowman_wolf,bowmans_wolf",Loài
bomb_humanoid,12,218,,Loài
crowned_shield_zamazenta,12,218,"crowned_(zamazenta),crowned_shield,crowned_shield_(zamazenta),crowned_shield_form,crowned_zamazenta,zamazenta_(crowned_form),zamazenta_(crowned_shield),zamazenta_(crowned_shield_form),zamazenta_crowned,zamazenta_crowned_form,zamazenta_crowned_shield,zamazenta_crowned_shield_form",Loài
murasadramon,12,218,,Loài
kirin_(mh),12,217,oroshi_kirin,Loài
living_gasm_drive,12,217,lgd,Loài
zony,12,216,,Loài
ahuizotl,12,216,,Loài
swift_fox,12,215,,Loài
moki_(species),12,215,moki_(ori),Loài
giganotosaurus,12,215,,Loài
living_chocolate,12,214,chocolate_creature,Loài
cebid,12,214,"cebidae,cebidaen",Loài
spider_demon,12,214,,Loài
meloetta_(pirouette_form),12,213,"meloetta_(pirouette_forme),meloetta_pirouette,pirouette_meloetta",Loài
serpentine_(ninjago),12,213,,Loài
paldean_form,12,213,,Loài
dog_taur,12,213,dogtaur,Loài
pika,12,213,"mobian_pika,ochotona,ochotonid,ochotonidae",Loài
rock_humanoid,12,212,"humanoid_rock,humanoid_stone,stone_humanoid",Loài
giant_anteater,12,212,,Loài
angel_hare_(the_east_patch),12,212,,Loài
rock_dove,12,211,common_pigeon,Loài
suliform,12,211,suliformes,Loài
meller's_chameleon,12,211,"giant_one-horned_chameleon,giant_one_horned_chameleon,mellers_chameleon",Loài
rotom_pokedex,12,210,"pokedex_rotom,pokédex_rotom,rotom_pokédex,rotomdex",Loài
drider,12,210,faux_drider,Loài
insect_taur,12,209,bug_taur,Loài
aye-aye,12,209,"ai_ai,aye_aye",Loài
jaguar_humanoid,12,209,,Loài
caprine_taur,12,209,,Loài
loon,12,209,"diver_(bird),gaviid",Loài
grandfather_and_granddaughter_(lore),15,209,"granddaughter/grandfather,granddaughter/grandpa,granddaughter_and_grandfather,granddaughter_and_grandpa,grandfather/granddaughter,grandpa/granddaughter,grandpa_and_granddaughter",Lore
hero_of_many_battles_zamazenta,12,208,"hero_of_many_battles_(zamazenta),hero_of_many_battles_zamazenta_form,hero_zamazenta,zamazenta_(hero_of_many_battles),zamazenta_(hero_of_many_battles_form),zamazenta_hero,zamazenta_hero_of_many_battles,zamazenta_hero_of_many_battles_form",Loài
immortal,12,208,,Loài
trogon,12,207,,Loài
worg,12,207,,Loài
dragonoid_(dark_souls),12,207,,Loài
jersey_cattle,12,207,"jersey_(cow),jersey_cow",Loài
beanish,12,207,,Loài
drulttur,12,206,,Loài
living_airplane,12,206,anthro_plane,Loài
louie_(bomberman),12,206,,Loài
limited_build_koraidon,12,206,"gliding_build_koraidon,koraidon_(limited_build),sprinting_build_koraidon,swimming_build_koraidon",Loài
chomper_(pvz),12,206,"chomper_(plants_versus_zombies),chomper_(plants_vs_zombies)",Loài
snake_naga,12,205,,Loài
regal_tang,12,205,"blue_hippo_tang,blue_surgeon_fish,blue_surgeonfish,blue_tang,blue_tang_(fish),blue_tang_fish,flagtail_surgeon_fish,flagtail_surgeonfish,hippo_tang,pacific_regal_blue_tang,palette_surgeon_fish,palette_surgeonfish,paracanthurus,royal_blue_tang",Loài
asinus_humanoid,12,204,,Loài
triakid,12,204,triakidae,Loài
tetton,12,204,,Loài
wererodent,12,204,,Loài
aquilinae,12,204,,Loài
alcelaphine,12,204,alcelaphinae,Loài
byte_(sintronic),12,204,,Loài
candy_humanoid,12,204,,Loài
leopard_shark,12,204,,Loài
wyverian,12,203,,Loài
darkin,12,203,,Loài
kenku,12,203,,Loài
lemming,12,203,,Loài
homunculus,12,203,,Loài
saurus_(warhammer),12,203,,Loài
drakator,12,202,,Loài
spiral_knight_(species),12,202,,Loài
thestral,12,202,,Loài
chicken_humanoid,12,202,,Loài
biyemorph,12,202,,Loài
blue_flower_florges,12,202,,Loài
black_mamba,12,202,blackmamba,Loài
berger_blanc_suisse,12,201,"berger_blanc,swiss_shepherd,white_swiss_shepherd",Loài
helmeted_lizard,12,201,"basilisk_(lizard),basilisk_lizard,casquehead_lizard,corytophanid,corytophanidae",Loài
letter_creature,12,201,,Loài
half-orc,12,201,,Loài
anglerfish_merfolk,12,201,,Loài
appaloosa,12,200,,Loài
moschid,12,200,,Loài
cheetah_humanoid,12,200,,Loài
korean_jindo,12,200,jindo,Loài
black_arms_(sonic),12,199,,Loài
thorny_devil,12,199,"moloch,mountain_devil,thorny_dragon,thorny_lizard",Loài
geth,12,199,,Loài
donkey_humanoid,12,199,,Loài
naked_mole-rat,12,199,naked_mole_rat,Loài
protoceratopsid,12,199,,Loài
styracosaurus,12,199,,Loài
babylonian_(sonic),12,199,,Loài
marbled_polecat,12,199,,Loài
protoceratops,12,198,,Loài
monster_(moshi_monsters),12,197,,Loài
shetland_sheepdog,12,197,sheltie,Loài
werelagomorph,12,197,,Loài
critter_(smiling_friends),12,197,,Loài
new_world_parrot,12,197,,Loài
echinozoan,12,196,echinozoa,Loài
wind_demon_(slightly_damned),12,196,,Loài
wixen,12,195,,Loài
bengal_cat,12,195,,Loài
hakken_(world_of_darkness),12,195,,Loài
african_elephant,12,195,,Loài
lizardman_race_(soulcalibur),12,194,,Loài
arctic_shrew,12,194,,Loài
bubble_dragon,12,194,,Loài
ancestor_and_descendant_(lore),15,193,"ancestor,ancestor_(lore),descendant,descendant_(lore)",Lore
sethrak,12,193,,Loài
battle_droid,12,193,,Loài
saurus,12,193,,Loài
shokan,12,193,,Loài
foxparks,12,193,,Loài
seapony_(mlp),12,193,,Loài
seyloid,12,192,,Loài
billfish,12,192,,Loài
anubian,12,192,,Loài
stepfather_and_stepson_(lore),15,192,stepfather_and_stepson,Lore
cervine_humanoid,12,192,humanoid_cervine,Loài
japanese_badger,12,192,,Loài
atlantic_puffin,12,191,,Loài
new_world_deer_humanoid,12,191,capreoline_humanoid,Loài
jacktor,12,191,,Loài
holstaurus,12,191,holstaur,Loài
machgaogamon,12,191,,Loài
warg_(fours),12,191,,Loài
corvus_humanoid,12,190,,Loài
lilibee,12,190,lillibee,Loài
snapping_turtle,12,190,"chelydrid,chelydridae",Loài
primal_reversion,12,190,,Loài
german_spitz,12,189,"deutscher_spitz,deutscher_spitze,german_spitze",Loài
armadillomon,12,189,,Loài
sahash,12,189,,Loài
faunazon,12,188,,Loài
true_lemur,12,188,brown_lemur,Loài
red_toad,12,188,,Loài
flute_dragon,12,188,,Loài
leghorn_chicken,12,188,,Loài
aurochs,12,188,auroch,Loài
ambient_arachnid,12,188,,Loài
amalgamate,12,187,,Loài
alfiq,12,187,,Loài
terrapin,12,186,,Loài
lutra,12,186,old-world_river_otter,Loài
wererabbit,12,186,,Loài
goo_creature_with_bones,12,186,,Loài
grub_(insect),12,186,,Loài
mute_swan,12,186,,Loài
si'itiae,12,184,,Loài
yellow-throated_marten,12,184,"kharza,yellow_throated_marten",Loài
nurse_(silent_hill),12,184,"bobblehead_nurse,bubblehead_nurse",Loài
alebrije,12,184,,Loài
silkwing_(wof),12,183,,Loài
ambient_spider,12,183,,Loài
posean,12,183,,Loài
japanese_hare,12,183,,Loài
camelid_taur,12,183,,Loài
wildebeest,12,183,"connochaetes,gnu_(animal),wildebeast",Loài
emoji_(race),12,183,,Loài
boom_boom,12,183,,Loài
stormcutter,12,183,,Loài
boxer_(dog),12,183,"boxer_(species),deutscher_boxer,german_boxer",Loài
qunari,12,182,,Loài
pliosaur,12,182,,Loài
stepdaughter_(lore),15,182,"step-daughter,step_daughter,stepdaughter",Lore
welsh_springer_spaniel,12,182,,Loài
unicellular_organism_(organism),12,182,,Loài
eurasian_wolf,12,181,"grey_siberian_wolf,russian_wolf,siberian_wolf",Loài
pockoon_(insomniacovrlrd),12,181,,Loài
avatar_(tma),12,181,,Loài
diamond_(gem_species),12,181,,Loài
blue-tongued_skink,12,181,"blue-tongued_lizard,blue_tongue_skink,blue_tongued_lizard,blue_tongued_skink,tiliqua",Loài
hivewing_(wof),12,181,,Loài
afrotropical_parrot,12,180,"psittacinae,psittacini",Loài
rocky_mountain_goat,12,180,mountain_goat,Loài
loboan,12,180,,Loài
cottontail_rabbit,12,180,"cotton_tail_rabbit,sylvilagus",Loài
iberian_lynx,12,179,spanish_lynx,Loài
thugs-4-less,12,179,goons-4-less,Loài
agender_(lore),15,179,agender,Lore
blank_humanoid,12,179,,Loài
kangaroo_mouse,12,179,,Loài
wereequine,12,179,,Loài
kritter_(kremling),12,179,"kritter_(dk),kritter_(dkc),kritter_(donkey_kong)",Loài
chimereon,12,179,,Loài
belgian_shepherd,12,179,"belgian_sheepdog,belgian_shepard",Loài
eurasian_otter,12,178,,Loài
spotted_seal,12,178,"larga_seal,largha_seal",Loài
woodlouse,12,178,"oniscidea,oniscidean,wood_lice,wood_louse,woodlice",Loài
blue_merle,12,178,,Loài
corrupted_gem,12,178,,Loài
pond_slider,12,177,,Loài
wasp_humanoid,12,177,,Loài
forced_incest_(lore),15,177,forced_incest,Lore
cadou_host_(resident_evil),12,177,,Loài
cremis,12,177,,Loài
cynocephalus,12,177,,Loài
living_pumpkin,12,177,,Loài
living_helicopter,12,177,,Loài
ambient_coral,12,177,,Loài
red-eared_terrapin,12,176,"red-eared_slider,red_eared_slider,red_eared_terrapin",Loài
beholder,12,176,,Loài
bori_(neopets),12,176,bori_(neopet),Loài
aquatic_taur,12,176,marine_taur,Loài
boobipede,12,175,,Loài
motmot,12,175,"momotid,momotidae,mot_mot",Loài
living_gum,12,175,,Loài
red_flower_florges,12,175,,Loài
em_being,12,175,,Loài
tucker_chimera_(fma),12,174,,Loài
west_sea_gastrodon,12,174,"gastrodon_(west_sea),gastrodon_west,gastrodon_west_sea,west_gastrodon",Loài
scp-939,12,174,,Loài
posthuman,12,174,,Loài
space_dragon,12,173,,Loài
vesper_bat,12,173,"common_bat,vespertilionid,vespertilionidae",Loài
morpeko_(full_belly_mode),12,173,"full_belly_mode_morpeko,full_belly_morpeko,full_mode_morpeko,full_morpeko",Loài
neumono,12,173,,Loài
rain_dragon,12,172,,Loài
earth_demon_(slightly_damned),12,172,,Loài
kamaitachi,12,172,,Loài
kodiak_bear,12,172,kodiak_brown_bear,Loài
scorpion_humanoid,12,172,,Loài
true_hawk,12,172,"accipitrinae,sparrowhawk",Loài
incineram,12,172,,Loài
dinosaur_humanoid,12,172,,Loài
mackerel,12,172,true_mackerel,Loài
english_lop,12,172,,Loài
sheep-goat,12,172,"geep,sheep-goat_hybrid,shoat",Loài
shepsky,12,171,,Loài
lyrian,12,171,,Loài
visage_form,12,171,,Loài
tailmouth_(species),12,171,,Loài
teletubby,12,171,,Loài
dynamax_pokemon,12,171,"dynamax_pokémon,dynamaxing",Loài
bonneter,12,171,,Loài
kestrel,12,171,,Loài
lego_minifigure,12,170,"lego_people,minifig,minifigure",Loài
unathi,12,170,,Loài
egg_creature,12,170,,Loài
threskiornithid,12,170,threskiornithidae,Loài
daemon_of_tzeentch,12,169,,Loài
stepmother_and_stepchild_(lore),15,169,stepmother_and_stepchild,Lore
crow_humanoid,12,169,,Loài
capuchin_monkey,12,169,"capuchin,cebinae",Loài
dagonian,12,169,,Loài
wuggy_(poppy_playtime),12,169,,Loài
beastkin,12,169,,Loài
korat_cat,12,169,,Loài
mountain_hare,12,169,"alpine_hare,blue_hare,irish_hare,snow_hare,tundra_hare,variable_hare,white_hare",Loài
alpaca_taur,12,169,alpacataur,Loài
flea,12,168,fleas,Loài
weretiger,12,168,,Loài
normal_forme_deoxys,12,168,"deoxys_(normal_form),deoxys_(normal_forme),deoxys_(original),deoxys_(original_form),deoxys_(original_forme),deoxys_(standard),deoxys_(standard_form),deoxys_(standard_forme),deoxys_normal,deoxys_normal_form,deoxys_normal_forme,deoxys_original,deoxys_original_form,deoxys_original_forme,deoxys_standard,deoxys_standard_form,deoxys_standard_forme,normal_deoxys,normal_form_deoxys,original_deoxys,original_form_deoxys,original_forme_deoxys,standard_deoxys,standard_form_deoxys,standard_forme_deoxys",Loài
pill_bug,12,168,"armadillidiid,armadillidiidae,armadillidiidaen,doodle_bug,parson-pig,parson_pig,potato_bug,roly-poly,roly_polies,roly_poly,roly_poly_bug,tiggy-hog,tiggy_hog",Loài
american_bison,12,168,american_buffalo,Loài
living_coin,12,168,,Loài
nushi,12,168,,Loài
boa_constrictor,12,168,"boa_(genus),common_boa,red-tailed_boa,red_tailed_boa",Loài
felin,12,168,,Loài
theridiid,12,167,"cobweb_spider,comb-footed_spider,comb_footed_spider,tangle-web_spider,tangle_web_spider,theridiidae",Loài
calumon,12,167,,Loài
crocodilian_humanoid,12,167,,Loài
boogie_(species),12,167,,Loài
banana_slug,12,167,,Loài
zafara_(neopets),12,167,,Loài
abstraction_(tadc),12,167,,Loài
suffolk_sheep,12,167,,Loài
half_demon,12,166,,Loài
tauntaun,12,166,,Loài
lesser_hedgehog_tenrec,12,166,,Loài
keeper_of_the_moon,12,166,,Loài
red_lizard_(rain_world),12,165,,Loài
nightmaren,12,165,,Loài
shoutmon_(king_ver.),12,165,,Loài
muntjac,12,165,"barking_deer,mastreani_deer",Loài
bulkmon,12,165,,Loài
duskky,12,165,darkky,Loài
tiger_taur,12,165,tigertaur,Loài
herbivore_(mh),12,165,"herbivore_(monster_hunter),herbivores_(mh),herbivores_(monster_hunter),soshokushu,sōshokushu",Loài
adeptus_(genshin_impact),12,165,,Loài
adoptive_sisters_(lore),15,164,adoptive_sisters,Lore
old_world_viper,12,164,"pitless_viper,true_adder,true_viper,viperinae,viperine",Loài
lungless_salamander,12,164,"plethodontid,plethodontidae",Loài
stepbrother_and_stepsister_(lore),15,164,stepbrother_and_stepsister,Lore
breezie_(mlp),12,164,"breezie,breezies",Loài
lunagaron,12,164,,Loài
entity,12,164,,Loài
trinidad_motmot,12,164,,Loài
land_shark_(species),12,163,,Loài
living_appliance,12,163,,Loài
skvader,12,163,,Loài
blanc_de_hotot,12,163,,Loài
orca_humanoid,12,163,,Loài
hocotatian,12,163,,Loài
widow_spider,12,162,"button_spider,latrodectus",Loài
liopleurodon,12,162,,Loài
icterid,12,162,,Loài
wild_sheep,12,162,,Loài
parasprite_(mlp),12,161,"parasprite,parasprites,parasprites_(mlp)",Loài
sea_snail,12,161,,Loài
flatworm,12,161,"flat_worm,platyhelminth,platyhelminthes",Loài
iguanodontid,12,161,,Loài
pelecaniform_humanoid,12,160,,Loài
cattail_(pvz),12,160,"cattail_(plants_versus_zombies),cattail_(plants_vs_zombies)",Loài
lord_of_change,12,160,,Loài
fanmon,12,160,,Loài
divenka,12,160,,Loài
old_world_porcupine,12,160,"hystricid,hystricidae",Loài
werelion,12,159,,Loài
iberian_wolf,12,159,,Loài
honey_creature,12,159,,Loài
box_turtle,12,159,,Loài
wraith_(evolve),12,159,,Loài
philikkahn,12,159,,Loài
impala,12,159,"aepycerotinae,aepycerotine",Loài
dinossom,12,159,,Loài
temtem_(species),12,158,"tem_tem_(species),tem_tem_species,temtem_species",Loài
tailclops_(race),12,158,,Loài
diplocaulus,12,158,,Loài
fairy_tail_(archetype),12,158,,Loài
nectrid,12,158,nectridea,Loài
spring_salamander,12,158,"gyrinophilus,purple_salamander",Loài
leipori,12,158,,Loài
birman_cat,12,158,,Loài
lamortmon,12,158,,Loài
keel-billed_toucan,12,158,"keel_billed_toucan,rainbow-billed_toucan,rainbow_billed_toucan,sulfur-breasted_toucan,sulfur_breasted_toucan",Loài
rutmutt,12,158,,Loài
tochukaso_(pokemon),12,157,,Loài
wolfskin,12,157,,Loài
queen's_stallion,12,157,"dorse,queen_stallion,queens_stallion",Loài
red-billed_hornbill,12,156,red_billed_hornbill,Loài
alligator_snapping_turtle,12,156,,Loài
jinn,12,156,,Loài
wolf_demon,12,156,,Loài
hyena_humanoid,12,156,"hyaena_humanoid,hyaenid_humanoid",Loài
shorebird,12,156,,Loài
megadermitid,12,156,"false_vampire_bat,megadermitidae",Loài
half_elf,12,156,,Loài
snow_leopard_taur,12,156,,Loài
american_alligator,12,155,"common_alligator,common_gator,mississippi_crocodile",Loài
olingo,12,155,,Loài
chartreux,12,155,,Loài
bakeneko,12,155,,Loài
linsang,12,155,,Loài
virus_(organism),12,155,,Loài
living_watercraft,12,154,"living_water_borne_craft,living_water_borne_vessel,living_water_craft,living_water_vehicle,living_water_vessel,living_waterborne_craft,living_waterborne_vessel",Loài
ghast_(minecraft),12,154,,Loài
american_pekin,12,154,,Loài
ghost_bat,12,154,,Loài
yoda's_species,12,153,,Loài
ornate_hawk-eagle,12,153,ornate_hawk_eagle,Loài
breast_creature,12,153,,Loài
himalayan_cat,12,153,,Loài
daemon_of_slaanesh,12,153,,Loài
fliwirrel_(insomniacovrlrd),12,153,,Loài
iguanodon,12,153,iguanadon,Loài
bro_(koopa),12,153,,Loài
dorid_nudibranch,12,153,,Loài
blooper,12,153,,Loài
star_dragon,12,152,,Loài
eredar,12,152,,Loài
elvian,12,152,,Loài
sockeye_salmon,12,152,,Loài
abnormality_(project_moon),12,152,,Loài
african_grey,12,151,"african_gray,african_gray_parrot,congo_gray_parrot,congo_grey_parrot,gray_parrot,grey_parrot",Loài
dire_animate_inanimate,12,151,,Loài
cherry_blossom_creature,12,151,,Loài
flower_mantis,12,151,,Loài
pseudowyvern,12,151,,Loài
glitch_creature,12,151,,Loài
sirenian,12,151,"sea_cow,sirenia",Loài
domestic_silk_moth,12,150,domestic_silkmoth,Loài
shinkaisei-kan,12,150,,Loài
plains_zebra,12,150,,Loài
bog_leech_(species),12,150,,Loài
snowshoe_hare,12,150,,Loài
white_yoshi,12,149,,Loài
tauren_(feral),12,149,,Loài
dwarf_(coh),12,149,,Loài
archaeocete,12,149,archaeoceti,Loài
sulid,12,149,sulidae,Loài
strix_(genus),12,149,earless_owl,Loài
wererat,12,149,,Loài
raidramon,12,148,,Loài
dromedary,12,148,,Loài
freakhound,12,148,,Loài
githyanki,12,148,,Loài
red_shyguy,12,148,,Loài
splynter,12,148,,Loài
earth_wyrm,12,147,,Loài
lykoi,12,147,,Loài
pushmi-pullyu,12,147,,Loài
human_taur,12,146,humantaur,Loài
mewman,12,146,,Loài
mutate_(gargoyles),12,146,,Loài
scottish_terrier,12,146,scottie,Loài
west_highland_white_terrier,12,146,"highland_terrier,poltalloch_terrier,roseneath_terrier,westie,white_roseneath_terrier",Loài
hoopoe,12,146,,Loài
wurae,12,146,,Loài
labbit,12,146,,Loài
weredeer,12,145,werecervid,Loài
classic_tabby,12,145,,Loài
rosy_maple_moth,12,145,,Loài
arctic_hare,12,145,artic_hare,Loài
mitachurl,12,145,,Loài
baxxid,12,145,,Loài
automaton,12,145,,Loài
chital,12,144,"axis_deer,cheetal",Loài
cat_taur,12,144,cattaur,Loài
furred_fish,12,144,,Loài
ornithomimosaur,12,144,,Loài
crested_porcupine,12,144,,Loài
thylacoleo,12,144,"marsupial_lion,thylacoleonid,thylacoleonidae",Loài
beastman_(warhammer),12,143,beastmen_(warhammer),Loài
english_cocker_spaniel,12,143,,Loài
zergling,12,143,,Loài
bot_(astro_bot),12,143,,Loài
ork,12,143,orks,Loài
sprinkledog,12,143,,Loài
beelzemon,12,143,,Loài
mo_(adventure_time),12,143,,Loài
diablos_(mh),12,143,"bloodbath_diablos,diablos_(monster_hunter)",Loài
jini_(species),12,143,,Loài
pachyderm,12,143,,Loài
eastern_red_bat,12,142,,Loài
mouflon,12,142,,Loài
amphibian_(mh),12,142,amphibian_(monster_hunter),Loài
bush_viper,12,142,atheris,Loài
extraterrestrial_vegetation_evaluator,12,142,,Loài
personality_core_(portal),12,142,ai_core_(portal),Loài
wulg,12,142,,Loài
pachycephalosaurus,12,142,"dracorex_(species),dracorex_hogwartsia",Loài
visayan_spotted_deer,12,141,spotted_deer,Loài
napoleon_(species),12,141,,Loài
black_widow_spider,12,141,,Loài
spring_sawsbuck,12,141,,Loài
fraid_(species),12,141,,Loài
mosasaur,12,141,mosasauroid,Loài
vanara,12,141,,Loài
lizard_taur,12,141,,Loài
nightborne,12,141,,Loài
armadillo_girdled_lizard,12,141,"armadillo_lizard,armadillo_spiny-tailed_lizard,armadillo_spiny_tailed_lizard,golden-armadillo_lizard,golden_armadillo_lizard",Loài
hutt,12,141,,Loài
cyan_lizard_(rain_world),12,141,,Loài
xenodragon,12,140,,Loài
english_bulldog,12,140,"british_bull_dog,british_bulldog,english_bull_dog",Loài
black_dragon_(dnd),12,140,,Loài
darigan_neopet,12,140,,Loài
translop,12,139,,Loài
tarkatan,12,139,,Loài
anthry_(sparklecare),12,139,,Loài
steller's_jay,12,139,"stellar's_jay,stellars_jay,stellers_jay",Loài
gnat,12,139,,Loài
lion_taur,12,138,"leotaur,liontaur",Loài
scorpaenoid,12,138,,Loài
gooborg,12,138,,Loài
pileated_woodpecker,12,138,,Loài
greater_roadrunner,12,138,,Loài
placoderm,12,137,,Loài
geroo,12,137,,Loài
softshell_turtle,12,137,"trionychid,trionychidae",Loài
xog,12,137,,Loài
alpine_goat,12,137,,Loài
leopard_humanoid,12,137,,Loài
stepparent_and_stepdaughter_(lore),15,137,stepparent_and_stepdaughter,Lore
tatsugiri_(curly_form),12,137,,Loài
hellcat,12,137,,Loài
lupe_(neopets),12,136,,Loài
super_cat_(sar),12,136,,Loài
qinling_panda,12,136,brown_panda,Loài
living_moon,12,136,,Loài
monster_tail,12,136,,Loài
katta,12,136,,Loài
lillymon,12,136,,Loài
northern_olingo,12,136,,Loài
puffle,12,136,,Loài
imp_(atlyss),12,136,,Loài
maned_dragon,12,136,,Loài
chimera_humanoid,12,136,,Loài
xenogon,12,136,,Loài
siberian_cat,12,135,,Loài
hog-nosed_snake,12,135,"heterodon,hog-nose_snake,hog_nose_snake,hog_nosed_snake,hognose_snake,hognosed_snake,north_american_hog-nose_snake,north_american_hog-nosed_snake,north_american_hog_nose_snake,north_american_hog_nosed_snake,north_american_hognose_snake,north_american_hognosed_snake",Loài
oarfish_humanoid,12,135,,Loài
ausar,12,135,,Loài
tiger_(monster_rancher),12,135,,Loài
therizinosaurid,12,135,therizinosaur,Loài
azurlligator,12,135,,Loài
yutyrannus,12,135,,Loài
smurf,12,134,,Loài
summer_deerling,12,134,,Loài
gourami,12,134,"gouramie,osphronemid,osphronemidae,polyacanthid,polyacanthidae",Loài
poro,12,134,,Loài
demidevimon,12,134,,Loài
druid_(feral),12,134,,Loài
novakid,12,134,novakid_(starbound),Loài
feces_creature,12,133,"living_feces,living_scat,poo_creature,poop_creature,scat_golem",Loài
frilled_petal_dragon,12,133,,Loài
snub-nosed_monkey,12,133,"rhinopithecus,snub-nose_monkey,snub_nose_monkey,snub_nosed_monkey,snubnose_monkey,snubnosed_monkey",Loài
aerusan,12,133,,Loài
betta_(genus),12,133,,Loài
miteling,12,133,,Loài
yellowjacket_(wasp),12,133,"yellow_jacket_(animal),yellow_jacket_(insect),yellow_jacket_(species),yellow_jacket_(wasp),yellow_jacket_animal,yellow_jacket_insect,yellow_jacket_species,yellow_jacket_wasp,yellowjacket_(animal),yellowjacket_(insect),yellowjacket_(species),yellowjacket_animal,yellowjacket_insect,yellowjacket_species,yellowjacket_wasp",Loài
katsuma_(species),12,133,,Loài
pandawa,12,133,,Loài
mantis_humanoid,12,132,,Loài
grolar_bear,12,132,pizzly_bear,Loài
accipiter,12,132,,Loài
nubian_goat,12,132,"anglo-nubian_goat,anglo_nubian_goat",Loài
umbrian_(species),12,132,,Loài
tortavi,12,132,,Loài
golden_snub-nosed_monkey,12,132,,Loài
angora_goat,12,132,,Loài
mimic_octopus,12,132,,Loài
candy_orca_dragon,12,131,,Loài
draco_shokan,12,131,,Loài
leafan_(pal),12,131,,Loài
amethyst_(gem_species),12,131,,Loài
hobkin_redux,12,131,,Loài
pembroke_welsh_corgi,12,130,,Loài
culpeo_fox,12,130,"andean_fox,culpeo",Loài
frozunny_(insomniacovrlrd),12,130,,Loài
tediz,12,130,,Loài
draconid,12,130,,Loài
zandalari_troll,12,130,,Loài
wildmons_(catcouch),12,130,wildmon_(catcouch),Loài
gerenuk,12,130,giraffe_gazelle,Loài
keeshond,12,129,keeshonden,Loài
skullcat_(sar),12,129,,Loài
euclidean,12,129,,Loài
african_golden_cat,12,129,,Loài
eared_owl,12,129,asio,Loài
shoebill_humanoid,12,129,,Loài
jawless_fish,12,129,"agnatha,agnathan",Loài
summon,12,129,,Loài
homotherium,12,129,"scimitar_cat,scimitar_toothed_cat",Loài
antylamon,12,128,,Loài
ailurid_humanoid,12,128,,Loài
gryphon_demon,12,128,,Loài
dusk_prowler,12,128,,Loài
giant_otter,12,128,,Loài
nile_crocodile,12,128,,Loài
gessy,12,128,,Loài
cattle_egret,12,128,,Loài
kui-tan,12,128,,Loài
jenexian,12,128,,Loài
newfoundland_dog,12,128,newfoundland,Loài
firebunny,12,128,,Loài
mega_raichu,12,128,,Loài
skarr,12,128,,Loài
peacock_spider,12,128,maratus,Loài
tamandua,12,127,,Loài
chakamil,12,127,,Loài
stepmother_and_stepson_(lore),15,127,"step-mother_and_step-son,stepmother_and_stepson",Lore
tanager,12,127,"thraupid,thraupidae",Loài
amalj'aa,12,127,,Loài
great_old_one_(h.p._lovecraft),12,127,,Loài
green_tree_viper,12,127,,Loài
red_panda_humanoid,12,126,,Loài
zebra_finch,12,126,,Loài
umbrella_cockatoo,12,126,white_cockatoo,Loài
grei,12,126,,Loài
earth_dragon,12,126,,Loài
night_light_(species),12,126,,Loài
western_diamondback_rattlesnake,12,126,diamondback_rattlesnake,Loài
crystal_humanoid,12,126,"crystalline_humanoid,humanoid_crystal",Loài
scorpaeniform,12,126,"scleroparei,scorpaeniforme,scorpaeniformes",Loài
metallic_dragon_(dnd),12,125,,Loài
black-billed_magpie,12,125,black_billed_magpie,Loài
bongo_(antelope),12,125,,Loài
cariamiform,12,125,"cariamae,cariamiforme",Loài
shroob,12,125,,Loài
pelagice_(insomniacovrlrd),12,125,,Loài
izuchi,12,125,great_izuchi,Loài
weaver_(hollow_knight),12,125,,Loài
mrrshan,12,125,,Loài
sea_snake,12,125,,Loài
netherdrake,12,125,netherwing,Loài
arxur_(the_nature_of_predators),12,124,,Loài
pig_(angry_birds),12,124,,Loài
ogremon,12,124,,Loài
moonscorched,12,124,,Loài
yellow_lizard_(rain_world),12,124,orange_lizard_(rain_world),Loài
mythological_basilisk,12,124,"basilisk_(mythological),basilisk_(mythology),basilisk_mythological,basiliskus",Loài
langur,12,124,"leaf_monkey,lutung",Loài
steelhead,12,124,,Loài
mephitid_humanoid,12,123,,Loài
shrike,12,123,,Loài
bread_creature,12,123,,Loài
citra_taur,12,123,citrataur,Loài
shadow_mewtwo,12,123,,Loài
manakete,12,123,,Loài
forest_dragon,12,123,,Loài
coonhound,12,123,coon_hound,Loài
anacondrai,12,123,,Loài
holland_lop,12,122,,Loài
cosmic_being,12,122,,Loài
canary_(fiaskers),12,122,,Loài
gopher,12,122,,Loài
eastern_brown_snake,12,122,,Loài
megalosaurid,12,122,,Loài
athene_(genus),12,122,athene_(bird),Loài
caucasian_mountain_dog,12,122,"caucasian_mastiff,caucasian_ovcharka,caucasian_shepherd,caucasian_shepherd_dog,kavkazskaya_ovcarka,kavkazskaya_ovčarka,Кавказская_овчарка,კავკასიური_მეცხვარე_ძაღლი",Loài
ornithomimid,12,122,,Loài
ringel,12,121,,Loài
bilby,12,121,"rabbit-eared_bandicoot,rabbit_bandicoot,rabbit_eared_bandicoot",Loài
besuru,12,120,,Loài
eastern_dragon_humanoid,12,120,"asian_dragon_humanoid,chinese_dragon_humanoid,japanese_dragon_humanoid,oriental_dragon_humanoid",Loài
tome_imp,12,120,,Loài
ornate_box_turtle,12,120,,Loài
ratteguhn,12,120,,Loài
wishiwashi_(solo_form),12,120,,Loài
booby_(bird),12,120,"booby,sula",Loài
arvion,12,120,,Loài
kwuff,12,120,,Loài
springbok,12,119,,Loài
managarmr,12,119,,Loài
basilosaurid,12,119,,Loài
cambion,12,119,,Loài
eugief,12,119,,Loài
groundhog,12,119,"groundpig,whistlepig,woodchuck",Loài
ibis,12,119,"ibes,ibides,ibises",Loài
pac-person,12,119,,Loài
morsectuum,12,119,,Loài
vortixx,12,119,,Loài
pumapard,12,119,,Loài
skunk_humanoid,12,119,humanoid_skunk,Loài
aasimar,12,119,,Loài
waggan,12,119,,Loài
void_elf,12,118,,Loài
potoroo,12,118,,Loài
terror_bird,12,118,phorusrhacid,Loài
puazi,12,118,,Loài
leonberger,12,117,gentle_lion_dog,Loài
cyberdemon,12,117,,Loài
naga_(warcraft),12,117,,Loài
jersey_devil,12,117,,Loài
character_chao,12,117,,Loài
jasper_(gem_species),12,117,,Loài
pink_lizard_(rain_world),12,117,,Loài
troll_(trolls),12,117,,Loài
seeker_(transformers),12,117,,Loài
hypsilophodon,12,116,,Loài
otter_humanoid,12,116,,Loài
cubi_(race),12,116,,Loài
living_container,12,116,,Loài
salamander_humanoid,12,115,,Loài
rainbow_lad,12,115,rainbow_lass,Loài
living_sun,12,115,,Loài
dragoon_(avelos),12,115,,Loài
crocodile_skink,12,115,,Loài
crowned_lemur,12,115,,Loài
octoroo,12,115,,Loài
pachyrhinosaurus,12,115,,Loài
leaf-tailed_gecko,12,115,"leaf-tail_gecko,leaf_tail_gecko,leaf_tailed_gecko,leaftail_gecko,leaftailed_gecko",Loài
langurhali,12,115,,Loài
bogroo,12,115,,Loài
hippodrake,12,115,,Loài
countryhuman,12,115,,Loài
bouncywild,12,115,bouncy_wild,Loài
prime_warframe,12,115,,Loài
sivkit_(the_nature_of_predators),12,115,,Loài
finnish_spitz,12,114,,Loài
electricity_creature,12,114,"electric_creature,electrical_creature,living_electric,living_electrical,living_electricity",Loài
rythulian,12,114,,Loài
sheep_demon,12,114,demon_sheep,Loài
bull_shark,12,114,,Loài
kingsnake,12,114,lampropeltis,Loài
trico_(species),12,114,,Loài
like_like,12,114,,Loài
dragonflora,12,114,,Loài
island_fox,12,114,"golden_island_fox,island_gray_fox,island_grey_fox",Loài
tenontosaurus,12,114,,Loài
frosty_arcanine,12,114,,Loài
gravelin,12,114,,Loài
forest_spirit,12,114,,Loài
spiny_softshell_turtle,12,114,,Loài
blue_lizard_(rain_world),12,114,,Loài
flora_colossus,12,114,flora_colossi,Loài
tarantriss,12,113,,Loài
space_dog,12,113,,Loài
sawshark,12,113,"pristiophorid,pristiophoridae,pristiophoriform,pristiophoriformes",Loài
living_hat,12,113,,Loài
fisher_(animal),12,113,fisher_cat,Loài
chinese_water_deer,12,113,,Loài
chuchu,12,113,,Loài
woozle,12,113,,Loài
lutrai,12,113,,Loài
ultra_necrozma,12,113,,Loài
anocris,12,113,,Loài
sourou_cerulean_wolf,12,113,,Loài
callitrichid,12,112,"arctopitheci,callitrichidae,callitrichidaen,callitrichinae,hapalid,hapalidae,hapalidaen",Loài
varren,12,112,,Loài
firedog,12,112,,Loài
onryo,12,112,,Loài
flea_(hollow_knight:_silksong),12,112,,Loài
jaggia,12,112,,Loài
titanoboa,12,112,,Loài
deva,12,112,,Loài
therrigon,12,112,,Loài
taidum,12,112,,Loài
tabby_slime,12,112,,Loài
hydralisk_(starcraft),12,112,,Loài
low-power_mode_miraidon,12,112,"aquatic_mode_miraidon,drive_mode_miraidon,glide_mode_miraidon,miraidon_(low-power_mode)",Loài
kabuto,12,111,,Loài
green_flu_mutant_(left_4_dead),12,111,,Loài
english_pointer,12,111,"pointer_(dog),pointer_(dog_breed),pointer_dog,pointer_dog_breed,pointing_dog",Loài
fionbri,12,111,,Loài
bubblemummy,12,111,,Loài
pygmy_goat,12,111,african_pygmy_goat,Loài
inheritor,12,111,,Loài
valais_blacknose,12,111,"blacknosed_swiss,visp_sheep,visperschaf,wallis_blacknose,walliser_schwarznaseschaf",Loài
jotunn,12,111,,Loài
aarakocra_(dnd),12,111,,Loài
asar,12,110,,Loài
zeikauko,12,110,,Loài
western_barn_owl,12,110,,Loài
polygenerational_incest_(lore),15,110,polygenerational_incest,Lore
furred_monster,12,110,,Loài
flopie,12,110,,Loài
azhdarchid,12,110,,Loài
outer_god_(h.p._lovecraft),12,110,,Loài
thraxan,12,110,,Loài
foxhound,12,110,fox_hound,Loài
therizinosaurus,12,110,therizinosaurus_(species),Loài
zygarde_50_forme,12,110,"zygarde_50,zygarde_50_form",Loài
hare_(monster_rancher),12,110,,Loài
andean_mountain_cat,12,109,,Loài
saurolophus,12,109,,Loài
proboscidean_humanoid,12,109,,Loài
rex_(cat),12,109,rex_cat,Loài
jaguarundi,12,109,eyra,Loài
kinx_(blarf022),12,109,,Loài
turret_(portal),12,109,,Loài
black_rhinoceros,12,109,"black_rhino,hook-lipped_rhinoceros,hook_lipped_rhinoceros",Loài
near-human,12,109,,Loài
flat-tailed_gecko,12,109,"flat_tailed_gecko,uroplatus",Loài
super_dog_(sar),12,109,,Loài
ludroth,12,108,,Loài
blue_shark,12,108,,Loài
greenwolf,12,108,,Loài
grey_langur,12,108,gray_langur,Loài
dik-dik,12,108,"dik_dik,dikdik,madoqua",Loài
eupelycosaur,12,108,,Loài
megalosaurus,12,108,,Loài
twisted_(dandy's_world),12,108,twisteds_(dandys_world),Loài
chthon,12,108,,Loài
rat_ogre,12,108,,Loài
anglerfish_humanoid,12,108,,Loài
lapis_lazuli_(gem_species),12,108,,Loài
sheep_taur,12,108,,Loài
beastman_(brand_new_animal),12,108,,Loài
spotted_tabby,12,108,,Loài
panda_humanoid,12,108,giant_panda_humanoid,Loài
hyaenodontid,12,107,,Loài
reindeer_humanoid,12,107,,Loài
harp_seal,12,107,saddleback_seal,Loài
true_thrush,12,107,turdus,Loài
hippopotamid_humanoid,12,107,,Loài
ezo_red_fox,12,107,,Loài
myceelidos_(zortrex),12,107,,Loài
hail-fanged_dragon,12,107,,Loài
anomalocarid,12,107,"anomalocarida,anomalocaridid",Loài
plumed_basilisk,12,106,"double_crested_basilisk,green_basilisk,jesus_christ_basilisk,jesus_christ_lizard",Loài
plover,12,106,,Loài
mole_humanoid,12,106,,Loài
purrely_(archetype),12,106,purrely_(archtype),Loài
red_dragon_(dnd),12,106,,Loài
gnarpian,12,106,,Loài
gold_dragon,12,106,golden_dragon,Loài
terminators_(terminator),12,106,,Loài
hyaenodon,12,106,hyenadon,Loài
dracorex,12,105,,Loài
falconid_humanoid,12,105,,Loài
hyogaryu,12,105,,Loài
suboscine,12,105,,Loài
axolotl_humanoid,12,105,,Loài
millennium_dragon,12,105,,Loài
incursean,12,105,,Loài
dune_(gunsawian),12,105,dune_(gunsaw),Loài
tree_humanoid,12,105,,Loài
impim,12,105,,Loài
spectre_(titanfall),12,105,,Loài
winter_deerling,12,105,,Loài
arabian_horse,12,104,,Loài
hippopotamus_humanoid,12,104,hippo_humanoid,Loài
patchwork_monster,12,104,,Loài
tamaskan_dog,12,104,"tam_dog,tamaskan",Loài
furred_dinosaur,12,104,furred_dino,Loài
thrumbo,12,104,,Loài
disguised_changeling,12,104,,Loài
wraith,12,104,,Loài
netskie,12,104,,Loài
crab_humanoid,12,104,,Loài
furby_(species),12,104,,Loài
falcon_humanoid,12,104,,Loài
wax_creature,12,103,,Loài
marine_mammal,12,103,,Loài
red_merle,12,103,,Loài
myumon,12,103,,Loài
new_world_suboscine,12,103,,Loài
therapsid,12,103,,Loài
alternate_(species),12,103,,Loài
ant_humanoid,12,103,,Loài
musk_deer,12,103,,Loài
goobit,12,103,,Loài
snow_humanoid,12,103,humanoid_snow,Loài
flicky,12,103,,Loài
meat_creature,12,103,,Loài
flamemon,12,102,,Loài
living_orange,12,102,,Loài
howler_monkey,12,102,"alouatta,alouattinae,howler_(monkey)",Loài
lyrebird,12,102,,Loài
cazar_(ratchet_and_clank),12,102,"cazar,cazar_(r&c),cazar_(ratchet_&_clank),cazare,cazares",Loài
fire_genasi,12,102,,Loài
beholding_(tma),12,101,,Loài
triceraton,12,101,,Loài
felngo,12,101,,Loài
salmon_shark,12,101,,Loài
eurasian_sparrowhawk,12,101,northern_sparrowhawk,Loài
fly_humanoid,12,101,dipteran_humanoid,Loài
nautilus,12,101,"nautilaceae,nautilid,nautilida,nautiloid,nautiloidea,nautiloidean",Loài
chillet_ignis,12,101,,Loài
glitch_pokemon,12,101,glitch_pokémon,Loài
gryphon_taur,12,101,"griffen_taur,griffin_taur,griffon_taur,gryphoness_taur",Loài
normal_castform,12,101,"castform_(normal_form),castform_(normal_forme),castform_(original),castform_(original_form),castform_(original_forme),castform_(standard),castform_(standard_form),castform_(standard_forme),castform_normal,castform_normal_form,castform_normal_forme,castform_original,castform_original_form,castform_original_forme,castform_standard,castform_standard_form,castform_standard_forme,normal_form_castform,normal_forme_castform,original_castform,original_form_castform,original_forme_castform,standard_castform,standard_form_castform,standard_forme_castform",Loài
breeder_(species),12,101,,Loài
tigon,12,101,tigron,Loài
slugcat_humanoid,12,100,,Loài
pherodrake,12,100,,Loài
pyronite,12,100,,Loài
kausgammamon,12,100,,Loài
hive_(destiny),12,100,,Loài
merm,12,100,,Loài
demon_pony,12,100,,Loài
dicraeosaurid,12,100,,Loài
common_pheasant,12,100,"ring-necked_pheasant,ring_necked_pheasant",Loài
wolficus,12,100,,Loài
temmie_(species),12,100,,Loài
appoplexian,12,100,,Loài
seeq,12,100,,Loài
anthozoan_humanoid,12,100,,Loài
horned_tailclops,12,99,,Loài
monstar_(space_jam),12,99,,Loài
goat_demon_humanoid,12,99,,Loài
lagomorph_taur,12,99,,Loài
hobgoblin,12,99,,Loài
velvet_worm,12,99,,Loài
myriapod_humanoid,12,99,,Loài
half-elf,12,99,,Loài
acrocanthosaurus,12,99,,Loài
hominin,12,99,australopithecine,Loài
unicorn_taur,12,99,,Loài
regulus_(species),12,98,,Loài
regenerator_(resident_evil),12,98,,Loài
living_airship,12,98,,Loài
g-virus_mutant_(resident_evil),12,98,,Loài
ice_cream_humanoid,12,98,,Loài
mii,12,98,,Loài
manticore_humanoid,12,98,,Loài
cherubimon_(evil),12,98,,Loài
nemuina,12,98,,Loài
aeldari,12,98,,Loài
alien_cat,12,98,,Loài
andalite,12,98,,Loài
ambient_jellyfish,12,98,,Loài
yotul_(the_nature_of_predators),12,98,,Loài
nephrite_(gem_species),12,98,,Loài
foozle,12,98,,Loài
slugpup_(rainworld),12,98,,Loài
autumn_deerling,12,98,,Loài
orb_robot,12,97,,Loài
fluffshie,12,97,,Loài
storm_dragon,12,97,,Loài
whale_dragon,12,97,,Loài
asteriid,12,97,asteriidae,Loài
ratfolk,12,97,,Loài
turtle_humanoid,12,97,,Loài
living_scarecrow,12,97,,Loài
half_shiny_pokemon,12,97,,Loài
nova_scotia_duck_tolling_retriever,12,97,,Loài
satanic_leaf-tailed_gecko,12,97,"eyelash_leaf-tailed_gecko,eyelash_leaf_tailed_gecko,fantastic_leaf-tailed_gecko,fantastic_leaf_tailed_gecko,phantastic_leaf-tailed_gecko,phantastic_leaf_tailed_gecko,satanic_leaf_gecko,satanic_leaf_tailed_gecko",Loài
stepfather_and_stepdaughter_(lore),15,97,stepfather_and_stepdaughter,Lore
nimmy,12,96,,Loài
caracara,12,96,"caracarinae,polyborinae",Loài
striped_dolphin,12,96,,Loài
belgian_draft_horse,12,96,,Loài
dracmon,12,96,,Loài
t-800_series_(terminator),12,96,,Loài
dalsky_(dalmatian_and_husky),12,96,,Loài
triton,12,96,,Loài
zebra_taur,12,96,zebrataur,Loài
snail_humanoid,12,96,,Loài
rex_(mario),12,96,,Loài
chinese_mountain_cat,12,96,south_chinese_mountain_cat,Loài
starling_(bird),12,96,,Loài
half-dragon,12,96,,Loài
chimera_sui_generis,12,96,"chimera_su_generis,chimeran_(ben_10),chimeran_(ben_ten),vilgaxian",Loài
basenji,12,96,"african_barkless_dog,ango_angari,avuvi,congo_dog,zande_dog",Loài
gorgosaurus,12,96,,Loài
deer_mouse,12,96,prairie_mouse,Loài
tv_head_robot,12,96,,Loài
kishin_(gekk0),12,96,,Loài
xenarthran_humanoid,12,95,,Loài
sniffer_(minecraft),12,95,,Loài
dragonfruit_(elvche),12,95,,Loài
moshling,12,95,,Loài
living_star,12,95,,Loài
floradinn,12,95,,Loài
praimortis,12,95,,Loài
centipede_humanoid,12,95,,Loài
blue_morpho,12,95,,Loài
garnet_(gem_species),12,95,,Loài
eyrie_(neopets),12,95,,Loài
leporid_taur,12,95,,Loài
felnid,12,95,,Loài
gpd_(lurdanjo),12,95,,Loài
kubrow,12,95,,Loài
cockroach_humanoid,12,95,roach_humanoid,Loài
barracuda,12,94,,Loài
tatzlwurm,12,94,"tatzleworm,tatzlwyrm",Loài
the_thing_(organism),12,94,,Loài
sea_slug_humanoid,12,94,,Loài
dragonewt,12,94,,Loài
wereavian,12,94,,Loài
living_ship,12,94,,Loài
vulper,12,94,,Loài
grey-headed_flying_fox,12,94,"gray-headed_flying_fox,gray_headed_flying_fox,grey_headed_flying_fox",Loài
baile_oricorio,12,94,,Loài
deadly_nadder,12,94,,Loài
dakotaraptor,12,94,,Loài
orthros,12,94,,Loài
fenra,12,94,,Loài
multi_taur,12,94,,Loài
ottaroo,12,94,,Loài
marlin,12,93,,Loài
rabbit_taur,12,93,bunnytaur,Loài
wezengammamon,12,93,,Loài
gibbon,12,93,"hylobatid,hylobatidae,hylobatidaen,lesser_ape,smaller_ape",Loài
piscine_wyvern,12,93,beotodus,Loài
weredragon,12,93,,Loài
nanozell_spirit,12,93,,Loài
carcharodontosaurus,12,93,,Loài
living_furniture,12,93,,Loài
living_clone_unit,12,93,,Loài
wither_beast,12,93,,Loài
super_wolf_(sar),12,93,,Loài
horse_(minecraft),12,93,,Loài
felnidae,12,93,,Loài
murloc,12,93,,Loài
orthopterous_exomorphs,12,93,,Loài
parasite_(skullgirls),12,93,,Loài
coral_snake,12,93,,Loài
barghest,12,93,,Loài
gerenuk_taur,12,92,,Loài
sifaka,12,92,sifaka_lemur,Loài
krokodyle,12,92,,Loài
bandit_(mario),12,92,,Loài
primagen,12,92,,Loài
nyctilian,12,92,,Loài
great_horned_bunwolf,12,92,,Loài
vixy_(pal),12,92,,Loài
amargasaurus,12,92,,Loài
beetle_humanoid,12,92,,Loài
goblimon,12,92,,Loài
light_creature,12,92,,Loài
living_emoji,12,92,,Loài
oceanic_whitetip_shark,12,92,,Loài
wither_beast_(freak_magic1369),12,92,,Loài
blanford's_fox,12,92,blanfords_fox,Loài
reticulated_giraffe,12,92,,Loài
seraphie,12,92,,Loài
texas_longhorn,12,92,texas_longhorn_cattle,Loài
lantern_mouse_(rain_world),12,92,,Loài
artamid,12,92,artamidae,Loài
galah,12,91,"galah_cockatoo,pink_and_grey_cockatoo,rose-breasted_cockatoo,rose_breasted_cockatoo",Loài
attack_forme_deoxys,12,91,"attack_deoxys,attack_form_deoxys,deoxys_(attack_form),deoxys_(attack_forme),deoxys_attack,deoxys_attack_form,deoxys_attack_forme",Loài
strikedramon,12,91,,Loài
nightmare_(sonic),12,91,,Loài
nightcrawler_gootraxian,12,91,"night_crawler_(kaiju_paradise),night_crawler_gootraxian,nightcrawler_(kaiju_paradise)",Loài
mengji,12,91,,Loài
gavialid,12,91,,Loài
lykra,12,91,,Loài
plesiosaurus,12,91,,Loài
cherubimon_(good),12,91,,Loài
tree-kangaroo,12,91,tree_kangaroo,Loài
feathered_dragon_taur,12,91,,Loài
banded_linsang,12,91,,Loài
quantum_deathclaw,12,91,,Loài
nanomachines,12,91,,Loài
battle_monster,12,91,,Loài
nekokai,12,91,,Loài
bugabuzz_(insomniacovrlrd),12,91,,Loài
bronze_dragon_(dnd),12,90,,Loài
smozumi_(insomniacovrlrd),12,90,,Loài
portuguese_water_dog,12,90,,Loài
grey_seer,12,90,,Loài
rock_drake,12,90,,Loài
embereon,12,90,,Loài
sand_creature,12,90,"living_sand,sand_monster",Loài
hair_sheep,12,90,,Loài
starman_(mario),12,90,,Loài
gremlin_(gremlins),12,90,,Loài
grinlin,12,90,,Loài
dragunny,12,90,,Loài
housefly,12,90,house_fly,Loài
andalusian_horse,12,90,spanish_horse,Loài
giant_squirrel,12,90,,Loài
ground_squirrel_humanoid,12,90,,Loài
xweetok,12,90,,Loài
great_heron,12,90,ardea,Loài
saurian_(genshin_impact),12,90,,Loài
dark_gaia_minion,12,89,,Loài
gecko_(fallout),12,89,,Loài
evangelion_(cyborg),12,89,,Loài
dragonoid_(bakugan),12,89,,Loài
cracticine,12,89,cracticinae,Loài
mothling_(species),12,89,,Loài
ratonga,12,89,,Loài
aircraft_humanoid,12,89,,Loài
shar_pei,12,89,"cantonese_shar-pei,cantonese_shar_pei,cantonese_sharpei,sa_peih,sha_pi,shar-pei,sharpei,shā_pí,sā_pèih",Loài
dracolich,12,89,,Loài
spectrobe,12,89,,Loài
luceiry,12,89,,Loài
gharial,12,89,"fish-eating_crocodile,fish_eating_crocodile,gavial",Loài
lekgolo,12,89,,Loài
weimaraner,12,89,,Loài
wiltshire_horn,12,89,,Loài
african_wild_dog_humanoid,12,89,,Loài
nexomon_(species),12,89,,Loài
vegetable_humanoid,12,88,humanoid_vegetable,Loài
colonial_organism,12,88,,Loài
vixult,12,88,vixult_(catcouch),Loài
snowman_(species),12,88,,Loài
shifter,12,88,,Loài
genome_(final_fantasy),12,88,,Loài
hooded_crow,12,88,"carog_liath,caróg_liath,danish_crow,gray_crow,grey_crow,hoodie_crow,scotch_crow",Loài
dorudon,12,88,,Loài
spiral_(tma),12,88,,Loài
bugsnak,12,88,,Loài
unopan,12,88,,Loài
catshark,12,87,,Loài
titan_(attack_on_titan),12,87,,Loài
nommie,12,87,,Loài
jagras,12,87,,Loài
warg,12,87,,Loài
knifefish,12,87,"gymnotiform,gymnotiforme,knife_fish,neotropical_knifefish,south_american_knifefish",Loài
muskrat,12,87,,Loài
trenco,12,87,,Loài
neovison,12,87,,Loài
crow_demon,12,87,,Loài
fan_species,12,87,,Loài
invertebrate,12,87,,Loài
doppelganger_(species),12,87,doppelgänger_(species),Loài
canis_woof,12,87,,Loài
basculegion_(male_form),12,87,,Loài
carnivorous_plant_humanoid,12,87,,Loài
turkish_van,12,87,,Loài
uth_duna,12,87,,Loài
furred_drake,12,87,,Loài
effulgent_dragon,12,87,,Loài
bucentaur,12,86,,Loài
belgian_tervuren,12,86,,Loài
spiderpony,12,86,,Loài
leproid,12,86,,Loài
kaioshin,12,86,"core_person,shinjin_(dragon_ball)",Loài
maccao,12,86,"great_maccao,great_maccau,maccau",Loài
thei'mare,12,86,,Loài
drude,12,86,,Loài
dung_beetle,12,86,,Loài
pig_orc,12,86,,Loài
yuan-ti,12,86,,Loài
graboid,12,86,"baby_graboid,dirt_dragon,grablite,shooter_(tremors),tu_lung",Loài
fygar,12,86,,Loài
oriental_longhair,12,86,,Loài
giraffid_humanoid,12,86,,Loài
demon_rabbit,12,85,,Loài
combine,12,85,,Loài
dimka_(itisd),12,85,,Loài
temperate_rainforest_ratteguhn,12,85,,Loài
renamon_x,12,85,,Loài
toyger,12,85,,Loài
alecani,12,85,,Loài
dromaeosaurus,12,85,dromeasaurus,Loài
marsupial_humanoid,12,85,,Loài
cervolt_(insomniacovrlrd),12,85,,Loài
sand_shark,12,85,"odontaspidid,odontaspididae,sandshark",Loài
hypnobrai,12,85,,Loài
northern_dragon,12,85,,Loài
coeurl,12,85,,Loài
archon_(genshin_impact),12,85,,Loài
spectacled_owl,12,85,,Loài
living_ranged_weapon,12,85,,Loài
pulsatrix,12,85,,Loài
termite,12,85,"isoptera,isopteran,termitoid,termitoidae",Loài
accidental_bow_mutant_(resident_evil),12,85,,Loài
american_mink,12,84,,Loài
nightmare_(species),12,84,nightmare_(mythology),Loài
brown_yoshi,12,84,,Loài
feathered_wyvern,12,84,,Loài
taiwan_blue_magpie,12,84,,Loài
slime_dragon,12,84,,Loài
birbit,12,84,,Loài
blue_toad,12,84,,Loài
golem_(minecraft),12,84,,Loài
cheloniid,12,84,cheloniidae,Loài
mutant_(x-men),12,84,,Loài
phrynosomatid,12,84,"phrynosomatidae,phrynosomatinae",Loài
fontozzio_anima,12,84,,Loài
ampwave,12,84,,Loài
dire_train,12,84,,Loài
elephant_humanoid,12,84,,Loài
shipmorph,12,84,,Loài
feonix,12,84,,Loài
zombot,12,84,,Loài
new_world_vulture,12,84,"cathartid,cathartidae",Loài
armordragon,12,84,,Loài
shadekin,12,84,,Loài
super_fennec_fox_(sar),12,84,,Loài
green_martian,12,83,,Loài
genasi,12,83,,Loài
alien_dog,12,83,,Loài
pom-pom_oricorio,12,83,,Loài
windigo_(mlp),12,83,,Loài
covenant,12,83,,Loài
three-banded_armadillo,12,83,,Loài
archaic_human,12,83,homo_(genus),Loài
goat_taur,12,83,,Loài
electric_eel,12,83,electrophorus,Loài
steel_eel_driver,12,83,,Loài
blacktip_shark,12,83,,Loài
naked-back_knifefish,12,83,"gymnotid,gymnotidae,naked_back_knifefish",Loài
gimmighoul_(roaming_form),12,83,,Loài
taurus_demon,12,83,,Loài
marsupilami,12,83,,Loài
who_(species),12,83,,Loài
pink_slime_(slime_rancher),12,83,,Loài
vizsla,12,82,,Loài
sanitized_octarian,12,82,,Loài
worm_(worms),12,82,,Loài
indrel,12,82,,Loài
squaliform,12,82,squaliformes,Loài
yorkshire_pig,12,82,"large_white_(pig),large_white_pig,yorkshire_(pig)",Loài
mgalekgolo,12,82,"halo_hunter,hunter_(halo)",Loài
spadamon,12,82,,Loài
moondog,12,82,,Loài
norn_(doubleecho),12,82,,Loài
blackgargomon,12,82,,Loài
whirlott_(insomniacovrlrd),12,82,,Loài
moose_humanoid,12,81,,Loài
volkitsu_(insomniacovrlrd),12,81,,Loài
screech_owl,12,81,"megascops,screech-owl",Loài
locust_(gears_of_war),12,81,,Loài
usul_(neopets),12,81,,Loài
arc_vap,12,81,,Loài
doumon,12,81,,Loài
delos,12,81,,Loài
werenew_world_deer,12,81,werecapreoline,Loài
object_humanoid,12,81,,Loài
thark,12,81,,Loài
vevosonian,12,81,,Loài
pudu,12,81,"pudu_deer,pudú",Loài
vehicle_humanoid,12,81,humanoid_vehicle,Loài
sylvari,12,81,,Loài
mephiphage,12,81,,Loài
therion,12,81,,Loài
onyx_dragon_(maplestory),12,81,,Loài
stalker_(helldivers),12,81,,Loài
livestock,12,80,,Loài
brain_creature,12,80,,Loài
trandoshan,12,80,,Loài
lumpy_space_denizen,12,80,,Loài
winged_kobold,12,80,,Loài
northern_crested_caracara,12,80,,Loài
daemonette_(warhammer),12,80,,Loài
old_world_flycatcher,12,80,"muscicapid,muscicapidae",Loài
valta,12,80,,Loài
harengon,12,80,,Loài
neomorph,12,80,,Loài
papagen,12,80,,Loài
trematode,12,80,fluke_(worm),Loài
spark_(mario_plus_rabbids),12,79,,Loài
ambient_bee,12,79,,Loài
quetzal,12,79,,Loài
sepilian,12,79,,Loài
nephilim,12,79,,Loài
noaia,12,79,,Loài
pisaster,12,79,,Loài
slime_(atlyss),12,79,,Loài
standard_mode_darmanitan,12,79,,Loài
glowing_deathclaw,12,78,,Loài
kaleesh,12,78,,Loài
york_chocolate,12,78,,Loài
pilosan_humanoid,12,78,,Loài
monstrous_demon,12,78,,Loài
harbor_seal,12,78,"common_seal,harbour_seal",Loài
aven,12,78,,Loài
gelert_(neopets),12,78,,Loài
garou_(world_of_darkness),12,78,,Loài
pink_sea_star,12,78,"giant_pink_sea_star,short-spined_sea_star,short_spined_sea_star",Loài
fenril_(spicy_flakes),12,77,,Loài
american_robin,12,77,,Loài
bush_dog,12,77,,Loài
wyrm_(dragon),12,77,wyrm_dragon,Loài
uncorrupted_gem,12,77,,Loài
calico_cat_humanoid,12,77,,Loài
sanitized_octoling,12,77,,Loài
germ_(organism),12,77,,Loài
markazian,12,77,,Loài
talking_flower_(super_mario_bros_wonder),12,77,,Loài
kobold_(5e),12,77,,Loài
kookaburra,12,77,"dacelo,kookabura",Loài
ice_humanoid,12,77,humanoid_ice,Loài
magical_creature,12,77,,Loài
magenta_wisp_(sonic),12,77,,Loài
skinwalker,12,77,,Loài
royal_vernid,12,77,,Loài
debutante_trim_furfrou,12,76,"debutante_form_furfrou,debutante_forme_furfrou,debutante_furfrou,deputante_form_furfrou,deputante_forme_furfrou,deputante_furfrou,deputante_trim_furfrou,furfrou_(debutante_form),furfrou_(debutante_forme),furfrou_(debutante_trim),furfrou_(deputante),furfrou_(deputante_form),furfrou_(deputante_forme),furfrou_(deputante_trim),furfrou_debutante,furfrou_debutante_form,furfrou_debutante_forme,furfrou_debutante_trim,furfrou_deputante,furfrou_deputante_form,furfrou_deputante_forme,furfrou_deputante_trim",Loài
nelvaanian,12,76,,Loài
weremoose,12,76,,Loài
shetland_pony,12,76,,Loài
vox_(space_station_13),12,76,,Loài
vole,12,76,,Loài
sek_(species),12,76,,Loài
kivouackian,12,76,,Loài
serkanian,12,76,,Loài
corgidor,12,76,,Loài
vontsira,12,76,,Loài
saanen_goat,12,76,,Loài
living_m&m,12,76,,Loài
polar_bear_humanoid,12,76,,Loài
strabimon,12,76,,Loài
apex_(starbound),12,76,,Loài
cardinal-tanager,12,76,"cardinal_tanager,paroaria",Loài
rex_rabbit,12,76,,Loài
crystal_dragon,12,76,,Loài
gazer,12,75,,Loài
didelphid,12,75,"didelphidae,didelphimorph,didelphimorphia,opposum",Loài
neuron_fly,12,75,,Loài
carapacian,12,75,,Loài
east_sea_gastrodon,12,75,"east_gastrodon,gastrodon_(east_sea),gastrodon_east,gastrodon_east_sea",Loài
american_kestrel,12,75,,Loài
great_grey_owl,12,75,great_gray_owl,Loài
gilded_dragon,12,75,,Loài
copihue,12,75,,Loài
yellow-billed_magpie,12,75,,Loài
saxicoline,12,75,"old_world_chat,saxicolinae",Loài
nian_(species),12,75,,Loài
flow_worms_(bits_and_bops),12,75,,Loài
magnadramon,12,75,,Loài
magma_dragon,12,75,,Loài
blazedragon,12,75,,Loài
slayer_(baldur's_gate),12,75,,Loài
blue_poison_dart_frog,12,75,blue_poison_kevin_frog,Loài
condom_creature,12,75,,Loài
chat_(bird),12,75,chat-thrush,Loài
ghostfox_gootraxian,12,75,"ghost_fox_(kaiju_paradise),ghost_fox_gootraxian",Loài
winged_lemur,12,75,,Loài
gorgonopsid,12,75,,Loài
lifmunk,12,75,,Loài
tarsier,12,75,"tarsiid,tarsiidae,tarsiidaen,tarsiiform,tarsiiforme",Loài
goblin_shark,12,75,,Loài
mitsukurinid,12,75,mitsukurinidae,Loài
western_dragon_humanoid,12,75,,Loài
red-crested_cardinal,12,75,red_crested_cardinal,Loài
slitherspawn,12,75,,Loài
phasmid,12,75,"phasmatodea,stick-bug,stick_bug,stickbug",Loài
vulpkanin,12,75,,Loài
hunter_(helldivers),12,75,,Loài
daenanguis,12,74,,Loài
ring-tailed_vontsira,12,74,"ring-tailed_mongoose,ring_tailed_mongoose",Loài
shrimp_humanoid,12,74,,Loài
pseudo_incestuous_voyeur_(lore),15,74,"pseudo_incestuous_voyeur,technically_incestuous_voyeur",Lore
true_bullfinch,12,74,"bullfinch,pyrrhula",Loài
voyager_(gunsawian),12,74,voyager_(gunsaw),Loài
werecaprine,12,74,,Loài
gnome_(warcraft),12,74,,Loài
long-eared_owl,12,74,"asio_otus,long_eared_owl",Loài
sable_antelope,12,74,,Loài
star-nosed_mole,12,74,star_nosed_mole,Loài
camelid_humanoid,12,74,,Loài
maverick_(mega_man),12,74,,Loài
orc_king_(dragon_quest),12,74,,Loài
corythosaurus,12,74,corythosaur,Loài
ubumetori,12,74,,Loài
autumn_sawsbuck,12,74,,Loài
living_mannequin,12,74,,Loài
american_marten,12,74,american_pine_marten,Loài
kyrii,12,74,,Loài
thesium,12,74,,Loài
dorugamon,12,74,,Loài
varkeeg,12,74,,Loài
green-banded_broodsac,12,73,,Loài
great_tit,12,73,,Loài
living_smoke,12,73,"smoke_creature,smoke_monster",Loài
keaton_(tloz),12,73,keaton_(zelda),Loài
worgen_(feral),12,73,,Loài
valkwulf,12,73,,Loài
arcanaloth_(dnd),12,73,,Loài
blackgatomon_uver.,12,73,,Loài
woolly_rhinoceros,12,73,"coelodonta,woolly_rhino,woollyrhino,wooly_rhino,wooly_rhinoceros,woolyrhino",Loài
shadowweregarurumon,12,73,blackweregarurumon,Loài
werehusky,12,73,,Loài
balinese_cat,12,73,,Loài
king_salmonid,12,73,,Loài
raposa,12,73,,Loài
african_wild_ass,12,73,,Loài
douglas_squirrel,12,73,,Loài
girros,12,73,,Loài
lynxuki,12,73,,Loài
daemon_of_khorne,12,73,,Loài
fanged_dragon,12,73,,Loài
dinosaur_taur,12,73,"dino_taur,dinosaurtaur,dinotaur,saur_taur,saurtaur,saurus_taur,saurustaur",Loài
lobe-finned_fish,12,73,"sarcopterygian,sarcopterygii",Loài
serpentine_dragon,12,72,,Loài
mousemallow,12,72,,Loài
unusual_taur,12,72,,Loài
sea_anemone_humanoid,12,72,anemone_humanoid,Loài
arflin_(species),12,72,,Loài
potcake,12,72,,Loài
african_golden_wolf,12,72,,Loài
chipmunk_humanoid,12,72,,Loài
jackdaw,12,72,coloeus,Loài
lavali,12,72,,Loài
fluffalo_(fluffy_pony),12,72,,Loài
archdemon,12,72,,Loài
pursuers_(outer_wilds),12,72,,Loài
pegasus_humanoid,12,72,pterippus_humanoid,Loài
beastren,12,72,,Loài
japanese_wolf,12,72,"honshu_wolf,honshū_wolf",Loài
loth-wolf,12,72,,Loài
living_gun,12,72,gun_creature,Loài
blue_dragon_slug,12,72,"blue_sea_dragon,glaucus_atlanticus",Loài
silkie_chicken,12,72,,Loài
living_burger,12,72,,Loài
great_ones_(bloodborne),12,71,,Loài
almudron,12,71,,Loài
indian_giant_squirrel,12,71,,Loài
morpeko_(hangry_mode),12,71,"hangry_mode_morpeko,hangry_morpeko,hungry_mode_morpeko,hungry_morpeko,morpeko_(hungry)",Loài
sayakat,12,71,,Loài
palm_civet,12,71,,Loài
gyrfalcon,12,71,,Loài
werejackal,12,71,,Loài
living_spacecraft,12,71,,Loài
living_banana,12,71,,Loài
cyclostome,12,71,cyclostomata,Loài
gelatinous_cube,12,71,,Loài
ophiotaurus,12,71,,Loài
meadow_vivillon,12,71,,Loài
gojid_(the_nature_of_predators),12,71,,Loài
spider_wasp,12,71,"pompilid,pompilid_wasp,pompilidae,spider-hunting_wasp,spider-wasp,spider_hunting_wasp",Loài
amalgamate_(themefinland),12,71,,Loài
dokarian,12,71,,Loài
robot_taur,12,71,,Loài
fella_(aimkid),12,71,,Loài
lindwurm,12,71,,Loài
guernsey_cattle,12,70,"guernsey_(cow),guernsey_cow",Loài
chickadee,12,70,,Loài
new_world_oriole,12,70,"troupial,turpial",Loài
orc_(delicious_in_dungeon),12,70,,Loài
quagga,12,70,,Loài
turuiemon,12,70,,Loài
x-tian,12,70,,Loài
decapodian_(futurama),12,70,decapodian,Loài
aeolid_nudibranch,12,70,,Loài
desert_iguana,12,70,dipsosaurus,Loài
super_deer_(sar),12,70,,Loài
tarantula_hawk_wasp,12,70,tarantula_hawk,Loài
red-eyed_treefrog,12,70,"red-eyed_tree_frog,red_eyed_tree_frog,red_eyed_treefrog",Loài
zull,12,70,,Loài
stick_insect,12,70,"stick-bug,stick_bug,stickbug,walking_stick_(insect)",Loài
galvan_(ben_10),12,70,galvan_(ben_ten),Loài
christmas_neopet,12,70,,Loài
catahoula,12,70,,Loài
sengi,12,70,"elephant_shrew,macroscelid,macroscelidea,macroscelidid,macroscelididae",Loài
kachooli,12,70,,Loài
veggiefolk,12,70,,Loài
american_crow,12,70,,Loài
poncle,12,70,,Loài
superb_lyrebird,12,69,,Loài
ruffed_lemur,12,69,,Loài
adrakist,12,69,,Loài
living_drawing,12,69,,Loài
deathclaw_humanoid,12,69,,Loài
wispaw,12,69,,Loài
saltwater_crocodile,12,69,,Loài
dream_eater,12,69,,Loài
strigopoid,12,69,"new_zealand_parrot,strigopoidea",Loài
firbolg,12,69,,Loài
saberon,12,69,,Loài
mutant_humanoid,12,69,,Loài
eurasian_bullfinch,12,69,,Loài
dryad_(warcraft),12,69,,Loài
goliath_(evolve),12,69,,Loài
emotion_(inside_out),12,69,,Loài
nebelung,12,69,,Loài
tism_rabbit,12,69,,Loài
rocky_mountain_wolf,12,69,,Loài
neanderthal,12,69,"homo_neanderthalensis,homo_sapiens_neanderthalensis",Loài
mythological_fenghuang,12,69,"chinese_phoenix,fenghuang_(bird),fenghuang_(mythological),fenghuang_(mythology),fenghuang_(species)",Loài
american_bobtail,12,69,,Loài
cutebold,12,69,,Loài
utonagan,12,69,utonagan_dog,Loài
space_pirate_(species),12,69,,Loài
wereshark,12,69,,Loài
weremustelid,12,69,,Loài
space_cat,12,69,,Loài
werefish,12,69,,Loài
love_sweet_alcremie,12,69,,Loài
persona_(species),12,68,,Loài
therianthrope,12,68,,Loài
pekingese,12,68,,Loài
martial_eagle,12,68,polemaetus,Loài
dinopotamus,12,68,,Loài
kan'vi,12,68,,Loài
prawn_(district_9),12,68,,Loài
clodespin_(species),12,68,,Loài
warmind,12,68,,Loài
heat_rotom,12,68,"fire_form_rotom,fire_forme_rotom,fire_rotom,heat_form_rotom,heat_forme_rotom,microwave_form_rotom,microwave_forme_rotom,microwave_oven_form_rotom,microwave_oven_forme_rotom,microwave_oven_rotom,microwave_rotom,oven_form_rotom,oven_forme_rotom,oven_rotom,rotom_(fire),rotom_(fire_form),rotom_(fire_forme),rotom_(heat_form),rotom_(heat_forme),rotom_(microwave),rotom_(microwave_form),rotom_(microwave_forme),rotom_(microwave_oven),rotom_(microwave_oven_form),rotom_(microwave_oven_forme),rotom_(oven),rotom_(oven_form),rotom_(oven_forme),rotom_fire,rotom_fire_form,rotom_fire_forme,rotom_heat,rotom_heat_form,rotom_heat_forme,rotom_microwave,rotom_microwave_form,rotom_microwave_forme,rotom_microwave_oven,rotom_microwave_oven_form,rotom_microwave_oven_forme,rotom_oven,rotom_oven_form,rotom_oven_forme",Loài
makuta,12,68,,Loài
fennix,12,68,,Loài
regional_form_(fakemon),12,68,,Loài
shoyru,12,68,,Loài
snotter,12,68,,Loài
deep_one_(h.p._lovecraft),12,68,,Loài
belphemon_(rage_mode),12,68,,Loài
bird_taur,12,68,,Loài
dream_serpent,12,68,,Loài
mogwai,12,68,,Loài
taotie,12,68,,Loài
super_snowshoe_cat_(sar),12,68,,Loài
shikoku_ken,12,68,"japanese_wolfdog,kochi-ken,kochi_ken,mikawa-inu,mikawa_inu,shikoku-inu,shikoku-ken,shikoku_dog,shikoku_inu",Loài
matoran,12,68,,Loài
zerg_queen_(starcraft),12,67,,Loài
marauder_(doom),12,67,,Loài
royal_vixult,12,67,,Loài
wash_rotom,12,67,"rotom-wash,rotom_(wash_form),rotom_(wash_forme),rotom_(washer),rotom_(washer_form),rotom_(washer_forme),rotom_(washing),rotom_(washing_form),rotom_(washing_forme),rotom_(washing_machine),rotom_(washing_machine_form),rotom_(washing_machine_forme),rotom_(water),rotom_(water_form),rotom_(water_forme),rotom_wash,rotom_wash_form,rotom_wash_forme,rotom_washer,rotom_washer_form,rotom_washer_forme,rotom_washing,rotom_washing_form,rotom_washing_forme,rotom_washing_machine,rotom_washing_machine_form,rotom_washing_machine_forme,rotom_water,rotom_water_form,rotom_water_forme,wash_form_rotom,wash_forme_rotom,washer_form_rotom,washer_forme_rotom,washer_rotom,washing_form_rotom,washing_forme_rotom,washing_machine_form_rotom,washing_machine_forme_rotom,washing_machine_rotom,washing_rotom,water_form_rotom,water_forme_rotom,water_rotom",Loài
sparkit,12,67,,Loài
skrill_(species),12,67,,Loài
crowned_pigeon,12,67,,Loài
kabuki_trim_furfrou,12,67,"furfrou_(kabuki_form),furfrou_(kabuki_forme),furfrou_(kabuki_trim),furfrou_kabuki,furfrou_kabuki_form,furfrou_kabuki_forme,furfrou_kabuki_trim,kabuki_form_furfrou,kabuki_forme_furfrou,kabuki_furfrou",Loài
weevil,12,67,"curculionoid,curculionoidea,curculionoidean,weevils",Loài
aquatic_kobold,12,67,,Loài
sledge_bro,12,67,"sledge_bros,sledge_brother,sledge_brothers",Loài
recombinant_(avatar),12,67,,Loài
wereursine,12,67,,Loài
petpet_(neopets),12,67,"pet_pet_(neopet),pet_pet_(neopets),pet_pets_(neopet),pet_pets_(neopets),petpet,petpet_(neopet),petpets,petpets_(neopet),petpets_(neopets)",Loài
mirroid,12,67,,Loài
sectoid,12,67,,Loài
kaminoan,12,67,,Loài
minior_(core_form),12,67,,Loài
xaela,12,67,,Loài
gindo,12,67,,Loài
tyrannomon,12,67,,Loài
common_dolphin,12,67,,Loài
syakomon,12,67,,Loài
shiny_fakemon,12,67,shiny_fakémon,Loài
boom_boo_(sonic),12,67,,Loài
wiggler_(mario),12,67,,Loài
snork_(moomin),12,66,,Loài
living_watermelon,12,66,,Loài
veilhound,12,66,,Loài
kaprosuchus,12,66,,Loài
ibizan_hound,12,66,,Loài
kitty_dragon,12,66,,Loài
battle_wolf,12,66,,Loài
terrible_terror,12,66,,Loài
white_lizard_(rain_world),12,66,,Loài
talyxian,12,66,,Loài
yumkasaurus,12,66,,Loài
hackmon,12,66,,Loài
dornian,12,66,,Loài
maykr,12,66,,Loài
masked_dragon,12,66,,Loài
alsoan,12,66,,Loài
australian_magpie,12,66,,Loài
titan_(crash_bandicoot),12,66,,Loài
desir,12,66,,Loài
indramon,12,66,,Loài
grouse,12,66,"tetraonid,tetraonidae,tetraoninae",Loài
half_genie,12,66,,Loài
copper_dragon_(dnd),12,66,,Loài
dracostryx,12,66,,Loài
primitive_hunting_dog,12,66,,Loài
emerald_swift,12,65,,Loài
korbinite,12,65,,Loài
atrociraptor,12,65,,Loài
meicrackmon_normal_mode,12,65,meicrackmon_(original),Loài
heligator,12,65,,Loài
metaletemon,12,65,,Loài
summoner_(doom),12,65,,Loài
teiid,12,65,teiidae,Loài
stegobold,12,65,,Loài
living_cake,12,65,,Loài
mr._saturn,12,65,,Loài
terror_dog,12,65,,Loài
varvarg,12,65,,Loài
fennec_fox_taur,12,65,fennec_taur,Loài
piscciss_volann,12,65,,Loài
living_punching_bag,12,65,,Loài
royal_neopet,12,65,"royalboy_neopet,royalgirl_neopet",Loài
ladypot,12,65,,Loài
void_fluff,12,65,,Loài
wudwud,12,65,,Loài
snoval,12,65,,Loài
scorpion_taur,12,64,,Loài
draksune,12,64,,Loài
buzz_bomber,12,64,,Loài
heart_trim_furfrou,12,64,"furfrou_(heart_form),furfrou_(heart_forme),furfrou_(heart_trim),furfrou_heart,furfrou_heart_form,furfrou_heart_forme,furfrou_heart_trim,heart_form_furfrou,heart_forme_furfrou,heart_furfrou",Loài
burmese_python,12,64,,Loài
muskox,12,64,"musk-ox,musk_ox,oomingmak,ovibos,umingmak",Loài
beast_kin,12,64,,Loài
feathered_theropod,12,64,,Loài
living_clock,12,64,,Loài
lycafel,12,64,,Loài
shark_puppy,12,64,,Loài
super_golden_lab_(sar),12,64,,Loài
tentacle_plant,12,64,,Loài
omen_(elden_ring),12,64,,Loài
demi-human_(elden_ring),12,64,,Loài
red-eyed_crocodile_skink,12,64,red_eyed_crocodile_skink,Loài
swedish_vallhund,12,64,"swedish_cow_dog,vastgotaspets,västgötaspets",Loài
ewok,12,64,,Loài
blue-eyed_black_lemur,12,64,"blue_eyed_black_lemur,sclater's_lemur",Loài
rahkshi,12,64,,Loài
desire_demon,12,64,,Loài
garyu_(species),12,64,,Loài
las_plagas_host_(resident_evil),12,64,,Loài
catopuma,12,64,,Loài
aurin,12,64,,Loài
talyxian_stalker,12,64,,Loài
ichthyosaur,12,64,,Loài
allomon,12,64,,Loài
garter_snake,12,64,"garden_snake,gardensnake,gartersnake,thamnophis",Loài
ice_face_eiscue,12,64,"cube_eiscue,eiscue_(ice_face),eiscue_ice_face,ice_cube_eiscue,ice_eiscue,original_eiscue",Loài
silver_dragon_(dnd),12,64,,Loài
wiffen_(specie),12,64,,Loài
concavenator,12,64,,Loài
neuropteran,12,63,neuroptera,Loài
celestial_dragon,12,63,,Loài
prothean,12,63,,Loài
spanish_fighting_bull,12,63,,Loài
virus_(kittikary),12,63,,Loài
prevost's_squirrel,12,63,,Loài
jellenheimer,12,63,,Loài
vortihound,12,63,,Loài
ground_sloth,12,63,,Loài
construct_(mh),12,63,,Loài
mantis_shrimp,12,63,"prawn_killer,sea_locust,stomatopod,stomatopoda",Loài
guanaco,12,63,,Loài
kavat,12,63,,Loài
stardragon_(species),12,63,,Loài
german_yellowjacket,12,63,,Loài
nudibranch_humanoid,12,63,,Loài
rodent_taur,12,63,,Loài
imperial_dragon,12,63,,Loài
anteater_humanoid,12,63,,Loài
sky_dragon_(cave_story),12,63,,Loài
bloodsucker,12,63,,Loài
arch_(nukerooster),12,63,,Loài
elf_owl,12,63,,Loài
iop,12,63,,Loài
japanese_marten,12,62,,Loài
sphinx_taur,12,62,sphinxtaur,Loài
furred_dragon_humanoid,12,62,"fluff_dragon_humanoid,furdragon_humanoid,furdrake_humanoid",Loài
detan,12,62,,Loài
simian_(species),12,62,,Loài
eel_humanoid,12,62,,Loài
alpaca_humanoid,12,62,,Loài
exadian_hybrid,12,62,,Loài
xenomorph_praetorian,12,62,,Loài
poptart_creature,12,62,,Loài
pelycosaur,12,62,,Loài
draft_mule,12,62,,Loài
verminlord,12,62,,Loài
laguz,12,62,,Loài
pallid_bat,12,62,,Loài
cathar,12,62,,Loài
jetragon,12,62,,Loài
digidevil,12,62,,Loài
living_musical_instrument,12,62,,Loài
living_beverage,12,62,,Loài
byrdle_(atlyss),12,62,,Loài
cerberus_(resident_evil),12,62,,Loài
malo_0.9,12,62,,Loài
creep_(goosebumps),12,62,,Loài
marwari,12,62,,Loài
cog_(toontown),12,62,,Loài
werebird,12,62,,Loài
paradisaeid,12,62,"bird-of-paradise,bird-of-paradise_(bird),bird-of-paradise_(species),bird_of_paradise,bird_of_paradise_(bird),bird_of_paradise_(species),paradisaeidae,paradisaeidaen",Loài
predalien,12,61,,Loài
lorisoid,12,61,"lorisiform,lorisiforme,lorisoidea,lorisoidean",Loài
swamp_monster,12,61,,Loài
mikemon,12,61,,Loài
dust_bunny,12,61,,Loài
cheetabbit,12,61,,Loài
box_head,12,61,,Loài
overseer_(rain_world),12,61,,Loài
gold_dragon_(dnd),12,61,,Loài
deishun_(species),12,61,,Loài
werepokemon,12,61,werepokémon,Loài
xerneas_(neutral_mode),12,61,"neutral_mode_xerneas,neutral_xerneas,xerneas_(neutral),xerneas_neutral_mode",Loài
drackal,12,61,,Loài
mirromy,12,61,,Loài
fearsome_critter,12,61,,Loài
asian_water_monitor,12,61,"common_water_monitor,kabaragoya_monitor,malayan_water_monitor,no-mark_lizard,no_mark_lizard,rice_lizard,ring_lizard,two-banded_monitor,two_banded_monitor,water_monitor",Loài
lunoid,12,61,,Loài
white_stork,12,61,,Loài
inklion,12,61,,Loài
white_wisp_(sonic),12,61,,Loài
loggerhead_sea_turtle,12,61,loggerhead_turtle,Loài
ambient_pokemon,12,61,,Loài
sphenacodontid,12,61,,Loài
major_mitchell's_cockatoo,12,61,"major_mitchells_cockatoo,pink_cockatoo",Loài
caramel_lizard_(rain_world),12,61,,Loài
speed_forme_deoxys,12,61,"deoxys_(speed_form),deoxys_(speed_forme),deoxys_speed,deoxys_speed_form,deoxys_speed_forme,speed_deoxys,speed_form_deoxys",Loài
lutari,12,61,,Loài
psycrhen,12,61,,Loài
shisa_dog,12,61,"shisa,shīsā,shīsā_dog",Loài
rose_creature,12,61,,Loài
kite_(bird),12,61,,Loài
silvertongue,12,61,,Loài
gnoll_(monsterpunk),12,61,,Loài
drakonid,12,61,,Loài
quarter_horse,12,61,red_quarter_horse,Loài
carret,12,61,,Loài
crested_gecko,12,61,,Loài
equestrian,12,61,,Loài
demigirl_(lore),15,61,demigirl,Lore
bruguadeh_snake,12,61,,Loài
little_owl,12,60,,Loài
megaprimatus_kong,12,60,,Loài
goblin_(warcraft),12,60,,Loài
mantis_(deltarune),12,60,,Loài
zombie_(plants_vs_zombies),12,60,,Loài
morph,12,60,,Loài
hound_of_tindalos,12,60,,Loài
lizardman_(that_time_i_got_reincarnated_as_a_slime),12,60,,Loài
caracal_humanoid,12,60,,Loài
egyptian_wolf,12,60,,Loài
glowworm,12,60,,Loài
wolfos,12,60,,Loài
great_blue_heron,12,60,"great-blue_heron,great-white_heron,great_white_heron",Loài
ambient_moth,12,60,,Loài
shutmon,12,60,,Loài
warforged,12,60,,Loài
sergal_taur,12,60,sergaltaur,Loài
asian_golden_cat,12,60,"asiatic_golden_cat,temminck's_cat,temmincks_cat",Loài
long-haired_dachshund,12,60,,Loài
giraffe_humanoid,12,60,,Loài
small_indian_mongoose,12,60,,Loài
bristle_worm,12,60,"bristleworm,polychaeta,polychaete",Loài
nirik,12,60,,Loài
lasat,12,60,,Loài
cuttlefish_humanoid,12,60,,Loài
pharaoh_hound,12,60,,Loài
shellder_(slowking),12,59,,Loài
waste_allocation_load_lifter_earth-class,12,59,,Loài
mammalian_(stellaris),12,59,,Loài
kinkajou,12,59,,Loài
gallimimus,12,59,,Loài
rahn,12,59,,Loài
koopatrol,12,59,,Loài
lyn,12,59,,Loài
tegu,12,59,"race_runner,race_runner_lizard,racerunner,racerunner_lizard,tegu_lizard,teiidae,whip_tail_lizard,whiptail_lizard",Loài
chocobo_taur,12,59,,Loài
rainbow_boa,12,59,slender_boa,Loài
garden_dormouse,12,59,,Loài
beastmon,12,59,persiamon,Loài
parrot_humanoid,12,59,,Loài
azure_rathalos,12,59,"blue_rathalos,cyan_rathalos",Loài
lapphund,12,59,,Loài
house_dragon,12,59,,Loài
crocodile_humanoid,12,59,crocodylid_humanoid,Loài
indeedee_(female_form),12,59,,Loài
laiski,12,59,,Loài
nexis_domine,12,59,,Loài
amazon_milk_frog,12,59,"milk_frog,mission_golden-eyed_tree_frog,mission_golden_eyed_tree_frog",Loài
spragon,12,59,,Loài
siphary_dragon,12,59,,Loài
snorkasaurus,12,59,,Loài
emerald_tree_boa,12,59,green_tree_boa,Loài
neopteron,12,59,,Loài
ascended,12,59,,Loài
brittany_spaniel,12,59,,Loài
glitch_(starbound),12,59,,Loài
behir,12,59,,Loài
chuchu_(chuchu_rocket),12,58,,Loài
megaloceros,12,58,,Loài
spycrab,12,58,,Loài
black-footed_cat,12,58,black_footed_cat,Loài
niva_(fluffybastion),12,58,,Loài
ukimori,12,58,,Loài
nodosaurid,12,58,"nodosaur,nodosauridae",Loài
zebra_humanoid,12,58,,Loài
basilisk_(the_owl_house),12,58,,Loài
fangmon,12,58,,Loài
dimetrodon,12,58,,Loài
dathomirian,12,58,,Loài
skag,12,58,,Loài
primal_sunflower,12,58,,Loài
sir_unit,12,58,,Loài
devonian_fish-man,12,58,,Loài
owl_beast_(the_owl_house),12,58,,Loài
owlin,12,58,,Loài
catte_(kaiju_paradise),12,58,,Loài
cat_robot,12,58,,Loài
relaxaurus,12,58,,Loài
cohozuna,12,58,,Loài
mossdog,12,58,,Loài
percoid,12,58,,Loài
to'kustar,12,58,tokustar,Loài
cane_corso,12,58,,Loài
aromagon,12,58,,Loài
summer_sawsbuck,12,58,,Loài
burrowing_owl,12,58,,Loài
monstrous_nightmare,12,58,,Loài
happy_ghast_(minecraft),12,58,,Loài
darkling,12,57,,Loài
echinoderm_humanoid,12,57,,Loài
pretztail,12,57,,Loài
witch_(puella_magi),12,57,,Loài
goobastera,12,57,,Loài
grackle,12,57,,Loài
goldyura,12,57,,Loài
felhound_(warcraft),12,57,,Loài
sphinx_humanoid,12,57,,Loài
jinjo,12,57,,Loài
furred_wyvern,12,57,,Loài
banbaro,12,57,,Loài
dhampir,12,57,,Loài
great_girros,12,57,,Loài
wildclaw_dragon,12,57,,Loài
lion_tamarin,12,57,,Loài
omnitope,12,57,,Loài
skydancer_dragon,12,57,,Loài
daiman_night_dragon_(keltaan),12,57,,Loài
blue_crane,12,57,"paradise_crane,stanley_crane",Loài
ice_jogauni,12,57,,Loài
puyo_(puyo_puyo),12,57,,Loài
creaking_(minecraft),12,57,,Loài
yuki-onna,12,57,"yuki-anesa,yuki-musume,yuki-ohna,yuki-onago,yuki-onba,yuki_anesa,yuki_musume,yuki_ohna,yuki_onago,yuki_onba,yukifuri-baba,yukifuri_baba,yukifuribaba,yukijoro,yukijorō,yukimusume,yukinba,yukiohna,yukionago,yukionba,yukionna",Loài
fallen_captain,12,57,,Loài
giraffid_taur,12,57,,Loài
desert_cottontail_rabbit,12,57,,Loài
werepony,12,57,,Loài
talehnyan,12,57,,Loài
smooth_collie,12,57,,Loài
fox_terrier,12,57,,Loài
qsiti,12,57,,Loài
ruby_cream_alcremie,12,57,,Loài
indian_peafowl,12,57,"blue_peacock,blue_peafowl,blue_peahen,common_peacock,common_peafowl,common_peahen,indian_peacock,indian_peahen",Loài
watercooler_(deltarune),12,57,,Loài
noop,12,57,,Loài
short-eared_owl,12,57,short_eared_owl,Loài
mutant_to'kustar,12,56,mutant_tokustar,Loài
coydog,12,56,,Loài
mosquito_humanoid,12,56,,Loài
elder_lemurian,12,56,,Loài
somnacanth,12,56,,Loài
shugr,12,56,,Loài
song_thrush,12,56,,Loài
bomberman_(species),12,56,,Loài
archangel,12,56,,Loài
impmon_x,12,56,,Loài
puffel,12,56,,Loài
beastie_(species),12,56,,Loài
bigender_(lore),15,56,bigender,Lore
durachev,12,56,,Loài
jaggi,12,56,,Loài
type_null,12,56,,Loài
betsumon,12,56,,Loài
daddy_long_legs_(rain_world),12,56,,Loài
wolvar,12,56,,Loài
springhare,12,56,,Loài
acipenseriform,12,56,acipenseriformes,Loài
kyuulin,12,56,,Loài
tuatara,12,56,,Loài
asterisk,12,56,,Loài
rigellian_(the_simpsons),12,56,,Loài
mutt_moth,12,56,,Loài
super_mutant_(fallout),12,56,fev_mutant_(fallout),Loài
spinel_(gem_species),12,55,,Loài
angara,12,55,,Loài
banded_gecko,12,55,,Loài
taipan,12,55,,Loài
viper_tobi-kadachi,12,55,,Loài
coral_dragon_(rainbowwave),12,55,,Loài
virelli,12,55,,Loài
english_setter,12,55,,Loài
amphithere,12,55,,Loài
blue_dragon_(dnd),12,55,,Loài
maned_wolf_taur,12,55,,Loài
dutch_shepherd,12,55,,Loài
cecropia_moth,12,55,,Loài
monster_pony,12,55,,Loài
sewer_monster,12,55,,Loài
kaisgaru,12,55,,Loài
true_toad,12,55,"bufonid,bufonidae",Loài
puyo,12,55,,Loài
cazador_(fallout),12,55,,Loài
nature_spirit,12,55,,Loài
idrath,12,55,,Loài
moonkin,12,55,,Loài
gubby_(species),12,55,,Loài
service_droid,12,55,,Loài
suborg,12,55,,Loài
lupinossai,12,55,,Loài
snake_wyvern,12,55,,Loài
zamtrios,12,55,zamite,Loài
seafluff,12,55,,Loài
morphauna,12,55,,Loài
bunger,12,55,,Loài
adasaurus,12,55,,Loài
nox_(pal),12,55,,Loài
domestic_pigeon,12,54,,Loài
taffy_monster,12,54,,Loài
starman,12,54,,Loài
penguin_humanoid,12,54,,Loài
infested_(warframe),12,54,,Loài
ruby_swirl_alcremie,12,54,,Loài
kraskit,12,54,,Loài
ambient_ladybug,12,54,,Loài
puff-shroom,12,54,puff_shroom,Loài
ethereal_monster,12,54,,Loài
pandorian_trapdog_(species),12,54,,Loài
phasefox,12,54,,Loài
beastkin_(gatobob),12,54,,Loài
dug_(species),12,54,,Loài
rodian,12,54,,Loài
tattletail_(species),12,54,,Loài
headcrab_zombie,12,54,,Loài
hand_creature,12,54,,Loài
ryudamon,12,54,,Loài
silverfish,12,54,,Loài
alpine_ibex,12,54,,Loài
miniature_horse,12,54,mini_horse,Loài
armored_dragon_(kaijudo),12,54,,Loài
stompo,12,54,,Loài
skulldragon,12,54,,Loài
kleika,12,54,,Loài
velvet_ant,12,54,,Loài
soay_sheep,12,53,,Loài
mammalian_3,12,53,,Loài
bluetick_coonhound,12,53,,Loài
brushtail_possum,12,53,,Loài
r2-series_astromech_droid,12,53,,Loài
dorulumon,12,53,,Loài
gen_mo'kai,12,53,"gen_mo_kai,gen_mokai",Loài
regalfin,12,53,,Loài
vector_(hsd),12,53,,Loài
ahamkara_(destiny),12,53,ahamkara_(species),Loài
normal_kyurem,12,53,,Loài
steller's_sea_eagle,12,53,"stellar's_sea_eagle,stellars_sea_eagle,stellers_sea_eagle",Loài
barbary_macaque,12,53,,Loài
nikitak,12,53,,Loài
moonshadow_elf,12,53,,Loài
sur'ri,12,53,,Loài
wolf_spider,12,53,"lycosid,lycosidae",Loài
reticulated_python,12,53,,Loài
petroid,12,53,,Loài
snapper,12,53,,Loài
bomb_head,12,53,,Loài
sleepy_boo_(super_mario_sunshine),12,53,boo_(super_mario_sunshine),Loài
wereskunk,12,53,,Loài
colossus_(shadow_of_the_colossus),12,53,,Loài
weremephitid,12,53,,Loài
ambient_flea,12,53,,Loài
side-striped_jackal,12,53,,Loài
darwin's_fox,12,53,,Loài
vuljath,12,53,,Loài
noctide,12,53,,Loài
mouse_lemur,12,53,,Loài
hoksho,12,53,,Loài
kalapean,12,53,,Loài
mephitoad,12,53,,Loài
stygimoloch,12,53,,Loài
water_dragon_(agamid),12,53,"water_dragon_(agama),water_dragon_(agamidae),water_dragon_(lizard),water_dragon_lizard",Loài
fainting_goat,12,53,,Loài
huragok,12,53,"engineer_(halo),halo_engineer",Loài
golden_lion_tamarin,12,53,"gold_lion_tamarin,gold_marmoset,golden_marmoset",Loài
hundun,12,53,,Loài
yak_humanoid,12,53,,Loài
mershark,12,53,,Loài
ku-series_service_droid,12,53,,Loài
lupin_(ffxiv),12,53,,Loài
legendary_beasts,12,53,,Loài
walker_(big_walk),12,52,,Loài
inkling_(squid_form),12,52,,Loài
european_shorthair,12,52,,Loài
flytrap_humanoid,12,52,"venus_fly_trap_humanoid,venus_flytrap_humanoid",Loài
cactus_cat,12,52,,Loài
cryophoenix,12,52,,Loài
smilodon_fatalis,12,52,,Loài
securitron_(fallout),12,52,,Loài
aquamarine_(gem_species),12,52,,Loài
chimera_(chiikawa),12,52,,Loài
nerond,12,52,,Loài
abissal,12,52,,Loài
thai_ridgeback,12,52,,Loài
largo_slime,12,52,,Loài
gaogamon,12,52,,Loài
alligatorid_humanoid,12,52,,Loài
wilderkin,12,52,,Loài
hobbit,12,52,hobbits,Loài
ambient_dragonfly,12,52,,Loài
wild_cat,12,52,,Loài
tozol,12,52,,Loài
acarine,12,52,"acari,acarina",Loài
werescalie,12,52,,Loài
bolovaxian,12,52,,Loài
revenant,12,52,,Loài
canid_angel,12,52,,Loài
african_wildcat,12,52,,Loài
dire_leopard,12,52,,Loài
direhowl,12,52,,Loài
spectral_dog,12,52,"black_dog_(ghost),black_dog_(mythology)",Loài
streaked_tenrec,12,52,,Loài
black_lizard_(rain_world),12,52,,Loài
thri-kreen,12,52,,Loài
moonblood,12,52,,Loài
squid_(minecraft),12,52,,Loài
custom_unown_form,12,52,,Loài
gear_(guilty_gear),12,52,,Loài
thundurus_(incarnate_form),12,52,,Loài
veedramon,12,52,,Loài
passerina,12,52,,Loài
boximp_(species),12,52,,Loài
myriapod_taur,12,52,,Loài
drazil_(grimm3d),12,52,,Loài
living_planet,12,52,,Loài
super_bear_(sar),12,52,,Loài
dogborg,12,52,,Loài
twinkle-eyed,12,51,,Loài
temnoceran,12,51,,Loài
white_flower_florges,12,51,,Loài
black_tip_reefshark,12,51,,Loài
kirin_humanoid,12,51,qilin_humanoid,Loài
shishi_dog,12,51,chinese_lion,Loài
pixie_(monster_rancher),12,51,,Loài
aphid,12,51,,Loài
abyssal_(kancolle),12,51,,Loài
unidentified_species,12,51,,Loài
super_fish_(sar),12,51,,Loài
nanyangosaurus,12,51,,Loài
ketupa,12,51,fish_owl,Loài
silek,12,51,,Loài
berry_sweet_alcremie,12,51,,Loài
mimic_dragon,12,51,,Loài
eastern_screech_owl,12,51,"eastern_screech-owl,red_eastern_screech_owl",Loài
yurei,12,51,,Loài
badger_humanoid,12,51,,Loài
balhannur,12,51,,Loài
inland_taipan,12,51,"fierce_snake,small-scaled_snake,small_scaled_snake,western_taipan",Loài
coelophysid,12,51,,Loài
bullsquid,12,51,,Loài
gold_rathian,12,51,,Loài
snow_pea_(pvz),12,51,"ice_pea_(plants_versus_zombies),ice_pea_(plants_vs._zombies),ice_pea_(plants_vs_zombies),ice_pea_(pvz),snow_pea_(plants_versus_zombies),snow_pea_(plants_vs_zombies)",Loài
borg,12,51,,Loài
red_fox_taur,12,51,,Loài
primordial_malzeno,12,51,,Loài
lava_humanoid,12,51,"humanoid_lava,humanoid_magma,magma_humanoid",Loài
porpoise,12,51,"phocoenid,phocoenidae",Loài
gamorrean,12,51,,Loài
tzitzi-ya-ku,12,51,tzitzi_ya_ku,Loài
glyphid,12,50,,Loài
donkey_taur,12,50,,Loài
titanosaurian,12,50,titanosaur,Loài
coatl_dragon,12,50,,Loài
tundra_dragon,12,50,,Loài
food_pony,12,50,,Loài
ambient_dragon,12,50,,Loài
synth-crador,12,50,,Loài
hadanin,12,50,,Loài
wizardmon,12,50,,Loài
yellow_mongoose,12,50,red_meerkat,Loài
siamese_mouse,12,50,,Loài
furred_cetacean,12,50,,Loài
eyeless_dog_(lethal_company),12,50,,Loài
herissmon,12,50,,Loài
water_demon_(slightly_damned),12,50,,Loài
exadian,12,50,,Loài
magihound,12,50,,Loài
altmer,12,50,,Loài
bird_dragon,12,50,,Loài
sinosauropteryx,12,50,,Loài
giras,12,50,,Loài
poppet_(species),12,50,,Loài
breadfluff,12,50,,Loài
wau,12,50,,Loài
luprangi,12,50,,Loài
werereptile,12,50,,Loài
pianta_(super_mario_sunshine),12,50,,Loài
amatsu_(mh),12,50,amatsu_(monster_hunter),Loài
gecko_humanoid,12,50,,Loài
majarean,12,50,,Loài
fancy_pigeon,12,50,,Loài
drell,12,50,,Loài
hanar,12,50,,Loài
rikkor,12,50,,Loài
ursid_taur,12,50,"bear_taur,beartaur",Loài
noxkat,12,50,,Loài
skull_kid_(species),12,50,,Loài
sprite_(homestuck),12,50,sprite_(hs),Loài
beaked_toad,12,50,"rhinella,rio_viejo_toad",Loài
cornish_rex,12,50,,Loài
broncherry,12,50,,Loài
cleric_beast_(bloodborne),12,50,,Loài
malfestio,12,50,hororohoruru,Loài
fire_peashooter_(pvz),12,50,,Loài
cybunny,12,50,,Loài
farsul_(the_nature_of_predators),12,50,,Loài
curator_(species),12,50,,Loài
spirit_dream_eater,12,50,,Loài
blue-tailed_skink,12,49,blue_tailed_skink,Loài
cube_creature,12,49,,Loài
nardo,12,49,,Loài
baba_(tloz),12,49,baba_(zelda),Loài
dragon_otter,12,49,,Loài
wind_dragon,12,49,,Loài
shadow_pony,12,49,,Loài
feral_taur,12,49,,Loài
gorn_(species),12,49,,Loài
demiveemon,12,49,,Loài
abum,12,49,,Loài
star_trim_furfrou,12,49,"furfrou_(star_form),furfrou_(star_forme),furfrou_(star_trim),furfrou_star,furfrou_star_form,furfrou_star_forme,furfrou_star_trim,star_form_furfrou,star_forme_furfrou,star_furfrou",Loài
marshadow_(zenith_form),12,49,,Loài
scrub_jay,12,49,aphelocoma,Loài
marineangemon,12,49,,Loài
bleeding-heart_monkey,12,49,"bleeding_heart_monkey,gelada_(monkey),gelada_baboon,gelada_monkey",Loài
bundroid,12,49,,Loài
hare_humanoid,12,49,,Loài
tyrant_flycatcher,12,49,,Loài
mook,12,49,,Loài
feathered_dromaeosaurid,12,49,,Loài
mutant_neopet,12,49,,Loài
rogialos,12,49,,Loài
sensu_oricorio,12,49,,Loài
alpha_lucario,12,49,,Loài
super_cotton_candy_deer_(sar),12,49,,Loài
mandrake_marshal,12,49,,Loài
skull_dragon,12,49,,Loài
beast_sergal,12,48,,Loài
little_auk,12,48,dovekie,Loài
chasmosaurus,12,48,,Loài
lampcat,12,48,,Loài
living_peppermint_candy,12,48,,Loài
wolver_(spiral_knights),12,48,wolver,Loài
finnish_lapphund,12,48,,Loài
trumpeter_swan,12,48,,Loài
rainbow_trout,12,48,,Loài
remora,12,48,,Loài
northland_green_gecko,12,48,,Loài
sacred_scarab,12,48,"sacred_scarab_beetle,scarabaeus_sacer,scarabs",Loài
molten_corgi,12,48,,Loài
carolina_dog,12,48,"american_dingo,caralina_dog,dixie_dingo,yaller_dog",Loài
edible_dormouse,12,48,fat_dormouse,Loài
prowler,12,48,,Loài
sun_dragon,12,48,,Loài
psychemon,12,48,,Loài
whale_humanoid,12,48,,Loài
acara_(neopets),12,48,,Loài
talbuk,12,48,,Loài
day_gecko,12,48,phelsuma,Loài
dolphin_humanoid,12,48,,Loài
ryuu-neko,12,48,,Loài
cane_toad,12,48,canetoad,Loài
earwig,12,48,,Loài
water_phoenix,12,48,,Loài
aniimo_(species),12,48,,Loài
libredrone,12,48,,Loài
green_gecko,12,48,,Loài
afika,12,48,,Loài
nixie,12,48,,Loài
lovelitchi,12,48,,Loài
czechoslovakian_wolfdog,12,48,,Loài
bee_pony,12,48,,Loài
rhode_island_red,12,48,,Loài
tatsugiri_(stretchy_form),12,48,,Loài
rudinn,12,48,,Loài
indian_flying_fox,12,48,"greater_indian_fruit_bat,indian_fruit_bat",Loài
toysky,12,48,,Loài
hellhorse,12,48,,Loài
fire_belly_newt,12,48,"cynops,fire_newt,firebelly_newt",Loài
aquatic_dragon_humanoid,12,47,water_dragon_humanoid,Loài
cactuar,12,47,cactaur,Loài
mewlin_(species),12,47,,Loài
indigo_bunting,12,47,,Loài
black-capped_chickadee,12,47,black_capped_chickadee,Loài
hybrid_taur,12,47,foxcoontaur,Loài
dire_tank,12,47,,Loài
new_world_deer_taur,12,47,capreoline_taur,Loài
rubikang,12,47,,Loài
gorochu,12,47,,Loài
tatsugiri_(droopy_form),12,47,,Loài
blue_anole,12,47,,Loài
techno,12,47,,Loài
gaytor,12,47,,Loài
ink_demon,12,47,,Loài
shadow_dragon,12,47,,Loài
vex_(destiny),12,47,,Loài
daimon,12,47,,Loài
mudraptor,12,47,,Loài
crocanine,12,47,,Loài
red_flower_flabebe,12,47,,Loài
caridean_shrimp,12,47,,Loài
hokkaido_dog,12,47,"ainu-ken,ainu_dog,ainu_ken,do-ken,do_ken,dō-ken,dō_ken,hokkaido-inu,hokkaido-ken,hokkaido_inu,hokkaido_ken,hokkaidō-inu,hokkaidō-ken,hokkaidō_dog,hokkaidō_inu,hokkaidō_ken,seta_dog",Loài
lynx_taur,12,47,lynxtaur,Loài
phantom_(minecraft),12,47,,Loài
cyavian,12,47,,Loài
kazemon,12,47,fairymon,Loài
god_dragon,12,47,,Loài
spacebat,12,47,,Loài
pink_fairy_armadillo,12,47,,Loài
repeater_(pvz),12,47,,Loài
splixson,12,47,,Loài
snow_goose,12,47,,Loài
furred_lizard,12,47,,Loài
fuckplant,12,47,,Loài
mythological_baku,12,47,"baku_(mythological),baku_(mythology),baku_(yo-kai),baku_(yo_kai),baku_(yokai),baku_(youkai),baku_(yōkai)",Loài
hormone_monster,12,47,hormone_monstress,Loài
centipede_(rain_world),12,47,,Loài
common_loon,12,47,,Loài
dhole_humanoid,12,47,,Loài
maelstrorcas_(species),12,47,,Loài
living_logo,12,47,,Loài
fulgur_anjanath,12,47,,Loài
tamanuus,12,47,,Loài
valbaran,12,47,,Loài
blakiston's_fish_owl,12,47,blakistons_fish_owl,Loài
medusabold,12,46,,Loài
four-clawed_gecko,12,46,"butiki,common_four-clawed_gecko,common_four_clawed_gecko,four_clawed_gecko,stump-toed_gecko,stump_toed_gecko,sugar_lizard,tender-skinned_house_gecko,tender_skinned_house_gecko",Loài
shark_merfolk,12,46,,Loài
death's-head_hawkmoth,12,46,"deaths-head_hawkmoth,deaths_head_hawkmoth",Loài
apostle_(berserk),12,46,,Loài
proto-nethermare,12,46,,Loài
centipede_taur,12,46,,Loài
grunt,12,46,,Loài
alpha_abra,12,46,,Loài
lilmothiit,12,46,,Loài
whip_spider,12,46,"amblypygi,tailless_whip_scorpion",Loài
xer'sai,12,46,,Loài
nightjar,12,46,"caprimulgiform,caprimulgiforme",Loài
r-series_astromech_droid,12,46,,Loài
grey_kangaroo,12,46,gray_kangaroo,Loài
blackbuck,12,46,indian_antelope,Loài
vicuna,12,46,"vicugna,vicuña",Loài
duros_(species),12,46,,Loài
daxy,12,46,,Loài
nutria,12,46,coypu,Loài
oriental_magpie,12,46,"blue_magpie,green_magpie,oriental_blue_magpie,oriental_green_magpie",Loài
krakotl_(the_nature_of_predators),12,46,,Loài
egretta,12,46,,Loài
water_opossum,12,46,yapok,Loài
dracobit_(species),12,46,,Loài
stepbrothers_(lore),15,46,"step-brothers,step_brothers,stepbrothers",Lore
coelophysis,12,46,,Loài
roza_(gunsawian),12,46,roza_(gunsaw),Loài
hextaur,12,46,,Loài
c_line_kishin,12,46,,Loài
octopus_merfolk,12,46,,Loài
welsh_sheepdog,12,46,"welsh_collie,welsh_sheep_dog",Loài
cabal_(destiny),12,46,,Loài
grave_gryphon,12,46,,Loài
indri,12,46,babakoto,Loài
microfluff,12,46,,Loài
dtella,12,46,"gehyra,web-toed_gecko,web_toed_gecko",Loài
palisman_(the_owl_house),12,46,,Loài
percheron,12,45,,Loài
beringel_(rwby),12,45,,Loài
crustacean_taur,12,45,,Loài
leshen,12,45,,Loài
lesser_mokuri,12,45,,Loài
halfworlder,12,45,,Loài
chillydog,12,45,,Loài
nerd_(species),12,45,,Loài
salamon,12,45,,Loài
crystal_lizard,12,45,,Loài
hebinu,12,45,,Loài
werebovine,12,45,,Loài
spiko,12,45,,Loài
khonorik,12,45,"khor'-tumak,khor'_tumak,khor-tumak,khor_tumak,polecat–mink_hybrid",Loài
khnum_(serious_sam),12,45,,Loài
snake_pony,12,45,,Loài
pinniped_humanoid,12,45,,Loài
peterbald,12,45,,Loài
mudokon,12,45,,Loài
bulborb_(pikmin),12,45,"bulblax_(pikmin),bulborb_humanoid,oculus_kageyamii",Loài
red_flower_floette,12,45,,Loài
pegasusmon,12,45,,Loài
pomily,12,45,,Loài
kwami,12,45,,Loài
coyote_humanoid,12,45,,Loài
mooncalf_(sindri_myr),12,45,,Loài
mythological_nian,12,45,,Loài
skullcat_(species),12,45,,Loài
vampony,12,45,,Loài
vampire_squid,12,45,"vampyromorphid,vampyromorphida,vampyromorphidan",Loài
squirrel_monkey,12,45,"saimiri,saimirinae,squirrel-monkey,squirrelmonkey",Loài
spoonwing,12,45,"spoon-winged_lacewing,threadwing_antlion",Loài
tick_(arachnid),12,45,"ixodoid,ixodoidea,ixodoidean,tick_(animal)",Loài
arctic_fox_(minecraft),12,45,,Loài
timber_pony,12,45,,Loài
extinct,12,45,,Loài
sindaraye,12,45,,Loài
glass_frog,12,45,"centrolenid,centrolenidae",Loài
warpjaw,12,45,,Loài
ragamuffin_cat,12,45,,Loài
teshari,12,45,,Loài
yellow-footed_rock-wallaby,12,45,,Loài
exotic_(cyberpunk),12,44,,Loài
kelbi,12,44,,Loài
anatid_humanoid,12,44,,Loài
necrofriggian,12,44,,Loài
filmon,12,44,,Loài
draugr,12,44,,Loài
defense_forme_deoxys,12,44,"defence_deoxys,defence_form_deoxys,defence_forme_deoxys,defense_deoxys,defense_form_deoxys,deoxys_(defence),deoxys_(defence_form),deoxys_(defence_forme),deoxys_(defense_form),deoxys_(defense_forme),deoxys_defence,deoxys_defence_form,deoxys_defence_forme,deoxys_defense,deoxys_defense_form,deoxys_defense_forme",Loài
evros,12,44,,Loài
matile,12,44,,Loài
fruit_dragon,12,44,,Loài
jaggard,12,44,,Loài
ct'hussian,12,44,,Loài
orange_tabby,12,44,,Loài
living_computer,12,44,,Loài
stupid_rat_(pizza_tower),12,44,,Loài
snow_serval,12,44,,Loài
tsunomon,12,44,,Loài
marsupial_taur,12,44,,Loài
devilshark_(xfr),12,44,,Loài
skakdi,12,44,,Loài
flat_coated_retriever,12,44,,Loài
snarf_(species),12,44,,Loài
bald-faced_hornet,12,44,bald_hornet,Loài
dalamadur,12,44,shah_dalamadur,Loài
anthrosaur,12,44,,Loài
octoconda,12,44,,Loài
tentacle_dog,12,44,,Loài
antelope_humanoid,12,44,,Loài
omicronian,12,44,,Loài
anseriform_humanoid,12,44,,Loài
water_nymph,12,44,,Loài
gizoid,12,44,,Loài
brahmin_(fallout),12,44,,Loài
goagon,12,44,,Loài
questing_beast,12,44,,Loài
medabots_(models),12,43,,Loài
peafowl_humanoid,12,43,"humanoid_peacock,humanoid_peafowl,peacock_humanoid",Loài
gnorc,12,43,,Loài
dorid_nudibranch_humanoid,12,43,,Loài
inugami,12,43,,Loài
serpentfolk,12,43,,Loài
annelid_humanoid,12,43,,Loài
old_god_(fear_and_hunger),12,43,,Loài
tornadus_(incarnate_form),12,43,,Loài
berurun,12,43,bellboyant,Loài
southern_cassowary,12,43,,Loài
omnid,12,43,,Loài
lunalight,12,43,,Loài
octodontid,12,43,octodontidae,Loài
swaggon,12,43,,Loài
milk_snake,12,43,milksnake,Loài
gourmand_(ben_10),12,43,gourmand_(ben_ten),Loài
ambient_frog,12,43,,Loài
hellhound_(lapfox_trax),12,43,,Loài
mustelid_taur,12,43,mustelidtaur,Loài
toothed_whale_humanoid,12,43,,Loài
skibidi_toilet_(species),12,43,,Loài
vayron,12,43,,Loài
ninji_(mario),12,43,,Loài
veiled_chameleon,12,43,"cone-head_chameleon,cone_head_chameleon,yemen_chameleon",Loài
brightosaur,12,43,,Loài
nyafia_(pal),12,43,,Loài
rakshasa_(might_and_magic),12,43,rakshasa_(mam),Loài
zephyrmon,12,43,,Loài
vulva_creature,12,43,pussy_creature,Loài
tbh_creature,12,43,,Loài
verdash,12,43,,Loài
tibetan_spaniel,12,43,,Loài
schipperke,12,43,,Loài
frost_rotom,12,43,"cold_form_rotom,cold_forme_rotom,cold_rotom,fridge_form_rotom,fridge_forme_rotom,fridge_rotom,frige_form_rotom,frige_forme_rotom,frige_rotom,frost_form_rotom,frost_forme_rotom,ice_form_rotom,ice_forme_rotom,ice_rotom,refridgerator_form_rotom,refridgerator_forme_rotom,refridgerator_rotom,refrigerator_form_rotom,refrigerator_forme_rotom,refrigerator_rotom,rotom_(cold),rotom_(cold_form),rotom_(cold_forme),rotom_(fridge),rotom_(fridge_form),rotom_(fridge_forme),rotom_(frige),rotom_(frige_form),rotom_(frige_forme),rotom_(frost_form),rotom_(frost_forme),rotom_(ice),rotom_(ice_form),rotom_(ice_forme),rotom_(refridgerator),rotom_(refridgerator_form),rotom_(refridgerator_forme),rotom_(refrigerator),rotom_(refrigerator_form),rotom_(refrigerator_forme),rotom_cold,rotom_cold_form,rotom_cold_forme,rotom_fridge,rotom_fridge_form,rotom_fridge_forme,rotom_frige,rotom_frige_form,rotom_frige_forme,rotom_frost,rotom_frost_form,rotom_frost_forme,rotom_ice,rotom_ice_form,rotom_ice_forme,rotom_refridgerator,rotom_refridgerator_form,rotom_refridgerator_forme,rotom_refrigerator,rotom_refrigerator_form,rotom_refrigerator_forme",Loài
draconis_elementa,12,43,,Loài
dreameater_(stargazernue),12,43,,Loài
dreadqueen_rathian,12,43,,Loài
dolehest,12,43,,Loài
deer_demon,12,43,,Loài
white_rhinoceros,12,43,"square-lipped_rhinoceros,square_lipped_rhinoceros,white_rhino",Loài
australian_water_dragon,12,43,,Loài
viximon,12,43,,Loài
hunter_slime,12,43,,Loài
titmouse_(bird),12,43,"baeolophus,titmice,titmouse_(species)",Loài
sair,12,43,,Loài
draik_(neopets),12,43,,Loài
jellyfish_(spongebob),12,43,,Loài
zygarde_complete_forme,12,43,"zygarde_100,zygarde_100_form,zygarde_100_forme,zygarde_complete,zygarde_complete_form",Loài
uxorite,12,43,,Loài
zylep,12,42,,Loài
pitador,12,42,,Loài
bio-android,12,42,,Loài
leshy,12,42,,Loài
leopardus_humanoid,12,42,,Loài
red_bluster,12,42,,Loài
otherling,12,42,,Loài
caique,12,42,,Loài
dandy_trim_furfrou,12,42,"dandy_form_furfrou,dandy_forme_furfrou,dandy_furfrou,furfrou_(dandy_form),furfrou_(dandy_forme),furfrou_(dandy_trim),furfrou_dandy,furfrou_dandy_form,furfrou_dandy_forme,furfrou_dandy_trim",Loài
chikipi,12,42,,Loài
wraithraiser,12,42,,Loài
wardenfly,12,42,,Loài
neemon,12,42,,Loài
aesir,12,42,,Loài
lilac-breasted_roller,12,42,,Loài
degu,12,42,,Loài
chatacabra,12,42,,Loài
monster_under_your_bed,12,42,,Loài
synth_(dtstat),12,42,,Loài
legendary_titans,12,42,,Loài
crabmeat,12,42,,Loài
drazerk,12,42,,Loài
tigrar_shokan,12,42,,Loài
hazel_dormouse,12,42,common_dormouse,Loài
scipionyx,12,42,scipionyx_samniticus,Loài
food_head,12,42,,Loài
pannon_white_rabbit,12,42,"pannon_rabbit,panon_rabbit,panon_white_rabbit",Loài
idog,12,42,,Loài
thundurus_(therian_form),12,42,,Loài
cetacean_taur,12,42,,Loài
goodman's_mouse_lemur,12,42,,Loài
meow_wow,12,42,,Loài
long_neck_taur,12,42,,Loài
atronach,12,42,,Loài
zeus_genus,12,42,,Loài
kingbird,12,42,,Loài
mutant_(tmnt),12,42,,Loài
ridgeback_dragon,12,42,,Loài
cave_lion,12,42,,Loài
dawn_wings_necrozma,12,42,ultra_lunala,Loài
krazoa_spirit,12,42,,Loài
selis,12,42,,Loài
selonian,12,42,,Loài
jackalope_humanoid,12,42,,Loài
werecoyote,12,42,,Loài
lowland_streaked_tenrec,12,41,,Loài
aldgoat,12,41,,Loài
chlamydoselachid,12,41,chlamydoselachidae,Loài
cordyceps,12,41,,Loài
werewerewire,12,41,,Loài
larva_humanoid,12,41,,Loài
prawn,12,41,,Loài
lucky_beast,12,41,,Loài
wolfhound,12,41,,Loài
zeti_(species),12,41,,Loài
marine_iguana,12,41,"galapagos_marine_iguana,galápagos_marine_iguana,saltwater_iguana,sea_iguana",Loài
rancor,12,41,,Loài
barraki,12,41,,Loài
venandi,12,41,,Loài
certhioid,12,41,certhioidea,Loài
angel_(dragon_ball),12,41,,Loài
hexanchiform,12,41,hexanchiformes,Loài
wyvern_humanoid,12,41,,Loài
shoggoth_(h.p._lovecraft),12,41,,Loài
peeper_(subnautica),12,41,,Loài
reindeer_taur,12,41,,Loài
panther_gootraxian,12,41,panther_(kaiju_paradise),Loài
wingless_gryphon,12,41,,Loài
orserk,12,41,,Loài
kaithrit,12,41,,Loài
carolina_anole,12,41,"american_anole,american_green_anole,green_anole,red-throated_anole,red_throated_anole",Loài
eliatrope,12,41,,Loài
deer_pony,12,41,,Loài
ratteguhncat,12,41,,Loài
miniblin,12,41,,Loài
vastatosaurus_rex,12,41,v-rex,Loài
hungarian_sheepdog,12,41,"hungarian_sheep_dog,komondor",Loài
tervuren,12,41,,Loài
akrennian,12,41,,Loài
california_kingsnake,12,41,,Loài
breed_(biomutant),12,41,,Loài
terriermon_assistant,12,41,,Loài
saddle_arabian_(mlp),12,41,,Loài
dodongo,12,41,,Loài
dynx,12,41,,Loài
najarala,12,41,"monster_hunternajarala,tidal_najarala",Loài
shield_moblin,12,41,,Loài
english_springer_spaniel,12,41,,Loài
hypnolizard,12,41,,Loài
charger_(helldivers),12,41,,Loài
chargin'_chuck,12,41,"chargin_chuck,charging_chuck",Loài
skunny,12,41,,Loài
tundra_wolf,12,41,,Loài
ambient_human,12,41,,Loài
half-vampire,12,41,,Loài
malayan_tiger,12,41,,Loài
eldwurm_(dragon's_blood),12,41,,Loài
dragonfish,12,41,,Loài
anthro_merfolk,12,40,,Loài
turf_tiger,12,40,,Loài
parasitiform,12,40,"anactinotrichid,anactinotrichida,parasitiforme,parasitiformes",Loài
blackagumon,12,40,,Loài
rockman_(species),12,40,,Loài
archosaur,12,40,,Loài
sleeper_shark,12,40,,Loài
arakkoa,12,40,,Loài
macropod_taur,12,40,"macropodid_taur,macropodidtaur,macropodtaur",Loài
goblin_(gigantic),12,40,,Loài
distortus_rex,12,40,,Loài
akinna,12,40,,Loài
lyran_(lunate),12,40,,Loài
lynx_humanoid,12,40,,Loài
caterkiller,12,40,,Loài
radroach_(fallout),12,40,,Loài
rahi,12,40,,Loài
kanj'isha,12,40,,Loài
martin_(bird),12,40,,Loài
great_grey_shrike,12,40,,Loài
marvellous_spatuletail,12,40,,Loài
moa_(warframe),12,40,,Loài
snarbolax,12,40,,Loài
yellow_toad,12,40,,Loài
revenant_(supersoupnova),12,40,,Loài
viatores,12,40,,Loài
yiga,12,40,,Loài
lizard_(bless_unleashed),12,40,,Loài
guardian_(tloz),12,40,,Loài
tigerbee,12,40,,Loài
tiger_moth,12,40,,Loài
yrryf,12,40,,Loài
winged_yoshi,12,40,,Loài
plant_cloak_burmy,12,40,"burmy_(grass),burmy_(grass_cloak),burmy_(grass_form),burmy_(grass_forme),burmy_(grassy),burmy_(grassy_cloak),burmy_(grassy_form),burmy_(grassy_forme),burmy_(leaf),burmy_(leaf_cloak),burmy_(leaf_form),burmy_(leaf_forme),burmy_(leafy),burmy_(leafy_cloak),burmy_(leafy_form),burmy_(leafy_forme),burmy_(plant_cloak),burmy_(plant_form),burmy_(plant_forme),burmy_grass,burmy_grass_cloak,burmy_grass_form,burmy_grass_forme,burmy_grassy,burmy_grassy_cloak,burmy_grassy_form,burmy_grassy_forme,burmy_leaf,burmy_leaf_cloak,burmy_leaf_form,burmy_leaf_forme,burmy_leafy,burmy_leafy_cloak,burmy_leafy_form,burmy_leafy_forme,burmy_plant,burmy_plant_cloak,burmy_plant_form,burmy_plant_forme,grass_burmy,grass_cloak_burmy,grass_form_burmy,grass_forme_burmy,grassy_burmy,grassy_cloak_burmy,grassy_form_burmy,grassy_forme_burmy,leaf_burmy,leaf_cloak_burmy,leaf_form_burmy,leaf_forme_burmy,leafy_burmy,leafy_cloak_burmy,leafy_form_burmy,leafy_forme_burmy,plant_burmy,plant_form_burmy,plant_forme_burmy",Loài
norwegian_elkhound,12,40,norweigan_elkhound,Loài
birrin,12,40,,Loài
banded_penguin,12,40,spheniscus,Loài
calupoh,12,40,,Loài
windea_(fadingsky),12,40,,Loài
violet_mizutsune,12,40,,Loài
jelly_neopet,12,40,,Loài
cuptain,12,40,,Loài
abyssal_lagiacrus,12,39,,Loài
pup_bee,12,39,,Loài
asian_elephant,12,39,,Loài
simulacrum,12,39,,Loài
eyebot_(fallout),12,39,,Loài
celestrian,12,39,,Loài
protectron_(fallout),12,39,,Loài
accipitriform_humanoid,12,39,,Loài
dire_helicopter,12,39,,Loài
sharkitty_(yongin),12,39,,Loài
dinodog_(species),12,39,,Loài
fan_rotom,12,39,"air_form_rotom,air_forme_rotom,air_rotom,electric_fan_form_rotom,electric_fan_forme_rotom,electric_fan_rotom,fan_form_rotom,fan_forme_rotom,fly_form_rotom,fly_forme_rotom,fly_rotom,flying_form_rotom,flying_forme_rotom,flying_rotom,rotom_(air),rotom_(air_form),rotom_(air_forme),rotom_(electric_fan),rotom_(electric_fan_form),rotom_(electric_fan_forme),rotom_(fan_form),rotom_(fan_forme),rotom_(fly),rotom_(fly_form),rotom_(fly_forme),rotom_(flying),rotom_(flying_form),rotom_(flying_forme),rotom_air,rotom_air_form,rotom_air_forme,rotom_electric_fan,rotom_electric_fan_form,rotom_electric_fan_forme,rotom_fan,rotom_fan_form,rotom_fan_forme,rotom_fly,rotom_fly_form,rotom_fly_forme,rotom_flying,rotom_flying_form,rotom_flying_forme",Loài
brass_dragon_(dnd),12,39,,Loài
furred_dragon_taur,12,39,,Loài
bowgart,12,39,,Loài
netherwulf_(species),12,39,,Loài
worm_humanoid,12,39,,Loài
raskvel,12,39,,Loài
kin_(bloodborne),12,39,,Loài
half-demon,12,39,,Loài
house_martin,12,39,,Loài
demon_horse,12,39,,Loài
hair_creature,12,39,,Loài
tizzian,12,39,,Loài
khovita,12,39,,Loài
commerson's_dolphin,12,39,"commerson_dolphin,commersons_dolphin,jacobita,panda_dolphin,piebald_dolphin,skunk_dolphin",Loài
lionhead_rabbit,12,39,,Loài
living_book,12,39,,Loài
grox_(spore),12,39,,Loài
enderwoman,12,39,,Loài
iceleomon,12,39,"panjyamon,snowleomon",Loài
bactrian,12,39,,Loài
great_baggi,12,39,,Loài
pianitchi,12,39,,Loài
shuna,12,39,,Loài
3po-series_protocol_droid,12,39,,Loài
flowercat,12,39,,Loài
werepoodle,12,39,,Loài
dryosaurid,12,39,dryosaur,Loài
lutecian,12,39,,Loài
wall-nut,12,39,,Loài
missile_toe_(pvz),12,39,,Loài
missile_toe,12,39,,Loài
lyleen_(pal),12,39,,Loài
web_(tma),12,39,,Loài
elphidran,12,39,,Loài
goblinoid,12,39,,Loài
river_pig,12,39,potamochoerus,Loài
mint_cream_alcremie,12,39,,Loài
cardigan_welsh_corgi,12,39,,Loài
mink-mink_harpy,12,39,,Loài
duplighost,12,39,,Loài
creeper_taur,12,39,,Loài
daku,12,39,,Loài
irish_terrier,12,39,,Loài
warbler,12,39,,Loài
yaga,12,38,,Loài
blackguilmon,12,38,,Loài
blackgabumon,12,38,,Loài
bat_(cave_story),12,38,,Loài
viscacha,12,38,,Loài
tenrec_humanoid,12,38,,Loài
otusian,12,38,,Loài
vishap_(genshin_impact),12,38,,Loài
binturong_humanoid,12,38,,Loài
tris_(tloz),12,38,,Loài
nathrezim,12,38,,Loài
troll_(feral),12,38,,Loài
majex_(pal),12,38,,Loài
ambient_barnacle,12,38,ambient_barnacles,Loài
girl_(8eyes),12,38,,Loài
stepmother_and_stepdaughter_(lore),15,38,stepmother_and_stepdaughter,Lore
fantail_pigeon,12,38,,Loài
tempest_wolf,12,38,,Loài
yaoguai,12,38,"yaogui,yaojing,yaomo,yāoguài,yāoguǐ,yāojīng,yāomó",Loài
brain_coral,12,38,,Loài
water_spirit,12,38,,Loài
eurasian_blue_tit,12,38,blue_tit,Loài
feathered_dragon_humanoid,12,38,,Loài
foot_head,12,38,,Loài
lambeosaurus,12,38,,Loài
zoid,12,38,,Loài
rain_deer_(rain_world),12,38,,Loài
penis_monster,12,38,,Loài
thang,12,38,,Loài
a-10,12,38,"a-10_thunderbolt,a-10_warthog",Loài
eld's_deer,12,38,,Loài
folfitty,12,38,,Loài
learnosaurus,12,38,,Loài
manotaur,12,38,,Loài
cape_fox,12,38,,Loài
kindred_(world_of_darkness),12,38,,Loài
dryosaurus,12,38,dryosaurus_(species),Loài
half_human,12,38,,Loài
hourglass_dolphin,12,38,,Loài
cherub_(homestuck),12,38,"cherub_(hs),homestuck_cherub",Loài
buzzbomber,12,38,,Loài
weresciurid,12,38,,Loài
plugboy,12,38,,Loài
goshawk,12,38,goswhawk,Loài
moonbee,12,38,,Loài
pampas_fox,12,38,"azara's_fox,azaras_fox",Loài
andrewsarchus,12,38,,Loài
hunter_gamma_(resident_evil),12,38,,Loài
luck_dragon,12,38,,Loài
thel,12,38,,Loài
gambian_pouched_rat,12,38,,Loài
galra,12,38,,Loài
tiger_demon,12,38,,Loài
pinstriped_poker,12,38,,Loài
tiban,12,38,,Loài
grovetender,12,38,,Loài
skandark,12,38,skanderp,Loài
ibis_humanoid,12,38,,Loài
california_sea_lion,12,38,,Loài
threskiornithid_humanoid,12,38,,Loài
three-legged_crow,12,38,"golden_crow,jinwu,sun_crow,three_legged_crow,tripedal_crow,yangwu",Loài
cat_fish_(sar),12,38,,Loài
malayan_tapir,12,37,"asian_baku,asian_tapir,asiatic_baku,asiatic_tapir,badak_tampung,cipan,indian_baku,indian_tapir,malay_baku,malay_tapir,malayan_baku,malaysian_baku,malaysian_tapir,oriental_baku,oriental_tapir,piebald_baku,piebald_tapir,tenuk",Loài
ichorynth,12,37,,Loài
green_tree_python,12,37,,Loài
trianii,12,37,,Loài
angus_cattle,12,37,,Loài
green_nargacuga,12,37,,Loài
highland_psycrhen,12,37,,Loài
austroraptor,12,37,,Loài
icelandic_horse,12,37,,Loài
white_dragon_(dnd),12,37,,Loài
tamarin,12,37,saguinus,Loài
purrelyly,12,37,,Loài
great_wroggi,12,37,,Loài
groenendael,12,37,,Loài
eydynx,12,37,,Loài
umiyaena,12,37,,Loài
helper_drone_(vader-san),12,37,,Loài
gryphonification,12,37,,Loài
grunt_(madness_combat),12,37,,Loài
hyrax,12,37,"dassie,hyracoid,hyracoidea",Loài
living_submarine,12,37,,Loài
pinky_(doom),12,37,,Loài
living_candle,12,37,,Loài
markhor,12,37,screw_horn_goat,Loài
sand_cat_humanoid,12,37,,Loài
zeuclid,12,37,,Loài
fumamon,12,37,,Loài
bb-series_astromech_droid,12,37,,Loài
fume-shroom,12,37,fume_shroom,Loài
bellyburster_(alien_vs._predator),12,37,,Loài
caterpillar_humanoid,12,37,,Loài
spotted_salamander,12,37,"yellow-spotted_salamander,yellow_spotted_salamander",Loài
dimorphodon,12,37,,Loài
servant_(giant_ojou-sama),12,37,,Loài
kacheek,12,37,,Loài
common_bowgart,12,37,,Loài
florvian_(frooby),12,37,,Loài
cryolophosaurus,12,37,cryolophosaur,Loài
vulture_(rain_world),12,37,,Loài
candy_neopet,12,37,,Loài
martian_(looney_toons),12,37,,Loài
snittle,12,37,,Loài
barnacle_(hl),12,37,,Loài
west_sea_shellos,12,37,"shellos_(west_sea),shellos_west,shellos_west_sea,west_shellos",Loài
chiropteran_demon,12,37,,Loài
silgrian,12,37,,Loài
cheetah_taur,12,37,cheetahtaur,Loài
mossanda,12,37,,Loài
halfcut,12,37,swb,Loài
ink_creature,12,37,,Loài
mipedian,12,37,,Loài
nyxie,12,37,,Loài
mandrake_major,12,37,,Loài
tundran_woolcoat,12,37,,Loài
landorus_(incarnate_form),12,37,,Loài
mabari,12,37,,Loài
suchomimus,12,37,suchomimus_(species),Loài
arukenimon,12,37,,Loài
horshu,12,37,,Loài
gobiiform,12,37,,Loài
kangaroo_taur,12,37,"kangarootaur,kangarootaur_(species)",Loài
nightshade_paolumu,12,37,,Loài
honeysham,12,37,,Loài
lawachurl,12,37,,Loài
sargorn,12,36,,Loài
mudskipper,12,36,,Loài
nibblonian,12,36,,Loài
voogaroo,12,36,,Loài
rare_monster_(my_singing_monsters),12,36,rare_monster_(msm),Loài
horn_point,12,36,,Loài
mirror_dragon,12,36,,Loài
fenomenan,12,36,,Loài
perk_gourmand,12,36,,Loài
matriarch_queen,12,36,,Loài
machinedramon,12,36,,Loài
imp_humanoid,12,36,,Loài
wereotter,12,36,,Loài
powerwild,12,36,,Loài
vampire_deer,12,36,,Loài
domino_sisters,12,36,,Loài
mau_(pal),12,36,,Loài
spiny_lizard,12,36,"fence_lizard,sceloporus",Loài
american_curl,12,36,,Loài
minion_(overlord),12,36,,Loài
red_river_hog,12,36,,Loài
sabrecat,12,36,,Loài
snork,12,36,,Loài
dusk_mane_necrozma,12,36,ultra_solgaleo,Loài
dragon_naga,12,36,,Loài
roden,12,36,,Loài
dimo_(roco_kingdom),12,36,,Loài
dogo_argentino,12,36,argentine_dogo,Loài
pearlcatcher_dragon,12,36,,Loài
anubian_jackal_humanoid,12,36,,Loài
neapolitan_mastiff,12,36,"can'e_presa,can_e_presa,italian_molosso,mastino_dog,mastino_mastiff,mastino_napoletano",Loài
sand_tiger_shark,12,36,,Loài
living_cupcake,12,36,,Loài
ambient_cat,12,36,,Loài
hell_phoenix,12,36,,Loài
tianma,12,36,,Loài
pink_toad,12,36,,Loài
draken,12,36,,Loài
fox_squirrel,12,36,"bryant's_fox_squirrel,bryants_fox_squirrel,eastern_fox_squirrel",Loài
lq-84_fenrir,12,36,,Loài
blue_bunting,12,36,,Loài
shushu,12,36,,Loài
loupmoon,12,36,,Loài
cissa_(genus),12,36,,Loài
north_american_cougar,12,36,florida_panther,Loài
enamorus_(incarnate_form),12,36,,Loài
green_puyo,12,36,,Loài
sahagin,12,36,,Loài
sockbat_(species),12,36,,Loài
pumpkinmon,12,35,,Loài
slithereen,12,35,,Loài
pellucid_hawk_moth,12,35,,Loài
alaskan_husky,12,35,,Loài
pawns_(fattmana),12,35,,Loài
ape_humanoid,12,35,,Loài
goat_dragon,12,35,,Loài
m_line_kishin,12,35,,Loài
indochinese_green_magpie,12,35,"yellow-breasted_magpie,yellow_breasted_magpie",Loài
ocicat,12,35,,Loài
snake_demon,12,35,,Loài
weresuine,12,35,"wereporcine,weresuina",Loài
weresuid,12,35,,Loài
crinoid,12,35,"comatulid,crinoidea,crinoidean,feather_star,sea_lily",Loài
toydarian,12,35,,Loài
overcast_form_cherrim,12,35,,Loài
arini,12,35,,Loài
skunkettemon,12,35,,Loài
iguini,12,35,,Loài
rhinoceros_humanoid,12,35,"rhino_humanoid,rhinocerotoid_humanoid",Loài
saurin,12,35,,Loài
agudner,12,35,,Loài
white_dragon_(species),12,35,,Loài
chuckwalla,12,35,sauromalus,Loài
reverse_gryphon,12,35,,Loài
norn,12,35,,Loài
parasyte,12,35,,Loài
longhorn,12,35,,Loài
paradrakes_(species),12,35,,Loài
primal_(biomutant),12,35,,Loài
hive_tyrant,12,35,,Loài
super_red_panda_(sar),12,35,,Loài
livly_(species),12,35,,Loài
firewolf,12,35,,Loài
digimon_taur,12,35,"digi_taur,digimontaur,digitaur",Loài
blumaroo,12,35,,Loài
noice_face_eiscue,12,35,"eiscue_(no_ice),eiscue_(no_ice_face),eiscue_(noice_face),eiscue_no_ice,eiscue_no_ice_face,eiscue_noice,eiscue_noice_face,melted_eiscue,no_ice_cube_eiscue,no_ice_eiscue,no_ice_face_eiscue,noice_eiscue",Loài
nogitsune,12,35,yako_(fox),Loài
evil_hare_(monster_rancher),12,35,,Loài
french_bulldog,12,35,"bouledogue_francais,bouledogue_français,french_bull_dog,frenchie",Loài
enoki_(helixel),12,35,,Loài
prehensile_tailed_rat,12,35,,Loài
hog_badger,12,35,,Loài
scp-131,12,35,,Loài
zonai_construct,12,35,,Loài
american_staffordshire_terrier,12,35,"american_staffordshire,amstaff,staffordshire_terrier",Loài
chinstrap_penguin,12,35,,Loài
deinosuchus,12,35,,Loài
spiral_dragon,12,35,,Loài
red_ruffed_lemur,12,35,,Loài
zess,12,35,,Loài
skalgan_(the_nature_of_predators),12,35,,Loài
demiboy_(lore),15,35,demiboy,Lore
seahawk,12,35,,Loài
ancient_(rain_world),12,35,,Loài
wuzzle,12,35,,Loài
mountainfolk,12,35,,Loài
potato_mine_(pvz),12,35,,Loài
raiju,12,35,raijū,Loài
aptonoth,12,35,,Loài
dossur_(the_nature_of_predators),12,35,,Loài
erogenetian,12,35,,Loài
space_dog_(pikmin),12,35,,Loài
muh'kean,12,35,,Loài
woolly_mouse,12,35,,Loài
turkey_vulture,12,35,turkey_buzzard,Loài
spectacled_flying_fox,12,35,spectacled_fruit_bat,Loài
devidramon,12,35,,Loài
bosmer,12,35,,Loài
barbary_lion,12,34,,Loài
mecranord,12,34,,Loài
masked_palm_civet,12,34,,Loài
vessel_(godhusk),12,34,,Loài
fuzzy_(mario),12,34,,Loài
krii,12,34,,Loài
holotropical_parrot,12,34,,Loài
selkirk_rex,12,34,,Loài
yahg,12,34,,Loài
sekarri,12,34,,Loài
watchdog,12,34,,Loài
spanish_dancer,12,34,,Loài
fork-tailed_flycatcher,12,34,,Loài
broodsac,12,34,,Loài
mephitidae,12,34,,Loài
macropod_humanoid,12,34,,Loài
hormagaunt,12,34,,Loài
thai_cat,12,34,,Loài
bushtit,12,34,"aegithalid,aegithalidae,bush_tit,long-tail_tit,long_tail_tit,long_tailed_tit",Loài
fenkey,12,34,,Loài
bleitsell,12,34,,Loài
rat_terrier,12,34,"american_rat_terrier,decker_giant,rattie_terrier,ratting_terrier",Loài
horned_viper,12,34,,Loài
yakutian_laika,12,34,"yakut_laika,Якутская_лайка",Loài
rain_imp,12,34,,Loài
briard,12,34,"berger_briard,berger_de_brie",Loài
shiba_inu_humanoid,12,34,,Loài
hilachev,12,34,,Loài
bestial_object,12,34,,Loài
trochilinae,12,34,typical_hummingbird,Loài
raichamonolith,12,34,,Loài
galago,12,34,"bush_baby,bushbaby",Loài
behemoth_(dauntless),12,34,,Loài
cyborg_taur,12,34,,Loài
kangaroo_humanoid,12,34,,Loài
airplane_pony,12,34,,Loài
nereid,12,34,,Loài
vakari,12,34,,Loài
cyberdog_(fallout),12,34,,Loài
equine_satyr,12,34,,Loài
same-species_taur,12,34,,Loài
sea_duck,12,34,"merginae,mergini,seaduck",Loài
fraggle,12,34,,Loài
lum_(species),12,34,,Loài
kiev'arian,12,34,,Loài
silver_rathalos,12,34,,Loài
bloodletter,12,34,,Loài
pyrubis_(insomniacovrlrd),12,34,,Loài
omnimon,12,34,,Loài
proboscis_monkey,12,34,,Loài
anubismon,12,34,,Loài
storm_drake,12,34,,Loài
brushtail_marten,12,34,,Loài
white-winged_parakeet,12,34,,Loài
white-bellied_caique,12,34,,Loài
cacklin,12,34,,Loài
daspletosaurus,12,34,,Loài
monolophosaurus,12,34,,Loài
sunny_castform,12,34,"castform_(fire),castform_(fire_form),castform_(fire_forme),castform_(sun),castform_(sun_form),castform_(sun_forme),castform_(sunny_form),castform_(sunny_forme),castform_fire,castform_fire_form,castform_fire_forme,castform_sun,castform_sun_form,castform_sun_forme,castform_sunny,castform_sunny_form,castform_sunny_forme,fire_castform,fire_form_castform,fire_forme_castform,sun_castform,sun_form_castform,sun_forme_castform,sunny_form_castform,sunny_forme_castform",Loài
hydrozoan,12,34,,Loài
dragonwrought_kobold,12,34,,Loài
cookie_humanoid,12,34,,Loài
gatomon_x,12,34,,Loài
griffon_vulture,12,34,,Loài
chikin,12,34,,Loài
japanese_fire_belly_newt,12,34,japanese_firebelly_newt,Loài
calico_fox,12,34,,Loài
italian_wolf,12,34,,Loài
lobani,12,34,,Loài
thunder_beast_(flower_knight_dakini),12,34,,Loài
cal-tsi,12,34,,Loài
thunderlord_zinogre,12,34,,Loài
mawframe,12,33,,Loài
moglin,12,33,,Loài
african_viper,12,33,"african_adder,bitis",Loài
jaquin,12,33,,Loài
longtailclops,12,33,,Loài
longtail_carpet_shark,12,33,"bamboo_shark,hemiscylliid,hemiscylliidae",Loài
living_bus,12,33,,Loài
neferkiti,12,33,"neferkiti_(game_theory),unnamed_fakemon_(matpat)",Loài
qurio,12,33,,Loài
loox,12,33,,Loài
sabresune,12,33,,Loài
vaxasaurian,12,33,,Loài
piraka,12,33,,Loài
hybrid_(wof),12,33,,Loài
hoatzin,12,33,,Loài
dolphin_(mario),12,33,,Loài
hog-nosed_skunk,12,33,hognosed_skunk,Loài
avali_taur,12,33,,Loài
huppermage,12,33,,Loài
nucleon_(fakemon),12,33,,Loài
generation_2_bakugan,12,33,,Loài
springlock_suit,12,33,,Loài
american_eskimo,12,33,american_eskimo_dog,Loài
corcoracid,12,33,"corcoracidae,struthidea_(genus)",Loài
cabbit_(tenchi_muyo),12,33,,Loài
marilith,12,33,,Loài
white-beaked_dolphin,12,33,,Loài
chi-yu,12,33,,Loài
drimogemon,12,33,,Loài
unspecified,12,33,,Loài
bane_(species),12,33,,Loài
fillyjonk,12,33,,Loài
aegiri,12,33,,Loài
mixel_(species),12,33,,Loài
red_core_minior,12,33,,Loài
hati_(zzz),12,33,,Loài
hairless_rat,12,33,,Loài
true_cobra,12,33,"naja_(genus),naja_(snake),naja_snake",Loài
hellwolf,12,33,,Loài
squellac,12,33,,Loài
runebear_(elden_ring),12,33,,Loài
mexican_eagle,12,33,,Loài
apostlebird,12,33,,Loài
cape_vulture,12,33,,Loài
celestial_wolf,12,33,,Loài
caprigor,12,33,,Loài
mow_rotom,12,33,"grass_form_rotom,grass_forme_rotom,grass_rotom,lawn_mower_form_rotom,lawn_mower_forme_rotom,lawn_mower_rotom,lawnmower_form_rotom,lawnmower_forme_rotom,lawnmower_rotom,mow_form_rotom,mow_forme_rotom,mower_form_rotom,mower_forme_rotom,mower_rotom,mowing_form_rotom,mowing_forme_rotom,mowing_rotom,rotom_(grass),rotom_(grass_form),rotom_(grass_forme),rotom_(lawn_mower),rotom_(lawn_mower_form),rotom_(lawn_mower_forme),rotom_(lawnmower),rotom_(lawnmower_form),rotom_(lawnmower_forme),rotom_(mow_form),rotom_(mow_forme),rotom_(mower),rotom_(mower_form),rotom_(mower_forme),rotom_(mowing),rotom_(mowing_form),rotom_(mowing_forme),rotom_grass,rotom_grass_form,rotom_grass_forme,rotom_lawn_mower,rotom_lawn_mower_form,rotom_lawn_mower_forme,rotom_lawnmower,rotom_lawnmower_form,rotom_lawnmower_forme,rotom_mow,rotom_mow_form,rotom_mow_forme,rotom_mower,rotom_mower_form,rotom_mower_forme,rotom_mowing,rotom_mowing_form,rotom_mowing_forme",Loài
matanu,12,33,,Loài
boo_block,12,33,,Loài
cowplant_(the_sims),12,33,,Loài
absukian,12,33,,Loài
mesopotamian_blue,12,33,,Loài
yellow_flower_florges,12,33,,Loài
landcats,12,33,,Loài
mud_creature,12,33,"living_mud,mud_monster",Loài
murid_taur,12,33,,Loài
chort,12,33,,Loài
shadel,12,33,,Loài
ushi-oni_(mge),12,33,,Loài
spectral_bat,12,33,,Loài
forgetail,12,33,,Loài
borealan,12,33,,Loài
shorthair_cat,12,33,,Loài
latius,12,33,,Loài
slerm,12,33,,Loài
selenite,12,33,,Loài
archvile_(doom),12,32,,Loài
blargg,12,32,,Loài
ogre_(dragon_quest_x),12,32,,Loài
minion_(lol),12,32,,Loài
inphernal,12,32,,Loài
texas_horned_lizard,12,32,,Loài
small_cabbage_white,12,32,small_white_butterfly,Loài
caracat,12,32,,Loài
zapper_(grimm3d),12,32,,Loài
lux_(species),12,32,,Loài
ural_owl,12,32,,Loài
cotingid,12,32,"cotinga,cotingidae",Loài
drukhari,12,32,,Loài
wereowl,12,32,,Loài
western_spotted_skunk,12,32,,Loài
rosetted_tabby,12,32,,Loài
nure-onna,12,32,,Loài
chevrotain,12,32,"mouse-deer,mouse_deer,tragulid,tragulidae,tragulus",Loài
valtalska_dercas,12,32,,Loài
kasa-obake,12,32,,Loài
zedian,12,32,,Loài
floofshark,12,32,,Loài
datamon,12,32,,Loài
gelfling,12,32,,Loài
green_toad,12,32,,Loài
calling_gecko,12,32,true_gecko,Loài
bengal_fox,12,32,indian_fox,Loài
calderian,12,32,,Loài
llama_(minecraft),12,32,,Loài
living_motorcycle,12,32,,Loài
living_rainbow,12,32,,Loài
fire_ant,12,32,"ginger_ant,red_ant",Loài
conductoid,12,32,,Loài
chaos_god,12,32,,Loài
common_gull,12,32,mew_gull,Loài
dragon_(lol),12,32,,Loài
aeriatlas,12,32,,Loài
plant_cloak_wormadam,12,32,"grass_cloak_wormadam,grass_form_wormadam,grass_forme_wormadam,grass_wormadam,grassy_cloak_wormadam,grassy_form_wormadam,grassy_forme_wormadam,grassy_wormadam,leaf_cloak_wormadam,leaf_form_wormadam,leaf_forme_wormadam,leaf_wormadam,leafy_cloak_wormadam,leafy_form_wormadam,leafy_forme_wormadam,leafy_wormadam,plant_form_wormadam,plant_forme_wormadam,plant_wormadam,wormadam_(grass),wormadam_(grass_cloak),wormadam_(grass_form),wormadam_(grass_forme),wormadam_(grassy),wormadam_(grassy_cloak),wormadam_(grassy_form),wormadam_(grassy_forme),wormadam_(leaf),wormadam_(leaf_cloak),wormadam_(leaf_form),wormadam_(leaf_forme),wormadam_(leafy),wormadam_(leafy_cloak),wormadam_(leafy_form),wormadam_(leafy_forme),wormadam_(plant_cloak),wormadam_(plant_form),wormadam_(plant_forme),wormadam_grass,wormadam_grass_cloak,wormadam_grass_form,wormadam_grass_forme,wormadam_grassy,wormadam_grassy_cloak,wormadam_grassy_form,wormadam_grassy_forme,wormadam_leaf,wormadam_leaf_cloak,wormadam_leaf_form,wormadam_leaf_forme,wormadam_leafy,wormadam_leafy_cloak,wormadam_leafy_form,wormadam_leafy_forme,wormadam_plant,wormadam_plant_cloak,wormadam_plant_form,wormadam_plant_forme",Loài
lictor_(tyranid),12,32,,Loài
equid_satyr,12,32,,Loài
ixian,12,32,,Loài
plushie_neopet,12,32,,Loài
red-striped_basculin,12,32,"red-stripe_basculin,red-stripe_form_basculin,red-striped_form_basculin,red_basculin,red_form_basculin,red_stripe_basculin,red_stripe_form_basculin,red_striped_basculin,red_striped_form_basculin",Loài
seadragon_(fish),12,32,phyllopteryx,Loài
moth_demon,12,32,,Loài
demonic-dragon,12,32,,Loài
reaper_leviathan_(subnautica),12,32,,Loài
allotheria,12,32,,Loài
metjef,12,32,,Loài
mountain_kobold,12,32,,Loài
lepidopterran_(ben_10),12,32,"lepidopterran,lepidopterran_(ben_ten)",Loài
butterfly_dragon,12,32,,Loài
tokay_gecko,12,32,,Loài
verdanian,12,32,,Loài
felstalker_(warcraft),12,32,,Loài
atlantic_spotted_dolphin,12,32,,Loài
cobrat,12,32,,Loài
paddlefish,12,32,,Loài
nexus_(species),12,32,,Loài
orca_taur,12,32,orcataur,Loài
cuca_(brazilian_mythology),12,32,,Loài
chowba,12,32,,Loài
tapeworm,12,32,,Loài
voidling,12,32,,Loài
european_wildcat,12,32,scottish_wildcat,Loài
kobold_(kobold_festival),12,32,,Loài
jandaya,12,32,"aratinga,jandaia",Loài
clicker_(tlou),12,32,,Loài
quematrice,12,32,,Loài
hissi_(neopets),12,32,,Loài
naiad,12,32,,Loài
dinobot_(species),12,32,,Loài
springer_spaniel,12,32,,Loài
pyrrhura,12,32,,Loài
herrerasaurid,12,32,"herrarasaurid,herrarasauridae,herrerasauridae",Loài
silvex,12,32,,Loài
trifeagon,12,32,,Loài
shadow_humanoid,12,32,,Loài
stalker_(subnautica),12,32,,Loài
procyonid_taur,12,31,,Loài
vortian,12,31,,Loài
basculegion_(female_form),12,31,,Loài
protopet,12,31,,Loài
mythological_arthropod,12,31,,Loài
mythological_arachnid,12,31,,Loài
namazu,12,31,,Loài
stormbeast,12,31,,Loài
vinesian,12,31,,Loài
ptarmigan,12,31,lagopus,Loài
porcupinefish,12,31,"balloon_fish,balloonfish,blow_fish,blowfish,diodontid,diodontidae,globe_fish,globefish,porcupine_fish",Loài
poppy_bros_jr.,12,31,,Loài
warden_(creatures_of_sonaria),12,31,,Loài
zevashi_roach,12,31,,Loài
variant,12,31,,Loài
colugo,12,31,"cobego,cynocephalid,cynocephalidae,dermoptera,dermopteran,flying_lemur",Loài
super_werewolf_(sar),12,31,,Loài
spitbug,12,31,,Loài
weremarsupial,12,31,,Loài
coronavirus_(organism),12,31,,Loài
corruption_(species),12,31,,Loài
kantus_(gears_of_war),12,31,,Loài
girtablilu,12,31,"aqrabuamelu,scorpion_man,scorpion_men",Loài
quillspike,12,31,,Loài
gjonk,12,31,,Loài
crab-eating_fox,12,31,"cerdocyon,crab_eating_fox,maikong",Loài
crab_taur,12,31,crabtaur,Loài
minior_(meteor_form),12,31,,Loài
kazdruk,12,31,,Loài
kecha_wacha,12,31,,Loài
roshenon,12,31,,Loài
gnollsune,12,31,,Loài
draggot_(species),12,31,,Loài
hyena_taur,12,31,hyaenid_taur,Loài
hygrodere_(lethal_company),12,31,hydrogere_(lethal_company),Loài
hungry_luma,12,31,,Loài
kinfolk_(species),12,31,"kin-folk_(kindred_fates),kin-folk_(species),kin-folk_species,kin_folk_(kindred_fates),kin_folk_(species),kin_folk_species,kinfolk_(kindred_fates),kinfolk_species",Loài
aegolius,12,31,"saw-whet_owl,saw_whet_owl",Loài
rail_(bird),12,31,,Loài
wishiwashi_(school_form),12,31,,Loài
carapaceon,12,31,,Loài
melmacian,12,31,,Loài
wocky_(neopets),12,31,,Loài
pegasus_taur,12,31,"pegasustaur,pterippus_taur",Loài
eridian_(project_hail_mary),12,31,,Loài
greenland_shark,12,31,,Loài
flarespeon,12,31,,Loài
curly_coated_retriever,12,31,,Loài
bosamon,12,31,,Loài
koel,12,31,,Loài
worm_grass_(rain_world),12,31,,Loài
true_finch,12,31,,Loài
paper_humanoid,12,31,,Loài
australian_terrier,12,31,aussie_terrier,Loài
fire_bro,12,31,"fire_bros,fire_brother,fire_brothers",Loài
krall,12,31,,Loài
tri-brigade,12,31,,Loài
krawk_(neopets),12,31,,Loài
sillay,12,31,,Loài
american_foxhound,12,31,american_fox_hound,Loài
ferret_humanoid,12,31,,Loài
magpie-jay,12,31,"calocitta,magpie_jay",Loài
hamadryas_baboon,12,31,,Loài
bloomara,12,31,,Loài
bohemian_shepherd,12,31,,Loài
ocelot_humanoid,12,31,,Loài
boer_goat,12,31,,Loài
las_plagas_parasite_(resident_evil),12,31,,Loài
cephalopod_merfolk,12,31,,Loài
lusus_naturae,12,31,"lusii,lusus",Loài
scp-745,12,31,,Loài
scourge_beast_(bloodborne),12,31,,Loài
darkling_(rodent_powered),12,31,,Loài
luminari,12,31,,Loài
lemure_(hallowgen),12,31,,Loài
anchovy,12,31,,Loài
sayaad,12,31,,Loài
resplendent_quetzal,12,31,resplendant_quetzal,Loài
opal_(gem_species),12,31,,Loài
lomibu,12,31,,Loài
living_lamp,12,31,,Loài
liloc_(species),12,31,,Loài
blueberry's_race,12,31,,Loài
nahual,12,31,,Loài
living_carrot,12,30,,Loài
living_lemon,12,30,,Loài
death_angel_(a_quiet_place),12,30,,Loài
deira,12,30,,Loài
lizardfolk_(lustful_desires),12,30,,Loài
channel-billed_toucan,12,30,channel_billed_toucan,Loài
heavy_draft,12,30,,Loài
blue_puyo,12,30,,Loài
skye_terrier,12,30,,Loài
yellow-banded_poison_dart_frog,12,30,"bumblebee_poison_frog,yellow-headed_poison_dart_frog,yellow_banded_poison_dart_frog,yellow_headed_poison_dart_frog",Loài
olm,12,30,,Loài
think_tank_(fallout),12,30,,Loài
orange_(gunsawian),12,30,orange_(gunsaw),Loài
lezagrad,12,30,,Loài
azorian,12,30,,Loài
demon_beast,12,30,,Loài
sisalian,12,30,,Loài
theropod_taur,12,30,,Loài
fae_dragon,12,30,,Loài
leech_humanoid,12,30,,Loài
ribbuny,12,30,,Loài
laprine,12,30,,Loài
sin_eater,12,30,,Loài
macaw_humanoid,12,30,,Loài
magma_cube,12,30,,Loài
american_bulldog,12,30,"american_bull_dog,country_bull_dog,country_bulldog,english_white_bull_dog,english_white_bulldog,hill_bull_dog,hill_bulldog,old_southern_white_bull_dog,old_southern_white_bulldog,southern_white_bull_dog,southern_white_bulldog,white_english_bull_dog,white_english_bulldog",Loài
ant_queen,12,30,,Loài
hacksaurus,12,30,battlerex,Loài
nukite,12,30,,Loài
hiver,12,30,,Loài
marcep,12,30,,Loài
tribble,12,30,,Loài
marmoset,12,30,,Loài
cat-sith_(sao),12,30,,Loài
guardian_dragon,12,30,,Loài
tarunah,12,30,,Loài
esper,12,30,,Loài
yugoloth,12,30,,Loài
grimalkyne,12,30,,Loài
borisin,12,30,,Loài
beaver_humanoid,12,30,,Loài
carpenter_bee,12,30,,Loài
horse_fly,12,30,horsefly,Loài
greenland_dog,12,30,"canis_lupus_familiaris_borealis,esquimaux_dog,gronlandshund,grunlandshund,grønlandshund,grünlandshund,kalaallit_qimmiat",Loài
carneline_(kaiju_paradise),12,30,,Loài
tufted_titmouse,12,30,,Loài
blazamut,12,30,,Loài
chinchilla_humanoid,12,30,,Loài
boss_bokoblin,12,30,,Loài
rocky_wrench,12,30,,Loài
green_banana_cockroach,12,30,,Loài
sangloupmon,12,30,,Loài
winter_sprite,12,30,,Loài
aqualateons,12,30,,Loài
cryptid_(call_of_duty),12,30,,Loài
tyranid_warrior,12,30,,Loài
ensafir,12,30,,Loài
ucumar,12,30,,Loài
dragon_moray,12,30,"dragon_moray_eel,leopard_moray,leopard_moray_eel",Loài
raccoon_taur,12,30,raccoontaur,Loài
folicoatl,12,30,,Loài
space_badger,12,30,,Loài
umbrella_leaf_(pvz),12,30,,Loài
space_fox,12,30,,Loài
glow_squid_(minecraft),12,30,glowsquid_(minecraft),Loài
gloink,12,30,,Loài
ichthyosaurus,12,30,,Loài
ichthyosaurid,12,30,,Loài
salted_cream_alcremie,12,30,,Loài
drill_dragon,12,30,,Loài
neoshadow,12,30,,Loài
corrupt_fluffshie,12,30,,Loài
weredinosaur,12,30,,Loài
ghastling_(minecraft),12,30,,Loài
welsh_pony,12,30,,Loài
platypet_(temtem),12,30,,Loài
pyroraptor,12,30,pyroraptor_olympius,Loài
inca-ren,12,30,,Loài
zebra_shark,12,30,,Loài
common_blackbird,12,30,,Loài
frigatebird,12,30,"fregatid,fregatidae",Loài
var'kel,12,30,,Loài
easkull,12,30,,Loài
star_nomad,12,30,,Loài
basking_shark,12,30,,Loài
jellydragon,12,30,,Loài
primal_(granblue_fantasy),12,30,,Loài
brown_swiss_cattle,12,30,,Loài
vulture_demoness,12,30,,Loài
voidling_(lol),12,30,,Loài
jabberwock,12,29,,Loài
straw_dog,12,29,,Loài
cloud_rat,12,29,,Loài
sabersnep,12,29,,Loài
visha,12,29,,Loài
succubat_(dragon_quest),12,29,,Loài
collector,12,29,,Loài
squirrelbold,12,29,,Loài
gannet,12,29,morus,Loài
common_raven,12,29,,Loài
monspik,12,29,,Loài
comoro_flying_fox,12,29,"livingstone's_fruit_bat,livingstones_fruit_bat",Loài
chumouree_(rodent_powered),12,29,,Loài
jin_dahaad,12,29,,Loài
super_persian_cat,12,29,,Loài
mogma,12,29,,Loài
mogu,12,29,,Loài
ruby_(gem_species),12,29,,Loài
vermin_(species),12,29,,Loài
giraffe_weevil,12,29,,Loài
eastern_spotted_skunk,12,29,,Loài
gloopie,12,29,,Loài
east_sea_shellos,12,29,"east_shellos,shellos_(east_sea),shellos_east,shellos_east_sea",Loài
night_creature_(castlevania),12,29,,Loài
e_line_kishin,12,29,,Loài
nimbi,12,29,,Loài
mephit,12,29,,Loài
sandpiper,12,29,sand_piper,Loài
green-cheeked_conure,12,29,"green-cheeked_parakeet,green_cheeked_conure,green_cheeked_parakeet",Loài
flat-headed_cat,12,29,flat_headed_cat,Loài
duskwalker,12,29,,Loài
matron_trim_furfrou,12,29,"furfrou_(matron_form),furfrou_(matron_forme),furfrou_(matron_trim),furfrou_matron,furfrou_matron_form,furfrou_matron_forme,furfrou_matron_trim,matron_form_furfrou,matron_forme_furfrou,matron_furfrou",Loài
solari_(species),12,29,,Loài
gummy_(ravoilie),12,29,,Loài
northern_luzon_cloud_rat,12,29,,Loài
sardonic_lynx,12,29,,Loài
weremacropod,12,29,,Loài
alderian,12,29,,Loài
caenagnathid,12,29,"caenagnathidae,caenagnathidaen",Loài
karo-amu,12,29,,Loài
magicorn,12,29,,Loài
white-eared_opossum,12,29,,Loài
awoken,12,29,,Loài
calot,12,29,,Loài
thanator,12,29,,Loài
ribbon_sweet_alcremie,12,29,,Loài
ogre_(warcraft),12,29,,Loài
blue_flicky,12,29,,Loài
balloonicorn,12,29,,Loài
angel_demon,12,29,,Loài
living_cookie,12,29,,Loài
khaa'ther,12,29,,Loài
draakin,12,29,,Loài
fanaloka,12,29,"malagasy_civet,striped_civet",Loài
kikimora,12,29,,Loài
andorian,12,29,,Loài
raenix_(species),12,29,,Loài
perninae,12,29,,Loài
lethalcreature_(darnhyena),12,29,,Loài
hellhound_humanoid,12,29,,Loài
orb-weaver_spider,12,29,"araneid,araneidae,orb-weaver,orb_weaver,orb_weaver_spider",Loài
tynx,12,29,,Loài
ormer,12,29,,Loài
orthrus,12,29,,Loài
wirebug,12,29,,Loài
amphibiosan,12,29,,Loài
devourer,12,29,,Loài
red_martian,12,29,,Loài
laganaphyllis_simnovorii,12,29,,Loài
lafoyan,12,29,,Loài
lagora,12,29,,Loài
sea_guardians,12,29,,Loài
wolf_(fortnite),12,29,,Loài
hinny,12,29,,Loài
silken_windhound,12,29,,Loài
klingon,12,29,,Loài
erosion_bird,12,29,,Loài
borophagine,12,29,"bone-crushing_dog,borophaginae",Loài
domestic_goose,12,29,,Loài
kobold_(warcraft),12,29,,Loài
boom-boom,12,29,,Loài
holy_beast_(core34),12,29,,Loài
cashmere_goat,12,29,,Loài
stefilmon,12,29,,Loài
brute_tigrex,12,28,,Loài
wraith_neopet,12,28,,Loài
wren,12,28,"troglodytid,troglodytidae,wren_(bird),wren_(species)",Loài
steamfalish_witch,12,28,,Loài
sailfish,12,28,,Loài
shunamir,12,28,,Loài
fudgehog,12,28,,Loài
viwi,12,28,,Loài
catahoula_cur,12,28,"catahoula_hog_cur,catahoula_hog_dog,catahoula_hound,catahoula_leopard_cur,catahoula_leopard_dog,catahoula_leopard_hound,louisiana_catahoula,louisiana_catahoula_leopard_cur,louisiana_catahoula_leopard_dog",Loài
starble,12,28,,Loài
stripe-faced_fruit_bat,12,28,"stripe_faced_fruit_bat,styloctenium",Loài
treeing_dog,12,28,"cur_(hunting_dog),cur_hunting_dog,treeing_cur",Loài
pandamon,12,28,,Loài
ku-series_replica_droid,12,28,,Loài
primal_(final_fantasy_xiv),12,28,,Loài
cinnamon_bear,12,28,,Loài
horned_rabbit,12,28,,Loài
traditional_moogle,12,28,,Loài
ambient_snail,12,28,,Loài
gaboon_viper,12,28,,Loài
pacific_swallow,12,28,,Loài
asian_palm_civet,12,28,,Loài
cave_hyena,12,28,ice_age_spotted_hyena,Loài
ivory_lagiacrus,12,28,,Loài
shelldrake,12,28,,Loài
fringillid,12,28,,Loài
rakshani,12,28,,Loài
violet-backed_starling,12,28,,Loài
horse_satyr,12,28,,Loài
gallantmon,12,28,,Loài
hinox,12,28,,Loài
sun-shroom,12,28,sun_shroom,Loài
sun_parakeet,12,28,sun_conure,Loài
gastropod_taur,12,28,,Loài
sprite_(fortnite),12,28,,Loài
sea_bass,12,28,serranid,Loài
monodelphis,12,28,"short-tailed_opossum,short_tailed_opossum",Loài
wizzrobe,12,28,,Loài
black-chested_buzzard-eagle,12,28,"black-chested_buzzard_eagle,black_buzzard-eagle,black_buzzard_eagle,black_chested_buzzard-eagle,black_chested_buzzard_eagle,chilean_blue_eagle,grey_buzzard-eagle,grey_buzzard_eagle",Loài
himalayan_rabbit,12,28,,Loài
super_raccoon_(sar),12,28,,Loài
landorus_(therian_form),12,28,,Loài
bell_beast_(species),12,28,,Loài
red_puyo,12,28,,Loài
red_virus_(dr._mario),12,28,,Loài
splatterina_(pal),12,28,,Loài
possat,12,28,,Loài
senche-raht,12,28,,Loài
verdugo_(resident_evil),12,28,,Loài
oriole_(bird),12,28,,Loài
fox_squirrel_(ghibli),12,28,,Loài
salamandrian,12,28,,Loài
batgriff,12,28,,Loài
cottoid,12,28,,Loài
war_beast,12,28,,Loài
shigarshil,12,28,,Loài
speculative_species,12,28,,Loài
minxen,12,28,,Loài
kiko_goat,12,28,,Loài
gloom_spawn_(tloz),12,28,,Loài
caninereptile,12,28,,Loài
onychophora,12,28,,Loài
elfane,12,28,,Loài
tilcayo,12,28,,Loài
flytrap_creature,12,28,,Loài
bushwoolies,12,28,,Loài
south_american_tapir,12,28,"anta,brazilian_tapir,lowland_tapir,maned_tapir,sachavaca",Loài
living_pickle,12,28,,Loài
living_number,12,28,,Loài
tajaran,12,28,,Loài
raccoon_dog_humanoid,12,28,,Loài
replica_droid,12,28,,Loài
arabian_wolf,12,28,,Loài
energy_being,12,28,,Loài
skywrath,12,28,,Loài
dyna_blade_(species),12,28,,Loài
rabbit_(minecraft),12,28,,Loài
blue_honeysham,12,28,,Loài
harris's_hawk,12,28,"bay-winged_hawk,bay_winged_hawk,dusky_hawk,harris'_hawk,harris_hawk",Loài
chipori,12,28,,Loài
green_dragon_(dnd),12,28,,Loài
felynn,12,28,,Loài
matriarch_worm,12,28,,Loài
river_zora,12,28,,Loài
river_dolphin,12,28,,Loài
urzuk,12,28,,Loài
martian_vixen,12,28,,Loài
uruk-hai,12,28,"uruk_hai,urukhai",Loài
terrorbird,12,28,,Loài
halloween_neopet,12,28,,Loài
sarcosuchus,12,28,,Loài
daemon_of_nurgle,12,28,,Loài
bestboi,12,28,,Loài
wereboar,12,28,,Loài
duck_humanoid,12,28,,Loài
werekangaroo,12,28,"were_kangaroo,wereroo",Loài
malachite_(gem_species),12,28,,Loài
malo_1.1,12,27,,Loài
caethoram,12,27,,Loài
dalatiid,12,27,dalatiidae,Loài
werebunny,12,27,,Loài
sars-cov-2,12,27,,Loài
anthro_insect,12,27,,Loài
wels_catfish,12,27,,Loài
norwegian_alfheim_dragon,12,27,,Loài
kampfhund,12,27,,Loài
fishing_cat,12,27,,Loài
cyborg_dragon,12,27,,Loài
grison,12,27,"galictis,south_american_wolverine",Loài
felbat,12,27,,Loài
lumari,12,27,,Loài
dwarf_dragon,12,27,,Loài
melpaca,12,27,,Loài
loris,12,27,,Loài
sorg_(species),12,27,,Loài
whitespotted_bamboo_shark,12,27,,Loài
pokemon_naga,12,27,pokémon_naga,Loài
threepeater,12,27,"threepeater_(plants_versus_zombies),threepeater_(plants_vs._zombies),threepeater_(plants_vs_zombies),threepeater_(pvz)",Loài
reppamon,12,27,,Loài
kerian,12,27,,Loài
purple_people_eater,12,27,,Loài
blue_virus_(dr._mario),12,27,,Loài
polar_bear_dog,12,27,,Loài
wiggler_(monster_hunter),12,27,,Loài
living_condiment,12,27,,Loài
skritt,12,27,,Loài
south_american_grey_fox,12,27,"chilla,south_american_gray_fox",Loài
lisko,12,27,,Loài
tiger_salamander,12,27,eastern_tiger_salamander,Loài
enigma_(species),12,27,,Loài
deep_pony,12,27,,Loài
limb_creature,12,27,,Loài
mimic_poison_frog,12,27,,Loài
hybrid_humanoid,12,27,,Loài
burmese_cat,12,27,,Loài
architect_(subnautica),12,27,,Loài
scent_dragon,12,27,,Loài
formie,12,27,,Loài
vehicle_taur,12,27,,Loài
pooka_(folklore),12,27,,Loài
ragworm,12,27,"clam_worm,clamworm,nereidae,nereidid,nereididae,rag_worm",Loài
leprechaun_(homestuck),12,27,"elf_(homestuck),elf_(hs),elves_(homestuck),elves_(hs),frog_men_(homestuck),frog_men_(hs),gnome_(homestuck),gnome_(hs),gnomes_(homestuck),gnomes_(hs),leprechaun_(hs),leprechauns_(homestuck),leprechauns_(hs),puppet_people_(homestuck),puppet_people_(hs),toad_goblin_(homestuck),toad_goblin_(hs)",Loài
winged_unicorn_humanoid,12,27,,Loài
beast_(pikmin),12,27,,Loài
huli_jing,12,27,"huli-jing,jiuweihu",Loài
giant_ground_sloth,12,27,giant_sloth,Loài
corgidile,12,27,,Loài
aix_(genus),12,27,,Loài
suslik_(species),12,27,,Loài
highborne_faerie,12,27,,Loài
moffle_(species),12,27,,Loài
pengullet,12,27,,Loài
arkoshark,12,27,,Loài
vial_(species),12,27,,Loài
gemlin,12,27,,Loài
cellan_(species),12,27,,Loài
bothan,12,27,,Loài
house_sparrow,12,27,,Loài
shetland_sheep,12,27,,Loài
bajoran,12,27,,Loài
silverwind_nargacuga,12,27,,Loài
celesdir_(pal),12,27,,Loài
common_brushtail_possum,12,27,golden_brushtail_possum,Loài
monster_(geometry_dash),12,27,,Loài
digimon_humanoid,12,27,,Loài
alurian,12,27,,Loài
baaz,12,27,,Loài
mosscreep,12,27,,Loài
shampoo_ginger,12,27,,Loài
klaptrap,12,27,,Loài
horny_toad,12,27,"horntoad,north_american_horned_lizard,phrynosoma",Loài
hizathri_(species),12,27,,Loài
frostallion,12,27,,Loài
pale_clouded_yellow,12,27,,Loài
struthiomimus,12,27,,Loài
jawa,12,27,,Loài
ratcicle,12,27,,Loài
cat_shark,12,27,,Loài
european_hare,12,27,,Loài
vobax_(species),12,27,,Loài
eidolon,12,27,,Loài
egyptian_plover,12,27,,Loài
bronze_dragon,12,26,,Loài
batfly_(rain_world),12,26,,Loài
unicronian,12,26,,Loài
dickwolf,12,26,,Loài
pseudoflynx,12,26,,Loài
american_vine_snake,12,26,,Loài
stink_bug,12,26,stinkbug,Loài
leaf_dragon,12,26,,Loài
basilosaurus,12,26,,Loài
mythological_mandrake,12,26,,Loài
dergodal,12,26,,Loài
orion_(star_trek),12,26,,Loài
vulpaphyla,12,26,,Loài
organic_transformed_flyer,12,26,,Loài
silenus,12,26,,Loài
lemur_humanoid,12,26,,Loài
bauble,12,26,,Loài
pyonmon,12,26,,Loài
stranger_(tma),12,26,,Loài
orange_flower_florges,12,26,,Loài
cait_sith_(species),12,26,,Loài
sharkcat,12,26,,Loài
werecattle,12,26,werecow,Loài
arvinian,12,26,,Loài
void_creature,12,26,,Loài
iguana_(genus),12,26,,Loài
skerpent,12,26,,Loài
star_sweet_alcremie,12,26,,Loài
pied_crow,12,26,,Loài
ambient_pterosaur,12,26,,Loài
boximorph,12,26,,Loài
wild_horse,12,26,,Loài
artificial_chaos,12,26,,Loài
radstag_(fallout),12,26,,Loài
viskal,12,26,,Loài
long-eared_hedgehog,12,26,,Loài
catoblepas,12,26,,Loài
olorotitan,12,26,,Loài
epicyon,12,26,,Loài
gatorclaw_(fallout),12,26,,Loài
lowland_psycrhen,12,26,,Loài
rainy_castform,12,26,"castform_(rain),castform_(rain_form),castform_(rain_forme),castform_(rainy_form),castform_(rainy_forme),castform_(water),castform_(water_form),castform_(water_forme),castform_rain,castform_rain_form,castform_rain_forme,castform_rainy,castform_rainy_form,castform_rainy_forme,castform_water,castform_water_form,castform_water_forme,rain_castform,rain_form_castform,rain_forme_castform,rainy_form_castform,rainy_forme_castform,water_castform,water_form_castform,water_forme_castform",Loài
siberian_weasel,12,26,kolonok,Loài
gekko_(tloz),12,26,gekko_(zelda),Loài
dryakui,12,26,,Loài
slime_(terraria),12,26,,Loài
dragonkin_(rapscallion),12,26,,Loài
kanoa_(jimmuarts),12,26,,Loài
horned_dragon,12,26,,Loài
krazoa,12,26,,Loài
pangolin_humanoid,12,26,,Loài
the_nekoluga_family,12,26,,Loài
geoffroy's_cat,12,26,geoffrey's_cat,Loài
m.u.l.e._(drg),12,26,,Loài
sulyvahn's_beast,12,26,,Loài
beech_marten,12,26,stone_marten,Loài
raunikayle,12,26,,Loài
victoria_crowned_pigeon,12,26,,Loài
paper_wasp,12,26,,Loài
bonobo,12,26,"bonobo_chimp,bonobo_chimpanzee,dwarf_chimp,dwarf_chimpanzee,gracile_chimp,gracile_chimpanzee,pygmy_chimp,pygmy_chimpanzee",Loài
korikakumon,12,26,,Loài
reaper_(mass_effect),12,26,,Loài
damselfly,12,26,,Loài
mana_dragon,12,26,,Loài
super_bunny_(sar),12,26,,Loài
nefer_(species),12,26,,Loài
mantid_(warcraft),12,26,klaxxi,Loài
poptop,12,26,,Loài
herrerasaurus,12,26,"herrarasaurus,herrarasaurus_(species)",Loài
dracolotl,12,26,,Loài
super_yellow_bear_(sar),12,26,,Loài
daedric_prince,12,26,,Loài
scorchio_(neopets),12,26,,Loài
scorchbeast_(fallout),12,26,,Loài
spookaboo_(species),12,26,,Loài
goa'uld,12,26,,Loài
gobfin,12,26,,Loài
australian_raven,12,26,,Loài
c-snake,12,26,,Loài
auroricorn,12,26,,Loài
tapir_humanoid,12,26,,Loài
coral_pukei-pukei,12,26,,Loài
yebra,12,26,,Loài
harchen_(the_nature_of_predators),12,26,,Loài
rhodesian_ridgeback,12,26,"african_lion_dog,african_lion_hound,van_rooyen's_lion_dog,van_rooyens_lion_dog",Loài
mixed,12,26,,Loài
saturn_(kaiju_paradise),12,26,,Loài
floralian,12,26,,Loài
merlinisapien,12,26,,Loài
sandbar_shark,12,26,,Loài
merseed_dragon,12,26,,Loài
bloodscale_(imperatorcaesar),12,26,,Loài
ffidyll_(my_singing_monsters),12,26,,Loài
peleng,12,26,,Loài
cardueline_finch,12,26,,Loài
spencer's_goanna,12,26,"spencer's_monitor,spencers_goanna,spencers_monitor",Loài
arenidean,12,26,,Loài
green_vine_snake,12,26,,Loài
dynamonk_(insomniacovrlrd),12,26,,Loài
vajramon,12,26,,Loài
gulper_eel,12,26,pelican_eel,Loài
grub-dog_(pikmin),12,26,,Loài
dweller_(sayeth),12,26,,Loài
grizzlymon,12,26,grizzmon,Loài
poe,12,26,,Loài
grizzlemaw,12,25,,Loài
fish_taur,12,25,,Loài
otter_dragon,12,25,,Loài
bastet_(world_of_darkness),12,25,,Loài
cell_(cells_at_work!),12,25,,Loài
batarian,12,25,,Loài
cellien,12,25,cerulean_(kemono_friends),Loài
elder_thornback_(casualities:_unknown),12,25,,Loài
full_exadian,12,25,,Loài
lanternfish,12,25,"lantern_fish,myctophid,myctophidae",Loài
dorzian,12,25,,Loài
doshaguma,12,25,alpha_doshaguma,Loài
cretaceogekko,12,25,,Loài
flapjack_octopus,12,25,,Loài
pseudo-dendrobate,12,25,,Loài
batsloth,12,25,,Loài
cricetid_humanoid,12,25,,Loài
eleutherodactylus,12,25,,Loài
crinos,12,25,,Loài
carbuncle_(atlyss),12,25,,Loài
mythological_thunderbird,12,25,"thunderbird_(cryptid),thunderbird_(mythological),thunderbird_(mythology),thunderbird_cryptid",Loài
mythological_rainbird,12,25,"mythological_rain_bird,rain_bird,rain_bird_(mythological),rain_bird_(mythology),rainbird,rainbird_(mythological),rainbird_(mythology)",Loài
inostrancevia,12,25,,Loài
cardueline,12,25,,Loài
floater,12,25,,Loài
tokaya,12,25,,Loài
leopard_taur,12,25,,Loài
progenitor_(domehead),12,25,,Loài
pike_(fish),12,25,,Loài
strawberry_poison-dart_frog,12,25,"strawberry_poison_dart_frog,strawberry_poison_frog",Loài
vamcat,12,25,,Loài
grasshopper_mouse,12,25,,Loài
swift_(bird),12,25,,Loài
cotton_slime,12,25,,Loài
crystal_beast,12,25,,Loài
imperial,12,25,,Loài
shogungekomon,12,25,,Loài
hamster_humanoid,12,25,,Loài
wereraccoon,12,25,,Loài
wereprocyonid,12,25,,Loài
kitsune_(paizo),12,25,,Loài
bloophyn,12,25,,Loài
typhon_(species),12,25,,Loài
quasi-ghost,12,25,,Loài
titanian,12,25,,Loài
jykhotl,12,25,,Loài
berdimo,12,25,,Loài
tionerroroct,12,25,,Loài
grabber_(sonic),12,25,,Loài
chaos_chao,12,25,,Loài
brain_slug,12,25,,Loài
carnictis,12,25,,Loài
pig_cop_(duke_nukem),12,25,,Loài
megaraptorid,12,25,megaraptoridae,Loài
chinese_paddlefish,12,25,,Loài
klowahkan_(species),12,25,,Loài
klyntar,12,25,,Loài
living_pastry,12,25,,Loài
living_marshmallow,12,25,,Loài
blue_pianta,12,25,,Loài
pinto,12,25,,Loài
artiomon,12,25,,Loài
yaungol,12,25,,Loài
train_lizard_(rain_world),12,25,,Loài
bovid_demon,12,25,,Loài
dragorii,12,25,,Loài
lost_soul,12,25,,Loài
piraya_piranha,12,25,"black-tailed_piranha,black_tailed_piranha,king_emperor_piranha,piraya,rio_sao_francisco_piranha,rio_são_francisco_piranha,san_francisco_piranha",Loài
velociraptor_(jurassic_park_3),12,25,,Loài
advent,12,25,,Loài
artesian,12,25,,Loài
house_elf,12,25,,Loài
velvet_(gunsawian),12,25,velvet_(gunsaw),Loài
gojirasaurus,12,25,gojirasaurus_(species),Loài
heffalump,12,25,,Loài
gek,12,25,,Loài
venezuelan_poodle_moth,12,25,,Loài
kryptid,12,25,,Loài
pholidine,12,25,,Loài
marsh_deer,12,25,,Loài
mountain_deer_dragon,12,25,,Loài
slime_dragon_(regalbuster),12,25,,Loài
gnoll_(baldur's_gate),12,25,,Loài
hork-bajir,12,25,,Loài
slimegal,12,25,,Loài
suhomei,12,25,,Loài
ruminant,12,25,,Loài
plant_dragon,12,25,,Loài
daemon_engine,12,25,,Loài
fairywren,12,25,"fairy-wren,fairy_wren,malurus",Loài
ebony_odogaron,12,25,,Loài
fairy_penguin,12,25,"blue_penguin,little_blue_penguin,little_penguin",Loài
borobo_(miso_souperstar),12,25,,Loài
mollusk_merfolk,12,25,,Loài
maple_dog,12,25,,Loài
slyveren,12,25,,Loài
abyss_mage,12,25,,Loài
teensie,12,25,,Loài
khyn,12,25,,Loài
raptoid,12,25,,Loài
super_arctic_fox_(sar),12,25,,Loài
mammoth_humanoid,12,25,,Loài
malurid,12,25,"australasian_wren,maluridae,maluridaen",Loài
ravasaur,12,25,,Loài
forzenta,12,25,,Loài
ruby-throated_hummingbird,12,25,ruby_throated_hummingbird,Loài
ulforceveedramon,12,25,alforcev-dramon,Loài
giraffe_taur,12,25,giraffetaur,Loài
evisceroid,12,25,,Loài
magdalian,12,25,,Loài
seal_humanoid,12,25,,Loài
common_coquí,12,25,"common_coqui,coqui,coquí",Loài
snail_shaman_(species),12,25,,Loài
terapagos_(normal_form),12,24,,Loài
gimmighoul_(chest_form),12,24,,Loài
koppaite_(pikmin),12,24,,Loài
nychora,12,24,,Loài
akhlut,12,24,,Loài
vex_(minecraft),12,24,,Loài
moonbruin_(highguard),12,24,,Loài
sea_emperor_leviathan_(subnautica),12,24,,Loài
assassin_bug,12,24,,Loài
squeak_(kirby),12,24,,Loài
hoary_fox,12,24,,Loài
dalmin,12,24,,Loài
kotemon,12,24,,Loài
seeker_of_the_sun,12,24,,Loài
cactus_(pvz),12,24,"cactus_(plants_versus_zombies),cactus_(plants_vs_zombies)",Loài
tripod_(war_of_the_worlds),12,24,,Loài
mon_calamari,12,24,,Loài
x'i,12,24,,Loài
rat_taur,12,24,rattaur,Loài
jigsawry,12,24,,Loài
high_entia,12,24,,Loài
octopus_taur,12,24,,Loài
rouse,12,24,,Loài
eternal_flower_floette,12,24,,Loài
planet_devourer,12,24,,Loài
ranid,12,24,"ranidae,true_frog",Loài
germ_(anpanman),12,24,,Loài
honey_badger_humanoid,12,24,ratel_humanoid,Loài
honey_slime,12,24,,Loài
honey_buzzard,12,24,,Loài
patapon_(tribe),12,24,,Loài
dokri,12,24,,Loài
hooded_skunk,12,24,,Loài
black_caiman,12,24,,Loài
lumine,12,24,,Loài
sciurid_taur,12,24,,Loài
pit_fiend_(might_and_magic),12,24,,Loài
north_american_wolverine,12,24,,Loài
kroot,12,24,,Loài
sibelyx,12,24,,Loài
chaurus,12,24,,Loài
fanged_imp_(elden_ring),12,24,,Loài
shek,12,24,,Loài
gateon,12,24,,Loài
kobold_(pf2e),12,24,,Loài
tardigrade_taur,12,24,,Loài
lorikeet,12,24,loriini,Loài
tapirmon,12,24,bakumon,Loài
raigaar,12,24,,Loài
gargantuan_leviathan_(subnautica),12,24,,Loài
golden_hamster,12,24,,Loài
thornback_(casualities:_unknown),12,24,,Loài
copperhead,12,24,,Loài
muckroach,12,24,,Loài
primal_peashooter,12,24,,Loài
artifice_(dream_mirage),12,24,,Loài
lolcat_(species),12,24,,Loài
enolaraptor,12,24,,Loài
eastern_dragon_taur,12,24,,Loài
replicant,12,24,,Loài
keeper_of_secrets,12,24,,Loài
reptoid,12,24,,Loài
maxirobe,12,24,,Loài
racka,12,24,,Loài
hylian_retriever,12,24,,Loài
affinity_(bayonetta),12,24,,Loài
ticked_tabby,12,24,,Loài
san'shyuum,12,24,"halo_prophet,prophet_(halo),san_shyuum,sanshyuum",Loài
living_bottle,12,24,,Loài
lithulraptor,12,24,,Loài
gor_(beastmen),12,24,,Loài
harlequin_great_dane,12,24,,Loài
yellow_puyo,12,24,,Loài
tzaangor,12,24,,Loài
white_mushroom_(kingdom_hearts),12,24,white_mushroom_(heartless),Loài
ichthyocentaur,12,24,,Loài
onocentaur,12,24,,Loài
banana_humanoid,12,24,,Loài
poltergeist,12,24,,Loài
feliform,12,24,,Loài
peccary,12,24,"javelina,pecari,skunk_pig,tayassuid,tayassuidae",Loài
skeleriolu,12,24,,Loài
blue-striped_basculin,12,24,"blue-stripe_basculin,blue-stripe_form_basculin,blue-striped_form_basculin,blue_basculin,blue_form_basculin,blue_stripe_basculin,blue_stripe_form_basculin,blue_striped_basculin,blue_striped_form_basculin",Loài
balrog_(the_lord_of_the_rings),12,24,"balrog_(lord_of_the_rings),balrog_(lotr),balrog_(tlotr),valaraukar",Loài
skedaddler,12,24,,Loài
white-sided_dolphin,12,24,,Loài
clubba,12,24,,Loài
eagle_humanoid,12,24,,Loài
meratrix,12,24,,Loài
satomi_(species),12,24,,Loài
servbot,12,24,,Loài
bloodthirster,12,24,,Loài
caxy,12,24,,Loài
rift_dragon,12,24,,Loài
methanosian,12,24,,Loài
straxian,12,24,,Loài
grarrl,12,24,,Loài
zird_(species),12,24,,Loài
tuskarr,12,24,,Loài
great_leonopteryx,12,24,,Loài
myconid,12,24,,Loài
bert_(mmhorrors),12,24,,Loài
dz'isu,12,24,,Loài
waterbot,12,24,,Loài
swunnel_(insomniacovrlrd),12,24,,Loài
vulture_droid,12,24,,Loài
unknown_unown_form,12,24,,Loài
mythological_behemoth,12,24,,Loài
silkworm,12,24,,Loài
mythological_feline,12,24,,Loài
new_world_blackbird,12,24,,Loài
robot_pony,12,24,,Loài
lava_shark,12,24,,Loài
ipotane,12,24,,Loài
aknosom,12,24,,Loài
amphimorpho,12,24,,Loài
punkmon,12,24,,Loài
capybara_humanoid,12,24,,Loài
capybarian,12,24,,Loài
synth_(fallout),12,24,,Loài
lantern_worm,12,24,,Loài
shistavanen,12,24,,Loài
guardian_angel,12,24,,Loài
guanlong,12,24,,Loài
sapphire_(gem_species),12,24,,Loài
island_puppy,12,24,,Loài
two_taur,12,24,,Loài
stenonychosaurus,12,24,,Loài
stellar_(species),12,24,,Loài
grouch,12,24,,Loài
celestial_(species),12,23,,Loài
laenei,12,23,,Loài
shambler,12,23,,Loài
shaft_beast_(twilightmaster),12,23,,Loài
elderbug_(species),12,23,,Loài
psychoraptor,12,23,,Loài
kyriean,12,23,,Loài
warsphinx,12,23,,Loài
warumonzaemon,12,23,,Loài
purple_demon,12,23,,Loài
protovali,12,23,,Loài
ceanataur,12,23,,Loài
purple_puyo,12,23,,Loài
elizabee,12,23,,Loài
toruk,12,23,,Loài
silky_sifaka,12,23,,Loài
silk_fly,12,23,,Loài
lenny_(neopets),12,23,,Loài
jacktor_imperator,12,23,,Loài
shark_taur,12,23,,Loài
demon_mouse,12,23,,Loài
weredonkey,12,23,,Loài
western_fence_lizard,12,23,western_spiny_lizard,Loài
changeling_(fey),12,23,,Loài
changeling_humanoid,12,23,,Loài
changeling_(dnd),12,23,,Loài
oonzucht,12,23,,Loài
jamthund,12,23,"jämthund,swedish_elkhound",Loài
dire_bus,12,23,,Loài
lion_demon,12,23,,Loài
endertwinks_(species),12,23,,Loài
rabite,12,23,,Loài
hyracodontid,12,23,hyracodontidae,Loài
sidorak's_species,12,23,,Loài
hyde,12,23,,Loài
long-eared_jerboa,12,23,long_eared_jerboa,Loài
palafin_(hero_form),12,23,,Loài
amazon_river_dolphin,12,23,"boto,bufeo,pink_river_dolphin",Loài
aeon_(final_fantasy),12,23,,Loài
seltas,12,23,,Loài
horstachio,12,23,,Loài
kowakian_monkey-lizard,12,23,,Loài
edenian,12,23,,Loài
small_fry,12,23,,Loài
ada_(core34),12,23,,Loài
lythrion,12,23,,Loài
boomerang_bro,12,23,"boomerang_bros,boomerang_brother,boomerang_brothers",Loài
bee-rabbid,12,23,,Loài
wyvern_(kingdom_hearts),12,23,wyvern_(heartless),Loài
ratigator,12,23,,Loài
panzerhund,12,23,,Loài
ravager_(ark),12,23,,Loài
smiling_dragon,12,23,,Loài
anomaly_(animal_hospital),12,23,,Loài
awdeen,12,23,,Loài
maiasaura,12,23,"maiasaura_(species),maiasaurus,maiasaurus_(species),miasaura",Loài
dandelion_creature,12,23,,Loài
aviansie,12,23,,Loài
sea_wyvern,12,23,,Loài
sea_monkey,12,23,,Loài
eyeball_monster,12,23,,Loài
mantelyn,12,23,,Loài
regulusmon,12,23,,Loài
sclantra,12,23,,Loài
shigoni,12,23,,Loài
hazzy_(kaiju_paradise),12,23,,Loài
pawcow,12,23,,Loài
tank_humanoid,12,23,,Loài
hathy,12,23,,Loài
blue_rat,12,23,,Loài
noasaurid,12,23,,Loài
chinese_mantis,12,23,,Loài
peale's_falcon,12,23,,Loài
yellow_virus_(dr._mario),12,23,,Loài
polymorph_(ben_10),12,23,polymorph_(ben_ten),Loài
yi_qi,12,23,,Loài
ribbon_worm,12,23,"nemertea,nemertean,proboscis_worm",Loài
vam,12,23,,Loài
crowned_crane,12,23,"balearica,balearican",Loài
blizzarian,12,23,,Loài
twin_sunflower_(pvz),12,23,,Loài
arati,12,23,,Loài
caramel_swirl_alcremie,12,23,,Loài
beta_zorua,12,23,,Loài
dwarf_hotot,12,23,,Loài
green_iguana,12,23,american_iguana,Loài
kajo_(marakusa),12,23,,Loài
tyrvari,12,23,,Loài
corvidae,12,23,,Loài
balahara,12,23,,Loài
nemurian,12,23,,Loài
mochibun_(species),12,23,,Loài
cooper's_hawk,12,23,"big_blue_darter,quail_hawk,striker_hawk,swift_hawk",Loài
dracanine,12,23,,Loài
roumenrou,12,23,,Loài
spotted_owl,12,23,,Loài
ball_robot,12,23,,Loài
nebulian,12,23,,Loài
zakretian,12,23,,Loài
giant_leopard_moth,12,23,,Loài
ghost_(pac-man),12,23,,Loài
alien_neopet,12,23,,Loài
bivalve_humanoid,12,23,,Loài
star_humanoid,12,23,,Loài
drakobloxxer,12,23,,Loài
star_spirit,12,23,,Loài
alexander_archipelago_wolf,12,23,,Loài
mynx,12,23,,Loài
myrmedion,12,23,,Loài
pineapple_dragon,12,23,,Loài
clay_(species),12,23,,Loài
uni_(neopets),12,22,,Loài
naia,12,22,,Loài
california_gull,12,22,,Loài
classic_cat_(roblox),12,22,,Loài
dreadlord,12,22,,Loài
uniqua_(species),12,22,,Loài
biomech_(species),12,22,,Loài
stealthy_neopet,12,22,,Loài
stiletto_fly,12,22,,Loài
mystical_creature,12,22,,Loài
banana_dragon,12,22,,Loài
kasha,12,22,,Loài
fuzor,12,22,,Loài
strelats_(resident_evil),12,22,,Loài
fyskari,12,22,,Loài
clound,12,22,,Loài
starclan_cat,12,22,,Loài
pied_bat,12,22,"badger_bat,panda_bat",Loài
gabilani,12,22,,Loài
galgo_espanol,12,22,,Loài
piranga,12,22,,Loài
arthropoid_(stellaris),12,22,,Loài
dragonet,12,22,,Loài
balloon_humanoid,12,22,,Loài
gazelle_humanoid,12,22,,Loài
gendrome,12,22,,Loài
motorcycle_taur,12,22,,Loài
colmillos_(resident_evil),12,22,,Loài
motacillid,12,22,,Loài
geordian,12,22,,Loài
moschus_troll,12,22,,Loài
ghost_pepper_(pvz),12,22,"ghost_pepper_(plants_versus_zombies),ghost_pepper_(plants_vs._zombies),ghost_pepper_(plants_vs_zombies)",Loài
salamander_(rain_world),12,22,axolotl_(rain_world),Loài
gigantes_(dragon_quest),12,22,gigantes,Loài
compet,12,22,,Loài
dracotiel,12,22,,Loài
concordian,12,22,,Loài
monocerus_(species),12,22,,Loài
gladiator_beast,12,22,,Loài
molten_tigrex,12,22,,Loài
superb_fairywren,12,22,"superb-fairy-wren,superb_fairy_wren",Loài
rosefinch,12,22,,Loài
coquerel's_sifaka,12,22,,Loài
spinosaurus_(jurassic_park_3),12,22,,Loài
fluffers_(tfh),12,22,,Loài
pepon-jin,12,22,,Loài
almiraj,12,22,,Loài
gracile_capuchin,12,22,"cebus,gracile_capuchin_monkey",Loài
sandworm_(beetlejuice),12,22,,Loài
dweller_(jagged),12,22,,Loài
alp-luachra,12,22,,Loài
miros_bird_(rain_world),12,22,,Loài
synth_(virteil),12,22,,Loài
spacian,12,22,,Loài
nigerian_dwarf_goat,12,22,nigerian_dwarf,Loài
beta_girafarig,12,22,,Loài
kittysune,12,22,,Loài
carnifex_(tyranid),12,22,,Loài
habakirimon,12,22,,Loài
pompom_(my_singing_monsters),12,22,pompom_(msm),Loài
klipspringer,12,22,,Loài
fiend_(the_witcher),12,22,,Loài
ferragon,12,22,,Loài
jukani,12,22,,Loài
merhog,12,22,,Loài
poogle,12,22,,Loài
bunyip,12,22,,Loài
hand_taur,12,22,,Loài
savage_deviljho,12,22,,Loài
poppup_(deltarune),12,22,,Loài
echinozoan_humanoid,12,22,,Loài
scansoriopterygid,12,22,,Loài
scarlet_tanager,12,22,,Loài
sohmder,12,22,,Loài
heldrake,12,22,,Loài
tb-2_(astral_kobold),12,22,,Loài
aboomstix_(rodent_powered),12,22,,Loài
scolopendra,12,22,,Loài
prairiemon,12,22,,Loài
bellanoir_(pal),12,22,,Loài
scrapgoat,12,22,,Loài
manananggal,12,22,,Loài
bogg,12,22,,Loài
bohrok,12,22,,Loài
kugar_(alteredkrimson),12,22,,Loài
scuttlebug,12,22,,Loài
sea_urchin_humanoid,12,22,urchin_humanoid,Loài
primal_zerg,12,22,,Loài
cherubim,12,22,,Loài
snake_eagle,12,22,"circaetinae,serpent_eagle",Loài
teporingo_(species),12,22,,Loài
prime_soul,12,22,,Loài
vitamin_(species),12,22,,Loài
tern,12,22,,Loài
javan_green_magpie,12,22,,Loài
ambient_sea_anemone,12,22,,Loài
oarfish_merfolk,12,22,,Loài
xenomorph_queen_mother,12,22,,Loài
rayhound,12,22,,Loài
xenogender_(lore),15,22,xenogender,Lore
tetranadon,12,22,,Loài
tetsucabra,12,22,drilltusk_tetsucabra,Loài
pac-worlder,12,22,,Loài
thai_bangkaew,12,22,"bangkaew,thai_bangkaew_dog",Loài
pa'u_oricorio,12,22,,Loài
european_nightjar,12,22,,Loài
chelicarae,12,22,,Loài
sikur,12,22,,Loài
lurkerbeast,12,22,,Loài
boreal_owl,12,22,"richardson's_owl,richardsons_owl,tengmalm's_owl,tengmalms_owl",Loài
vornian,12,22,,Loài
oxytalis,12,22,,Loài
wolvoon,12,22,,Loài
cheagle,12,22,,Loài
slig,12,22,,Loài
okapi_humanoid,12,22,,Loài
wolfe,12,22,,Loài
brownie_(creature),12,22,,Loài
protogen_taur,12,22,,Loài
pseudo_shork_(kaiju_paradise),12,22,,Loài
wingless_bat_pony,12,22,,Loài
aereis,12,22,,Loài
kzinti,12,22,,Loài
wagtail,12,22,,Loài
silver_stiletto_fly,12,22,,Loài
hydromel,12,22,,Loài
torchwood_(pvz),12,22,,Loài
torgon,12,22,,Loài
lizzles,12,22,,Loài
sentinel,12,22,,Loài
tibicena,12,22,,Loài
sentinel_(murder_drones),12,22,,Loài
living_bodysuit,12,22,,Loài
tidehunter,12,22,,Loài
living_anal_beads,12,22,,Loài
skua,12,22,,Loài
punk_raptor,12,22,,Loài
skeever,12,22,skeever_(tes),Loài
white-faced_owl,12,22,"ptilopsis,white_faced_owl",Loài
azdov,12,22,,Loài
whiplash_(doom),12,22,,Loài
likho,12,22,,Loài
irish_elk,12,22,,Loài
ligerbull_(species),12,22,,Loài
wereleopard,12,22,,Loài
lavedor_chimera,12,22,,Loài
werecanis,12,22,,Loài
qilin_(chinese_mythology),12,22,,Loài
cephalopod_taur,12,22,,Loài
origin_forme_palkia,12,22,,Loài
purussaurus,12,22,,Loài
dreamer,12,21,,Loài
puss_moth,12,21,,Loài
unimon,12,21,,Loài
furbolg,12,21,,Loài
detan_reaper,12,21,,Loài
leviathan_(rain_world),12,21,,Loài
mycosapien,12,21,,Loài
karutian_(pikmin),12,21,,Loài
airedale_terrier,12,21,"airdale_(dog),airdale_dog,airdale_terrier,airedale_(dog),airedale_dog,bingley_terrier,waterside_terrier",Loài
dralic,12,21,,Loài
qiqirn,12,21,,Loài
opinicus,12,21,,Loài
ashen_wolf_(minecraft),12,21,,Loài
liaxhog,12,21,,Loài
demi_god,12,21,,Loài
demgel,12,21,,Loài
qu_(all_tomorrows),12,21,,Loài
quadruplets_(lore),15,21,,Lore
bison_humanoid,12,21,,Loài
serow,12,21,,Loài
ikran,12,21,,Loài
iron_hands,12,21,,Loài
dharmapala,12,21,,Loài
subconscious,12,21,,Loài
phoneris,12,21,,Loài
biyokant,12,21,,Loài
agaminae,12,21,,Loài
du'wehyi,12,21,,Loài
mountain_bluebird,12,21,,Loài
bat_dragon,12,21,,Loài
ssi-ruu,12,21,,Loài
enforcer_(duke_nukem),12,21,,Loài
living_building,12,21,,Loài
keranidae,12,21,,Loài
living_panties,12,21,,Loài
motaur,12,21,,Loài
lizard_doggo,12,21,,Loài
hypno-shroom,12,21,hypno_shroom,Loài
kesper,12,21,,Loài
hyehehe,12,21,,Loài
hydro_slime,12,21,,Loài
angelic_warden,12,21,,Loài
ghost_neopet,12,21,,Loài
husky_inu,12,21,,Loài
long-eared_bat,12,21,,Loài
gigantoraptor,12,21,,Loài
thrait,12,21,,Loài
monster_dog,12,21,,Loài
loomian,12,21,,Loài
sprixie,12,21,,Loài
rozital,12,21,,Loài
salmon_humanoid,12,21,,Loài
neckrophine,12,21,,Loài
przewalski's_horse,12,21,"mongolian_wild_horse,przewalski_horse,przewalskis_horse",Loài
armadillo_humanoid,12,21,,Loài
kyrian,12,21,,Loài
plasmoid,12,21,,Loài
old_world_parrot,12,21,,Loài
hovawart,12,21,,Loài
black_tree_monitor,12,21,,Loài
super_songbird_(sar),12,21,,Loài
house_gecko,12,21,hemidactylus,Loài
hound_dog,12,21,,Loài
goblin_(destiny),12,21,,Loài
plesiomon,12,21,,Loài
cookiecutter_shark,12,21,isistius,Loài
wolfser,12,21,,Loài
blackgrowlmon,12,21,,Loài
moa_(bird),12,21,moa,Loài
hordika,12,21,,Loài
samudramon,12,21,,Loài
coraldragon,12,21,,Loài
tykeriel,12,21,,Loài
gouldian_finch,12,21,,Loài
swamp_dragon_(zerofox1000),12,21,,Loài
nepal_house_martin,12,21,,Loài
peophin_(neopets),12,21,,Loài
wulfren,12,21,,Loài
void_tendrils,12,21,,Loài
swinefolk_(darkest_dungeon),12,21,,Loài
void_shadow,12,21,,Loài
poison_honeybee_(solo_farming_in_the_tower),12,21,,Loài
swooper,12,21,,Loài
poitou_donkey,12,21,,Loài
akl,12,21,,Loài
green_sea_turtle,12,21,"black_sea_turtle,chelonia,green_turtle,pacific_green_turtle",Loài
coyodune_(insomniacovrlrd),12,21,,Loài
ambulantes_omnigus,12,21,,Loài
xalanyn,12,21,"endless_(halo),the_endless_(halo)",Loài
new_world_porcupine,12,21,"erethizontid,erethizontidae",Loài
toy_fox_terrier,12,21,"american_toy_terrier,amertoy",Loài
dire_truck,12,21,,Loài
flamoa_(insomniacovrlrd),12,21,,Loài
pack_rat,12,21,"packrat,woodrat",Loài
achillobator,12,21,,Loài
ambient_worm,12,21,,Loài
ambient_wildlife,12,21,,Loài
robber_fly,12,21,robberfly,Loài
ambient_rabbit,12,21,,Loài
ambient_mouse,12,21,,Loài
magiu,12,21,,Loài
kaburion_(beta_pokemon),12,21,,Loài
ambient_beetle,12,21,,Loài
painted_bat,12,21,,Loài
teran_(species),12,21,,Loài
bone_dragon,12,21,,Loài
bushi_(pal),12,21,,Loài
palafin_(zero_form),12,21,,Loài
beta_yoshi,12,21,,Loài
eagle_ray,12,21,,Loài
nightingale,12,21,,Loài
atlas_moth,12,21,,Loài
arativulpes,12,21,,Loài
red_rumped_agouti,12,21,,Loài
avarian,12,21,,Loài
figment_creature,12,21,,Loài
edmontosaurus,12,21,,Loài
klesha,12,21,,Loài
manus_(dragon_village),12,21,,Loài
tree_squirrel_taur,12,21,"squirrel_taur,squirreltaur",Loài
kriin,12,21,,Loài
fexa_stem,12,21,,Loài
ko-nya,12,21,"baby_meowth,ko_nya,konya,meowsy",Loài
daedroth,12,21,,Loài
sodaroo,12,21,,Loài
cat_ribeiro,12,21,,Loài
trilobite_(prometheus),12,21,,Loài
panzer_vulpaphyla,12,21,,Loài
blow_fly,12,21,"blowfly,bottle_fly,bottlefly",Loài
cuddlemander,12,21,,Loài
meloditchi,12,21,,Loài
trollan,12,21,,Loài
tarrasque,12,21,,Loài
jorogumo,12,21,jorōgumo,Loài
mastodon,12,21,,Loài
rhaall,12,21,,Loài
megantereon,12,21,,Loài
megalania,12,21,,Loài
yellow_wisp_(sonic),12,21,,Loài
tamaraw,12,21,mindoro_dwarf_buffalo,Loài
cupid_bee,12,21,"fallin_love_love_bee,fallin_lovelove_bee",Loài
bun_jay_(synpentane),12,21,,Loài
currawong,12,21,"bell-magpie,bell_magpie,crow-shrike,crow_shrike",Loài
parrot_(minecraft),12,21,,Loài
echo_pea,12,20,,Loài
blue_iguana,12,20,"axanthic_iguana,cayman_island_rock_iguana,grand_cayman_blue_iguana,grand_cayman_ground_iguana",Loài
porcupine_humanoid,12,20,,Loài
aurochs_humanoid,12,20,,Loài
federation_worker,12,20,,Loài
nokifish,12,20,,Loài
tar_creature,12,20,,Loài
???zolt,12,20,,Loài
dokkaebi_(species),12,20,,Loài
vera_(species),12,20,,Loài
tarbosaurus,12,20,,Loài
paraceratherium,12,20,,Loài
tarr_slime,12,20,,Loài
bullmastiff,12,20,bull_mastiff,Loài
fanbeemon,12,20,,Loài
koholasaurus,12,20,,Loài
merpony,12,20,,Loài
jujehyu,12,20,jujehyu_(spacebender),Loài
cat_piranha_plant,12,20,,Loài
pony_taur,12,20,,Loài
not_deer,12,20,,Loài
riftcat_(amadboii),12,20,,Loài
marigold_(pvz),12,20,,Loài
heraldic_beast,12,20,,Loài
halcyniate,12,20,,Loài
margay_humanoid,12,20,,Loài
blood_python,12,20,"brongersma's_short-tailed_python,brongersma's_short_tailed_python,brongersmas_short-tailed_python,brongersmas_short_tailed_python,red_short-tailed_python,red_short_tailed_python",Loài
kraken_(evolve),12,20,,Loài
snowy_castform,12,20,"castform_(ice),castform_(ice_form),castform_(ice_forme),castform_(icey),castform_(icey_form),castform_(icey_forme),castform_(snow),castform_(snow_form),castform_(snow_forme),castform_(snowy_form),castform_(snowy_forme),castform_ice,castform_ice_form,castform_ice_forme,castform_icey,castform_icey_form,castform_icey_forme,castform_snow,castform_snow_form,castform_snow_forme,castform_snowy,castform_snowy_form,castform_snowy_forme,ice_castform,ice_form_castform,ice_forme_castform,icey_castform,icey_form_castform,icey_forme_castform,snow_castform,snow_form_castform,snow_forme_castform,snowy_form_castform,snowy_forme_castform",Loài
divine_longkat,12,20,,Loài
panda_german_shepherd,12,20,panda_shepherd,Loài
jerboa_humanoid,12,20,,Loài
varmint,12,20,,Loài
sculpin,12,20,cottoidea,Loài
vanquish_soul,12,20,,Loài
antigone_(genus),12,20,"antigone_(avian),antigone_(bird),antigone_(gruid),antigone_(gruiform)",Loài
turek,12,20,,Loài
fire_fox,12,20,,Loài
milodan,12,20,,Loài
guilmon_x,12,20,,Loài
creeper_humanoid,12,20,,Loài
atlantean_(invincible),12,20,,Loài
real_bombchu,12,20,,Loài
ambient_ghost,12,20,,Loài
grevy's_zebra,12,20,"grevys_zebra,grévy's_zebra,grévys_zebra",Loài
ratgirl,12,20,,Loài
swords_of_justice,12,20,,Loài
kirhos,12,20,,Loài
rodinian,12,20,,Loài
europasaurus,12,20,,Loài
swiftwing,12,20,,Loài
kuros,12,20,,Loài
actually_biblically_accurate_angel,12,20,,Loài
wurm,12,20,,Loài
flopkin,12,20,,Loài
dinaurian,12,20,,Loài
sweberra,12,20,,Loài
lycandoom,12,20,,Loài
luzon_bleeding-heart,12,20,,Loài
shark_demon,12,20,,Loài
sliver_(magic:_the_gathering),12,20,"sliver_(magic),sliver_(magic_the_gathering),sliver_(mtg)",Loài
woolie_(bubsy),12,20,,Loài
digmon,12,20,,Loài
slime_pup,12,20,,Loài
blacklight_virus_(prototype),12,20,,Loài
ovnee,12,20,,Loài
arkkin,12,20,,Loài
chu'la,12,20,,Loài
mole_(romancing_saga_2),12,20,,Loài
pesquet's_parrot,12,20,,Loài
forces_of_nature_(pokemon),12,20,,Loài
rainbow_scarab_beetle,12,20,,Loài
monmon,12,20,,Loài
thoat,12,20,,Loài
winged_pony,12,20,,Loài
lootslug,12,20,,Loài
arne,12,20,,Loài
thoroughbred,12,20,,Loài
angler,12,20,,Loài
lono'e,12,20,,Loài
moon_wolf,12,20,,Loài
windcutter,12,20,,Loài
black_heron,12,20,,Loài
husky_taur,12,20,huskytaur,Loài
mordle,12,20,,Loài
sulenx,12,20,,Loài
shaman_mouse,12,20,,Loài
geth_prime,12,20,,Loài
skullsnake_(species),12,20,,Loài
italian_greyhound,12,20,,Loài
kentrosaurus,12,20,,Loài
candle_humanoid,12,20,,Loài
ruppell's_fox,12,20,"rueppell's_fox,rueppells_fox,rüppell's_fox",Loài
bateleur,12,20,"bateleur_eagle,terathopius",Loài
deerclops,12,20,,Loài
laphria,12,20,,Loài
ifrit_(risk_of_rain),12,20,,Loài
shadowdog,12,20,,Loài
skeleton_dog,12,20,,Loài
agrossian,12,20,,Loài
lar_gibbon,12,20,,Loài
white_blood_cell_(organism),12,20,,Loài
dragoon_(kingdom_hearts),12,20,,Loài
piantan,12,20,,Loài
gamajig,12,20,,Loài
deinocheirus,12,20,,Loài
white-tailed_mongoose,12,20,white_tailed_mongoose,Loài
galaxy_dragon,12,20,,Loài
serpent_mage,12,20,,Loài
illager_(minecraft),12,20,,Loài
singarti,12,20,,Loài
citron-crested_cockatoo,12,20,,Loài
qu'eii,12,20,,Loài
lautus-k,12,20,,Loài
lava_dragon,12,20,,Loài
demichi_(specie),12,20,,Loài
ophydia_(pal),12,20,,Loài
wendigomon,12,20,,Loài
central_asian_shepherd,12,20,,Loài
lazurek,12,20,,Loài
starwolf_(species),12,20,,Loài
indian_cobra,12,20,"asian_cobra,binocellate_cobra,spectacled_cobra",Loài
sacrier,12,20,,Loài
univolt,12,20,,Loài
fuddler,12,20,,Loài
leap_(kirby),12,20,,Loài
katydid,12,20,"bush_cricket,long-horned_grasshopper",Loài
water_sprite_(fortnite),12,20,,Loài
tolai_hare,12,20,,Loài
saiga_antelope,12,20,,Loài
