shirt,0,3437269,shirts,Áo sơ mi
clothing,7,2779487,"(clothing),clothes,clothings,cloths,cloting,cothes,cute_clothing,female_clothes,girly_clothing,traditional_clothing",Trang phục
long_sleeves,0,2386320,"/lsleeves,long_sleeve",Tay áo dài
skirt,0,2309407,skirts,Chân váy
gloves,0,2226826,"gloces,glove,gloved,gloved_hand,gloved_hands",Găng tay
dress,0,2095479,dresses,Váy liền
jacket,0,1591005,,Áo khoác
thighhighs,0,1544546,"/t,naked_thighhighs,nude_thighhighs,stocking,thighhgihs,thighhigh,thighhighs_only,thighhigs,thighighs",Tất cao đùi
clothed,7,1537129,"cloted,clothed_non-humanoid_creature,clothed_student,clothed_teacher,cltohed,dressed,half-dressed,half_dressed,wearing_clothes",Mặc quần áo
underwear,0,1499286,"shitagi,under_wear,undergarments,underpants,underware,underwears,undies",Đồ lót
white_shirt,0,1466487,,Áo trắng
shoes,0,1144062,shoe,Giày
school_uniform,0,1080033,"/s,fuku,school_boy,school_girl,school_girl_outfit,school_outfit,school_uniforms,schoolboy,schoolgirl,schoolgirl_clothes,schoolgirl_outfit,schoolgirl_uniform,schoolgirls,seifuku",Đồng phục học sinh
panties,0,1025037,"/p,panites,pantes,pantie,pantsu,panty",Quần lót
pants,0,966760,trousers,Quần dài
swimsuit,0,928937,"bathing_suit,mizugi,swim_suit,swimsuits",Đồ bơi
short_sleeves,0,923186,/ssleeves,Tay áo ngắn
shorts,0,821984,short_pants,Quần short
bikini,0,819887,biki,Đồ bơi bikini
boots,0,817016,boot,Ủng
collared_shirt,0,797204,collared_blouse,Áo sơ mi có cổ
open_clothes,0,762012,,Quần áo mở
pantyhose,0,750609,panty_hose,Quần tất
pleated_skirt,0,719718,,Chân váy xếp ly
black_gloves,0,701316,black_glove,Găng tay đen
socks,0,671369,"leghighs,naked_socks,sock",Tất
alternate_costume,0,658942,"/acos,alternate_clothing,alternate_outfit,alternative_costume,alternative_outfit",Trang phục thay thế
sleeveless,0,642386,no_sleeves,Không tay
detached_sleeves,0,600933,"/dsleeves,armsleeves,detached_sleeve,detatched_sleeves,naked_sleeves",Tay áo rời
official_alternate_costume,0,579896,"alternate_costume_(official),official_alternate_outfit",Trang phục thay thế chính thức
japanese_clothes,0,534204,"traditional_japanese_clothes,wafuku",Trang phục Nhật Bản
puffy_sleeves,0,530260,"/psleeves,puffy_shoulders",Tay áo phồng
black_thighhighs,0,511641,,Tất cao đùi đen
black_skirt,0,479482,,Chân váy đen
white_gloves,0,471053,,Găng tay trắng
elbow_gloves,0,465122,"/eg,arm_gloves,armgloves,elbow_glove,long_glove,long_gloves,long_sleeve_gloves,opera_gloves,shoulder_gloves,sleeve_gloves",Găng tay dài quá khuỷu
white_dress,0,464909,,Váy trắng
fingerless_gloves,0,433650,"black_fingerless_elbow_gloves,blue_fingerless_elbow_gloves,brown_fingerless_elbow_gloves,fingerless_armwarmers,fingerless_elbow_gloves,fingerless_elbow_gloves_only,fingerless_glove,glistening_fingerless_elbow_gloves,gloves_cutoffs,gray_fingerless_elbow_gloves,green_fingerless_elbow_gloves,grey_fingerless_elbow_gloves,monotone_fingerless_elbow_gloves,multicolored_fingerless_elbow_gloves,orange_fingerless_elbow_gloves,pink_fingerless_elbow_gloves,purple_fingerless_elbow_gloves,rainbow_fingerless_elbow_gloves,red_fingerless_elbow_gloves,shiny_fingerless_elbow_gloves,tan_fingerless_elbow_gloves,two_tone_fingerless_elbow_gloves,white_fingerless_elbow_gloves,yellow_fingerless_elbow_gloves",Găng tay hở ngón
armor,0,425183,"armored,armour,armoured",Áo giáp
coat,0,415445,coats,Áo khoác dài
black_shirt,0,403372,,Áo đen
miniskirt,0,403319,"mini-skirt,mini_skirt,short_skirt",Váy ngắn
black_jacket,0,402382,,Áo khoác đen
open_jacket,0,395871,"open_blazer,open_track_jacket",Áo khoác mở
black_dress,0,391357,,Váy đen
high_heels,0,373135,"heels,hi_heels,high-heel,high-heels,high_heel,high_heeled_shoes,highheels",Giày cao gót
bra,0,372836,"bras,brassiere",Áo ngực
footwear,7,366133,"feet_wear,feetwear,foot_wear",Giày dép
sweater,0,364934,"jumper,sweaters,turtle_neck",Áo len
wide_sleeves,0,363692,/wsleeves,Tay áo rộng
striped_clothes,0,360648,,Quần áo sọc
vest,0,359264,waist_coat,Áo gile
kimono,0,354900,kosode,Áo kimono
white_thighhighs,0,353590,,Tất cao đùi trắng
leotard,0,343840,,Đồ liền thân
cape,0,341297,,Áo choàng
apron,0,336307,"appron,working_apron",Tạp dề
crop_top,0,334531,"crop-top,cropped_top,croptop,half_shirt,halfshirt,midriff_baring_shirt,short_shirt",Áo croptop
black_pantyhose,0,302279,,Quần tất đen
clothes_lift,0,289752,,Vén quần áo
black_shoes,0,283662,,Giày màu đen
black_pants,0,277202,,Quần đen
hoodie,0,271427,"hoodies,hoody",Áo hoodie
blue_skirt,0,270651,cyan_skirt,Chân váy xanh dương
clothing_cutout,0,270205,,Chưa có bản dịch
puffy_short_sleeves,0,263696,short_puffy_sleeves,Tay áo ngắn phồng
white_panties,0,256206,,Quần lót trắng
sleeves_past_wrists,0,240931,sleeves_past_wrist,Tay áo che qua cổ tay
sleeveless_shirt,0,236269,sleeveless_blouse,Áo sơ mi không tay
sleeveless_dress,0,235990,,Váy không tay
white_socks,0,235497,"white_kneehighs,white_sock",Tất trắng
see-through_clothes,0,221791,"see-through,seethrough,sheer_clothes,sheer_clothing,transparent_clothing",Quần áo xuyên thấu
one-piece_swimsuit,0,214907,one_piece_swimsuit,Đồ bơi một mảnh
torn_clothes,0,214381,"damaged_clothes,ripped_clothes,ripped_clothing,tornclothes",Quần áo rách
bodysuit,0,210556,"body_suit,skintight_bodysuit,tight_bodysuit",Đồ liền thân
black_shorts,0,208099,,Quần short đen
plaid_clothes,0,202001,,Quần áo kẻ caro
white_jacket,0,201516,,Áo khoác trắng
black_panties,0,196261,,Quần lót đen
short_shorts,0,195425,"booty_shorts,hot_pants",Quần short ngắn
blue_dress,0,195239,"cyan_dress,dark_blue_dress",Váy xanh dương
black_boots,0,193704,,Bốt màu đen
blue_shirt,0,184801,cyan_shirt,Áo xanh dương
dress_shirt,0,184040,"button-up_shirt,button_shirt,button_up_shirt,buttoned_shirt,suit_shirt",Áo sơ mi
black_clothing,7,179667,black_clothes,Trang phục đen
open_shirt,0,177453,"/os,openshirt,shirt_open",Áo sơ mi mở
sandals,0,173423,"sandal,sandles",Dép xăng đan
black_bikini,0,171772,,Bikini đen
red_skirt,0,170218,,Chân váy đỏ
chinese_clothes,0,164638,,Chưa có bản dịch
blue_jacket,0,163645,,Áo khoác xanh dương
red_dress,0,155690,,Váy đỏ
black_socks,0,154035,black_kneehighs,Tất đen
frilled_dress,0,152326,ruffled_dress,Chưa có bản dịch
playboy_bunny,0,152055,"bunny_suit,bunnygirl,bunnysuit,playboy_bunny_leotard",Chưa có bản dịch
white_skirt,0,147146,,Chân váy trắng
t-shirt,0,143817,"t-shirts,t_shirt,tee-shirt,tee_shirt,teeshirt,tshirt",Áo phông
stockings,7,142026,"sockings,stalkings,stocking,stoking,stokings,thigh_high_stockings",Bít tất dài
white_bikini,0,140672,,Chưa có bản dịch
thigh_boots,0,139170,"thigh-high_boots,thigh_high_boots,thighboots,thighhigh_boots",Chưa có bản dịch
garter_straps,0,138330,garter_strap,Chưa có bản dịch
shirt_lift,0,137796,"/shl,lift_shirt,lifted_shirt,lifting_shirt,raising_shirt,shirt_lifted,shirtlift",Chưa có bản dịch
plaid_skirt,0,136232,tartan_skirt,Chưa có bản dịch
short_dress,0,133976,mini_dress,Váy ngắn
white_clothing,7,130775,white_clothes,Chưa có bản dịch
cardigan,0,130652,,Chưa có bản dịch
no_bra,0,128469,"braless,no_bra_under_clothes",Chưa có bản dịch
no_shoes,0,127580,,Chưa có bản dịch
white_apron,0,126809,,Chưa có bản dịch
side-tie_bikini_bottom,0,125981,side_tie_bikini,Chưa có bản dịch
red_shirt,0,125414,,Áo đỏ
frilled_sleeves,0,125130,ruffled_sleeves,Chưa có bản dịch
military_uniform,0,122464,soldier_uniform,Chưa có bản dịch
frilled_skirt,0,118704,,Chưa có bản dịch
no_panties,0,117191,nopan,Chưa có bản dịch
black_leotard,0,115894,,Chưa có bản dịch
underwear_only,0,115737,,Chưa có bản dịch
grey_shirt,0,115183,gray_shirt,Áo xám
sneakers,0,112737,"athletic_shoe,athletic_shoes,gym_shoe,gym_shoes,kicks_(shoe),kicks_(shoes),monotone_sneakers,runner_shoe,runner_shoes,running_shoes,sneaker,sport_shoe,sport_shoes,tennis_shoe,tennis_shoes,tennisshoe,tennisshoes,trainer_shoe,trainer_shoes,trainers",Giày thể thao
two-piece_swimsuit,7,112492,two_piece_swimsuit,Chưa có bản dịch
clothes_pull,0,109638,,Chưa có bản dịch
shoulder_armor,0,105724,shoulder_armour,Chưa có bản dịch
skirt_lift,0,104633,"/skl,lift_skirt,lifted_skirt,lifting_skirt,skirt_lifting,skirt_up,skirtlift",Chưa có bản dịch
strapless_leotard,0,103562,,Chưa có bản dịch
pink_dress,0,103037,,Váy hồng
juliet_sleeves,0,102956,"puffy_shoulder_long_sleeves,puffy_shoulders_long_sleeves",Chưa có bản dịch
black_coat,0,102869,,Áo khoác đen
white_shoes,0,101742,,Giày màu trắng
tight_clothing,7,101556,"skintight,skintight_clothing,tight_outfit",Chưa có bản dịch
cloak,0,101131,,Chưa có bản dịch
puffy_long_sleeves,0,99548,"bishop_sleeves,long_puffy_sleeves",Chưa có bản dịch
red_jacket,0,98837,red_blazer,Áo khoác đỏ
clothing_aside,0,96945,clothes_aside,Chưa có bản dịch
brown_shoes,0,96767,,Giày màu nâu
robe,0,96470,robes,Chưa có bản dịch
black_bra,0,96083,,Chưa có bản dịch
blue_clothing,7,96066,"blue_clothes,cyan_clothes,cyan_clothing",Chưa có bản dịch
red_clothing,7,94238,red_clothes,Chưa có bản dịch
torn_clothing,7,92780,"clothes_ripping,clothes_tearing,clothing_damage,rip_cloth,ripped_clothes,ripped_clothing,ripping_clothes,shredded_clothes,shredded_clothing,tattered_clothing",Chưa có bản dịch
white_pantyhose,0,92069,,Quần tất trắng
hooded_jacket,0,90332,,Chưa có bản dịch
green_skirt,0,89943,,Chân váy xanh lá
lifting_own_clothes,0,89337,,Chưa có bản dịch
knee_boots,0,87916,"knee-boot,knee-boots,knee-high_boot,knee-high_boots,knee_boot,knee_high_boot,knee_high_boots,kneeboot,kneeboots,kneehigh_boot,kneehigh_boots",Chưa có bản dịch
white_sleeves,0,87561,,Tay áo trắng
grey_skirt,0,84070,gray_skirt,Chân váy xám
single_thighhigh,0,83915,"one_thighhigh,thighhigh",Chưa có bản dịch
maid_apron,0,83572,,Chưa có bản dịch
purple_dress,0,83382,lavender_dress,Váy tím
pink_shirt,0,83118,,Áo hồng
ribbon_trim,0,82968,ribbon-trimmed_clothes,Chưa có bản dịch
open_coat,0,82627,,Áo khoác mở
cropped_jacket,0,81892,crop_top_jacket,Chưa có bản dịch
gloves_(marking),7,80840,"dipstick_hands,glove_(marking),glove_(markings),glove_marking,glove_markings,gloves_(markings),gloves_marking,gloves_markings",Chưa có bản dịch
brown_boots,0,80335,,Bốt màu nâu
sleeves_past_fingers,0,79849,moe_sleeves,Chưa có bản dịch
highleg_leotard,0,79799,,Chưa có bản dịch
strapless_dress,0,79631,,Chưa có bản dịch
formal_clothes,0,79515,,Chưa có bản dịch
jeans,0,78794,"denim_jeans,denim_pants,mom_jeans",Chưa có bản dịch
qipao,0,78686,"cheongsam,china_dress",Chưa có bản dịch
black_vest,0,78620,,Chưa có bản dịch
string_bikini,0,78029,,Chưa có bản dịch
school_swimsuit,0,77830,"/ss,japanese_swimsuit,school_swimsuits,sukimizu,sukumizu",Chưa có bản dịch
blue_shorts,0,77096,cyan_shorts,Quần short xanh dương
white_pants,0,77095,,Quần trắng
no_pants,0,76932,"no_shorts,no_skirt,pantless,skirtless",Chưa có bản dịch
clothed_sex,0,76185,sex_in_clothing,Chưa có bản dịch
furgonomics,7,75789,"furgonomic,furry-specific_clothing",Chưa có bản dịch
blue_pants,0,75153,"cyan_pants,dark_blue_pants",Quần xanh dương
uniform,7,74998,,Chưa có bản dịch
skimpy,7,74685,"barely_clothed,revealing_clothing,scantily_clad,skimpy_clothes,skimpy_clothing,skimpy_outfit,slutty_clothing",Chưa có bản dịch
red_shoes,0,74525,,Giày màu đỏ
white_coat,0,74441,,Áo khoác trắng
waist_apron,0,74047,half_apron,Chưa có bản dịch
pink_panties,0,73086,,Quần lót hồng
red_gloves,0,72544,red_glove,Găng tay đỏ
striped_thighhighs,0,72363,,Chưa có bản dịch
yellow_shirt,0,71901,,Áo vàng
revealing_clothes,0,71522,slutty_clothing,Chưa có bản dịch
pink_skirt,0,70811,,Chân váy hồng
green_shirt,0,70334,,Áo xanh lá
brown_gloves,0,69923,,Găng tay nâu
winter_uniform,0,69912,,Chưa có bản dịch
sweater_vest,0,69593,"sleeveless_thumper_dumper,sweater-vest,sweatervest",Chưa có bản dịch
purple_shirt,0,69354,"lavender_shirt,lilac_shirt",Áo tím
frilled_apron,0,67777,,Chưa có bản dịch
skirt_set,0,67652,,Chưa có bản dịch
green_jacket,0,67593,,Áo khoác xanh lá
grey_jacket,0,67549,"gray_jacket,silver_jacket",Áo khoác xám
adapted_costume,0,67497,"/adcos,adapted_outfit",Chưa có bản dịch
brown_jacket,0,66255,brown_blazer,Áo khoác nâu
vertical-striped_clothes,0,65706,vertical-striped_clothing,Chưa có bản dịch
sports_bra,0,65699,sportsbra,Chưa có bản dịch
white_boots,0,65626,,Bốt màu trắng
micro_bikini,0,65334,"micro-bikini,microbikini",Chưa có bản dịch
bike_shorts,0,64760,biker_shorts,Chưa có bản dịch
blue_bikini,0,64682,,Chưa có bản dịch
socks_(marking),7,64393,"boots_(marking),dipstick_feet,sock_(marking),sock_(markings),sock_marking,sock_markings,socks_(markings),socks_marking,socks_markings,stocking_(marking),stocking_(markings),stocking_marking,stocking_markings,stockings_(marking),stockings_(markings),stockings_marking,stockings_markings",Chưa có bản dịch
panty_pull,0,64378,"/pp,panties_pull,pantsu_pull,pantsupull,panty_down,pantypull,pulling_panties",Chưa có bản dịch
bow_panties,0,64143,"panty_bow,ribbon_panties",Chưa có bản dịch
black_sleeves,0,64035,,Tay áo đen
pattern_clothing,7,64028,,Chưa có bản dịch
green_dress,0,63000,,Váy xanh lá
wet_clothes,0,62282,wetclothes,Chưa có bản dịch
denim_shorts,0,62041,"cropped_jeans,cut-off,cut-off_jeans,cut-off_short,cut-off_shorts,cut-offs,cut_off,cut_off_jeans,cut_off_short,cut_off_shorts,cut_offs,cutoff,cutoff_short,cutoff_shorts,daisydukes,jean_shorts,jeans_shorts,jort_shorts,jorts,short_jeans",Chưa có bản dịch
frilled_shirt_collar,0,61799,,Chưa có bản dịch
brown_pantyhose,0,60661,,Quần tất nâu
purple_skirt,0,60475,violet_skirt,Chân váy tím
clothes_writing,0,60101,"clothing_writing,text_on_clothes",Chưa có bản dịch
sleeves_rolled_up,0,59543,"folded_sleeves,rolled-up_sleeves,rolled_sleeves,sleeves_folded_up,sleeves_rolled",Chưa có bản dịch
turtleneck_sweater,0,59304,,Chưa có bản dịch
pencil_skirt,0,59266,,Chưa có bản dịch
white_kimono,0,59162,"white_kosode,white_yukata",Chưa có bản dịch
single_glove,0,59154,,Chưa có bản dịch
high_heel_boots,0,58977,heel_boots,Chưa có bản dịch
upskirt,0,58940,"up-skirt,up_skirt",Chưa có bản dịch
open_clothing,7,58764,,Chưa có bản dịch
black_bodysuit,0,58746,black_bikesuit,Chưa có bản dịch
shirt_tucked_in,0,58567,tucked_in_shirt,Chưa có bản dịch
white_shorts,0,57912,,Quần short trắng
track_jacket,0,57261,,Chưa có bản dịch
long_skirt,0,56656,,Chân váy dài
green_clothing,7,56616,green_clothes,Chưa có bản dịch
striped_shirt,0,55929,striped_blouse,Chưa có bản dịch
high-waist_skirt,0,55420,,Chưa có bản dịch
striped_panties,0,55086,"blue_and_white_striped_panties,shimapan,stripped_panties",Chưa có bản dịch
pink_clothing,7,54455,pink_clothes,Chưa có bản dịch
frilled_bikini,0,53801,"frilled_bikini_bottom,frilled_bikini_top",Chưa có bản dịch
skin_tight,0,53391,"skintight,skintightsuit",Chưa có bản dịch
long_dress,0,52841,,Váy dài
blouse,0,52632,,Chưa có bản dịch
brown_skirt,0,52614,,Chân váy nâu
seiza,0,52140,heel_sitting,Chưa có bản dịch
summer_uniform,0,52050,,Chưa có bản dịch
collared_dress,0,51958,,Chưa có bản dịch
lab_coat,0,51234,"labcoat,light_lab_coat",Chưa có bản dịch
ribbon-trimmed_sleeves,0,51113,,Chưa có bản dịch
grey_pants,0,50388,gray_pants,Quần xám
red_bikini,0,50388,,Chưa có bản dịch
sailor_dress,0,50357,,Chưa có bản dịch
side-tie_panties,0,50276,"himopan,side_tie_panties",Chưa có bản dịch
clothing_lift,7,50216,"lifting_clothes,lifting_clothing",Chưa có bản dịch
dress_lift,0,49476,lifting_dress,Chưa có bản dịch
ribbed_sweater,0,49248,,Chưa có bản dịch
layered_sleeves,0,49242,,Chưa có bản dịch
garter_belt,0,49241,"/gar,garder_belt,garderbelt,garterbelt",Chưa có bản dịch
santa_costume,0,48552,"santa,santa_outfit,santa_suit",Chưa có bản dịch
white_bra,0,48529,,Chưa có bản dịch
white_leotard,0,48181,,Chưa có bản dịch
red_cape,0,48036,,Chưa có bản dịch
pink_jacket,0,47570,,Áo khoác hồng
denim_clothing,7,47427,,Chưa có bản dịch
hakama_skirt,0,47352,,Chưa có bản dịch
latex_clothing,7,47070,"latex_clothes,rubber_clothes,rubber_clothing",Chưa có bản dịch
panties_aside,0,46775,"panties_on_side,panties_pulled_aside,panty_aside",Chưa có bản dịch
cropped_shirt,0,46701,,Chưa có bản dịch
pajamas,0,46402,"pajama,pijama,pijamas,pjs,pyjama,pyjamas,sleeping_clothes",Chưa có bản dịch
torn_pantyhose,0,46371,ripped_pantyhose,Chưa có bản dịch
off-shoulder_dress,0,46246,,Chưa có bản dịch
blue_one-piece_swimsuit,0,45799,blue_swimsuit,Chưa có bản dịch
costume,7,44765,"black_and_red_outfit,costumes,outfit,outfits",Chưa có bản dịch
alternative_fashion,7,44757,alternative_clothing,Chưa có bản dịch
blue_gloves,0,44482,,Găng tay xanh dương
bikini_top_only,0,44228,,Chưa có bản dịch
purple_clothing,7,44132,"lavender_clothing,purple_clothes,violet_clothes,violet_clothing",Chưa có bản dịch
gym_uniform,0,42699,gym_clothes,Chưa có bản dịch
tracen_school_uniform,0,42538,,Chưa có bản dịch
fishnet_clothing,7,42439,"fish_net,fish_net_clothing,fish_nets,fish_nets_clothing,fishnet,fishnets_clothing,mesh_clothing",Chưa có bản dịch
white_sweater,0,42373,,Chưa có bản dịch
drawstring,0,42122,clothing_cord,Chưa có bản dịch
brown_dress,0,41624,,Váy nâu
holding_unworn_clothes,0,41562,holding_clothes,Chưa có bản dịch
partially_fingerless_gloves,0,41466,partly_fingerless_gloves,Chưa có bản dịch
black_cape,0,41234,,Chưa có bản dịch
yellow_jacket,0,41046,,Áo khoác vàng
brown_pants,0,41025,,Quần nâu
blue_kimono,0,40868,,Chưa có bản dịch
brown_shirt,0,40832,brown_blouse,Áo nâu
fur-trimmed_jacket,0,40360,fur-lined_jacket,Chưa có bản dịch
wearing_glasses,7,39990,glasses_on_face,Chưa có bản dịch
striped_clothing,7,39926,stripped_clothing,Chưa có bản dịch
fishnet_pantyhose,0,39916,mesh_pantyhose,Chưa có bản dịch
print_bikini,0,39544,,Chưa có bản dịch
competition_swimsuit,0,38783,,Chưa có bản dịch
impossible_clothes,0,38768,impossible_clothing,Chưa có bản dịch
sailor_shirt,0,38754,,Chưa có bản dịch
lace-up_boots,0,38614,"cross-laced_boots,lace_up_boots",Chưa có bản dịch
black_sweater,0,38229,,Chưa có bản dịch
asian_clothing,7,38088,,Chưa có bản dịch
pants_down,7,38065,"pants_drop,pants_pulled_down",Chưa có bản dịch
frilled_shirt,0,38017,frilled_blouse,Chưa có bản dịch
red_vest,0,37965,,Chưa có bản dịch
toeless_legwear,0,37709,toeless_socks_/_stirrup_socks,Chưa có bản dịch
pinafore_dress,0,37695,jumper,Chưa có bản dịch
blue_shoes,0,37423,,Giày màu xanh dương
east_asian_clothing,7,37331,,Chưa có bản dịch
blue_panties,0,37277,light_blue_panties,Quần lót xanh dương
thighband_pantyhose,0,37063,,Chưa có bản dịch
off-shoulder_shirt,0,36911,,Chưa có bản dịch
striped_bikini,0,36509,stripped_bikini,Chưa có bản dịch
adjusting_clothes,0,36496,,Chưa có bản dịch
blood_on_clothes,0,36210,"blood-stained_clothes,bloody_clothes",Chưa có bản dịch
panting,7,36084,pant,Chưa có bản dịch
backless_outfit,0,35852,"backless,open_back",Chưa có bản dịch
panties_under_pantyhose,0,35838,"panties_behind_pantyhose,panties_below_pantyhose,panties_under_pantiehose,panties_underneath_pantyhose",Chưa có bản dịch
two-tone_dress,0,35362,,Chưa có bản dịch
white_one-piece_swimsuit,0,35034,white_swimsuit,Chưa có bản dịch
black_one-piece_swimsuit,0,34833,black_swimsuit,Chưa có bản dịch
brown_thighhighs,0,34592,,Tất cao đùi nâu
print_kimono,0,34407,print_yukata,Chưa có bản dịch
jacket_on_shoulders,0,34333,jacket_over_shoulders,Chưa có bản dịch
black_hoodie,0,34249,,Chưa có bản dịch
front-tie_bikini_top,0,34162,,Chưa có bản dịch
wedding_dress,0,33872,"bridal_dress,bridal_gown,wedding_gown,weddingdress",Chưa có bản dịch
grey_dress,0,33617,gray_dress,Váy xám
purple_jacket,0,33604,,Áo khoác tím
underwear_down,7,33310,"pulling_down_underwear,pulling_underwear_down,underwear_pulled_down",Chưa có bản dịch
contemporary,0,33299,modern_clothing,Chưa có bản dịch
yukata,0,33247,,Chưa có bản dịch
pleated_dress,0,33006,,Chưa có bản dịch
cross-laced_clothes,0,32835,cross-laced_clothing,Chưa có bản dịch
panties_around_one_leg,0,32813,"/paol,panties_around_leg,panties_on_leg,panties_on_one_leg",Chưa có bản dịch
shiny_clothes,0,32793,,Chưa có bản dịch
translucent_clothing,7,32785,"see-through_clothing,see-thru_clothes,see-thru_clothing,see_through_clothes,see_through_clothing,see_thru_clothes,see_thru_clothing,sheer_clothing,transparent_clothes,transparent_clothing",Chưa có bản dịch
grey_clothing,7,32757,"gray_clothes,gray_clothing,grey_clothes",Chưa có bản dịch
blue_leotard,0,32661,,Chưa có bản dịch
pink_bikini,0,32646,,Chưa có bản dịch
black_kimono,0,32305,black_yukata,Chưa có bản dịch
print_shirt,0,32097,"graphic_shirt,print_blouse",Chưa có bản dịch
japanese_clothing,7,31764,"japan_clothes,japan_clothing,japanese_outfit",Chưa có bản dịch
purple_gloves,0,30707,,Găng tay tím
white_cape,0,30674,,Chưa có bản dịch
wearing_diaper,7,30304,"diapered,wearing_diapers",Chưa có bản dịch
blue_vest,0,30292,,Chưa có bản dịch
blue_cape,0,30140,,Chưa có bản dịch
purple_thighhighs,0,30035,,Tất cao đùi tím
halloween_costume,0,29941,,Chưa có bản dịch
brown_clothing,7,29790,brown_clothes,Chưa có bản dịch
pink_bra,0,29667,,Chưa có bản dịch
bloomers,0,29412,"reform_dress,turkish_dress",Chưa có bản dịch
microskirt,0,29286,"micro-skirt,micro_skirt",Chưa có bản dịch
suspender_skirt,0,29246,jumper_skirt,Chưa có bản dịch
open_cardigan,0,29180,,Chưa có bản dịch
bikini_under_clothes,0,29180,,Chưa có bản dịch
highleg_panties,0,29126,,Chưa có bản dịch
yellow_clothing,7,29081,,Chưa có bản dịch
multicolored_jacket,0,28956,multi_tone_jacket,Áo khoác nhiều màu
half_gloves,0,28931,short_gloves,Chưa có bản dịch
sleeve_cuffs,0,28918,"cuff_sleeve,cuff_sleeves,cuffed_sleeves,sleeve_cuff",Chưa có bản dịch
yellow_dress,0,28913,,Váy vàng
red_boots,0,28881,,Bốt màu đỏ
red_thighhighs,0,28513,,Tất cao đùi đỏ
checkered_clothes,0,28432,,Chưa có bản dịch
torn_pants,0,28112,ripped_pants,Chưa có bản dịch
red_kimono,0,28046,red_yukata,Chưa có bản dịch
open_fly,0,27801,unbuttoned_pants,Chưa có bản dịch
police_uniform,0,27643,,Chưa có bản dịch
highleg_one-piece_swimsuit,0,27435,,Chưa có bản dịch
winter_clothes,0,27420,,Chưa có bản dịch
japanese_armor,0,27210,japanese_armour,Chưa có bản dịch
brown_coat,0,27183,,Áo khoác nâu
red_coat,0,26833,,Áo khoác đỏ
pink_shoes,0,26813,,Giày màu hồng
red_pants,0,26737,,Quần đỏ
white_hoodie,0,26722,,Chưa có bản dịch
bodystocking,0,26518,bodystocking_under_clothes,Chưa có bản dịch
fishnet_thighhighs,0,25945,,Chưa có bản dịch
armored_boots,0,25883,,Chưa có bản dịch
no_underwear,7,25856,"freeballing,going_commando,nopan,pantiless,pantyless,underwearless,without_panties,without_underwear",Chưa có bản dịch
wet_clothing,7,25786,,Chưa có bản dịch
blue_thighhighs,0,25779,,Tất cao đùi xanh dương
black_underwear,7,25772,,Chưa có bản dịch
tight_clothes,0,25772,tight,Chưa có bản dịch
white_underwear,7,25707,,Chưa có bản dịch
torn_thighhighs,0,25643,,Chưa có bản dịch
fur-trimmed_coat,0,25570,,Chưa có bản dịch
red_shorts,0,25527,,Quần short đỏ
ankle_boots,0,25407,,Chưa có bản dịch
purple_bikini,0,25182,,Chưa có bản dịch
bikini_armor,0,25176,,Chưa có bản dịch
sundress,0,25162,"summerdress,sun_dress",Chưa có bản dịch
collared_jacket,0,24855,,Chưa có bản dịch
asymmetrical_gloves,0,24718,,Chưa có bản dịch
layered_dress,0,24481,,Chưa có bản dịch
orange_shirt,0,24458,orange_blouse,Áo cam
blue_boots,0,24381,,Bốt màu xanh dương
highleg_bikini,0,24190,,Chưa có bản dịch
erection_under_clothing,7,24027,"boner_in_pants,clothed_erection,erection_through_clothes",Chưa có bản dịch
blue_coat,0,23944,,Áo khoác xanh dương
wet_shirt,0,23924,"wet_blouse,wetshirt",Chưa có bản dịch
grey_shorts,0,23898,gray_shorts,Quần short xám
suit_jacket,0,23874,dress_jacket,Chưa có bản dịch
yellow_bikini,0,23869,,Chưa có bản dịch
paw_gloves,0,23836,"paw_glove,pawglove,pawgloves",Chưa có bản dịch
tied_shirt,0,23813,"knotted_shirt,knotted_top,thot_knot,tie-front,tie-front_shirt,tie-front_top,tie_front,tie_front_shirt,tie_front_top,tied-up_shirt,tied-up_top,tied_top,tied_up_shirt,tied_up_top",Chưa có bản dịch
brown_shorts,0,23686,,Quần short nâu
red_panties,0,23600,,Quần lót đỏ
short_over_long_sleeves,0,23594,"/sols,long_sleeves_under_short_sleeves,long_under_short_sleeves,short_sleeves_over_long_sleeves",Chưa có bản dịch
clothes_around_waist,0,23583,,Chưa có bản dịch
layered_skirt,0,23581,,Chưa có bản dịch
raised_clothing,7,23578,"clothes_raised,clothing_raised,raised_clothes",Chưa có bản dịch
red_leotard,0,23359,,Chưa có bản dịch
taut_clothes,0,23319,taut_clothing,Chưa có bản dịch
green_pants,0,23314,,Quần xanh lá
loose_socks,0,23281,baggy_socks,Chưa có bản dịch
pink_kimono,0,23218,pink_yukata,Chưa có bản dịch
thong_panties,0,23183,,Chưa có bản dịch
text_on_clothing,7,23109,clothing_writing,Chưa có bản dịch
high_heeled_boots,7,23091,"heel_boots,heeled_boots",Chưa có bản dịch
pulling_own_clothes,0,23072,pulled_by_self,Chưa có bản dịch
animal_costume,0,23005,,Chưa có bản dịch
backless_dress,0,22841,open-back_dress,Chưa có bản dịch
male_underwear,0,22819,underwear_(male),Chưa có bản dịch
superhero_costume,0,22553,"superheroes,supervillains",Chưa có bản dịch
brown_cardigan,0,22535,,Chưa có bản dịch
dolphin_shorts,0,22524,,Chưa có bản dịch
torn_shirt,0,22433,"ripped_shirt,torn_blouse",Chưa có bản dịch
purple_kimono,0,22302,purple_yukata,Chưa có bản dịch
frilled_thigh_strap,0,22120,"bridal_garter,thigh_garter",Chưa có bản dịch
grey_sweater,0,22043,gray_sweater,Chưa có bản dịch
striped_dress,0,21982,,Chưa có bản dịch
multicolored_clothing,7,21979,"black_and_purple_clothing,multi_tone_clothing",Chưa có bản dịch
brown_sweater,0,21930,,Chưa có bản dịch
green_bikini,0,21897,,Chưa có bản dịch
holding_own_dress,0,21836,,Chưa có bản dịch
christmas_clothing,7,21812,christmas_clothes,Chưa có bản dịch
bow_bra,0,21705,,Chưa có bản dịch
black_footwear,7,21659,,Chưa có bản dịch
blue_hoodie,0,21543,,Chưa có bản dịch
purple_panties,0,21427,,Quần lót tím
panties_down,7,21236,"breifs_down,panties_pulled_down,removing_panties",Chưa có bản dịch
see-through_shirt,0,21109,transparent_shirt,Chưa có bản dịch
blue_sweater,0,21103,cyan_sweater,Chưa có bản dịch
maid_uniform,7,20966,"french_maid,maid_costume,maid_dress,maid_outfit,maiddress,maids",Chưa có bản dịch
clothing_pull,7,20783,"pulling_clothes,pulling_clothing",Chưa có bản dịch
yellow_skirt,0,20776,,Chân váy vàng
naked_shirt,0,20697,nude_shirt,Chưa có bản dịch
chest_harness,0,20607,harness_bra,Chưa có bản dịch
open_kimono,0,20474,open_yukata,Chưa có bản dịch
green_shorts,0,20355,,Quần short xanh lá
pink_gloves,0,20280,,Găng tay hồng
see-through_sleeves,0,20213,"sheer_sleeves,transparent_sleeves",Chưa có bản dịch
hooded_cloak,0,20213,,Chưa có bản dịch
bikini_skirt,0,20158,,Chưa có bản dịch
coat_on_shoulders,0,20151,,Chưa có bản dịch
gold_bikini,0,20133,"golden_bikini,golden_week_bikini",Chưa có bản dịch
green_vest,0,20038,,Chưa có bản dịch
underwear_aside,7,20001,briefs_aside,Chưa có bản dịch
off-shoulder_sweater,0,19942,,Chưa có bản dịch
three-quarter_sleeves,0,19940,sleeves_past_elbows,Chưa có bản dịch
white_bodysuit,0,19751,white_bikesuit,Chưa có bản dịch
pink_thighhighs,0,19651,,Tất cao đùi hồng
unworn_shoes,0,19642,shoes_off,Chưa có bản dịch
jacket_partially_removed,0,19581,,Chưa có bản dịch
fur-trimmed_sleeves,0,19438,,Chưa có bản dịch
bare_pectorals,0,19183,"bare_pecs,pectorals_out_of_clothes",Chưa có bản dịch
swimsuit_under_clothes,0,19103,/suc,Chưa có bản dịch
gym_shirt,0,19087,,Chưa có bản dịch
shoe_soles,0,19071,"shoe-sole,shoe-soles,shoe_sole,sole_of_shoe,sole_of_shoes",Chưa có bản dịch
blue_bra,0,18986,,Chưa có bản dịch
orange_clothing,7,18931,,Chưa có bản dịch
clothes_between_breasts,0,18816,,Chưa có bản dịch
micro_shorts,0,18748,,Chưa có bản dịch
pink_sweater,0,18743,,Chưa có bản dịch
oversized_clothes,0,18730,clothes_too_big,Chưa có bản dịch
grey_gloves,0,18668,gray_gloves,Găng tay xám
yellow_gloves,0,18646,,Găng tay vàng
pants_pull,0,18535,,Chưa có bản dịch
two-tone_jacket,0,18508,,Chưa có bản dịch
two-tone_shirt,0,18399,,Chưa có bản dịch
black_sports_bra,0,18341,,Chưa có bản dịch
diagonal-striped_clothes,0,18334,diagonal-striped_clothing,Chưa có bản dịch
red_sweater,0,18308,,Chưa có bản dịch
short_kimono,0,18092,,Chưa có bản dịch
o-ring_bikini,0,18014,"o_ring_bikini,ring_bikini",Chưa có bản dịch
armored_dress,0,17987,armoured_dress,Chưa có bản dịch
string_panties,0,17959,,Chưa có bản dịch
slingshot_swimsuit,0,17911,"sling_swimsuit,slingbikini",Chưa có bản dịch
cow_print_bikini,0,17871,"cow_bikini,cowkini",Chưa có bản dịch
pantyhose_under_shorts,0,17686,legwear_under_shorts,Chưa có bản dịch
striped_socks,0,17686,striped_kneehighs,Chưa có bản dịch
open_vest,0,17616,,Chưa có bản dịch
leather_jacket,0,17401,,Chưa có bản dịch
fur-trimmed_gloves,0,17395,,Chưa có bản dịch
brown_vest,0,17116,,Chưa có bản dịch
fur-trimmed_cape,0,17107,,Chưa có bản dịch
lace-trimmed_thighhighs,0,16962,,Chưa có bản dịch
multicolored_dress,0,16948,"black_and_white_dress,multi_tone_dress,pink_and_white_dress",Váy nhiều màu
dress_bow,0,16937,,Chưa có bản dịch
lace-trimmed_bra,0,16928,lace_trimmed_bra,Chưa có bản dịch
cum_on_clothes,0,16844,"cum_inside_clothes,cum_inside_thighhigh,cum_on_buruma,cum_on_pantyhose,cum_on_swimsuit,cum_on_thighhighs",Chưa có bản dịch
blue_sleeves,0,16843,,Tay áo xanh dương
grey_thighhighs,0,16791,gray_thighhighs,Tất cao đùi xám
argyle_clothes,0,16767,,Chưa có bản dịch
multicolored_gloves,0,16739,multi_tone_gloves,Găng tay nhiều màu
print_thighhighs,0,16705,,Chưa có bản dịch
green_gloves,0,16629,,Găng tay xanh lá
floating_clothes,0,16549,blowing_clothes,Chưa có bản dịch
platform_sandals,0,16534,,Chưa có bản dịch
hasu_no_sora_school_uniform,0,16464,hasunosora_school_uniform,Chưa có bản dịch
bikini_top,7,16359,,Chưa có bản dịch
pink_cardigan,0,16272,,Chưa có bản dịch
clothes_grab,0,16182,,Chưa có bản dịch
fur-trimmed_dress,0,16134,,Chưa có bản dịch
red_bodysuit,0,16011,red_bikesuit,Chưa có bản dịch
white_robe,0,15952,,Chưa có bản dịch
yellow_sweater,0,15940,,Chưa có bản dịch
blue_socks,0,15920,blue_kneehighs,Tất xanh dương
showgirl_skirt,0,15917,,Chưa có bản dịch
casual_one-piece_swimsuit,0,15897,"/cops,casual_one_piece_swimsuit",Chưa có bản dịch
print_dress,0,15861,,Chưa có bản dịch
sleeveless_jacket,0,15852,,Chưa có bản dịch
orange_skirt,0,15850,,Chân váy cam
hooded_coat,0,15833,,Chưa có bản dịch
erection_under_clothes,0,15574,covered_erection,Chưa có bản dịch
raglan_sleeves,0,15526,,Chưa có bản dịch
asymmetrical_clothes,0,15498,/acl,Chưa có bản dịch
green_kimono,0,15497,green_yukata,Chưa có bản dịch
latex_gloves,0,15439,"latex_glove,medical_glove,rubber_glove",Chưa có bản dịch
bra_strap,0,15402,bra_straps,Chưa có bản dịch
black_sandals,0,15356,,Chưa có bản dịch
blue_bodysuit,0,15257,blue_bikesuit,Chưa có bản dịch
lace-trimmed_panties,0,15174,lace_trimmed_panties,Chưa có bản dịch
turtleneck_shirt,0,15158,,Chưa có bản dịch
black_cloak,0,15090,,Chưa có bản dịch
cutoffs,0,15015,frayed_shorts,Chưa có bản dịch
no_shirt,0,14983,no_blouse,Chưa có bản dịch
halter_dress,0,14972,,Chưa có bản dịch
pink_underwear,7,14909,,Chưa có bản dịch
medium_dress,0,14766,,Váy vừa
white_footwear,7,14688,,Chưa có bản dịch
purple_shoes,0,14661,,Giày màu tím
grey_pantyhose,0,14660,gray_pantyhose,Quần tất xám
orange_jacket,0,14630,,Áo khoác cam
pantyhose_pull,0,14511,pantyhosepull,Chưa có bản dịch
grey_vest,0,14500,gray_vest,Chưa có bản dịch
hakama_short_skirt,0,14385,,Chưa có bản dịch
pink_boots,0,14374,,Bốt màu hồng
naval_uniform,0,14366,,Chưa có bản dịch
grey_hoodie,0,14362,gray_hoodie,Chưa có bản dịch
mismatched_gloves,0,14338,,Chưa có bản dịch
plaid_shirt,0,14256,plaid_blouse,Chưa có bản dịch
frilled_thighhighs,0,14227,,Chưa có bản dịch
green_sweater,0,14184,,Chưa có bản dịch
grey_coat,0,14068,gray_coat,Áo khoác xám
floral_print_kimono,0,14025,,Chưa có bản dịch
vertical-striped_shirt,0,13972,vertical-striped_blouse,Chưa có bản dịch
mitakihara_school_uniform,0,13950,,Chưa có bản dịch
print_panties,0,13854,,Chưa có bản dịch
shorts_under_skirt,0,13827,skirt_over_shorts,Chưa có bản dịch
striped_pantyhose,0,13793,,Chưa có bản dịch
open_pants,0,13704,"pants_open,unbuttoned_pants",Quần mở
gym_shorts,0,13653,"athletic_shorts,gymshorts,jogging_shorts,running_shorts,sport_shorts,sports_shorts,track_shorts",Chưa có bản dịch
orange_dress,0,13605,,Váy cam
single_sock,0,13593,,Chưa có bản dịch
bra_lift,0,13561,"bralift,lifted_bra",Chưa có bản dịch
red_sleeves,0,13488,,Tay áo đỏ
footwear_only,7,13475,"naked_footwear,nude_footwear",Chưa có bản dịch
kita_high_school_uniform,0,13470,,Chưa có bản dịch
tasuki,0,13369,kimono_sleeve_ties,Chưa có bản dịch
black_robe,0,13366,,Chưa có bản dịch
naked_apron,0,13355,"hadaka_apron,nakedapron,nude_apron",Chưa có bản dịch
green_panties,0,13344,,Quần lót xanh lá
raised_shirt,7,13342,shirt_raised,Chưa có bản dịch
unworn_panties,0,13338,,Chưa có bản dịch
footwear_bow,0,13295,"boot_bow,shoe_bow",Chưa có bản dịch
idol_clothes,0,13234,,Chưa có bản dịch
red_bra,0,13233,,Chưa có bản dịch
single_leg_pantyhose,0,13189,"single_legging,single_pantyhose_leg",Chưa có bản dịch
tight_pants,0,13134,,Chưa có bản dịch
sweater_dress,0,13124,sweaterdress,Chưa có bản dịch
grey_shoes,0,12962,gray_shoes,Giày màu xám
military_jacket,0,12958,,Chưa có bản dịch
print_gloves,0,12935,,Chưa có bản dịch
red_underwear,7,12831,,Chưa có bản dịch
white_vest,0,12730,,Chưa có bản dịch
black_armor,0,12725,,Chưa có bản dịch
two_tone_clothing,7,12664,,Chưa có bản dịch
ineffective_clothing,7,12574,"ineffective_clothes,useless_clothes,useless_clothing",Chưa có bản dịch
fur-trimmed_boots,0,12548,fur-lined_boots,Chưa có bản dịch
medium_skirt,0,12546,,Chân váy vừa
multicolored_bodysuit,0,12504,"multi_tone_bodysuit,multicolored_bikesuit",Chưa có bản dịch
asymmetrical_sleeves,0,12489,,Chưa có bản dịch
long_coat,0,12447,,Áo khoác dài
glistening_clothing,7,12417,"glistening_clothes,shiny_clothing",Chưa có bản dịch
purple_pantyhose,0,12417,,Quần tất tím
multi-strapped_bikini_bottom,0,12380,,Chưa có bản dịch
bikini_bottom_only,0,12358,,Chưa có bản dịch
two-tone_gloves,0,12300,,Chưa có bản dịch
pink_shorts,0,12263,,Quần short hồng
leather_clothing,7,12250,"leather_clothes,leather_outfit",Chưa có bản dịch
baggy_pants,0,12179,,Chưa có bản dịch
waist_cape,0,12072,,Chưa có bản dịch
open_hoodie,0,11986,,Chưa có bản dịch
clothed_feral,7,11981,panties_on_feral,Chưa có bản dịch
high_heel_sandals,0,11977,,Chưa có bản dịch
bra_visible_through_clothes,0,11975,bra_through_clothes,Chưa có bản dịch
bunny_costume,7,11962,"bunny_outfit,bunny_suit,bunnygirl_costume,bunnysuit,rabbit_outfit,rabbit_suit,rabbitsuit",Chưa có bản dịch
panty_peek,0,11946,,Chưa có bản dịch
yoga_pants,0,11920,,Chưa có bản dịch
bobby_socks,0,11855,,Chưa có bản dịch
sweater_lift,0,11823,,Chưa có bản dịch
purple_bra,0,11802,,Chưa có bản dịch
vertical-striped_thighhighs,0,11788,,Chưa có bản dịch
skirt_pull,0,11786,pulling_skirt,Chưa có bản dịch
purple_pants,0,11761,violet_pants,Quần tím
frilled_bra,0,11746,,Chưa có bản dịch
full_armor,0,11739,,Chưa có bản dịch
green_shoes,0,11678,,Giày màu xanh lá
print_skirt,0,11668,,Chưa có bản dịch
multicolored_bikini,0,11661,multi_tone_bikini,Chưa có bản dịch
red_cloak,0,11651,,Chưa có bản dịch
plaid_vest,0,11617,,Chưa có bản dịch
striped_jacket,0,11608,,Chưa có bản dịch
grey_socks,0,11577,"gray_socks,grey_kneehighs",Tất xám
yellow_shoes,0,11530,,Giày màu vàng
text_on_shirt,7,11517,t-shirt_with_humorous_text_(meme),Chưa có bản dịch
holding_own_skirt,0,11436,,Chưa có bản dịch
purple_leotard,0,11412,lavender_leotard,Chưa có bản dịch
torn_dress,0,11329,ripped_dress,Chưa có bản dịch
unworn_jacket,0,11288,"jacket_off,jacket_removed",Chưa có bản dịch
striped_skirt,0,11241,,Chưa có bản dịch
platform_heels,0,11215,platform_high_heels,Chưa có bản dịch
vertical-striped_dress,0,11212,,Chưa có bản dịch
frilled_panties,0,11177,,Chưa có bản dịch
single_elbow_glove,0,11147,one_elbow_glove,Chưa có bản dịch
bikini_bottom,7,11129,bikini_bottoms,Chưa có bản dịch
yellow_cardigan,0,11122,,Chưa có bản dịch
ankle_socks,0,11121,"anklehighs,short_socks",Chưa có bản dịch
yellow_shorts,0,11074,,Quần short vàng
grey_cardigan,0,11072,,Chưa có bản dịch
shirt_pull,0,11066,,Chưa có bản dịch
wearing_chastity_device,7,11036,,Chưa có bản dịch
purple_sleeves,0,10999,,Tay áo tím
arm_garter,0,10977,,Chưa có bản dịch
sakuragaoka_high_school_uniform,0,10918,,Chưa có bản dịch
single_shoe,0,10915,one_shoe,Chưa có bản dịch
shorts_pull,0,10898,short_pull,Chưa có bản dịch
green_cape,0,10895,,Chưa có bản dịch
tight_fit,7,10891,,Chưa có bản dịch
pattern_shirt,7,10880,,Chưa có bản dịch
sleeveless_kimono,0,10873,,Chưa có bản dịch
toeless_footwear,7,10856,"monotone_toeless_footwear,open_toe_footwear,open_toes",Chưa có bản dịch
two-sided_cape,0,10854,,Chưa có bản dịch
unworn_skirt,0,10839,skirt_off,Chưa có bản dịch
gradient_clothes,0,10822,,Chưa có bản dịch
wearing_sunglasses,7,10690,,Chưa có bản dịch
waistcoat,0,10633,waist_coat,Chưa có bản dịch
leotard_under_clothes,0,10610,,Chưa có bản dịch
costume_switch,0,10608,"costume_swap,exchanging_clothes,outfit_switch",Chưa có bản dịch
cow_print_thighhighs,0,10595,,Chưa có bản dịch
tenting,7,10583,erection_pushing_underwear,Chưa có bản dịch
purple_vest,0,10575,,Chưa có bản dịch
latex_bodysuit,0,10569,,Chưa có bản dịch
orange_bikini,0,10523,,Chưa có bản dịch
grey_boots,0,10509,gray_boots,Bốt màu xám
unworn_clothes,0,10487,"clothes_off,clothes_removed",Chưa có bản dịch
high-waist_shorts,0,10453,,Chưa có bản dịch
uwabaki,0,10453,indoor_shoes_(japanese),Chưa có bản dịch
ooarai_school_uniform,0,10438,,Chưa có bản dịch
competition_school_swimsuit,0,10430,,Chưa có bản dịch
red_socks,0,10392,red_kneehighs,Tất đỏ
track_pants,0,10334,,Chưa có bản dịch
blue_underwear,7,10325,"blue_undergarments,cyan_underwear,light_blue_underwear",Chưa có bản dịch
collared_coat,0,10323,,Chưa có bản dịch
single_detached_sleeve,0,10278,,Chưa có bản dịch
purple_coat,0,10238,,Áo khoác tím
red_footwear,7,10237,,Chưa có bản dịch
plaid_dress,0,10216,,Chưa có bản dịch
power_armor,0,10172,"power_armour,powered_armor,powered_armour,powersuit",Chưa có bản dịch
bikini_bottom_aside,0,10168,,Chưa có bản dịch
wet_panties,0,10168,"/wp,drenched_panties",Chưa có bản dịch
sailor_senshi_uniform,0,10153,,Chưa có bản dịch
aqua_shirt,0,10105,aqua_blouse,Chưa có bản dịch
athletic_wear,7,10101,"gym_clothes,gym_clothing,gym_outfit",Chưa có bản dịch
frilled_gloves,0,10064,,Chưa có bản dịch
high-waist_pants,0,10052,,Chưa có bản dịch
crotchless,0,10040,crotchless_clothes,Chưa có bản dịch
leotard_aside,0,10039,,Chưa có bản dịch
winter_coat,0,10038,,Chưa có bản dịch
reverse_outfit,0,10030,,Chưa có bản dịch
wearing_condom,7,10024,,Chưa có bản dịch
tight_bottomwear,7,9990,,Chưa có bản dịch
clothing_around_one_leg,7,9979,,Chưa có bản dịch
old_school_swimsuit,0,9902,,Chưa có bản dịch
thong_bikini,0,9856,,Chưa có bản dịch
harem_outfit,0,9809,harem_clothes,Chưa có bản dịch
bra_pull,0,9808,,Chưa có bản dịch
green_coat,0,9797,,Áo khoác xanh lá
santa_dress,0,9782,,Chưa có bản dịch
pattern_underwear,7,9728,,Chưa có bản dịch
single_sleeve,0,9720,one_sleeve,Chưa có bản dịch
unbuttoned_shirt,0,9704,,Chưa có bản dịch
two-sided_jacket,0,9683,,Chưa có bản dịch
wearing_chastity_cage,7,9615,,Chưa có bản dịch
see-through_dress,0,9584,transparent_dress,Chưa có bản dịch
thighhighs_under_boots,0,9504,,Chưa có bản dịch
asymmetrical_footwear,0,9501,,Chưa có bản dịch
layered_clothes,0,9468,,Chưa có bản dịch
purple_shorts,0,9436,violet_shorts,Quần short tím
jacket_around_waist,0,9428,,Chưa có bản dịch
purple_cape,0,9416,,Chưa có bản dịch
thigh_socks,7,9397,"thigh_high_socks,thigh_high_stockings,thighhigh_socks",Chưa có bản dịch
print_clothing,7,9329,,Chưa có bản dịch
holding_underwear,0,9315,,Chưa có bản dịch
pink_leotard,0,9300,,Chưa có bản dịch
bulletproof_vest,0,9275,"ballistic_vest,bullet_proof_vest,kevlar_vest,tactical_vest",Chưa có bản dịch
print_pantyhose,0,9238,,Chưa có bản dịch
white_cloak,0,9223,,Chưa có bản dịch
demon_slayer_uniform,0,9156,,Chưa có bản dịch
two-tone_skirt,0,9116,,Chưa có bản dịch
tracen_training_uniform,0,9102,,Chưa có bản dịch
underwear_pull,7,9095,pulling_underwear,Chưa có bản dịch
sling_bikini,7,9079,"mankini,slingkini,slingshot_bikini",Chưa có bản dịch
untied_bikini_top,0,9063,,Chưa có bản dịch
bubble_skirt,0,9060,puffy_skirt,Chưa có bản dịch
aqua_dress,0,9045,,Chưa có bản dịch
no_socks,0,9004,,Chưa có bản dịch
polka_dot_panties,0,8953,polka-dot_panties,Chưa có bản dịch
sweatpants,0,8941,sweat_pants,Chưa có bản dịch
pink_hoodie,0,8838,,Chưa có bản dịch
pink_sleeves,0,8833,,Tay áo hồng
bike_shorts_under_skirt,0,8832,,Chưa có bản dịch
tokiwadai_school_uniform,0,8831,,Chưa có bản dịch
dress_flower,0,8784,,Chưa có bản dịch
multicolored_shirt,0,8779,"multi_tone_shirt,multicolored_blouse",Áo sơ mi nhiều màu
boxing_gloves,0,8750,boxing_glove,Chưa có bản dịch
red_hoodie,0,8742,,Chưa có bản dịch
grey_panties,0,8732,gray_panties,Quần lót xám
purple_boots,0,8724,,Bốt màu tím
frilled_socks,0,8706,,Chưa có bản dịch
taut_shirt,0,8701,taut_blouse,Chưa có bản dịch
green_hoodie,0,8700,,Chưa có bản dịch
orange_gloves,0,8654,,Găng tay cam
pink_socks,0,8629,pink_kneehighs,Tất hồng
red_pantyhose,0,8624,,Quần tất đỏ
black_cardigan,0,8623,,Chưa có bản dịch
strapless_bikini,0,8620,,Chưa có bản dịch
letterman_jacket,0,8604,varsity_jacket,Chưa có bản dịch
otonokizaka_school_uniform,0,8602,,Chưa có bản dịch
sleeveless_sweater,0,8558,,Chưa có bản dịch
yellow_panties,0,8556,,Quần lót vàng
brown_sweater_vest,0,8551,,Chưa có bản dịch
ribbed_shirt,0,8531,,Chưa có bản dịch
discarded_clothing,7,8527,"discarded_clothes,discarded_cloths",Chưa có bản dịch
bra_peek,0,8526,,Chưa có bản dịch
blue_pantyhose,0,8519,,Quần tất xanh dương
torn_skirt,0,8506,ripped_skirt,Chưa có bản dịch
green_sleeves,0,8444,,Tay áo xanh lá
red_armor,0,8420,,Chưa có bản dịch
multicolored_skirt,0,8417,multi_tone_skirt,Chân váy nhiều màu
frilled_one-piece_swimsuit,0,8378,,Chưa có bản dịch
trench_coat,0,8368,,Chưa có bản dịch
apron_only,7,8313,nude_apron,Chưa có bản dịch
green_thighhighs,0,8249,,Tất cao đùi xanh lá
frilly_clothing,7,8219,frilled_clothing,Chưa có bản dịch
striped_pants,0,8212,,Chưa có bản dịch
cow_print_gloves,0,8204,,Chưa có bản dịch
holding_clothing,7,8157,,Chưa có bản dịch
blue_cardigan,0,8156,,Chưa có bản dịch
greco-roman_clothes,0,8140,,Chưa có bản dịch
sleeve_bow,0,8128,,Chưa có bản dịch
aqua_skirt,0,8094,,Chưa có bản dịch
brown_sandals,0,8074,,Chưa có bản dịch
yellow_kimono,0,8055,yellow_yukata,Chưa có bản dịch
torn_shorts,0,8054,ripped_shorts,Chưa có bản dịch
underwear_around_one_leg,0,8041,underwear_around_leg,Chưa có bản dịch
dress_pull,0,8028,,Chưa có bản dịch
orange_shorts,0,7991,,Quần short cam
garreg_mach_monastery_uniform,0,7981,,Chưa có bản dịch
oversized_shirt,0,7942,baggy_shirt,Chưa có bản dịch
wearing_mask,7,7938,mask_on,Chưa có bản dịch
frilled_kimono,0,7879,frilled_yukata,Chưa có bản dịch
lace_panties,0,7871,lacy_panties,Chưa có bản dịch
platform_footwear,7,7852,,Chưa có bản dịch
multicolored_shoes,0,7827,"black_and_orange_shoes,multi_tone_shoes,white_and_blue_shoes",Giày nhiều màu
hooded_cape,0,7826,,Chưa có bản dịch
virgin_killer_sweater,0,7806,"virginkiller,virginkiller_sweater",Chưa có bản dịch
shirt_only,7,7780,,Chưa có bản dịch
pink_pants,0,7760,,Quần hồng
lowleg_panties,0,7747,"low-rise_panties,low_leg_panties",Chưa có bản dịch
latex_stockings,7,7742,rubber_stockings,Chưa có bản dịch
tail_through_clothes,0,7699,"tail_cutout,tail_slit_clothes",Chưa có bản dịch
panty_straps,0,7697,,Chưa có bản dịch
shibari_over_clothes,0,7697,,Chưa có bản dịch
paizuri_under_clothes,0,7679,,Chưa có bản dịch
yellow_boots,0,7650,,Bốt màu vàng
pink_apron,0,7578,,Chưa có bản dịch
green_boots,0,7538,,Bốt màu xanh lá
unconvincing_armor,7,7521,"impractical_armor,ineffective_armor,questionable_armor,questionable_armour,revealing_armor,skimpy_armor,unconvincing_armour,useless_armor",Chưa có bản dịch
bikini_top_lift,0,7492,,Chưa có bản dịch
oversized_clothing,7,7488,"baggy_clothing,loose_clothing,over_sized_clothes,over_sized_clothing,too_big_clothes,too_big_clothing",Chưa có bản dịch
black_apron,0,7470,,Chưa có bản dịch
purple_sweater,0,7428,violet_sweater,Chưa có bản dịch
soccer_uniform,0,7419,,Chưa có bản dịch
chaldea_master_uniform,0,7376,,Chưa có bản dịch
black_stockings,7,7368,,Bít tất đen
under-elbow_gloves,0,7361,,Chưa có bản dịch
sideless_outfit,0,7319,,Chưa có bản dịch
single_fingerless_glove,0,7318,,Chưa có bản dịch
two-tone_bikini,0,7313,,Chưa có bản dịch
one-piece_swimsuit_pull,0,7303,"one-piece_swimsuit_down,swimsuit_down,swimsuit_pull",Chưa có bản dịch
swimsuit_aside,0,7301,,Chưa có bản dịch
cropped_hoodie,0,7267,,Chưa có bản dịch
white_cardigan,0,7266,,Chưa có bản dịch
strapless_shirt,0,7254,,Chưa có bản dịch
turtleneck_dress,0,7253,,Chưa có bản dịch
maid_bikini,0,7231,,Chưa có bản dịch
black_garter_straps,0,7217,,Chưa có bản dịch
pattern_panties,7,7169,,Chưa có bản dịch
hand_under_clothes,0,7166,hands_under_clothes,Chưa có bản dịch
torn_jeans,0,7153,"ripped_jeans,shredded_jeans",Chưa có bản dịch
eyepatch_bikini,0,7075,,Chưa có bản dịch
black_sweater_vest,0,7066,,Chưa có bản dịch
puffy_detached_sleeves,0,7063,,Chưa có bản dịch
platform_shoes,0,7037,,Chưa có bản dịch
striped_sleeves,0,7016,,Chưa có bản dịch
brown_footwear,7,7014,,Chưa có bản dịch
two-tone_bodysuit,0,6995,,Chưa có bản dịch
borrowed_clothes,0,6992,borrowed_garments,Chưa có bản dịch
purple_bodysuit,0,6992,purple_bikesuit,Chưa có bản dịch
impossible_bodysuit,0,6975,,Chưa có bản dịch
impossible_shirt,0,6958,,Chưa có bản dịch
green_leotard,0,6936,,Chưa có bản dịch
torn_bodysuit,0,6926,ripped_bodysuit,Chưa có bản dịch
torn_sleeves,0,6902,,Chưa có bản dịch
flag_print_bikini,0,6901,,Chưa có bản dịch
white_sports_bra,0,6900,,Chưa có bản dịch
unworn_bra,0,6897,bra_off,Chưa có bản dịch
side_cape,0,6896,"half_cape,single-shoulder_cape",Chưa có bản dịch
blue_apron,0,6886,,Chưa có bản dịch
thong_leotard,0,6872,,Chưa có bản dịch
striped_underwear,0,6822,,Chưa có bản dịch
ancient_greek_clothes,0,6766,greek_clothes,Chưa có bản dịch
ribbon-trimmed_thighhighs,0,6757,,Chưa có bản dịch
unworn_shirt,0,6743,shirt_off,Chưa có bản dịch
open_robe,0,6736,open_robes,Chưa có bản dịch
american_flag_bikini,0,6733,"stars_and_stripes_bikini,usa_bikini",Chưa có bản dịch
checkered_skirt,0,6729,,Chưa có bản dịch
white_sandals,0,6686,,Chưa có bản dịch
employee_uniform,0,6642,,Chưa có bản dịch
green_bra,0,6635,,Chưa có bản dịch
yellow_hoodie,0,6582,,Chưa có bản dịch
gekkoukan_high_school_uniform,0,6578,,Chưa có bản dịch
mismatched_footwear,0,6527,,Chưa có bản dịch
cum_in_clothing,7,6524,"cum_in_suit,cum_inside_clothing",Chưa có bản dịch
blue_armor,0,6519,,Chưa có bản dịch
yellow_vest,0,6508,,Chưa có bản dịch
open_shorts,0,6474,,Quần short mở
layered_bikini,0,6474,,Chưa có bản dịch
straitjacket,0,6464,"straight_jacket,straightjacket,strait_jacket",Chưa có bản dịch
denim_skirt,0,6462,jean_skirt,Chưa có bản dịch
monotone_clothing,7,6432,"mono-tone_clothes,mono-tone_clothing,mono_tone_clothes,mono_tone_clothing,monotone_clothes",Chưa có bản dịch
bodysuit_under_clothes,0,6430,,Chưa có bản dịch
ribbon-trimmed_skirt,0,6419,,Chưa có bản dịch
two-tone_swimsuit,0,6407,,Chưa có bản dịch
polka_dot_bikini,0,6389,polka-dot_bikini,Chưa có bản dịch
clothes_in_mouth,0,6380,,Chưa có bản dịch
bikini_tan,0,6380,,Chưa có bản dịch
strappy_heels,0,6349,,Chưa có bản dịch
toeless_socks,0,6336,"monotone_toeless_socks,toeless_sock",Chưa có bản dịch
tan_clothing,7,6334,"beige_clothing,tan_clothes",Chưa có bản dịch
kindergarten_uniform,0,6319,,Chưa có bản dịch
baseball_uniform,0,6301,,Chưa có bản dịch
brown_cape,0,6256,,Chưa có bản dịch
torn_cape,0,6228,,Chưa có bản dịch
gold_armor,0,6227,golden_armor,Chưa có bản dịch
ancient_egyptian_clothes,0,6227,egyptian_clothes,Chưa có bản dịch
see-through_skirt,0,6216,transparent_skirt,Chưa có bản dịch
lace_bra,0,6200,lacy_bra,Chưa có bản dịch
clothes_hanger,0,6193,"clotheshanger,clothing_hanger,coat_hanger",Chưa có bản dịch
striped_sweater,0,6187,stripped_sweater,Chưa có bản dịch
argyle_pantyhose,0,6185,,Chưa có bản dịch
black_swimwear,7,6170,black_swimsuit,Chưa có bản dịch
precum_through_clothing,7,6168,,Chưa có bản dịch
haneoka_school_uniform,0,6156,,Chưa có bản dịch
lowleg_bikini,0,6143,low-rise_bikini,Chưa có bản dịch
triangle_bikini_top,0,6118,,Chưa có bản dịch
roswaal_mansion_maid_uniform,0,6115,,Chưa có bản dịch
yellow_coat,0,6107,,Áo khoác vàng
orange_shoes,0,6105,,Giày màu cam
sleeves_pushed_up,0,6082,,Chưa có bản dịch
platform_boots,0,6072,,Chưa có bản dịch
paw_shoes,0,6062,pawshoes,Chưa có bản dịch
holding_panties,0,6043,,Chưa có bản dịch
white_armor,0,6036,,Chưa có bản dịch
suspender_shorts,0,6008,,Chưa có bản dịch
aqua_jacket,0,6006,,Chưa có bản dịch
matching_outfits,0,5995,matching_outfit,Chưa có bản dịch
purple_hoodie,0,5989,,Chưa có bản dịch
grey_sleeves,0,5968,,Tay áo xám
orange_pants,0,5940,,Quần cam
brown_socks,0,5934,brown_kneehighs,Tất nâu
cum_on_clothing,7,5920,,Chưa có bản dịch
grey_kimono,0,5916,gray_kimono,Chưa có bản dịch
cross-laced_dress,0,5911,,Chưa có bản dịch
blue_footwear,7,5900,cyan_footwear,Chưa có bản dịch
fur_coat,0,5891,,Chưa có bản dịch
open_dress,0,5864,,Váy mở
lace-trimmed_dress,0,5864,,Chưa có bản dịch
green_apron,0,5848,,Chưa có bản dịch
ruffle_bikini,0,5826,,Chưa có bản dịch
untied_bikini_bottom,0,5823,,Chưa có bản dịch
uneven_gloves,0,5802,,Chưa có bản dịch
nijigasaki_school_uniform,0,5790,"nijigasaki_academy_school_uniform,nijigasaki_academy_uniform",Chưa có bản dịch
untucked_shirt,0,5781,,Chưa có bản dịch
skirt_suit,0,5780,skirtsuit,Chưa có bản dịch
crotchless_panties,0,5778,,Chưa có bản dịch
long_shirt,0,5774,t-shirt_dress,Áo sơ mi dài
pink_coat,0,5742,,Áo khoác hồng
yellow_pants,0,5739,,Quần vàng
green_socks,0,5737,green_kneehighs,Tất xanh lá
shoelaces,0,5736,"shoe_lace,shoe_laces,shoelace",Chưa có bản dịch
aqua_bikini,0,5722,,Chưa có bản dịch
tokyo-3_middle_school_uniform,0,5721,tokyo-3_middle_school_uniform_(evangelion),Chưa có bản dịch
tail_under_skirt,7,5717,,Chưa có bản dịch
shoe_dangle,0,5716,"flats_dangling,heels_dangling",Chưa có bản dịch
stiletto_heels,0,5715,,Chưa có bản dịch
polo_shirt,0,5673,,Chưa có bản dịch
adjusting_swimsuit,0,5672,,Chưa có bản dịch
purple_underwear,7,5667,violet_underwear,Chưa có bản dịch
lifting_another's_clothes,0,5657,lifted_by_another,Chưa có bản dịch
aran_sweater,0,5654,aran_jumper,Chưa có bản dịch
multicolored_leotard,0,5653,multi_tone_leotard,Chưa có bản dịch
mummy_costume,0,5646,mummy_cosplay,Chưa có bản dịch
striped_footwear,0,5645,,Chưa có bản dịch
chainmail,0,5631,"chain_mail,mail_armor",Chưa có bản dịch
ryouou_school_uniform,0,5598,,Chưa có bản dịch
korean_clothes,0,5591,,Chưa có bản dịch
rudder_footwear,0,5555,,Chưa có bản dịch
shoes_only,7,5544,"naked_with_shoes_on,nude_shoes",Chưa có bản dịch
bikini_thong,7,5542,thong_(swimwear),Chưa có bản dịch
backless_leotard,0,5541,,Chưa có bản dịch
bathrobe,0,5538,"bath_robe,dressing_gown,dressing_robe,house_coat,housecoat,morning_gown,morning_robe",Chưa có bản dịch
orange_kimono,0,5528,orange_yukata,Chưa có bản dịch
multicolored_swimsuit,0,5494,,Chưa có bản dịch
wet_underwear,7,5490,,Chưa có bản dịch
cropped_vest,0,5479,,Chưa có bản dịch
striped_shorts,0,5454,,Chưa có bản dịch
bow_bikini,0,5454,,Chưa có bản dịch
wet_swimsuit,0,5447,,Chưa có bản dịch
tight_shirt,0,5442,,Chưa có bản dịch
blue_robe,0,5428,,Chưa có bản dịch
yellow_sweater_vest,0,5413,,Chưa có bản dịch
dirty_clothes,0,5408,,Chưa có bản dịch
undersized_clothes,0,5382,"clothes_too_small,too_small",Chưa có bản dịch
rubber_boots,0,5369,"galoshes,wellington_boots,wellingtons",Chưa có bản dịch
naked_jacket,0,5362,"naked_gakuran,naked_track_jacket",Chưa có bản dịch
legwear_garter,0,5361,thighhigh_garter,Chưa có bản dịch
peeing_self,0,5354,"peeing_panties,peeing_pants",Chưa có bản dịch
sleeve_garter,0,5346,,Chưa có bản dịch
pattern_footwear,7,5341,,Chưa có bản dịch
egyptian_clothing,7,5334,egyptian_clothes,Chưa có bản dịch
mismatched_bikini,0,5316,,Chưa có bản dịch
tail_through_skirt,7,5291,,Chưa có bản dịch
yellow_thighhighs,0,5279,,Tất cao đùi vàng
arabian_clothes,0,5260,,Chưa có bản dịch
plate_armor,0,5257,platemail,Chưa có bản dịch
pattern_socks,7,5222,,Chưa có bản dịch
red_one-piece_swimsuit,0,5187,red_swimsuit,Chưa có bản dịch
uranohoshi_school_uniform,0,5186,,Chưa có bản dịch
see-through_leotard,0,5182,"sheer_leotard,transparent_leotard",Chưa có bản dịch
no_jacket,0,5176,,Chưa có bản dịch
gloves_only,7,5167,,Chưa có bản dịch
white_garter_straps,0,5163,,Chưa có bản dịch
wrestling_outfit,0,5151,,Chưa có bản dịch
pseudo_clothing,7,5129,,Chưa có bản dịch
capri_pants,0,5122,cropped_pants,Chưa có bản dịch
cum_through_clothing,7,5071,,Chưa có bản dịch
pirate_costume,0,5067,pirates,Chưa có bản dịch
nurse_clothing,7,5064,,Chưa có bản dịch
shorts_down,7,5057,,Chưa có bản dịch
pink_vest,0,5023,,Chưa có bản dịch
shirt_tug,0,4977,,Chưa có bản dịch
pink_bodysuit,0,4973,pink_bikesuit,Chưa có bản dịch
multicolored_thighhighs,0,4943,,Tất cao đùi nhiều màu
grey_bodysuit,0,4929,"gray_bikesuit,gray_bodysuit,grey_bikesuit",Chưa có bản dịch
triangle_bikini,7,4929,,Chưa có bản dịch
vertical-striped_skirt,0,4928,,Chưa có bản dịch
plaid_pants,0,4918,,Chưa có bản dịch
blue_cloak,0,4916,,Chưa có bản dịch
green_underwear,7,4906,,Chưa có bản dịch
vibrator_under_clothes,0,4904,,Chưa có bản dịch
ribbed_dress,0,4884,,Chưa có bản dịch
striped_bra,0,4877,,Chưa có bản dịch
hooded_robe,0,4876,,Chưa có bản dịch
breastless_clothes,0,4875,,Chưa có bản dịch
cropped_sweater,0,4857,"crop_sweater,crop_top_sweater",Chưa có bản dịch
open-toe_boots,0,4840,peep-toe_boots,Chưa có bản dịch
ofuda_on_clothes,0,4825,,Chưa có bản dịch
turtleneck_leotard,0,4819,,Chưa có bản dịch
pink_pantyhose,0,4816,,Quần tất hồng
adjusting_gloves,0,4803,,Chưa có bản dịch
sleeveless_coat,0,4787,,Chưa có bản dịch
pink_footwear,7,4756,,Chưa có bản dịch
orange_bodysuit,0,4745,orange_bikesuit,Chưa có bản dịch
fur-trimmed_skirt,0,4740,,Chưa có bản dịch
pulling_another's_clothes,0,4739,,Chưa có bản dịch
tights,7,4732,,Chưa có bản dịch
uneven_sleeves,0,4725,,Chưa có bản dịch
plaid_jacket,0,4718,,Chưa có bản dịch
tsukinomori_school_uniform,0,4712,,Chưa có bản dịch
asticassia_school_uniform,0,4707,,Chưa có bản dịch
side-tie_bikini,7,4701,side_tie_bikini,Chưa có bản dịch
bomber_jacket,0,4693,,Chưa có bản dịch
brown_kimono,0,4687,brown_yukata,Chưa có bản dịch
tight_shorts,7,4674,,Chưa có bản dịch
chinese_clothing,7,4648,"china_clothes,china_clothing",Chưa có bản dịch
purple_socks,0,4647,purple_kneehighs,Tất tím
two-sided_coat,0,4632,,Chưa có bản dịch
shared_clothes,0,4626,,Chưa có bản dịch
american_flag_dress,0,4622,,Chưa có bản dịch
multicolored_coat,0,4619,multi_tone_coat,Áo khoác nhiều màu
arm_armor,0,4616,,Chưa có bản dịch
hands_in_opposite_sleeves,0,4612,,Chưa có bản dịch
skirt_tug,0,4608,,Chưa có bản dịch
collared_cape,0,4596,,Chưa có bản dịch
dress_shoes,0,4588,,Chưa có bản dịch
hatsuboshi_gakuen_school_uniform,0,4587,,Chưa có bản dịch
cat_ear_panties,0,4575,,Chưa có bản dịch
nanamori_school_uniform,0,4567,,Chưa có bản dịch
lace-trimmed_sleeves,0,4565,,Chưa có bản dịch
tactical_clothes,0,4547,tactical_clothing,Chưa có bản dịch
holding_unworn_shoes,0,4541,"holding_shoe,shoes_on_hands",Chưa có bản dịch
sailor_bikini,0,4533,,Chưa có bản dịch
panties_only,7,4531,,Chưa có bản dịch
hawaiian_shirt,0,4521,,Chưa có bản dịch
gradient_dress,0,4514,,Chưa có bản dịch
leg_armor,0,4495,,Chưa có bản dịch
halter_shirt,0,4495,,Chưa có bản dịch
fishnet_gloves,0,4494,mesh_gloves,Chưa có bản dịch
strapless_bra,0,4492,,Chưa có bản dịch
garter,7,4487,garters,Chưa có bản dịch
puffy_shorts,0,4487,,Chưa có bản dịch
plaid_clothing,7,4471,tartan_clothing,Chưa có bản dịch
clothes_down,0,4464,,Chưa có bản dịch
ribbed_socks,0,4461,,Chưa có bản dịch
yellow_socks,0,4450,yellow_kneehighs,Tất vàng
footjob_with_legwear,0,4445,"footjob_with_socks_on,footjob_with_thighhighs_on",Chưa có bản dịch
pattern_bikini,7,4438,,Chưa có bản dịch
pencil_dress,0,4427,,Chưa có bản dịch
fold-over_boots,0,4413,,Chưa có bản dịch
tight_dress,0,4407,,Chưa có bản dịch
black_garter_belt,0,4385,,Chưa có bản dịch
heel_up,0,4372,heel_raised,Chưa có bản dịch
hakama_pants,0,4361,,Chưa có bản dịch
pink_one-piece_swimsuit,0,4359,pink_swimsuit,Chưa có bản dịch
leotard_pull,0,4354,,Chưa có bản dịch
orange_sweater,0,4352,,Chưa có bản dịch
orange_hoodie,0,4351,,Chưa có bản dịch
yellow_cape,0,4351,,Chưa có bản dịch
grey_sports_bra,0,4339,,Chưa có bản dịch
red_swimwear,7,4329,red_swimsuit,Chưa có bản dịch
fur-trimmed_cloak,0,4322,,Chưa có bản dịch
black_male_underwear,0,4318,black_underwear_(male),Chưa có bản dịch
colored_shoe_soles,0,4315,,Chưa có bản dịch
leather_gloves,0,4297,,Chưa có bản dịch
multicolored_footwear,7,4290,"black_and_red_footwear,multi_tone_footwear",Chưa có bản dịch
santa_bikini,0,4272,,Chưa có bản dịch
aloha_shirt,7,4264,,Chưa có bản dịch
hanasakigawa_school_uniform,0,4263,,Chưa có bản dịch
paradis_military_uniform,0,4256,,Chưa có bản dịch
orange_thighhighs,0,4247,,Tất cao đùi cam
plaid_bikini,0,4232,"plaid_bikini_bottom,plaid_bikini_top",Chưa có bản dịch
grey_bra,0,4232,gray_bra,Chưa có bản dịch
floating_cape,0,4228,"cape_billowing,floating_capelet,floating_cloak",Chưa có bản dịch
taut_dress,0,4225,,Chưa có bản dịch
sleeveless_hoodie,0,4206,,Chưa có bản dịch
impossible_dress,0,4204,,Chưa có bản dịch
pattern_stockings,7,4203,,Chưa có bản dịch
yellow_sleeves,0,4189,,Tay áo vàng
pant_suit,0,4185,pants_suit,Chưa có bản dịch
sweater_around_waist,0,4178,,Chưa có bản dịch
boxers,0,4162,boxer_shorts,Chưa có bản dịch
frilled_shorts,0,4140,,Chưa có bản dịch
ghost_costume,0,4128,,Chưa có bản dịch
bow_underwear,7,4126,,Chưa có bản dịch
black_elbow_gloves,7,4121,black_elbow_glove,Chưa có bản dịch
suit_pants,0,4117,,Chưa có bản dịch
impossible_leotard,0,4117,,Chưa có bản dịch
naked_sweater,0,4115,,Chưa có bản dịch
polka_dot_dress,0,4108,polka-dot_dress,Chưa có bản dịch
white_male_underwear,0,4103,white_underwear_(male),Chưa có bản dịch
brown_cloak,0,4098,,Chưa có bản dịch
fur-trimmed_kimono,0,4093,,Chưa có bản dịch
naoetsu_high_school_uniform,0,4085,,Chưa có bản dịch
kitauji_high_school_uniform,0,4064,,Chưa có bản dịch
brown_apron,0,4064,,Chưa có bản dịch
striped_gloves,0,4048,,Chưa có bản dịch
cargo_pants,0,4044,,Chưa có bản dịch
red_apron,0,4043,,Chưa có bản dịch
side-tie_leotard,0,4042,,Chưa có bản dịch
striped_stockings,7,4038,stripped_stockings,Chưa có bản dịch
green_bodysuit,0,4035,green_bikesuit,Chưa có bản dịch
basketball_uniform,0,4024,,Chưa có bản dịch
cupless_bra,0,4006,breastless_bra,Chưa có bản dịch
puffy_pants,0,4002,,Chưa có bản dịch
two-tone_leotard,0,3990,,Chưa có bản dịch
overall_shorts,0,3989,,Chưa có bản dịch
yellow_bra,0,3985,,Chưa có bản dịch
raised_skirt,7,3979,"skirt_raised,skirt_up",Chưa có bản dịch
millennium_cheerleader_outfit_(blue_archive),0,3971,,Chưa có bản dịch
leather_boots,0,3965,,Chưa có bản dịch
biker_clothes,0,3965,,Chưa có bản dịch
vertical-striped_pantyhose,0,3965,,Chưa có bản dịch
shirt_in_mouth,0,3950,,Chưa có bản dịch
open_bra,0,3947,"undone_bra,unfastened_bra,untied_bra",Chưa có bản dịch
pink_cape,0,3946,,Chưa có bản dịch
two-tone_one-piece_swimsuit,0,3944,,Chưa có bản dịch
kuromorimine_military_uniform,0,3944,,Chưa có bản dịch
loose_clothes,0,3941,,Chưa có bản dịch
skimpy_bikini,7,3936,,Chưa có bản dịch
frilly_underwear,7,3934,,Chưa có bản dịch
through_clothes,0,3933,,Chưa có bản dịch
sleeve_ribbon,0,3931,,Chưa có bản dịch
yasogami_school_uniform,0,3907,,Chưa có bản dịch
multicolored_boots,0,3907,multi_tone_boots,Bốt nhiều màu
gem_uniform_(houseki_no_kuni),0,3886,,Chưa có bản dịch
lycoris_uniform,0,3884,,Chưa có bản dịch
hoodie_only,7,3879,,Chưa có bản dịch
striped_kimono,0,3869,striped_yukata,Chưa có bản dịch
torn_leotard,0,3867,ripped_leotard,Chưa có bản dịch
naked_coat,0,3857,"naked_fur_coat,nude_coat",Chưa có bản dịch
fur-trimmed_shorts,0,3855,,Chưa có bản dịch
layered_kimono,0,3844,multilayer_kimono,Chưa có bản dịch
red_robe,0,3833,,Chưa có bản dịch
bikini_bottom_pull,0,3829,,Chưa có bản dịch
pinstripe_jacket,0,3826,,Chưa có bản dịch
green_cloak,0,3807,,Chưa có bản dịch
tail_clothing,7,3805,tailwear,Chưa có bản dịch
strapless_clothing,7,3792,,Chưa có bản dịch
vertical-striped_jacket,0,3789,,Chưa có bản dịch
heart_clothing,7,3761,,Chưa có bản dịch
yellow_apron,0,3744,,Chưa có bản dịch
meiji_schoolgirl_uniform,0,3744,,Chưa có bản dịch
bondage_gloves,7,3741,"bondage_mitten,bondage_mitts,fist_mitts",Chưa có bản dịch
pinstripe_shirt,0,3725,,Chưa có bản dịch
print_jacket,0,3720,,Chưa có bản dịch
bondage_outfit,0,3711,,Chưa có bản dịch
crotchless_clothing,7,3703,,Chưa có bản dịch
two-tone_shoes,0,3699,,Chưa có bản dịch
sports_bikini,0,3688,,Chưa có bản dịch
claw_ring,0,3684,finger_armor_ring,Chưa có bản dịch
body_armor,0,3682,body_armour,Chưa có bản dịch
orange_vest,0,3679,,Chưa có bản dịch
short-sleeved_jacket,0,3679,short_sleeved_jacket,Chưa có bản dịch
diaper_under_clothing,7,3660,"diaper_under_clothes,diaper_under_jumpsuit",Chưa có bản dịch
naked_shoes,0,3647,just_shoes,Chưa có bản dịch
training_bra,0,3643,,Chưa có bản dịch
circle_skirt,0,3642,"circle_dress,spread_dress,spread_skirt",Chưa có bản dịch
feather-trimmed_sleeves,0,3629,,Chưa có bản dịch
volleyball_uniform,0,3620,,Chưa có bản dịch
ainu_clothes,0,3619,,Chưa có bản dịch
denim_jacket,0,3610,jean_jacket,Chưa có bản dịch
checkered_kimono,0,3610,checkered_yukata,Chưa có bản dịch
unworn_socks,0,3595,socks_off,Chưa có bản dịch
cross-laced_shoes,0,3591,,Chưa có bản dịch
cardigan_around_waist,0,3585,,Chưa có bản dịch
cross-laced_sleeves,0,3584,lace-up_sleeves,Chưa có bản dịch
yellow_bodysuit,0,3560,yellow_bikesuit,Chưa có bản dịch
unworn_boots,0,3559,,Chưa có bản dịch
tennis_uniform,0,3554,,Chưa có bản dịch
hakama_shorts,0,3547,,Chưa có bản dịch
brown_hoodie,0,3531,,Chưa có bản dịch
leather_pants,0,3525,,Chưa có bản dịch
frilled_leotard,0,3517,,Chưa có bản dịch
untied_panties,0,3513,,Chưa có bản dịch
german_clothes,0,3511,,Chưa có bản dịch
see-through_jacket,0,3489,transparent_jacket,Chưa có bản dịch
layered_shirt,0,3462,layered_blouse,Chưa có bản dịch
open_skirt,0,3459,,Chân váy mở
holding_unworn_jacket,0,3446,,Chưa có bản dịch
open-chest_sweater,0,3438,,Chưa có bản dịch
skirt_around_one_leg,0,3431,,Chưa có bản dịch
print_bra,0,3430,,Chưa có bản dịch
single_garter_strap,0,3412,,Chưa có bản dịch
latex_elbow_gloves,7,3405,rubber_elbow_gloves,Chưa có bản dịch
red_sandals,0,3396,,Chưa có bản dịch
knee_socks,7,3392,"knee-high_sock,knee-high_socks,knee-sock,knee-socks,knee_high_sock,knee_high_socks,knee_sock,kneehigh_sock,kneehigh_socks,kneesock,kneesocks",Chưa có bản dịch
collared_vest,0,3383,,Chưa có bản dịch
cowboy_boots,0,3383,,Chưa có bản dịch
masturbation_through_clothes,0,3367,masturbation_over_clothes,Chưa có bản dịch
off-shoulder_jacket,0,3366,,Chưa có bản dịch
bath_yukata,0,3356,,Chưa có bản dịch
stirrup_socks,7,3352,,Chưa có bản dịch
grey_bikini,0,3351,"gray_bikini,grey_bikini_bottom,grey_bikini_top",Chưa có bản dịch
colored_seam_underwear,7,3351,,Chưa có bản dịch
harem_pants,0,3339,,Chưa có bản dịch
toeless_stockings,7,3324,,Chưa có bản dịch
latex_boots,0,3320,rubber_boot,Chưa có bản dịch
little_busters!_school_uniform,0,3311,,Chưa có bản dịch
cross-laced_top,0,3308,cross-laced_shirt,Chưa có bản dịch
tight_foreskin,7,3306,,Chưa có bản dịch
sniffing_clothes,7,3302,sniffing_clothing,Chưa có bản dịch
vampire_costume,0,3299,dracula_costume,Chưa có bản dịch
jujutsu_tech_uniform,0,3293,,Chưa có bản dịch
mismatched_sleeves,0,3292,,Chưa có bản dịch
micro_panties,0,3283,"micro-panties,micropanties",Chưa có bản dịch
camouflage_pants,0,3274,,Chưa có bản dịch
blue_sports_bra,0,3272,,Chưa có bản dịch
camouflage_jacket,0,3266,,Chưa có bản dịch
floral_print_bikini,0,3264,,Chưa có bản dịch
cocktail_dress,0,3244,,Chưa có bản dịch
off-shoulder_bikini,0,3234,,Chưa có bản dịch
fur_cape,0,3229,,Chưa có bản dịch
fourth_east_high_school_uniform,0,3221,,Chưa có bản dịch
socks_only,7,3216,naked_socks,Chưa có bản dịch
stirrup_stockings,7,3197,,Chưa có bản dịch
leather_armor,0,3183,leather_armour,Chưa có bản dịch
sideless_dress,0,3178,,Chưa có bản dịch
yurigaoka_girls_academy_school_uniform,0,3175,,Chưa có bản dịch
stained_panties,0,3171,,Chưa có bản dịch
st._gloriana's_school_uniform,0,3167,,Chưa có bản dịch
two-tone_cape,0,3154,,Chưa có bản dịch
skirt_under_dress,0,3152,,Chưa có bản dịch
nun_outfit,7,3142,nun_costume,Chưa có bản dịch
fingering_through_clothes,0,3141,,Chưa có bản dịch
brown_sleeves,0,3138,,Tay áo nâu
unworn_bikini_top,0,3134,,Chưa có bản dịch
spandex_shorts,7,3130,"bicycle_shorts,bike_short,biker_shorts,cycling_shorts",Chưa có bản dịch
shorts_under_dress,0,3115,,Chưa có bản dịch
purple_robe,0,3115,,Chưa có bản dịch
sideless_kimono,0,3110,,Chưa có bản dịch
mitten_hands,7,3109,"glove_hand,glove_hands,mitten_hand",Chưa có bản dịch
multi-strapped_bikini_top,0,3108,,Chưa có bản dịch
lace_gloves,0,3107,,Chưa có bản dịch
blue_jeans,7,3098,,Chưa có bản dịch
yellow_leotard,0,3098,,Chưa có bản dịch
combat_boots,0,3089,"army_boots,military_boots",Chưa có bản dịch
belt_bra,0,3083,beltbra,Chưa có bản dịch
impossible_swimsuit,0,3080,,Chưa có bản dịch
green_sweater_vest,0,3074,"green_sweater-vest,green_sweatervest",Chưa có bản dịch
orange_pantyhose,0,3056,,Quần tất cam
panty_shot,7,3050,pantie_shot,Chưa có bản dịch
rolled_up_sleeves,7,3050,rolled_sleeves,Chưa có bản dịch
ribbon-trimmed_dress,0,3038,,Chưa có bản dịch
brown_bikini,0,3038,,Chưa có bản dịch
orange_boots,0,3038,,Bốt màu cam
spread_pussy_under_clothes,0,3034,,Chưa có bản dịch
yuigaoka_school_uniform,0,3018,,Chưa có bản dịch
team_rocket_uniform,0,3017,,Chưa có bản dịch
unworn_sandals,0,3013,,Chưa có bản dịch
reindeer_costume,0,3002,,Chưa có bản dịch
gladiator_sandals,0,2997,gladiator_boots,Chưa có bản dịch
black_high_heels,7,2991,black_heels,Chưa có bản dịch
argyle_thighhighs,0,2991,,Chưa có bản dịch
vertical-striped_shorts,0,2990,,Chưa có bản dịch
vertical-striped_pants,0,2989,,Chưa có bản dịch
aqua_panties,0,2982,,Chưa có bản dịch
load-bearing_vest,0,2980,"load_bearing_vest,tactical_vest",Chưa có bản dịch
ballet_slippers,0,2975,ballet_shoes,Chưa có bản dịch
hoodie_lift,0,2973,,Chưa có bản dịch
witch_costume,7,2955,witch_outfit,Chưa có bản dịch
shuuchiin_academy_school_uniform,0,2951,shuuchiin_academy_uniform,Chưa có bản dịch
japanese_school_uniform,7,2947,,Chưa có bản dịch
lactating_through_clothing,7,2935,,Chưa có bản dịch
shirt_under_shirt,0,2934,,Chưa có bản dịch
stockings_only,7,2933,,Chưa có bản dịch
green_robe,0,2933,,Chưa có bản dịch
sweaty_clothes,0,2930,,Chưa có bản dịch
religious_clothing,7,2928,,Chưa có bản dịch
unworn_gloves,0,2924,glove_removed,Chưa có bản dịch
ooarai_military_uniform,0,2917,,Chưa có bản dịch
red_cardigan,0,2915,,Chưa có bản dịch
hikarizaka_private_high_school_uniform,0,2909,,Chưa có bản dịch
pants_rolled_up,0,2908,"rolled-up_pants,rolled_pants_legs",Chưa có bản dịch
purple_cardigan,0,2903,,Chưa có bản dịch
dress_tug,0,2900,,Chưa có bản dịch
frilly_panties,7,2890,,Chưa có bản dịch
doki_doki_literature_club_school_uniform,0,2881,,Chưa có bản dịch
floral_print_dress,0,2876,,Chưa có bản dịch
animal_print_bikini,7,2874,animal_bikini,Chưa có bản dịch
print_underwear,7,2868,,Chưa có bản dịch
two_tone_footwear,7,2868,two-tone_footwear,Chưa có bản dịch
hooded_sweater,0,2863,,Chưa có bản dịch
u.a._school_uniform,0,2863,,Chưa có bản dịch
grabbing_another's_shirt,0,2858,,Chưa có bản dịch
two-tone_thighhighs,0,2856,,Chưa có bản dịch
green_pantyhose,0,2852,,Quần tất xanh lá
blue_sweater_vest,0,2846,"blue_sweater-vest,blue_sweatervest",Chưa có bản dịch
torn_gloves,0,2845,ripped_gloves,Chưa có bản dịch
torn_panties,0,2844,ripped_panties,Chưa có bản dịch
long_socks,7,2843,high_socks,Tất dài
frilled_jacket,0,2835,,Chưa có bản dịch
camo_clothing,7,2834,"camouflage_clothing,camouflage_outfit",Chưa có bản dịch
miyamasuzaka_girls'_academy_school_uniform,0,2815,miyamasuzaka_girls'_academy_uniform,Chưa có bản dịch
ribbed_sleeves,0,2813,,Chưa có bản dịch
stirrup_footwear,0,2808,,Chưa có bản dịch
cum_in_underwear,7,2796,,Chưa có bản dịch
torn_jacket,0,2790,ripped_jacket,Chưa có bản dịch
jacket_over_hoodie,0,2788,,Chưa có bản dịch
black_t-shirt,7,2784,,Chưa có bản dịch
bikini_top_pull,0,2784,,Chưa có bản dịch
fishnet_sleeves,0,2780,,Chưa có bản dịch
raised_heel,7,2779,"heel_lift,heel_lifted,heel_lifting,heel_raised,heels_lift,heels_lifted,heels_lifting,heels_raised,heels_up,lift_heel,lift_heels,lifted_heel,lifted_heels,lifting_heel,lifting_heels,raised_heels",Chưa có bản dịch
orange_sleeves,0,2779,,Tay áo cam
grey_cape,0,2776,gray_cape,Chưa có bản dịch
tight_topwear,7,2775,,Chưa có bản dịch
two-tone_hoodie,0,2768,,Chưa có bản dịch
jiangshi_costume,0,2765,,Chưa có bản dịch
pants_tucked_in,0,2746,pants_in_boots,Chưa có bản dịch
balls_in_underwear,7,2742,,Chưa có bản dịch
hand_under_shirt,0,2732,,Chưa có bản dịch
orange_panties,0,2724,,Quần lót cam
two-tone_coat,0,2724,,Chưa có bản dịch
eyewear_hang,0,2723,"eyewear_on_clothing,eyewear_on_shirt",Chưa có bản dịch
purple_footwear,7,2721,violet_footwear,Chưa có bản dịch
naked_cape,0,2714,nude_cape,Chưa có bản dịch
st._gloriana's_military_uniform,0,2714,,Chưa có bản dịch
nurse_uniform,7,2689,"nurse_costume,nurse_outfit",Chưa có bản dịch
black_slingshot_swimsuit,0,2686,,Chưa có bản dịch
polka_dot_bra,0,2682,polka-dot_bra,Chưa có bản dịch
orange_socks,0,2679,orange_kneehighs,Tất cam
military_combat_uniform,0,2674,battle_dress_uniform,Chưa có bản dịch
grey_leotard,0,2672,gray_leotard,Chưa có bản dịch
bikini_bottom_under_shorts,0,2662,bikini_under_shorts,Chưa có bản dịch
latex_footwear,7,2662,rubber_footwear,Chưa có bản dịch
grey_sweater_vest,0,2654,,Chưa có bản dịch
purple_one-piece_swimsuit,0,2648,purple_swimsuit,Chưa có bản dịch
shuka_high_school_uniform,0,2647,,Chưa có bản dịch
lace-trimmed_skirt,0,2647,,Chưa có bản dịch
open-toe_shoes,0,2645,peep-toe_shoes,Chưa có bản dịch
high-low_dress,0,2645,,Chưa có bản dịch
unworn_coat,0,2630,coat_removed,Chưa có bản dịch
yellow_underwear,7,2624,,Chưa có bản dịch
naranja_academy_school_uniform,0,2616,naranja_academy_uniform,Chưa có bản dịch
green_footwear,7,2610,,Chưa có bản dịch
boots_only,7,2606,,Chưa có bản dịch
kamiyama_high_school_uniform_(project_sekai),0,2606,kamiyama_high_school_uniform_(sekai),Chưa có bản dịch
skirt_bow,0,2605,,Chưa có bản dịch
multicolored_kimono,0,2602,multicolored_yukata,Chưa có bản dịch
fur-trimmed_thighhighs,0,2598,,Chưa có bản dịch
grey_footwear,7,2591,gray_footwear,Chưa có bản dịch
sports_panties,0,2587,,Chưa có bản dịch
aqua_gloves,0,2584,,Chưa có bản dịch
ribbed_thighhighs,0,2584,,Chưa có bản dịch
shirt_up,7,2564,,Chưa có bản dịch
sideless_shirt,0,2562,,Chưa có bản dịch
prison_clothes,0,2561,prisoner_uniform,Chưa có bản dịch
print_hoodie,0,2545,,Chưa có bản dịch
tube_dress,0,2544,,Chưa có bản dịch
naked_kimono,0,2538,,Chưa có bản dịch
torn_stockings,7,2535,ripped_stockings,Chưa có bản dịch
unworn_dress,0,2526,,Chưa có bản dịch
anzio_school_uniform,0,2523,,Chưa có bản dịch
tracen_swimsuit,0,2521,,Chưa có bản dịch
loose_shirt,0,2515,loose_blouse,Chưa có bản dịch
blue_sandals,0,2507,,Chưa có bản dịch
turtleneck_jacket,0,2504,,Chưa có bản dịch
green_cardigan,0,2498,,Chưa có bản dịch
single_thigh_boot,0,2490,,Chưa có bản dịch
two-sided_dress,0,2487,,Chưa có bản dịch
kibito_high_school_uniform,0,2482,,Chưa có bản dịch
black_fingerless_gloves,7,2478,,Chưa có bản dịch
chinese_dress,7,2476,"cheongsam,china_dress,chinadress",Chưa có bản dịch
clothing_around_legs,7,2474,,Chưa có bản dịch
tented_shirt,0,2466,,Chưa có bản dịch
patchwork_clothes,0,2459,,Chưa có bản dịch
pink_swimwear,7,2458,pink_swimsuit,Chưa có bản dịch
pants_around_one_leg,0,2453,,Chưa có bản dịch
tactical_school_uniform,0,2452,,Chưa có bản dịch
white_stockings,7,2450,,Bít tất trắng
fatui_coat,0,2449,,Chưa có bản dịch
colored_edge_underwear,7,2445,,Chưa có bản dịch
organic_bra,0,2444,,Chưa có bản dịch
yellow_footwear,7,2433,,Chưa có bản dịch
sleeved_leotard,0,2425,,Chưa có bản dịch
embellished_costume,0,2414,,Chưa có bản dịch
two-tone_pants,0,2414,,Chưa có bản dịch
cum_in_clothes,0,2413,"cum_inside_clothes,cum_inside_thighhigh",Chưa có bản dịch
cum_on_legwear,0,2403,"cum_on_pantyhose,cum_on_thighhighs",Chưa có bản dịch
precum_through_underwear,7,2402,,Chưa có bản dịch
green_swimwear,7,2401,green_swimsuit,Chưa có bản dịch
green_armor,0,2401,,Chưa có bản dịch
shark_costume,0,2397,,Chưa có bản dịch
pleated_shorts,0,2395,,Chưa có bản dịch
baggy_clothes,0,2395,,Chưa có bản dịch
brown_leotard,0,2391,,Chưa có bản dịch
vibrator_under_panties,0,2380,,Chưa có bản dịch
brown_panties,0,2379,,Quần lót nâu
pride_color_clothing,7,2374,"pride_clothing,pride_colors_clothing,pride_colour_clothing,pride_colours_clothing,pride_flag_clothing",Chưa có bản dịch
duffel_coat,0,2373,,Chưa có bản dịch
jacket_over_swimsuit,0,2372,,Chưa có bản dịch
rabbit_house_uniform,0,2372,,Chưa có bản dịch
no_gloves,0,2371,,Chưa có bản dịch
tied_jacket,0,2368,,Chưa có bản dịch
shell_bikini,0,2352,shell_bra,Chưa có bản dịch
fishnet_socks,0,2346,,Chưa có bản dịch
yellow_cloak,0,2345,,Chưa có bản dịch
side-tie_clothing,0,2338,,Chưa có bản dịch
inside_clothing,7,2336,under_clothing,Chưa có bản dịch
kuromorimine_school_uniform,0,2334,,Chưa có bản dịch
white_garter_belt,0,2331,,Chưa có bản dịch
shirt_under_dress,0,2327,,Chưa có bản dịch
unworn_swimsuit,0,2326,swimsuit_removed,Chưa có bản dịch
open_bodysuit,0,2324,,Chưa có bản dịch
christmas_stocking,0,2322,"christmas_stockings,stocking_stuffer",Chưa có bản dịch
heart_underwear,7,2317,<3_underwear,Chưa có bản dịch
food-themed_clothes,0,2311,food_themed_clothes,Chưa có bản dịch
grey_underwear,7,2310,gray_underwear,Chưa có bản dịch
cat_costume,0,2307,cat_suit,Chưa có bản dịch
sleeveless_bodysuit,0,2301,,Chưa có bản dịch
lace-trimmed_gloves,0,2299,,Chưa có bản dịch
pattern_pants,7,2293,,Chưa có bản dịch
polka_dot_skirt,0,2291,,Chưa có bản dịch
two-tone_boots,0,2287,,Chưa có bản dịch
tomoeda_elementary_school_uniform,0,2285,,Chưa có bản dịch
white_t-shirt,7,2285,,Chưa có bản dịch
underwear_sniffing,7,2284,"panty_sniffing,sniffing_panties,sniffing_underwear",Chưa có bản dịch
sukajan,0,2283,souvenir_jacket,Chưa có bản dịch
colored_edge_panties,7,2280,,Chưa có bản dịch
yellow_swimwear,7,2274,yellow_swimsuit,Chưa có bản dịch
pinching_sleeves,0,2273,sleeve_hold,Chưa có bản dịch
opening_own_clothes,0,2263,opened_by_self,Chưa có bản dịch
coat_partially_removed,0,2261,,Chưa có bản dịch
borrowed_design,0,2260,borrowed_costume,Chưa có bản dịch
hooded_cardigan,0,2256,,Chưa có bản dịch
shuujin_academy_school_uniform,0,2256,shuujin_academy_uniform,Chưa có bản dịch
humanoid_heel,7,2255,,Chưa có bản dịch
down_jacket,0,2252,,Chưa có bản dịch
grey_armor,0,2244,gray_armor,Chưa có bản dịch
latex_leotard,0,2242,rubber_leotard,Chưa có bản dịch
shirt_collar,7,2242,,Chưa có bản dịch
naked_hoodie,0,2241,nude_hoodie,Chưa có bản dịch
asahiyama_high_school_uniform,0,2240,,Chưa có bản dịch
backless_clothing,7,2236,,Chưa có bản dịch
grey_cloak,0,2234,,Chưa có bản dịch
footwear_ribbon,0,2233,"boot_ribbon,shoe_ribbon",Chưa có bản dịch
leotard_peek,0,2232,,Chưa có bản dịch
orange_cape,0,2231,,Chưa có bản dịch
athletic_leotard,0,2229,,Chưa có bản dịch
cheerleader_outfit,7,2229,"cheerleader_costume,cheerleader_uniform,cheerleading_costume,cheerleading_outfit,cheerleading_uniform",Chưa có bản dịch
pinstripe_dress,0,2227,,Chưa có bản dịch
burnt_clothes,0,2225,burned_clothes,Chưa có bản dịch
sleeves,7,2223,,Chưa có bản dịch
translucent_underwear,7,2222,"see-thru_underwear,see_through_underwear,see_thru_underwear,sheer_underwear,transparent_underwear",Chưa có bản dịch
kimono_pull,0,2220,,Chưa có bản dịch
thighhighs_pull,0,2215,thighhigh_pull,Chưa có bản dịch
multicolored_underwear,7,2210,multi_tone_underwear,Chưa có bản dịch
purple_cloak,0,2208,,Chưa có bản dịch
front-fastening_bra,0,2208,,Chưa có bản dịch
hand_in_another's_panties,0,2207,,Chưa có bản dịch
side_slit_shorts,0,2203,,Chưa có bản dịch
fur_jacket,0,2201,,Chưa có bản dịch
uchikake,0,2197,wedding_kimono,Chưa có bản dịch
fur-trimmed_shirt,0,2176,,Chưa có bản dịch
multicolored_socks,0,2175,"black_and_orange_socks,black_and_pink_socks,black_and_red_socks,black_and_white_socks,blue_and_white_socks,green_and_red_socks,green_and_white_socks,grey_and_white_socks,multi_tone_socks,orange_and_pink_socks,pink_and_white_socks,purple_and_black_socks,purple_and_white_socks,red_and_grey_socks,red_and_white_socks",Tất nhiều màu
two-sided_gloves,0,2174,,Chưa có bản dịch
white_swimwear,7,2167,white_swimsuit,Chưa có bản dịch
long_sleeve_shirt,7,2161,"long-sleeved_shirt,long_sleeved_shirt",Chưa có bản dịch
swimsuit_cover-up,0,2159,cover-up,Chưa có bản dịch
pussy_juice_drip_through_clothes,0,2157,,Chưa có bản dịch
tentacles_under_clothes,0,2155,,Chưa có bản dịch
ribbed_leotard,0,2151,leotard_sweater,Chưa có bản dịch
polka_dot_shirt,0,2142,polka_dot_blouse,Chưa có bản dịch
cum_through_underwear,7,2139,,Chưa có bản dịch
striped_hoodie,0,2137,,Chưa có bản dịch
uva_academy_school_uniform,0,2133,uva_academy_uniform,Chưa có bản dịch
pants_under_skirt,0,2130,skirt_over_pants,Chưa có bản dịch
kimono_skirt,0,2130,,Chưa có bản dịch
belt_boots,0,2127,,Chưa có bản dịch
shinda_sekai_sensen_uniform,0,2127,,Chưa có bản dịch
hooded_dress,0,2125,,Chưa có bản dịch
two_tone_shirt,7,2122,,Chưa có bản dịch
covered_testicles,0,2119,testicles_under_clothes,Chưa có bản dịch
high-waist_pantyhose,0,2117,,Chưa có bản dịch
purple_armor,0,2111,,Chưa có bản dịch
multicolored_hoodie,0,2104,,Chưa có bản dịch
lactation_through_clothes,0,2095,,Chưa có bản dịch
dongtan_dress,0,2095,dongtan_lady_(k_pring)_(cosplay),Chưa có bản dịch
vibrator_in_thighhighs,0,2091,,Chưa có bản dịch
sleeveless_clothing,7,2090,,Chưa có bản dịch
turtleneck_bodysuit,0,2088,,Chưa có bản dịch
spiked_jacket,0,2086,,Chưa có bản dịch
green_one-piece_swimsuit,0,2081,green_swimsuit,Chưa có bản dịch
yellow_pantyhose,0,2079,,Quần tất vàng
teal_clothing,7,2077,turquoise_clothing,Chưa có bản dịch
sakugawa_school_uniform,0,2059,,Chưa có bản dịch
striped_vest,0,2059,,Chưa có bản dịch
dress_swimsuit,0,2058,,Chưa có bản dịch
saiyan_armor,0,2054,,Chưa có bản dịch
aqua_kimono,0,2052,,Chưa có bản dịch
night_raven_college_school_uniform,0,2052,night_raven_college_uniform,Chưa có bản dịch
off-shoulder_one-piece_swimsuit,0,2051,off-shoulder_swimsuit,Chưa có bản dịch
torn_socks,0,2047,,Chưa có bản dịch
front-print_panties,0,2046,,Chưa có bản dịch
half-skirt,0,2036,,Chưa có bản dịch
dirty_clothing,7,2036,,Chưa có bản dịch
eden_academy_school_uniform,0,2029,eden_academy_uniform,Chưa có bản dịch
holding_shirt,0,2029,,Chưa có bản dịch
shorts_around_one_leg,0,2027,,Chưa có bản dịch
homurabara_academy_school_uniform,0,2026,"homurahara_academy_school_uniform,homurahara_academy_uniform",Chưa có bản dịch
two-tone_sports_bra,0,2025,,Chưa có bản dịch
backless_swimsuit,0,2023,,Chưa có bản dịch
hooded_vest,0,2021,,Chưa có bản dịch
hogwarts_school_uniform,0,2018,,Chưa có bản dịch
clothes_between_thighs,0,2015,clothing_between_thighs,Chưa có bản dịch
aqua_shoes,0,2013,,Chưa có bản dịch
back-print_panties,0,2011,,Chưa có bản dịch
skirt_cutout,0,2008,,Chưa có bản dịch
print_sleeves,0,2002,,Chưa có bản dịch
thighhighs_over_pantyhose,0,2001,,Chưa có bản dịch
two-tone_kimono,0,2000,,Chưa có bản dịch
office_clothing,7,1997,office_clothes,Chưa có bản dịch
print_shorts,0,1992,,Chưa có bản dịch
fast_food_uniform,0,1990,,Chưa có bản dịch
white_dress_shirt,7,1983,,Chưa có bản dịch
gold_shoes,0,1980,,Giày màu vàng kim
wolf_costume,0,1979,wolf_man_costume,Chưa có bản dịch
checkered_shirt,0,1971,checkered_blouse,Chưa có bản dịch
new_school_swimsuit,0,1968,,Chưa có bản dịch
living_clothes,0,1963,,Chưa có bản dịch
sweater_tucked_in,0,1961,,Chưa có bản dịch
red_sports_bra,0,1959,,Chưa có bản dịch
short-sleeved_sweater,0,1953,short_sleeve_sweater,Chưa có bản dịch
gingham_clothes,0,1949,,Chưa có bản dịch
wet_dress,0,1949,,Chưa có bản dịch
tribal_clothing,7,1947,,Chưa có bản dịch
vertical-striped_sleeves,0,1946,,Chưa có bản dịch
virgin_destroyer_sweater,0,1943,,Chưa có bản dịch
jacket_pull,0,1939,,Chưa có bản dịch
two-tone_sweater,0,1939,,Chưa có bản dịch
sobu_high_school_uniform,0,1932,,Chưa có bản dịch
tearing_clothing,7,1928,clothing_shredding,Chưa có bản dịch
kourindou_tengu_costume,0,1927,,Chưa có bản dịch
penis_in_panties,0,1924,,Chưa có bản dịch
cape_only,7,1923,nude_cape,Chưa có bản dịch
red_slingshot_swimsuit,0,1921,,Chưa có bản dịch
nearly_naked_apron,0,1920,nearly_nude_apron,Chưa có bản dịch
bike_shorts_under_shorts,0,1920,,Chưa có bản dịch
multicolored_cape,0,1919,"black_and_red_cape,multi_tone_cape",Chưa có bản dịch
flag_bikini,7,1914,,Chưa có bản dịch
clothes_on_floor,0,1911,,Chưa có bản dịch
wearing_hat,7,1900,,Chưa có bản dịch
hand_in_underwear,0,1895,hands_in_underwear,Chưa có bản dịch
two-sided_cloak,0,1895,,Chưa có bản dịch
a_certain_high_school_uniform,0,1894,,Chưa có bản dịch
rainbow_clothing,7,1889,rainbow_clothes,Chưa có bản dịch
quilted_jacket,0,1886,,Chưa có bản dịch
lace-trimmed_shirt,0,1883,lace-trimmed_blouse,Chưa có bản dịch
prison_uniform,7,1878,"prison_jumpsuit,prison_outfit",Chưa có bản dịch
dress_ribbon,0,1876,,Chưa có bản dịch
striped_coat,0,1868,,Chưa có bản dịch
glove_bow,0,1857,,Chưa có bản dịch
untied_shoelaces,0,1856,untied_footwear,Chưa có bản dịch
shirt_overhang,0,1854,,Chưa có bản dịch
vertical-striped_bikini,0,1853,,Chưa có bản dịch
holding_bra,0,1853,,Chưa có bản dịch
puff_and_slash_sleeves,0,1849,,Chưa có bản dịch
vertical-striped_kimono,0,1846,vertical-striped_yukata,Chưa có bản dịch
torn_underwear,0,1837,,Chưa có bản dịch
coat_dress,0,1826,,Chưa có bản dịch
adjusting_legwear,0,1824,"adjusting_pantyhose,adjusting_thighhigh,adjusting_thighhighs",Chưa có bản dịch
shirt_cuffs,7,1821,"detached_cuffs,shirt_cuff",Chưa có bản dịch
cloak_only,7,1821,,Chưa có bản dịch
paint_on_clothes,0,1817,,Chưa có bản dịch
tearing_clothes,0,1814,,Chưa có bản dịch
underwear_around_legs,7,1811,,Chưa có bản dịch
torn_coat,0,1811,ripped_coat,Chưa có bản dịch
flak_jacket,0,1809,,Chưa có bản dịch
panties_under_buruma,0,1806,,Chưa có bản dịch
blue_t-shirt,7,1806,blue_tshirt,Chưa có bản dịch
footwear_flower,0,1804,shoe_flower,Chưa có bản dịch
brown_bra,0,1804,,Chưa có bản dịch
lowleg_pants,0,1804,low-rise_pants,Chưa có bản dịch
bear_costume,0,1804,,Chưa có bản dịch
oohashi_high_school_uniform,0,1801,,Chưa có bản dịch
galaxy_team_survey_corps_uniform,0,1800,galaxy_expedition_team_survey_corps_uniform,Chưa có bản dịch
clothes_tug,0,1796,,Chưa có bản dịch
string_bra,0,1794,,Chưa có bản dịch
duel_academy_uniform_(yu-gi-oh!_gx),0,1787,,Chưa có bản dịch
polka_dot_swimsuit,0,1781,polka-dot_swimsuit,Chưa có bản dịch
rubber_gloves,0,1779,,Chưa có bản dịch
tight_underwear,7,1779,tight_undergarment,Chưa có bản dịch
multi-strapped_panties,0,1778,,Chưa có bản dịch
grey_apron,0,1778,gray_apron,Chưa có bản dịch
hooded_bodysuit,0,1774,,Chưa có bản dịch
blood_on_clothing,7,1774,"bloody_clothes,bloody_clothing",Chưa có bản dịch
shiny_swimsuit,0,1769,,Chưa có bản dịch
shorts_only,7,1769,,Chưa có bản dịch
ribbed_bodysuit,0,1766,,Chưa có bản dịch
hand_in_own_panties,0,1766,,Chưa có bản dịch
single_boot,0,1765,,Chưa có bản dịch
plaid_panties,0,1764,,Chưa có bản dịch
icho_private_high_school_uniform,0,1760,,Chưa có bản dịch
swimwear_pull,7,1748,swimsuit_pull,Chưa có bản dịch
two-tone_shorts,0,1734,,Chưa có bản dịch
military_dress_uniform,0,1733,,Chưa có bản dịch
print_t-shirt,7,1732,graphic_tee,Chưa có bản dịch
orange_underwear,7,1731,,Chưa có bản dịch
pinstripe_pants,0,1730,,Chưa có bản dịch
text_on_underwear,7,1725,,Chưa có bản dịch
breast_padding,0,1723,"bra_padding,bra_stuffing,breast_pad,breast_pads,breast_stuffing",Chưa có bản dịch
expressive_clothes,0,1720,,Chưa có bản dịch
holding_swimsuit,0,1717,,Chưa có bản dịch
suimei_academy_school_uniform,0,1709,,Chưa có bản dịch
penguin_costume,0,1708,penguin_suit,Chưa có bản dịch
aqua_bra,0,1703,,Chưa có bản dịch
broken_armor,0,1700,,Chưa có bản dịch
torn_cloak,0,1699,,Chưa có bản dịch
fur_cloak,0,1697,,Chưa có bản dịch
pink_sweater_vest,0,1696,,Chưa có bản dịch
sling_bikini_top,0,1680,,Chưa có bản dịch
print_sweater,0,1679,,Chưa có bản dịch
biting_glove,0,1678,"glove_bite,glove_biting",Chưa có bản dịch
heart_print_panties,0,1672,,Chưa có bản dịch
shimokitazawa_high_school_uniform,0,1669,,Chưa có bản dịch
cargo_shorts,0,1666,,Chưa có bản dịch
fluffy_clothes,0,1666,,Chưa có bản dịch
ao_dai,0,1664,vietnamese_dress,Chưa có bản dịch
spiked_armor,0,1663,,Chưa có bản dịch
panties_on_head,0,1662,,Chưa có bản dịch
frontless_outfit,0,1660,,Chưa có bản dịch
shirt_partially_removed,0,1656,,Chưa có bản dịch
oversized_pants,0,1653,,Chưa có bản dịch
grabbing_another's_sleeve,0,1652,"sleeve_grab,sleeve_tug,sleeves_grab",Chưa có bản dịch
apron_lift,0,1650,,Chưa có bản dịch
aristocratic_clothes,0,1642,,Chưa có bản dịch
christmas_sweater,0,1641,,Chưa có bản dịch
masturbation_under_clothes,0,1640,,Chưa có bản dịch
undersized_clothing,7,1638,clothing_too_small,Chưa có bản dịch
slit_dress,7,1637,,Chưa có bản dịch
pink_sandals,0,1634,,Chưa có bản dịch
jacket_only,7,1628,,Chưa có bản dịch
overall_skirt,0,1627,,Chưa có bản dịch
barefoot_sandals_(jewelry),0,1624,,Chưa có bản dịch
vertical-striped_socks,0,1622,vertical-striped_kneehighs,Chưa có bản dịch
orange_leotard,0,1610,,Chưa có bản dịch
aqua_shorts,0,1608,,Chưa có bản dịch
underwear_writing,0,1606,,Chưa có bản dịch
brown_robe,0,1606,,Chưa có bản dịch
fur_boots,0,1602,,Chưa có bản dịch
unworn_bikini,0,1601,,Chưa có bản dịch
hand_in_pants,0,1593,hand_down_pants,Chưa có bản dịch
shirt_partially_tucked_in,0,1593,shirt_half_tucked_in,Chưa có bản dịch
wedge_heels,0,1590,,Chưa có bản dịch
aqua_sleeves,0,1590,,Chưa có bản dịch
bikini_shorts,0,1583,,Chưa có bản dịch
penis_clothing,7,1583,,Chưa có bản dịch
lace_sleeves,0,1582,,Chưa có bản dịch
winged_shoes,0,1582,,Chưa có bản dịch
bikini_aside,7,1581,,Chưa có bản dịch
unzipped_pants,7,1579,,Chưa có bản dịch
kimono_lift,0,1578,,Chưa có bản dịch
orange_coat,0,1574,,Áo khoác cam
aria_company_uniform,0,1572,,Chưa có bản dịch
sweater_only,7,1571,,Chưa có bản dịch
pattern_thigh_socks,7,1570,,Chưa có bản dịch
trapped_in_clothing,7,1569,clothing_entrapment,Chưa có bản dịch
unworn_bikini_bottom,0,1568,,Chưa có bản dịch
aqua_leotard,0,1567,,Chưa có bản dịch
crotchless_underwear,7,1566,,Chưa có bản dịch
metamoran_vest,0,1561,,Chưa có bản dịch
cross-laced_skirt,0,1561,,Chưa có bản dịch
wringing_clothes,0,1561,,Chưa có bản dịch
scale_armor,0,1561,scale_mail,Chưa có bản dịch
griffin_&_kryuger_military_uniform,0,1558,griffin_and_kryuger_military_uniform,Chưa có bản dịch
armored_leotard,0,1550,,Chưa có bản dịch
keizoku_military_uniform,0,1548,,Chưa có bản dịch
white_elbow_gloves,7,1546,white_elbow_glove,Chưa có bản dịch
strapless_one-piece_swimsuit,0,1544,strapless_swimsuit,Chưa có bản dịch
see-through_panties,0,1544,"sheer_panties,transparent_panties",Chưa có bản dịch
pointy_shoes,0,1538,,Giày nhọn
aqua_thighhighs,0,1538,,Chưa có bản dịch
jacket_lift,0,1536,,Chưa có bản dịch
male_underwear_peek,0,1536,underwear_peek_(male),Chưa có bản dịch
two-sided_skirt,0,1536,,Chưa có bản dịch
glove_cutout,0,1532,cutout_gloves,Chưa có bản dịch
shoes_removed,7,1530,,Chưa có bản dịch
vibrator_in_thigh_strap,0,1526,vibrator_in_leg_garter,Chưa có bản dịch
clothes_pin,0,1526,"clothes_peg,clothes_pins,clothespin,clothespins,clothing_pin",Chưa có bản dịch
kiyosumi_school_uniform,0,1522,,Chưa có bản dịch
argyle_sweater,0,1521,,Chưa có bản dịch
skirt_flip,0,1519,,Chưa có bản dịch
single-shoulder_dress,0,1517,,Chưa có bản dịch
armored_bodysuit,0,1512,,Chưa có bản dịch
leaf_clothing,0,1512,,Chưa có bản dịch
rabbit_costume,0,1507,,Chưa có bản dịch
pattern_sweater,7,1503,,Chưa có bản dịch
crotchless_pantyhose,0,1502,,Chưa có bản dịch
latex_thighhighs,0,1501,,Chưa có bản dịch
orange_apron,0,1500,,Chưa có bản dịch
torn_swimsuit,0,1497,ripped_swimsuit,Chưa có bản dịch
underwear_sex,7,1492,,Chưa có bản dịch
leopard_print_bikini,0,1490,leopard_bikini,Chưa có bản dịch
track_uniform,0,1485,,Chưa có bản dịch
monotone_underwear,7,1483,,Chưa có bản dịch
clothing_bow,7,1483,,Chưa có bản dịch
male_underwear_pull,0,1482,"boxers_pull,underwear_pull_(male)",Chưa có bản dịch
champion_uniform_(pokemon),0,1481,champion_uniform,Chưa có bản dịch
miko_outfit,7,1478,,Chưa có bản dịch
fur-trimmed_leotard,0,1475,,Chưa có bản dịch
smelling_clothes,0,1472,clothes_sniffing,Chưa có bản dịch
yellow_armor,0,1468,,Chưa có bản dịch
checkered_dress,0,1467,,Chưa có bản dịch
konohagakure_shinobi_uniform,0,1467,,Chưa có bản dịch
leather_footwear,0,1467,,Chưa có bản dịch
striped_thigh_socks,7,1465,,Chưa có bản dịch
shirt_around_waist,0,1461,,Chưa có bản dịch
kamiyama_high_school_uniform_(hyouka),0,1461,kamiyama_high_school_uniform,Chưa có bản dịch
last_defense_academy_school_uniform,0,1460,class_armor_(hundred_line),Chưa có bản dịch
wagnaria_uniform,0,1459,,Chưa có bản dịch
nanairogaoka_middle_school_uniform,0,1457,,Chưa có bản dịch
pink_sports_bra,0,1455,,Chưa có bản dịch
sweatshirt,7,1455,sweat_shirt,Chưa có bản dịch
arm_out_of_sleeve,0,1453,"arm_in_one_sleeve,single_unworn_sleeve",Chưa có bản dịch
sports_bra_lift,0,1450,,Chưa có bản dịch
vaginal_fluids_through_clothing,7,1448,pussy_juice_through_clothing,Chưa có bản dịch
purple_sweater_vest,0,1447,,Chưa có bản dịch
pravda_school_uniform,0,1446,,Chưa có bản dịch
keyhole_clothing,7,1439,"key-hole_clothes,key-hole_clothing,key_hole_clothes,key_hole_clothing,keyhole_clothes",Chưa có bản dịch
striped_swimwear,7,1439,striped_swimsuit,Chưa có bản dịch
checkered_clothing,7,1433,,Chưa có bản dịch
akatsuki_uniform,0,1431,,Chưa có bản dịch
cow_costume,0,1429,,Chưa có bản dịch
gris_swimsuit,0,1427,,Chưa có bản dịch
fuurinkan_high_school_uniform,0,1426,furinkan_high_school_uniform,Chưa có bản dịch
ankle_strap_heels,7,1418,,Chưa có bản dịch
grey_robe,0,1417,gray_robe,Chưa có bản dịch
aqua_pants,0,1416,,Chưa có bản dịch
cross-laced_bikini,0,1415,,Chưa có bản dịch
latex_underwear,0,1411,rubber_underwear,Chưa có bản dịch
mismatched_thighhighs,0,1409,,Chưa có bản dịch
two-tone_sleeves,0,1409,,Chưa có bản dịch
flannel_shirt,7,1405,flanel_shirt,Chưa có bản dịch
pattern_skirt,7,1403,,Chưa có bản dịch
print_pants,0,1403,,Chưa có bản dịch
orange_bra,0,1402,,Chưa có bản dịch
backless_panties,0,1402,assless_panties,Chưa có bản dịch
yellow_one-piece_swimsuit,0,1402,yellow_swimsuit,Chưa có bản dịch
mascot_costume,0,1401,,Chưa có bản dịch
unworn_shorts,0,1396,,Chưa có bản dịch
strawberry_print_panties,0,1396,,Chưa có bản dịch
two_tone_shoes,7,1393,,Chưa có bản dịch
stained_clothes,0,1389,,Chưa có bản dịch
yellow_sandals,0,1388,,Chưa có bản dịch
fingerless_gloves_(marking),7,1388,"fingerless_glove_(marking),fingerless_glove_(markings),fingerless_glove_marking,fingerless_glove_markings,fingerless_gloves_(markings),fingerless_gloves_marking,fingerless_gloves_markings",Chưa có bản dịch
removing_jacket,0,1385,,Chưa có bản dịch
clothing_swap,7,1383,"clothes_swap,costume_swap,outfit_swap",Chưa có bản dịch
pearl_thong,0,1380,beaded_panties,Chưa có bản dịch
satin_panties,0,1379,,Chưa có bản dịch
pants_around_ankles,0,1378,,Chưa có bản dịch
flower-trimmed_sleeves,0,1371,,Chưa có bản dịch
frilly_bra,7,1371,,Chưa có bản dịch
workout_clothing,7,1370,,Chưa có bản dịch
fingering_through_panties,0,1370,,Chưa có bản dịch
lowleg_skirt,0,1369,low-rise_skirt,Chưa có bản dịch
gold_bra,0,1364,,Chưa có bản dịch
crotchless_pants,0,1364,,Chưa có bản dịch
titfuck_under_clothes,7,1363,clothed_paizuri,Chưa có bản dịch
multicolored_shorts,0,1362,black_and_white_shorts,Quần short nhiều màu
iridescent_clothes,0,1361,holographic_clothing,Chưa có bản dịch
odaiba_girls_high_school_uniform,0,1354,,Chưa có bản dịch
purple_apron,0,1352,,Chưa có bản dịch
holding_clothes_hanger,0,1352,,Chưa có bản dịch
monotone_skirt,7,1347,,Chưa có bản dịch
rash_guard,0,1346,swim_shirt,Chưa có bản dịch
bc_freedom_military_uniform,0,1345,,Chưa có bản dịch
compression_shirt,0,1344,,Chưa có bản dịch
high_heeled_sandals,7,1344,"heel_sandals,heeled_sandals",Chưa có bản dịch
leggings_under_shorts,0,1343,,Chưa có bản dịch
sophist's_robe_(ff14),0,1343,,Chưa có bản dịch
panties_under_shorts,0,1340,,Chưa có bản dịch
translucent_shirt,7,1339,"see-thru_shirt,see_through_shirt,see_thru_shirt,sheer_shirt,transparent_shirt",Chưa có bản dịch
block_heels,0,1338,,Chưa có bản dịch
wearing_collar,7,1337,,Chưa có bản dịch
floral_print_shirt,0,1335,,Chưa có bản dịch
shirt_under_sweater,0,1330,,Chưa có bản dịch
hekiho_academy_school_uniform,0,1329,hekiho_academy_uniform,Chưa có bản dịch
floral_print_skirt,0,1329,,Chưa có bản dịch
saunders_military_uniform,0,1328,,Chưa có bản dịch
pubic_tattoo_visible_through_clothes,0,1323,pubic_tattoo_through_clothing,Chưa có bản dịch
panties_around_legs,7,1321,,Chưa có bản dịch
print_apron,0,1319,,Chưa có bản dịch
fur-trimmed_bikini,0,1319,,Chưa có bản dịch
starting_future_(umamusume),0,1317,common_race_outfit_(umamusume),Chưa có bản dịch
micro_bra,0,1316,,Chưa có bản dịch
spiked_boots,0,1316,,Chưa có bản dịch
nipples_visible_through_clothing,7,1315,,Chưa có bản dịch
cardigan_partially_removed,0,1315,,Chưa có bản dịch
shirt_bow,0,1314,,Chưa có bản dịch
unworn_cape,0,1313,cape_removed,Chưa có bản dịch
ribbon-trimmed_bikini,0,1313,,Chưa có bản dịch
taut_leotard,0,1306,,Chưa có bản dịch
skirt_basket,0,1306,"dress_basket,dress_carry,skirt_carry",Chưa có bản dịch
plaid_shorts,0,1304,,Chưa có bản dịch
reverse_bunny_costume,7,1302,reverse_bunny_suit,Chưa có bản dịch
silver_dress,0,1298,,Váy bạc
red_t-shirt,7,1297,,Chưa có bản dịch
zipper_dress,0,1297,,Chưa có bản dịch
orange_footwear,7,1295,,Chưa có bản dịch
tan_pants,7,1292,beige_pants,Chưa có bản dịch
hooded_track_jacket,0,1292,,Chưa có bản dịch
kanba_girls_high_school_uniform,0,1290,,Chưa có bản dịch
ribbon-trimmed_shirt,0,1286,,Chưa có bản dịch
cardigan_under_jacket,0,1286,,Chưa có bản dịch
red_male_underwear,0,1284,red_underwear_(male),Chưa có bản dịch
aqua_vest,0,1279,,Chưa có bản dịch
robe_only,7,1278,,Chưa có bản dịch
furgonomic_footwear,7,1275,,Chưa có bản dịch
yellow_sports_bra,0,1274,,Chưa có bản dịch
tokisadame_school_uniform,0,1271,,Chưa có bản dịch
bikini_top_under_shirt,0,1268,,Chưa có bản dịch
pantyhose_only,0,1268,only_pantyhose,Chưa có bản dịch
yumenosaki_school_uniform,0,1266,,Chưa có bản dịch
tsuwabuki_high_school_uniform,0,1263,,Chưa có bản dịch
luna_nova_school_uniform,0,1261,,Chưa có bản dịch
red_high_heels,7,1259,red_heels,Chưa có bản dịch
o-ring_one-piece_swimsuit,0,1259,,Chưa có bản dịch
striped_one-piece_swimsuit,0,1257,striped_swimsuit,Chưa có bản dịch
fleur_de_lapin_uniform,0,1256,,Chưa có bản dịch
see-through_thighhighs,0,1255,transparent_thighhighs,Chưa có bản dịch
high-visibility_clothing,0,1253,,Chưa có bản dịch
monotone_shirt,7,1253,"mono-tone_shirt,mono-tone_shirts,mono_tone_shirt,mono_tone_shirts,monotone_shirts",Chưa có bản dịch
multicolored_armor,0,1253,multi_tone_armor,Chưa có bản dịch
black_coat_(kingdom_hearts),0,1251,organization_xiii_uniform,Chưa có bản dịch
pants_only,7,1250,,Chưa có bản dịch
summer_pockets_school_uniform,0,1249,,Chưa có bản dịch
single-shoulder_shirt,0,1249,,Chưa có bản dịch
two_tone_underwear,7,1248,,Chưa có bản dịch
fur_bikini,0,1247,,Chưa có bản dịch
raised_dress,7,1244,dress_raised,Chưa có bản dịch
penis_under_another's_clothes,0,1243,,Chưa có bản dịch
hololive_idol_uniform_(origin),0,1243,"hololive_idol_uniform,hololive_origin_outfit",Chưa có bản dịch
naked_cloak,0,1237,,Chưa có bản dịch
ashigaya_high_school_uniform,0,1236,,Chưa có bản dịch
presenting_underwear,7,1233,,Chưa có bản dịch
spiked_gloves,0,1231,spiked_glove,Chưa có bản dịch
bikini_pull,7,1226,,Chưa có bản dịch
pinstripe_skirt,0,1225,,Chưa có bản dịch
pointy_boots,0,1225,,Bốt nhọn
kariyushi_shirt,0,1222,,Chưa có bản dịch
dark_clothing,7,1221,,Chưa có bản dịch
dirty_socks,7,1221,,Chưa có bản dịch
spotted_clothing,7,1219,,Chưa có bản dịch
starlight_academy_school_uniform,0,1213,starlight_academy_uniform,Chưa có bản dịch
plaid_sleeves,0,1213,,Chưa có bản dịch
camo_pants,7,1212,,Chưa có bản dịch
shorts_aside,0,1211,,Chưa có bản dịch
band_uniform,0,1210,,Chưa có bản dịch
asian_indian_clothes,0,1207,indian_clothes,Chưa có bản dịch
front-hook_bra,0,1207,,Chưa có bản dịch
latex_thigh_boots,0,1204,rubber_thigh_boots,Chưa có bản dịch
wearing_strapon,7,1204,,Chưa có bản dịch
torn_footwear,0,1203,,Chưa có bản dịch
unworn_thighhighs,0,1200,thighhighs_removed,Chưa có bản dịch
bikini_top_aside,0,1199,,Chưa có bản dịch
band_shirt,0,1199,,Chưa có bản dịch
high_heels_only,7,1199,"heels_only,high_heeled_shoes_only",Chưa có bản dịch
youtou_high_school_uniform,0,1197,,Chưa có bản dịch
tan_shirt,7,1196,,Chưa có bản dịch
furisode_sleeves,0,1196,,Chưa có bản dịch
high-visibility_vest,0,1195,,Chưa có bản dịch
adapted_uniform,0,1194,,Chưa có bản dịch
hooded_shirt,0,1192,hooded_blouse,Chưa có bản dịch
presenting_removed_panties,0,1183,,Chưa có bản dịch
pink_stockings,7,1181,,Bít tất hồng
anzio_military_uniform,0,1179,,Chưa có bản dịch
halter_leotard,0,1178,,Chưa có bản dịch
chaldea_staff_uniform,0,1178,,Chưa có bản dịch
gradient_skirt,0,1177,,Chưa có bản dịch
loose_footwear,7,1177,,Chưa có bản dịch
adjusting_panties,0,1174,,Chưa có bản dịch
gradient_kimono,0,1172,,Chưa có bản dịch
plaid_bra,0,1170,,Chưa có bản dịch
asymmetrical_pants,0,1166,,Chưa có bản dịch
ashford_academy_school_uniform,0,1166,ashford_academy_uniform,Chưa có bản dịch
azumanga_daioh's_school_uniform,0,1164,,Chưa có bản dịch
layered_gloves,0,1163,,Chưa có bản dịch
two-tone_vest,0,1162,,Chưa có bản dịch
brown_bodysuit,0,1158,brown_bikesuit,Chưa có bản dịch
exploding_clothes,0,1157,,Chưa có bản dịch
pinstripe_vest,0,1157,,Chưa có bản dịch
erection_under_skirt,7,1153,skirt_boner,Chưa có bản dịch
collared_leotard,0,1149,,Chưa có bản dịch
white_slingshot_swimsuit,0,1148,,Chưa có bản dịch
ball_bra,0,1147,,Chưa có bản dịch
grass_skirt,0,1146,hula_skirt,Chưa có bản dịch
blue_male_underwear,0,1145,blue_underwear_(male),Chưa có bản dịch
vertical-striped_panties,0,1144,,Chưa có bản dịch
footwear_focus,0,1141,,Chưa có bản dịch
cupless_bikini,0,1141,,Chưa có bản dịch
sock_fetish,7,1141,,Chưa có bản dịch
fishnet_stockings,7,1140,,Chưa có bản dịch
multicolored_pants,0,1139,multi_tone_pants,Quần nhiều màu
see-through_bikini,0,1136,transparent_bikini,Chưa có bản dịch
green_t-shirt,7,1136,,Chưa có bản dịch
see-through_one-piece_swimsuit,0,1133,transparent_one-piece_swimsuit,Chưa có bản dịch
grey_one-piece_swimsuit,0,1123,grey_swimsuit,Chưa có bản dịch
keyhole_underwear,7,1122,"key-hole_underwear,key_hole_underwear",Chưa có bản dịch
vertical-striped_vest,0,1120,,Chưa có bản dịch
armored_skirt,0,1118,,Chưa có bản dịch
folded_clothes,0,1112,,Chưa có bản dịch
red_sweater_vest,0,1110,"red_sweater-vest,red_sweatervest",Chưa có bản dịch
cum_through_clothes,0,1109,,Chưa có bản dịch
medieval_clothing,7,1107,,Chưa có bản dịch
naked_dress,0,1105,,Chưa có bản dịch
two-tone_panties,0,1100,,Chưa có bản dịch
sailor_swimsuit_(idolmaster),0,1097,,Chưa có bản dịch
wet_skirt,0,1093,,Chưa có bản dịch
stretched_clothing,7,1091,stretched_clothes,Chưa có bản dịch
martial_arts_uniform,7,1090,"martial_art_clothing,martial_art_uniform,martial_art_wear,martial_arts_clothing,martial_arts_wear",Chưa có bản dịch
panties_bulge,7,1090,,Chưa có bản dịch
hip_armor,0,1088,,Chưa có bản dịch
unworn_pants,0,1086,,Chưa có bản dịch
bandages_over_clothes,0,1084,,Chưa có bản dịch
multicolored_panties,0,1084,multi_tone_panties,Quần lót nhiều màu
black_thigh_boots,7,1081,,Chưa có bản dịch
virgin_killer_outfit,0,1081,,Chưa có bản dịch
anakt_garden_uniform,0,1081,,Chưa có bản dịch
off-shoulder_coat,0,1079,,Chưa có bản dịch
dissolving_clothes,0,1079,,Chưa có bản dịch
pantyhose_under_swimsuit,0,1076,,Chưa có bản dịch
raimon_soccer_uniform,0,1076,,Chưa có bản dịch
swimsuit_skirt,0,1076,,Chưa có bản dịch
lace_thighhighs,0,1074,,Chưa có bản dịch
amestris_military_uniform,0,1072,,Chưa có bản dịch
seisho_music_academy_school_uniform,0,1072,seishou_music_academy_uniform,Chưa có bản dịch
uneven_footwear,0,1071,,Chưa có bản dịch
sainan_high_school_uniform,0,1070,,Chưa có bản dịch
camouflage_shirt,0,1067,,Chưa có bản dịch
pants_under_dress,0,1065,,Chưa có bản dịch
clothes_theft,0,1061,"clothes_thief,clothing_thief,stealing_clothes",Chưa có bản dịch
red_stockings,7,1061,,Bít tất đỏ
print_socks,0,1058,,Chưa có bản dịch
clothing_transformation,7,1057,clothing_tf,Chưa có bản dịch
through_clothing,7,1055,,Chưa có bản dịch
kousaka_kirino's_school_uniform,0,1054,,Chưa có bản dịch
torn_bike_shorts,0,1053,ripped_bike_shorts,Chưa có bản dịch
cum_in_panties,0,1051,,Chưa có bản dịch
sweater_pull,0,1049,,Chưa có bản dịch
text_on_t-shirt,7,1048,,Chưa có bản dịch
single_half_glove,0,1048,,Chưa có bản dịch
panty_lift,0,1046,,Chưa có bản dịch
yamabuki_high_school_uniform,0,1045,yamabuki_school_uniform,Chưa có bản dịch
presenting_panties,7,1044,,Chưa có bản dịch
split-color_clothes,0,1042,,Chưa có bản dịch
taut_swimsuit,0,1042,,Chưa có bản dịch
food_costume,0,1040,,Chưa có bản dịch
detached_pants,0,1040,,Chưa có bản dịch
partially_open_shirt,0,1039,,Chưa có bản dịch
taut_bodysuit,0,1038,,Chưa có bản dịch
see-through_pantyhose,0,1033,sheer_pantyhose,Chưa có bản dịch
right-over-left_kimono,0,1029,,Chưa có bản dịch
sleeve_rolled_up,0,1029,,Chưa có bản dịch
hope's_peak_academy_school_uniform,0,1025,kibougamine_gakuen_school_uniform,Chưa có bản dịch
latex_dress,0,1022,rubber_dress,Chưa có bản dịch
pink_robe,0,1020,,Chưa có bản dịch
kitsch_jacket_(cyberpunk),0,1019,,Chưa có bản dịch
translucent_dress,7,1019,"see-thru_dress,see_through_dress,see_thru_dress,sheer_dress,transparent_dress",Chưa có bản dịch
black_thigh_socks,7,1017,,Chưa có bản dịch
trinity_general_school_swimsuit,0,1015,,Chưa có bản dịch
print_swimsuit,0,1013,,Chưa có bản dịch
pokeball_clothing,7,1012,"poke_ball_clothing,poké_ball_clothing,pokéball_clothing",Chưa có bản dịch
jester_costume,0,1010,,Chưa có bản dịch
gradient_jacket,0,1007,,Chưa có bản dịch
pleated_sleeves,0,1007,,Chưa có bản dịch
print_bodysuit,0,1005,,Chưa có bản dịch
original_race_uniform_(umamusume),0,1004,,Chưa có bản dịch
pravda_military_uniform,0,1004,,Chưa có bản dịch
panties_around_ankles,0,1002,,Chưa có bản dịch
sailor_uniform,7,1000,"sailor_fuku,sailor_outfit,sailor_outfit_and_sailor_suit",Chưa có bản dịch
sex_toy_under_clothing,7,1000,,Chưa có bản dịch
liquid_clothes,0,1000,,Chưa có bản dịch
cowboy_outfit,7,998,,Chưa có bản dịch
backless_shirt,0,996,,Chưa có bản dịch
aqua_coat,0,996,,Chưa có bản dịch
see-through_gloves,0,995,"sheer_gloves,transparent_gloves",Chưa có bản dịch
motosu_school_uniform,0,994,,Chưa có bản dịch
misaki_high_school_uniform,0,993,,Chưa có bản dịch
chi-hatan_military_uniform,0,992,,Chưa có bản dịch
gold_boots,0,991,,Bốt màu vàng kim
studded_gloves,0,991,,Chưa có bản dịch
neck_garter,0,990,,Chưa có bản dịch
cum_in_pants,7,987,,Chưa có bản dịch
untied_bikini,7,985,,Chưa có bản dịch
latex_pants,0,984,rubber_pants,Chưa có bản dịch
bikini_in_mouth,0,984,,Chưa có bản dịch
panties_around_one_ankle,0,983,,Chưa có bản dịch
discarded_underwear,7,982,,Chưa có bản dịch
back-tie_bikini,7,981,,Chưa có bản dịch
front-tie_bra,0,981,,Chưa có bản dịch
adjusting_another's_clothes,0,980,,Chưa có bản dịch
hololive_idol_uniform_(bright),0,978,hololive_bright_outfit,Chưa có bản dịch
two_tone_socks,7,977,,Chưa có bản dịch
shorts_tan,0,976,,Chưa có bản dịch
workout_clothes,0,975,,Chưa có bản dịch
star_print_bikini,0,970,,Chưa có bản dịch
t-shirt_only,7,968,,Chưa có bản dịch
partially_open_jacket,0,967,,Chưa có bản dịch
furry_wearing_fursuit,7,967,"furry_character_wearing_fursuit,furry_in_fursuit",Chưa có bản dịch
panty_lines,7,966,panty_line,Chưa có bản dịch
hoof_boots,7,966,pony_boots,Chưa có bản dịch
high-low_skirt,0,965,short_front_long_back_skirt,Chưa có bản dịch
skirt_peek,0,964,,Chưa có bản dịch
bear_print_panties,0,963,,Chưa có bản dịch
dinosaur_costume,0,962,,Chưa có bản dịch
exercise_clothing,7,961,,Chưa có bản dịch
frilled_vest,0,960,,Chưa có bản dịch
grey_male_underwear,0,956,grey_underwear_(male),Chưa có bản dịch
panties_over_pantyhose,0,956,,Chưa có bản dịch
ornate_clothes,0,955,,Chưa có bản dịch
ankle_garter,0,954,,Chưa có bản dịch
st._theresa's_girls_academy_school_uniform,0,952,,Chưa có bản dịch
print_leotard,0,950,,Chưa có bản dịch
st._chronica_academy_school_uniform,0,950,st._chronica_academy_uniform,Chưa có bản dịch
plaid_apron,0,947,,Chưa có bản dịch
saunders_school_uniform,0,946,,Chưa có bản dịch
naked_skirt,0,945,,Chưa có bản dịch
ejaculation_under_clothes,0,943,,Chưa có bản dịch
precum_through_clothes,0,940,,Chưa có bản dịch
shirt_cut_meme,0,939,shirt_cut_(meme),Chưa có bản dịch
ornate_armor,0,937,,Chưa có bản dịch
heart_panties,7,935,"<3_pantie,<3_panties,<3_panty,heart_pantie,heart_panty,hearts_pantie,hearts_panties,hearts_panty",Chưa có bản dịch
torn_shoes,0,934,,Chưa có bản dịch
boxing_shorts,0,934,,Chưa có bản dịch
hoof_gloves,0,933,"pony_gloves,pony_mitts",Chưa có bản dịch
stile_uniform,0,931,,Chưa có bản dịch
panties_over_garter_belt,0,931,,Chưa có bản dịch
green_sports_bra,0,931,,Chưa có bản dịch
yellow_jacket_(clothing),7,930,,Chưa có bản dịch
military_clothing,7,930,,Chưa có bản dịch
lillian_girls'_academy_school_uniform,0,930,lillian_girls'_academy_uniform,Chưa có bản dịch
black_bikini_top,7,929,,Chưa có bản dịch
clothing_store,7,923,clothes_store,Chưa có bản dịch
back-tie_clothing,7,920,,Chưa có bản dịch
herensuge_girls_academy_school_uniform,0,920,,Chưa có bản dịch
yellow_slingshot_swimsuit,0,919,,Chưa có bản dịch
adjusting_footwear,0,919,,Chưa có bản dịch
flower-trimmed_dress,0,918,,Chưa có bản dịch
toyogasaki_academy_school_uniform,0,915,,Chưa có bản dịch
sweaty_clothing,7,912,,Chưa có bản dịch
torn_sweater,0,912,ripped_sweater,Chưa có bản dịch
bell_sleeves,0,911,,Chưa có bản dịch
see-through_bodysuit,0,911,"sheer_bodysuit,transparent_bodysuit",Chưa có bản dịch
zipper_skirt,0,911,,Chưa có bản dịch
torn_bikini,0,909,ripped_bikini,Chưa có bản dịch
german_flag_bikini,0,909,,Chưa có bản dịch
asymmetrical_dress,0,909,,Chưa có bản dịch
sock_pull,0,907,,Chưa có bản dịch
clothing_loss,7,906,,Chưa có bản dịch
colored_edge_bikini,7,905,,Chưa có bản dịch
single_sandal,0,904,,Chưa có bản dịch
multicolored_pantyhose,0,904,,Quần tất nhiều màu
side-tie_swimsuit,0,903,,Chưa có bản dịch
keizoku_school_uniform,0,902,,Chưa có bản dịch
gold_sandals,0,898,,Chưa có bản dịch
crinoline,0,897,skirt_cage,Chưa có bản dịch
vertical-striped_coat,0,897,,Chưa có bản dịch
hololive_summer_2023_swimsuit,0,894,,Chưa có bản dịch
pulling_pants_down,7,892,,Chưa có bản dịch
itan_private_high_school_uniform,0,890,,Chưa có bản dịch
feather_dress,0,890,,Chưa có bản dịch
painted_clothes,0,890,paint_clothes,Chưa có bản dịch
o-ring_panties,0,890,,Chưa có bản dịch
ribbed_cardigan,0,890,,Chưa có bản dịch
aqua_sweater,0,890,,Chưa có bản dịch
gradient_sleeves,0,889,,Chưa có bản dịch
lowleg_shorts,0,888,low-rise_shorts,Chưa có bản dịch
kamihama_university_affiliated_school_uniform,0,887,,Chưa có bản dịch
yellow_robe,0,886,,Chưa có bản dịch
keyhole_bra,7,885,"key-hole_bra,key_hole_bra",Chưa có bản dịch
infinite_stratos_academy_school_uniform,0,884,infinite_stratos_academy_uniform,Chưa có bản dịch
seiren_academy_school_uniform,0,882,,Chưa có bản dịch
long_hoodie,0,879,hoodie_dress,Chưa có bản dịch
hand_in_panties,7,878,,Chưa có bản dịch
latex_panties,0,877,rubber_panties,Chưa có bản dịch
argyle_dress,0,876,,Chưa có bản dịch
two-tone_pantyhose,0,876,,Chưa có bản dịch
tight_orifice,7,874,,Chưa có bản dịch
panties_around_thighs,0,874,,Chưa có bản dịch
skirt_down,7,866,,Chưa có bản dịch
tsab_ground_military_uniform,0,866,,Chưa có bản dịch
magical_girl_outfit,7,865,"magic_girl,magic_girl_outfit,magical_girl_costume",Chưa có bản dịch
blueberry_academy_school_uniform,0,865,,Chưa có bản dịch
vest_lift,0,864,,Chưa có bản dịch
see-through_bra,0,862,"sheer_bra,transparent_bra",Chưa có bản dịch
polka_dot_thighhighs,0,860,,Chưa có bản dịch
getabako,0,860,"shoe_locker,shoe_lockers",Chưa có bản dịch
cock_sock,7,859,"cocksock,penis_sock,sock_on_penis",Chưa có bản dịch
multicolored_sweater,0,858,multi_tone_sweater,Chưa có bản dịch
white_seam_underwear,7,856,,Chưa có bản dịch
frilly_dress,7,856,,Chưa có bản dịch
single_knee_boot,0,856,,Chưa có bản dịch
coat_cape,7,856,,Chưa có bản dịch
cardigan_vest,0,855,,Chưa có bản dịch
nijisanji_matching_outfit,0,855,"matching_outfit_(nijisanji),nijisanji_idol_uniform",Chưa có bản dịch
gold_gloves,0,855,golden_gloves,Găng tay vàng kim
rainbow_bikini,0,854,,Chưa có bản dịch
orange_swimwear,7,854,orange_swimsuit,Chưa có bản dịch
torn_kimono,0,853,"ripped_kimono,torn_yukata",Chưa có bản dịch
breastless_clothing,7,852,,Chưa có bản dịch
gold_dress,0,850,golden_dress,Váy vàng kim
trying_on_clothes,0,849,,Chưa có bản dịch
footjob_with_footwear,0,846,,Chưa có bản dịch
see-through_dress_layer,0,846,transparent_dress_layer,Chưa có bản dịch
crotch_apron,7,846,,Chưa có bản dịch
protogen_armor,7,841,,Chưa có bản dịch
boyfriend's_shirt,0,841,,Chưa có bản dịch
mismatched_socks,0,839,,Chưa có bản dịch
advanced_nurturing_high_school_uniform,0,839,,Chưa có bản dịch
seashell_bra,7,839,shell_bra,Chưa có bản dịch
stained_clothing,7,838,,Chưa có bản dịch
lace_pantyhose,0,838,,Chưa có bản dịch
funeral_dress,0,836,mourning_dress,Chưa có bản dịch
fur-trimmed_robe,0,835,,Chưa có bản dịch
aqua_boots,0,834,,Chưa có bản dịch
glove_in_mouth,0,834,,Chưa có bản dịch
homurabara_academy_elementary_school_uniform,0,833,,Chưa có bản dịch
print_boots,0,833,,Chưa có bản dịch
jacket_over_shoulder,0,833,,Chưa có bản dịch
orange_cardigan,0,831,,Chưa có bản dịch
fishnet_shirt,7,828,mesh_shirt,Chưa có bản dịch
kita_high_school_uniform_(subarashiki_hibi),0,828,,Chưa có bản dịch
ribbon-trimmed_socks,0,826,,Chưa có bản dịch
work_uniform,7,824,,Chưa có bản dịch
adjusting_leotard,0,824,,Chưa có bản dịch
dildo_under_clothes,0,823,,Chưa có bản dịch
zipper_leotard,0,823,,Chưa có bản dịch
grey_sandals,0,822,gray_sandals,Chưa có bản dịch
white_thigh_socks,7,822,,Chưa có bản dịch
asymmetrical_armor,0,821,,Chưa có bản dịch
sagging_pants,0,820,,Chưa có bản dịch
belt_skirt,0,820,beltskirt,Chưa có bản dịch
pleated_shirt,0,819,,Chưa có bản dịch
tsukumihara_academy_uniform_(fate/extra_ccc),0,819,tsukimihara_academy_uniform_(fate/extra_ccc),Chưa có bản dịch
pubic_boot,7,819,"dinosaur_pelvis,pelvic_boot,pubis_bulge",Chưa có bản dịch
purple_sandals,0,819,,Chưa có bản dịch
aqua_cape,0,818,,Chưa có bản dịch
elbow_sleeve,0,816,,Chưa có bản dịch
clothing_theft,7,816,"clothes_stolen,stealing_clothing,stolen_clothing",Chưa có bản dịch
sheep_costume,0,815,,Chưa có bản dịch
mayqueen_maid_uniform,0,813,,Chưa có bản dịch
winter_clothing,7,811,,Chưa có bản dịch
gloved_sleeves,0,809,,Chưa có bản dịch
naked_robe,0,808,,Chưa có bản dịch
gloves_over_sleeves,0,807,,Chưa có bản dịch
number_on_clothing,7,806,,Chưa có bản dịch
side-tie_skirt,0,804,,Chưa có bản dịch
bikini_around_one_leg,0,804,,Chưa có bản dịch
glove_pull,0,800,,Chưa có bản dịch
bc_freedom_school_uniform,0,799,,Chưa có bản dịch
side-tie_dress,0,799,,Chưa có bản dịch
boyshort_panties,0,797,,Chưa có bản dịch
frilled_coat,0,797,,Chưa có bản dịch
fur-trimmed_shoes,0,796,,Chưa có bản dịch
purple_sports_bra,0,795,,Chưa có bản dịch
shoulderless_shirt,7,794,,Chưa có bản dịch
impossible_sweater,0,794,,Chưa có bản dịch
pink_armor,0,794,,Chưa có bản dịch
bdsm_outfit,7,793,bdsm_suit,Chưa có bản dịch
sweater_guard,0,793,,Chưa có bản dịch
clothing_grab,7,792,grabbing_clothes,Chưa có bản dịch
white_sweater_vest,0,789,,Chưa có bản dịch
moegi_high_school_uniform,0,789,kin-iro_mosaic_high_school_uniform,Chưa có bản dịch
argyle_socks,0,786,"argyle_sock,argyll_sock,argyll_socks",Chưa có bản dịch
pokemon_costume,0,786,pokémon_costume,Chưa có bản dịch
removing_bra,0,785,"taking_off_bra,unfastening_bra",Chưa có bản dịch
skimpy_dress,7,785,,Chưa có bản dịch
translucent_panties,7,784,"clear_panties,see-through_knickers,see-through_pantie,see-through_panty,see-thru_knickers,see-thru_pantie,see-thru_panties,see-thru_panty,see_through_knickers,see_through_pantie,see_through_panties,see_through_panty,see_thru_knickers,see_thru_pantie,see_thru_panties,see_thru_panty,sheer_knickers,sheer_pantie,sheer_panties,sheer_panty,transparent_knickers,transparent_pantie,transparent_panties,transparent_panty",Chưa có bản dịch
tiger_costume,0,784,tiger_suit,Chưa có bản dịch
embroidered_bra,0,783,,Chưa có bản dịch
plaid_socks,0,781,,Chưa có bản dịch
military_coat,0,780,,Chưa có bản dịch
fold-over_gloves,0,779,,Chưa có bản dịch
hooters_uniform,7,779,,Chưa có bản dịch
cat_keyhole_bra,7,777,,Chưa có bản dịch
angel_wing_uniform,0,776,,Chưa có bản dịch
heel_claw,7,776,,Chưa có bản dịch
sports_sandals,0,774,"hiking_sandals,teva_sandals",Chưa có bản dịch
soviet_school_uniform,0,773,,Chưa có bản dịch
toeless_shoes,7,769,open_toed_shoes,Chưa có bản dịch
glitter_dress,0,768,,Chưa có bản dịch
single_unworn_glove,0,768,,Chưa có bản dịch
kami_high_school_uniform,0,767,,Chưa có bản dịch
panties_visible_through_clothes,0,767,,Chưa có bản dịch
metal_gloves,0,767,,Chưa có bản dịch
see-through_skirt_layer,0,765,transparent_skirt_layer,Chưa có bản dịch
bikini_tug,0,765,,Chưa có bản dịch
holding_unworn_sandals,0,764,,Chưa có bản dịch
armor_plates,7,763,,Chưa có bản dịch
short_yukata,0,762,,Chưa có bản dịch
cum_through_pants,7,762,,Chưa có bản dịch
loose_thighhigh,0,761,,Chưa có bản dịch
socks_over_pantyhose,0,761,,Chưa có bản dịch
paggi_outfit,0,760,,Chưa có bản dịch
sport_swimsuit,7,760,,Chưa có bản dịch
formal_clothing,7,759,,Chưa có bản dịch
symbol_on_clothing,7,758,,Chưa có bản dịch
pink_high_heels,7,757,pink_heels,Chưa có bản dịch
yotsuba_university_affiliated_junior_high_school_uniform,0,756,,Chưa có bản dịch
tune_squad_outfit,7,756,,Chưa có bản dịch
kobeya_uniform,0,756,,Chưa có bản dịch
clothes_on_and_off,0,754,"clothes_on/clothes_off,dressed_and_undressed",Chưa có bản dịch
heel_pad,7,754,heelpad,Chưa có bản dịch
angel's_24_uniform_(blue_archive),0,753,,Chưa có bản dịch
no_coat,0,751,,Chưa có bản dịch
black_order_uniform,0,750,,Chưa có bản dịch
torn_bra,0,749,,Chưa có bản dịch
aqua_socks,0,749,aqua_kneehighs,Chưa có bản dịch
dog_costume,0,749,,Chưa có bản dịch
clothes_focus,0,748,clothes_only,Chưa có bản dịch
seishou_elementary_school_uniform,0,748,,Chưa có bản dịch
off-shoulder_leotard,0,748,,Chưa có bản dịch
plaid_coat,0,748,,Chưa có bản dịch
bra_only,7,747,,Chưa có bản dịch
royal_robe,0,746,,Chưa có bản dịch
side-tie_shirt,0,745,,Chưa có bản dịch
camouflage_bikini,0,744,,Chưa có bản dịch
scout_uniform,0,743,,Chưa có bản dịch
brown_armor,0,742,,Chưa có bản dịch
multicolored_thigh_socks,7,742,"black_and_orange_thigh_socks,black_and_pink_thigh_socks,black_and_red_thigh_socks,black_and_white_thigh_socks,blue_and_white_thigh_socks,green_and_white_thigh_socks,multi_tone_thigh_socks,pink_and_white_thigh_socks,purple_and_black_thigh_socks,purple_and_white_thigh_socks,red_and_grey_thigh_socks,red_and_white_thigh_socks",Chưa có bản dịch
american_football_uniform,0,742,,Chưa có bản dịch
tail_under_clothes,0,741,,Chưa có bản dịch
spiked_clothing,7,740,,Chưa có bản dịch
pattern_dress,7,740,,Chưa có bản dịch
front-tie_bikini,7,740,,Chưa có bản dịch
striped_leotard,0,738,,Chưa có bản dịch
strapless_underwear,7,738,,Chưa có bản dịch
vertical-striped_bra,0,737,,Chưa có bản dịch
kazamatsuri_institute_high_school_uniform,0,737,,Chưa có bản dịch
picot_trim_panties,0,736,,Chưa có bản dịch
hololive_dance_practice_uniform,0,734,,Chưa có bản dịch
gold_leotard,0,734,,Chưa có bản dịch
skirt_caught_on_object,0,734,,Chưa có bản dịch
hololive_idol_uniform_(color_rise),0,732,,Chưa có bản dịch
changing_clothes,0,732,,Chưa có bản dịch
padded_coat,0,731,,Chưa có bản dịch
text_on_hoodie,7,730,,Chưa có bản dịch
bikini_bulge,7,730,,Chưa có bản dịch
silver_bikini,0,729,,Chưa có bản dịch
holding_unworn_cape,0,729,,Chưa có bản dịch
dress_aside,0,728,,Chưa có bản dịch
blue_seam_underwear,7,727,,Chưa có bản dịch
vietnamese_clothes,0,726,,Chưa có bản dịch
blood_on_gloves,0,725,,Chưa có bản dịch
archery_shooting_glove,0,725,,Chưa có bản dịch
kanon_school_uniform,0,724,,Chưa có bản dịch
purple_stockings,7,723,,Bít tất tím
golden_clothing,7,723,"gold_clothing,golden_clothes",Chưa có bản dịch
putting_on_gloves,0,723,,Chưa có bản dịch
holding_gloves,0,722,holding_single_glove,Chưa có bản dịch
clothes_in_front,0,721,,Chưa có bản dịch
foot_up_heel_up,0,721,,Chưa có bản dịch
holding_coat,0,720,,Chưa có bản dịch
cycling_uniform,0,719,,Chưa có bản dịch
portal_panties,7,717,,Chưa có bản dịch
knights_of_blood_uniform_(sao),0,715,,Chưa có bản dịch
blue_stockings,7,715,,Bít tất xanh dương
two_tone_dress,7,715,,Chưa có bản dịch
medical_gloves,7,714,,Chưa có bản dịch
one_shoe_on,7,713,,Chưa có bản dịch
american_flag_shirt,0,713,,Chưa có bản dịch
bikini_day,0,712,,Chưa có bản dịch
butterfly_print_kimono,0,712,,Chưa có bản dịch
winged_boots,0,712,,Chưa có bản dịch
convenient_skirt,0,711,"magic_skirt,teppeki_skirt",Chưa có bản dịch
aqua_hoodie,0,709,,Chưa có bản dịch
souya_high_school_uniform,0,709,,Chưa có bản dịch
selection_university_military_uniform,0,708,,Chưa có bản dịch
towano_high_school_uniform,0,706,,Chưa có bản dịch
fur-trimmed_vest,0,706,,Chưa có bản dịch
hooded_leotard,0,706,,Chưa có bản dịch
jester_outfit,7,705,,Chưa có bản dịch
aqua_pantyhose,0,705,,Chưa có bản dịch
torn_sleeve,0,704,,Chưa có bản dịch
figure_skating_dress,0,704,,Chưa có bản dịch
frankenstein's_monster_costume,0,704,"frankenstein's_monster_(cosplay),frankenstein_monster_costume",Chưa có bản dịch
kafuu_chino's_school_uniform,0,703,,Chưa có bản dịch
front_zipper_swimsuit_(realise),0,702,front_zipper_swimsuit,Chưa có bản dịch
nohrian_maid_uniform,0,698,,Chưa có bản dịch
ribbon_as_bra,0,698,ribbon_bra,Chưa có bản dịch
removing_shirt,7,697,taking_off_shirt,Chưa có bản dịch
female_ejaculation_through_clothes,0,696,female_ejaculation_through_clothing,Chưa có bản dịch
leather_skirt,0,695,,Chưa có bản dịch
hoto_cocoa's_school_uniform,0,695,,Chưa có bản dịch
bikini_under_skirt,0,695,,Chưa có bản dịch
zipper_bikini,0,694,,Chưa có bản dịch
cum_on_underwear,7,693,,Chưa có bản dịch
buttjob_over_clothes,0,692,,Chưa có bản dịch
full-body_clothes_hanger,0,691,"bikini_hanger,swimsuit_hanger",Chưa có bản dịch
grey_t-shirt,7,685,gray_t-shirt,Chưa có bản dịch
black_jeans,7,684,,Chưa có bản dịch
playboy_outfit,7,683,,Chưa có bản dịch
fur_clothing,7,682,"fake_fur,faux_fur",Chưa có bản dịch
pattern_gloves,7,680,,Chưa có bản dịch
no_armor,0,679,,Chưa có bản dịch
fur_sleeves,0,678,,Chưa có bản dịch
food_on_clothes,0,677,,Chưa có bản dịch
no_male_underwear,0,677,"no_briefs,no_underwear_(male)",Chưa có bản dịch
delmogeny_uniform,0,676,,Chưa có bản dịch
brown_underwear,7,676,,Chưa có bản dịch
side_slit_dress,7,676,,Chưa có bản dịch
no_cape,0,674,"no_capelet,no_cloak",Chưa có bản dịch
two-tone_socks,0,673,,Chưa có bản dịch
liu_association_south_uniform,0,672,liu_association_(identity)_(project_moon),Chưa có bản dịch
yokosuka_girls_marine_high_school_uniform,0,671,,Chưa có bản dịch
underwear_on_head,0,671,,Chưa có bản dịch
cross-laced_shorts,0,670,,Chưa có bản dịch
oversized_sleeves,7,669,,Chưa có bản dịch
light_clothing,7,669,,Chưa có bản dịch
ribbed_clothing,7,668,,Chưa có bản dịch
frilled_footwear,0,668,,Chưa có bản dịch
shibari_under_clothes,0,668,,Chưa có bản dịch
aqua_one-piece_swimsuit,0,666,aqua_swimsuit,Chưa có bản dịch
flag_clothing,7,666,,Chưa có bản dịch
blue_slingshot_swimsuit,0,666,,Chưa có bản dịch
polka_dot_socks,0,665,,Chưa có bản dịch
glistening_footwear,7,664,"glistening_foot_wear,shiny_foot_wear",Chưa có bản dịch
cunnilingus_through_clothes,0,664,,Chưa có bản dịch
panties_on_penis,0,661,panty_on_penis,Chưa có bản dịch
shirt_grab,7,661,grabbing_shirt,Chưa có bản dịch
gold_thighhighs,0,661,,Tất cao đùi vàng kim
lace-trimmed_apron,0,661,,Chưa có bản dịch
megurigaoka_high_school_uniform,0,660,,Chưa có bản dịch
dildo_under_panties,0,658,,Chưa có bản dịch
roman_clothes,0,658,,Chưa có bản dịch
multicolored_sleeves,0,658,,Tay áo nhiều màu
furgonomic_underwear,7,658,furgonomic_panties,Chưa có bản dịch
green_sandals,0,657,,Chưa có bản dịch
print_cape,0,657,,Chưa có bản dịch
panties_cat's_cradle,0,656,,Chưa có bản dịch
pseudo-tokyo_school_uniform,0,654,,Chưa có bản dịch
leather_vest,0,653,,Chưa có bản dịch
ribbon-trimmed_bra,0,653,,Chưa có bản dịch
bikini_removed,7,653,,Chưa có bản dịch
closed_toe_shoes,7,653,,Chưa có bản dịch
closed_toe_footwear,7,653,,Chưa có bản dịch
tohmi_higashi_high_school_uniform,0,652,,Chưa có bản dịch
lifeguard_swimsuit,7,652,,Chưa có bản dịch
clothes_between_exposed_breasts,0,652,,Chưa có bản dịch
hyakkaou_academy_school_uniform,0,651,hyakkaou_academy_uniform,Chưa có bản dịch
lace_pantyhose_hooked_on_heel_(meme),0,651,,Chưa có bản dịch
tail_over_skirt,7,651,,Chưa có bản dịch
collared_bodysuit,0,649,,Chưa có bản dịch
destroyed_clothing,7,648,,Chưa có bản dịch
two_tone_gloves,7,648,,Chưa có bản dịch
spiked_shoes,0,646,,Chưa có bản dịch
floral_dress,0,644,,Chưa có bản dịch
feather-trimmed_dress,0,643,,Chưa có bản dịch
dance_shoes,7,643,"dance_shoe,dancing_shoe,dancing_shoes",Chưa có bản dịch
ballet_class_clothes,0,642,,Chưa có bản dịch
yuyushiki's_school_uniform,0,642,,Chưa có bản dịch
himematsu_academy_school_uniform,0,641,,Chưa có bản dịch
pajama_pants,0,640,,Chưa có bản dịch
karakura_high_school_uniform,0,638,,Chưa có bản dịch
adjusting_bra,0,637,,Chưa có bản dịch
oversized_jacket,0,637,baggy_jacket,Chưa có bản dịch
satogahama_baseball_uniform,0,637,,Chưa có bản dịch
o-ring_slingshot_swimsuit,0,636,,Chưa có bản dịch
unzipped_bodysuit,7,636,,Chưa có bản dịch
single_legwear_garter,0,636,single_garter,Chưa có bản dịch
polka_dot_pantyhose,0,634,,Chưa có bản dịch
camisole_over_clothes,0,634,,Chưa có bản dịch
shiny_footwear,0,633,,Chưa có bản dịch
white_high_heels,7,633,white_heels,Chưa có bản dịch
panty_&_stocking_with_garterbelt_(style),0,632,,Chưa có bản dịch
two_tone_bodysuit,7,632,,Chưa có bản dịch
holding_unworn_dress,0,632,,Chưa có bản dịch
panty_bulge,0,631,pantie_bulge,Chưa có bản dịch
object_in_clothes,0,631,,Chưa có bản dịch
asymmetrical_jacket,0,631,,Chưa có bản dịch
cow_print_sleeves,0,629,,Chưa có bản dịch
text_on_panties,7,629,,Chưa có bản dịch
two-tone_cloak,0,629,,Chưa có bản dịch
backless_bodysuit,0,629,,Chưa có bản dịch
shirt_under_kimono,0,628,,Chưa có bản dịch
ill-fitting_clothing,7,628,"ill-fitting_clothes,ill_fitting_clothing",Chưa có bản dịch
camouflage_skirt,0,628,,Chưa có bản dịch
fishnet_leotard,0,627,mesh_leotard,Chưa có bản dịch
masturbation_through_clothing,7,627,,Chưa có bản dịch
hooked_on_heel,0,626,,Chưa có bản dịch
undone_bikini,0,626,,Chưa có bản dịch
cafe_lycoreco_uniform,0,626,,Chưa có bản dịch
camouflage_shorts,0,626,,Chưa có bản dịch
collared_cloak,0,626,,Chưa có bản dịch
mexican_clothes,0,625,,Chưa có bản dịch
coat_of_arms,0,624,,Chưa có bản dịch
translucent_stockings,7,624,"see-through_stocking,see-through_stockings,see-thru_stocking,see-thru_stockings,see_through_stocking,see_through_stockings,see_thru_stocking,see_thru_stockings,sheer_stocking,sheer_stockings,transparent_stocking,transparent_stockings",Chưa có bản dịch
boy_shorts,7,624,"boy-shorts,boyshorts",Chưa có bản dịch
tokiwadai_school_gym_uniform,0,623,,Chưa có bản dịch
monotone_footwear,7,621,,Chưa có bản dịch
nipple_tweak_through_clothes,0,620,,Chưa có bản dịch
orange_one-piece_swimsuit,0,620,orange_swimsuit,Chưa có bản dịch
heart_print_underwear,7,619,,Chưa có bản dịch
wet_pantyhose,0,618,,Chưa có bản dịch
shirt_down,0,618,,Chưa có bản dịch
chinese_armor,0,618,,Chưa có bản dịch
biting_clothes,0,617,,Chưa có bản dịch
frilled_garter,0,617,,Chưa có bản dịch
clothes_rack,0,617,,Chưa có bản dịch
unworn_pantyhose,0,615,pantyhose_removed,Chưa có bản dịch
leopard_print_panties,0,615,,Chưa có bản dịch
robe_partially_removed,0,614,,Chưa có bản dịch
native_american_clothes,0,614,,Chưa có bản dịch
clothing_on_floor,7,614,,Chưa có bản dịch
vest_only,7,614,,Chưa có bản dịch
lace-trimmed_bikini,0,613,,Chưa có bản dịch
open_cloak,0,612,,Chưa có bản dịch
tracen_winter_coat,0,612,,Chưa có bản dịch
bike_shorts_pull,0,612,,Chưa có bản dịch
knee_armor,0,611,,Chưa có bản dịch
multicolored_stockings,7,611,"black_and_white_stockings,multi_tone_stockings",Bít tất nhiều màu
shorts_under_shorts,0,610,,Chưa có bản dịch
torn_vest,0,610,,Chưa có bản dịch
bird_costume,0,610,,Chưa có bản dịch
high_heel_slides,0,610,,Chưa có bản dịch
front-tie_clothing,7,610,,Chưa có bản dịch
orange_planet_uniform,0,610,,Chưa có bản dịch
bra_down,7,610,,Chưa có bản dịch
lolita_dress,7,609,,Chưa có bản dịch
removing_shoes,0,609,taking_off_shoes,Chưa có bản dịch
miku_collar_bikini,0,608,,Chưa có bản dịch
sparkling_clothing,7,608,glittering_clothing,Chưa có bản dịch
kibina_high_school_uniform,0,607,,Chưa có bản dịch
glistening_bodysuit,7,607,"glistening_body_suit,shiny_body_suit,shiny_bodysuit",Chưa có bản dịch
ludvico_private_girls'_academy_school_uniform,0,607,,Chưa có bản dịch
loose_bikini,0,605,,Chưa có bản dịch
blue_bike_shorts,0,605,,Chưa có bản dịch
himeya_company_uniform,0,605,,Chưa có bản dịch
neck-tie_bikini,7,604,,Chưa có bản dịch
tail_growth_in_pants,7,603,,Chưa có bản dịch
cartoon_gloves,7,603,,Chưa có bản dịch
hoshinoumi_academy_school_uniform,0,602,hoshinoumi_academy_uniform,Chưa có bản dịch
damaged_clothing,7,602,,Chưa có bản dịch
putting_on_footwear,0,601,"putting_on_boots,putting_on_shoes",Chưa có bản dịch
gradient_gloves,0,601,,Chưa có bản dịch
ribbon-trimmed_gloves,0,601,,Chưa có bản dịch
o-ring_dress,0,600,,Chưa có bản dịch
raised_sweater,7,600,sweater_raised,Chưa có bản dịch
lace_stockings,7,600,,Chưa có bản dịch
highleg_dress,0,599,,Chưa có bản dịch
leopard_print_bra,0,598,,Chưa có bản dịch
floral_print_panties,0,597,,Chưa có bản dịch
dragon_costume,0,597,,Chưa có bản dịch
multicolored_bra,0,596,multi_tone_bra,Chưa có bản dịch
pattern_bra,7,596,,Chưa có bản dịch
fuuka_academy_school_uniform,0,593,fuuka_academy_uniform,Chưa có bản dịch
hakuo_school_uniform,0,591,,Chưa có bản dịch
ballet_boots,0,590,,Chưa có bản dịch
pinstripe_kimono,0,589,,Chưa có bản dịch
orange_sports_bra,0,589,,Chưa có bản dịch
floral_print_bra,0,589,,Chưa có bản dịch
revealing_outfit,7,589,,Chưa có bản dịch
green_male_underwear,0,587,green_underwear_(male),Chưa có bản dịch
tsab_air_military_uniform,0,587,,Chưa có bản dịch
side_slit_clothing,7,586,,Chưa có bản dịch
vertical-striped_gloves,0,586,,Chưa có bản dịch
oversized_sweater,0,586,baggy_sweater,Chưa có bản dịch
neck-tie_clothing,7,586,,Chưa có bản dịch
shirt_slip,0,585,,Chưa có bản dịch
childish_underwear,7,584,,Chưa có bản dịch
print_coat,0,584,,Chưa có bản dịch
robe_lift,0,583,,Chưa có bản dịch
pants_under_shorts,0,582,,Chưa có bản dịch
floral_print_sleeves,0,582,,Chưa có bản dịch
juuban_middle_school_uniform,0,582,,Chưa có bản dịch
cum_on_shirt,7,582,,Chưa có bản dịch
aurelia_academy_school_uniform,0,581,,Chưa có bản dịch
ohananomitsu_high_school_uniform,0,580,,Chưa có bản dịch
multicolored_t-shirt,7,579,,Chưa có bản dịch
metal_bikini,0,579,,Chưa có bản dịch
tan_shorts,7,579,beige_shorts,Chưa có bản dịch
mongolian_clothes,0,578,,Chưa có bản dịch
backless_pants,0,577,,Chưa có bản dịch
bikini_top_removed,7,576,,Chưa có bản dịch
hand_under_swimsuit,0,576,hand_in_swimsuit,Chưa có bản dịch
apron_hold,0,576,,Chưa có bản dịch
gingham_apron,0,575,,Chưa có bản dịch
team_magma_uniform,0,575,,Chưa có bản dịch
gradient_thighhighs,0,575,,Chưa có bản dịch
boob_armor,7,575,,Chưa có bản dịch
mma_gloves,0,574,grappling_gloves,Chưa có bản dịch
crotchless_leotard,0,574,,Chưa có bản dịch
sweater_around_neck,0,573,,Chưa có bản dịch
red_garter_straps,0,573,,Chưa có bản dịch
aztec_clothes,0,572,,Chưa có bản dịch
kimono_dress,0,572,,Chưa có bản dịch
bikini_bralette,7,571,,Chưa có bản dịch
aqua_cardigan,0,571,,Chưa có bản dịch
wizard_robe,7,571,,Chưa có bản dịch
minidress,7,570,mini_dress,Chưa có bản dịch
swimwear_down,7,570,swimsuit_down,Chưa có bản dịch
yamaku_high_school_uniform,0,570,,Chưa có bản dịch
single_wide_sleeve,0,569,,Chưa có bản dịch
bee_costume,0,569,honey_bee_girl_outfit,Chưa có bản dịch
chuo_tanegashima_high_school_uniform,0,568,,Chưa có bản dịch
shelf_bra,0,567,,Chưa có bản dịch
garter_belt_leggings,7,566,,Chưa có bản dịch
bursting_out_of_clothing,7,563,,Chưa có bản dịch
wing_cape,0,563,,Chưa có bản dịch
compression_sleeve,0,562,,Chưa có bản dịch
twitter_hoodie,7,561,,Chưa có bản dịch
checkered_vest,0,561,,Chưa có bản dịch
purple_elbow_gloves,7,561,purple_elbow_glove,Chưa có bản dịch
firefighter_jacket,0,560,fire_jacket,Chưa có bản dịch
belly_dancer_outfit,7,560,,Chưa có bản dịch
panties_in_mouth,0,559,,Chưa có bản dịch
nami_junior_high_school_uniform,0,559,,Chưa có bản dịch
gaze_on_me!_outfit_(umamusume),0,558,,Chưa có bản dịch
red_seam_underwear,7,557,,Chưa có bản dịch
pink_cloak,0,557,,Chưa có bản dịch
achiga_school_uniform,0,557,,Chưa có bản dịch
lace-trimmed_garter_belt,0,556,,Chưa có bản dịch
cum_on_footwear,7,556,,Chưa có bản dịch
sharing_clothing,7,554,shared_clothing,Chưa có bản dịch
wringing_skirt,0,554,,Chưa có bản dịch
heel_tuft,7,554,heel_tufts,Chưa có bản dịch
cat_print_panties,0,553,,Chưa có bản dịch
partially_visible_underwear,7,551,,Chưa có bản dịch
purple_t-shirt,7,551,,Chưa có bản dịch
striped_apron,0,550,,Chưa có bản dịch
akademiya_uniform,0,550,,Chưa có bản dịch
clothed_bath,0,550,"bathing_with_clothes_on,clothed_shower,showering_with_clothes_on",Chưa có bản dịch
holding_unworn_boots,0,548,,Chưa có bản dịch
soiling_underwear,7,548,,Chưa có bản dịch
tight_top,0,548,,Chưa có bản dịch
fur-trimmed_armor,0,548,,Chưa có bản dịch
laddered_pantyhose,0,548,,Chưa có bản dịch
shirt_behind_head,7,548,,Chưa có bản dịch
form_fitting,7,548,"formfitting,impossible_clothing",Chưa có bản dịch
school_swimsuit_flap,0,547,sukumizu_flap,Chưa có bản dịch
nudist_beach_uniform,0,546,,Chưa có bản dịch
two-tone_bra,0,546,,Chưa có bản dịch
denim_vest,0,546,jean_vest,Chưa có bản dịch
wet_thighhighs,0,545,,Chưa có bản dịch
frilled_boots,0,544,,Chưa có bản dịch
hand_under_skirt,0,544,,Chưa có bản dịch
flower-trimmed_shorts,0,543,,Chưa có bản dịch
tootsuki_saryou_ryouri_gakuen_uniform,0,543,,Chưa có bản dịch
u.a._gym_uniform,0,542,,Chưa có bản dịch
qifrey's_atelier_apprentice_uniform,0,542,,Chưa có bản dịch
bikini_briefs,0,542,,Chưa có bản dịch
quilted_clothes,0,540,,Chưa có bản dịch
cutoff_jeans,0,540,,Chưa có bản dịch
tying_footwear,0,540,tying_boots,Chưa có bản dịch
checkered_sleeves,0,540,,Chưa có bản dịch
alternate_footwear,0,539,,Chưa có bản dịch
waitress_uniform,7,539,,Chưa có bản dịch
panda_costume,0,538,,Chưa có bản dịch
black_bikini_bottom,7,538,,Chưa có bản dịch
star_print_panties,0,538,,Chưa có bản dịch
hebijo_academy_school_uniform,0,538,hebijo_academy_uniform,Chưa có bản dịch
sweater_tug,0,538,,Chưa có bản dịch
gradient_shirt,0,537,,Chưa có bản dịch
colored_edge_bra,7,535,,Chưa có bản dịch
leaf_bikini,0,534,leafbikini,Chưa có bản dịch
dress_only,7,534,,Chưa có bản dịch
tight_bulges,7,533,,Chưa có bản dịch
ooarai_naval_school_uniform,0,533,,Chưa có bản dịch
two_tone_thigh_socks,7,533,,Chưa có bản dịch
pajama_shirt,7,532,,Chưa có bản dịch
medieval_armor,7,532,,Chưa có bản dịch
footjob_over_clothes,0,532,,Chưa có bản dịch
latex_skirt,0,531,rubber_skirt,Chưa có bản dịch
two-sided_sleeves,0,529,,Chưa có bản dịch
unworn_kimono,0,527,kimono_removed,Chưa có bản dịch
ribbed_panties,0,526,,Chưa có bản dịch
tattoo_sleeve,0,526,,Chưa có bản dịch
down_blouse,7,526,,Chưa có bản dịch
red_sneakers,7,526,,Chưa có bản dịch
khaki_pants,7,526,,Chưa có bản dịch
print_vest,0,526,,Chưa có bản dịch
pink_t-shirt,7,525,,Chưa có bản dịch
mechanical_boots,0,525,,Chưa có bản dịch
collared_sweater,0,524,,Chưa có bản dịch
red_elbow_gloves,7,524,red_elbow_glove,Chưa có bản dịch
see-through_pants,0,523,transparent_pants,Chưa có bản dịch
reien_girl's_academy_school_uniform,0,523,reien_girl's_academy_uniform,Chưa có bản dịch
adjusting_shoe,0,523,adjusting_shoes,Chưa có bản dịch
tied_clothing,7,521,,Chưa có bản dịch
national_shin_ooshima_school_uniform,0,521,,Chưa có bản dịch
penis_under_skirt,7,520,,Chưa có bản dịch
ama_usa_an_uniform,0,520,,Chưa có bản dịch
checkered_bikini,0,520,,Chưa có bản dịch
demon_costume,0,519,,Chưa có bản dịch
autotitfuck_under_clothes,7,519,,Chưa có bản dịch
jacket_vest,7,518,"jacket-vest,jacketvest",Chưa có bản dịch
heel,7,518,,Chưa có bản dịch
paprika_private_academy_school_uniform,0,518,,Chưa có bản dịch
orange_armor,0,516,,Chưa có bản dịch
kouyouen_academy_school_uniform,0,516,kouyouen_academy_uniform,Chưa có bản dịch
kuoh_academy_school_uniform,0,514,,Chưa có bản dịch
pulling_up_pants,7,513,,Chưa có bản dịch
yellow_t-shirt,7,513,,Chưa có bản dịch
slave_leia_costume,7,513,"princess_leia_slave_costume,slave_leia",Chưa có bản dịch
piercing_through_clothes,0,513,,Chưa có bản dịch
pumpkin_costume,0,513,,Chưa có bản dịch
heattech_leotard,0,511,,Chưa có bản dịch
open-back_swimsuit,7,510,,Chưa có bản dịch
purple_slingshot_swimsuit,0,509,,Chưa có bản dịch
sleeve_belt,0,508,,Chưa có bản dịch
gingham_skirt,0,508,,Chưa có bản dịch
leg_garter,7,508,"leg_garters,thigh_garter,thigh_garters",Chưa có bản dịch
wandenreich_uniform,0,507,,Chưa có bản dịch
stained_underwear,0,506,,Chưa có bản dịch
blue_high_heels,7,505,blue_heels,Chưa có bản dịch
holding_unworn_skirt,0,505,,Chưa có bản dịch
mizuka_academy_school_uniform,0,505,,Chưa có bản dịch
inside_shoe,7,503,,Chưa có bản dịch
purple_garter_straps,0,503,,Chưa có bản dịch
shibahama_high_school_uniform,0,503,,Chưa có bản dịch
salt_middle_school_uniform,0,502,,Chưa có bản dịch
heart_pattern_underwear,7,502,,Chưa có bản dịch
tentacle_clothes,0,501,,Chưa có bản dịch
frog_costume,0,501,"frog_suit,frogsuit",Chưa có bản dịch
bikini_visible_through_clothes,0,500,,Chưa có bản dịch
pride_color_underwear,7,500,"pride_colors_underwear,pride_colour_underwear,pride_colours_underwear,pride_flag_underwear,pride_underwear",Chưa có bản dịch
oni_costume,0,500,,Chưa có bản dịch
handjob_over_clothes,0,499,,Chưa có bản dịch
tactical_gloves,0,498,,Chưa có bản dịch
raira_academy_school_uniform,0,498,raira_academy_uniform,Chưa có bản dịch
rhodes_island_uniform,0,497,,Chưa có bản dịch
latex_bra,0,497,rubber_bra,Chưa có bản dịch
blood_on_armor,0,497,,Chưa có bản dịch
high_heeled_feet,7,497,organic_high_heels,Chưa có bản dịch
multicolored_cloak,0,497,,Chưa có bản dịch
mahora_academy_middle_school_uniform,0,497,,Chưa có bản dịch
heart_apron,0,497,,Chưa có bản dịch
under_another's_clothes,0,497,,Chưa có bản dịch
lydian_academy_school_uniform,0,496,lydian_academy_uniform,Chưa có bản dịch
russian_clothes,0,496,,Chưa có bản dịch
hypnotic_clothing,7,496,,Chưa có bản dịch
torn_boots,0,495,,Chưa có bản dịch
crotchless_bikini,0,495,,Chưa có bản dịch
shoe_fetish,7,495,,Chưa có bản dịch
multicolored_one-piece_swimsuit,0,494,,Chưa có bản dịch
gym_challenge_uniform,0,494,,Chưa có bản dịch
diamond_clan_outfit,0,492,,Chưa có bản dịch
swimsuit_lift,0,490,,Chưa có bản dịch
no_detached_sleeves,0,490,,Chưa có bản dịch
socks_over_thighhighs,0,490,,Chưa có bản dịch
casual_clothing,7,489,,Chưa có bản dịch
military_pants,7,489,,Chưa có bản dịch
heel-less_heels,0,488,,Chưa có bản dịch
lowleg_pantyhose,0,486,low-rise_pantyhose,Chưa có bản dịch
shoes_on,7,485,,Chưa có bản dịch
converse_shoes,7,485,,Chưa có bản dịch
toeless_boots,7,483,fingerless_boots,Chưa có bản dịch
holding_footwear,7,483,,Chưa có bản dịch
animal_in_clothes,0,482,,Chưa có bản dịch
bikini_down,7,482,,Chưa có bản dịch
mermaid_costume,0,482,,Chưa có bản dịch
plum_blossom_garden_uniform_(blue_archive),0,481,,Chưa có bản dịch
cross-laced_sandals,0,481,,Chưa có bản dịch
translucent_bra,7,481,"see-thru_bra,see_through_bra,see_thru_bra,sheer_bra,transparent_bra",Chưa có bản dịch
sakae_general_school_uniform,0,480,,Chưa có bản dịch
ribbon-trimmed_panties,0,480,,Chưa có bản dịch
underwear_transformation,7,479,,Chưa có bản dịch
plant_clothing,0,479,,Chưa có bản dịch
satogahama_school_uniform,0,479,,Chưa có bản dịch
nontraditional_school_swimsuit,0,478,,Chưa có bản dịch
vertical-striped_sweater,0,478,,Chưa có bản dịch
wet_pants,0,477,,Chưa có bản dịch
latex_bikini,0,477,,Chưa có bản dịch
safari_jacket,0,477,,Chưa có bản dịch
heel_pop,0,476,,Chưa có bản dịch
cape_lift,0,476,,Chưa có bản dịch
slavic_clothes,0,474,slavic_clothing,Chưa có bản dịch
gradient_bikini,0,474,,Chưa có bản dịch
garter_belt_socks,7,474,"garter_belt_sock,sock_garter_belt,socks_garter_belt",Chưa có bản dịch
button_dress,0,474,,Chưa có bản dịch
socks_with_sandals,7,474,,Chưa có bản dịch
cross-laced_one-piece_swimsuit,0,474,,Chưa có bản dịch
cape_hold,0,473,,Chưa có bản dịch
off-shoulder_cardigan,0,473,,Chưa có bản dịch
backwards_virgin_killer_sweater,0,472,,Chưa có bản dịch
christmas_tree_costume,0,472,christmas_tree_(cosplay),Chưa có bản dịch
st._hermelin_school_uniform,0,471,,Chưa có bản dịch
hakusen_academy_school_uniform,0,471,,Chưa có bản dịch
o-ring_bikini_bottom,0,470,,Chưa có bản dịch
single_leg_bodysuit,0,469,,Chưa có bản dịch
minoseki_academy_school_uniform,0,469,minoseki_gakuin_uniform,Chưa có bản dịch
st._lucia_academy_school_uniform,0,469,,Chưa có bản dịch
bonyari_high_school_uniform,0,469,,Chưa có bản dịch
naval_dress_uniform,0,468,,Chưa có bản dịch
wearing_helmet,7,468,,Chưa có bản dịch
gingham_dress,0,468,,Chưa có bản dịch
male_underwear_aside,0,467,"boxers_aside,briefs_aside,underwear_aside_(male)",Chưa có bản dịch
two_tone_boots,7,467,,Chưa có bản dịch
shoe_sniffing,7,466,"boot_sniffing,sniffing_shoe,sniffing_shoes",Chưa có bản dịch
see-through_coat,0,466,"translucent_coat,transparent_coat",Chưa có bản dịch
wearing_eyewear,7,466,,Chưa có bản dịch
striped_bodysuit,0,466,,Chưa có bản dịch
tied_bikini,7,465,,Chưa có bản dịch
shinra_infantry_uniform,0,464,,Chưa có bản dịch
glowing_clothes,0,464,,Chưa có bản dịch
pants_around_legs,7,463,,Chưa có bản dịch
sweater_vest_lift,0,463,,Chưa có bản dịch
penetration_through_clothes,0,462,,Chưa có bản dịch
wearing_gloves,7,462,,Chưa có bản dịch
checkered_jacket,0,460,,Chưa có bản dịch
fur-trimmed_pants,0,460,,Chưa có bản dịch
selene_girls_school_uniform,0,460,,Chưa có bản dịch
cross-laced_leotard,0,460,,Chưa có bản dịch
bra_slip,0,459,,Chưa có bản dịch
buster_shirt_(fate),0,459,buster_shirt,Chưa có bản dịch
underwear_theft,0,458,"panty_thief,stealing_underwear,underwear_thief",Chưa có bản dịch
trapped_in_shoe,7,457,,Chưa có bản dịch
rouman_academy_school_uniform,0,456,rouman_academy_uniform,Chưa có bản dịch
raised_hoodie,7,455,hoodie_raised,Chưa có bản dịch
asymmetrical_bodysuit,0,455,,Chưa có bản dịch
mobile_armor,0,454,,Chưa có bản dịch
text_on_apron,7,454,,Chưa có bản dịch
unworn_armor,0,453,armor_removed,Chưa có bản dịch
white_sneakers,7,452,,Chưa có bản dịch
bow_apron,0,452,,Chưa có bản dịch
removing_glove,0,451,,Chưa có bản dịch
unbuttoned_jacket,0,451,,Chưa có bản dịch
monotone_pants,7,451,,Chưa có bản dịch
kazekoshi_school_uniform,0,450,,Chưa có bản dịch
glistening_gloves,7,450,,Chưa có bản dịch
devil_costume,7,450,,Chưa có bản dịch
feather-trimmed_jacket,0,449,,Chưa có bản dịch
asymmetrical_skirt,0,449,,Chưa có bản dịch
dancer_outfit,7,448,,Chưa có bản dịch
leaf_skirt,0,448,,Chưa có bản dịch
spiked_footwear,7,448,,Chưa có bản dịch
childish_panties,7,448,,Chưa có bản dịch
octavinelle_dorm_uniform,0,448,,Chưa có bản dịch
celestial_being_uniform,0,447,,Chưa có bản dịch
shoe_belt,0,447,,Chưa có bản dịch
furgonomic_pants,7,447,,Chưa có bản dịch
verone_gakuin_school_uniform,0,446,,Chưa có bản dịch
danganronpa_10th_anniversary_costume,0,446,,Chưa có bản dịch
wet_shorts,0,446,,Chưa có bản dịch
fujimi_high_school_uniform,0,444,,Chưa có bản dịch
hand_in_another's_clothes,0,444,,Chưa có bản dịch
lingerie_panties,7,443,,Chưa có bản dịch
bra_over_clothes,0,442,,Chưa có bản dịch
cowgirl_outfit,7,442,,Chưa có bản dịch
penis_through_underwear,7,442,,Chưa có bản dịch
dress_pants,7,441,,Chưa có bản dịch
glistening_underwear,7,440,"glistening_under_wear,shiny_under_wear,shiny_underwear",Chưa có bản dịch
adhesive_bra,0,440,stick-on_bra,Chưa có bản dịch
cheeky_panties,7,439,,Chưa có bản dịch
oogai_daiichi_middle_school_uniform,0,439,,Chưa có bản dịch
army_uniform,7,438,,Chưa có bản dịch
silver_armor,0,437,,Chưa có bản dịch
checkered_sweater_vest,0,437,,Chưa có bản dịch
homeworld_gem_uniform,0,437,,Chưa có bản dịch
life_vest,0,436,,Chưa có bản dịch
orange_sweater_vest,0,436,,Chưa có bản dịch
print_male_underwear,0,436,print_underwear_(male),Chưa có bản dịch
feather_coat,0,435,,Chưa có bản dịch
reo_meatwagon_emt_jacket_(cyberpunk),0,435,,Chưa có bản dịch
living_doll_uniform,0,435,,Chưa có bản dịch
baggy_shorts,0,434,,Chưa có bản dịch
shirt_rolled_up,0,434,,Chưa có bản dịch
clawed_gloves,0,434,,Chưa có bản dịch
argyle_shirt,0,433,,Chưa có bản dịch
choir_outfit_(utdr),0,433,,Chưa có bản dịch
rabbit_print_panties,0,432,bunny_panties,Chưa có bản dịch
pattern_t-shirt,7,431,,Chưa có bản dịch
open_toe_heels,7,431,,Chưa có bản dịch
tsab_executive_military_uniform,0,431,,Chưa có bản dịch
coat_rack,0,431,"hat_rack,hat_stand",Chưa có bản dịch
male_wearing_strapon,7,430,,Chưa có bản dịch
utnapishtim_operator_uniform_(blue_archive),0,430,ark_uniform_(blue_archive),Chưa có bản dịch
pantyhose_around_one_leg,0,430,,Chưa có bản dịch
tuxedo_shirt,0,429,,Chưa có bản dịch
sneakers_only,7,429,,Chưa có bản dịch
zipper_footwear,0,428,,Chưa có bản dịch
hand_under_clothing,7,427,hand_in_clothing,Chưa có bản dịch
white_with_red_hearts_underwear,7,427,,Chưa có bản dịch
two_tone_shorts,7,426,,Chưa có bản dịch
under_clothes,7,426,,Chưa có bản dịch
digitigrade_footwear,7,425,,Chưa có bản dịch
tsukumihara_academy_uniform_(fate/extra),0,425,tsukimihara_academy_uniform_(fate/extra),Chưa có bản dịch
downpants,0,425,down_pants,Chưa có bản dịch
head_under_skirt,0,424,head_up_skirt,Chưa có bản dịch
removing_pants,0,424,taking_off_pants,Chưa có bản dịch
alternate_sleeve_length,0,423,,Chưa có bản dịch
polished_shoes,0,423,,Chưa có bản dịch
logo_on_clothing,7,422,,Chưa có bản dịch
rocket_boots,0,421,,Chưa có bản dịch
brown_fingerless_gloves,7,420,,Chưa có bản dịch
pirate_outfit,7,420,,Chưa có bản dịch
hoop_skirt,0,420,,Chưa có bản dịch
tight_belly,7,420,,Chưa có bản dịch
holding_pants,0,420,,Chưa có bản dịch
zaft_uniform,0,418,,Chưa có bản dịch
inmates_clothing,7,418,,Chưa có bản dịch
diagonal-striped_shirt,0,417,,Chưa có bản dịch
lace_garter_belt,0,417,,Chưa có bản dịch
maid_leotard,0,417,,Chưa có bản dịch
erection_under_shirt,0,416,,Chưa có bản dịch
kunugigaoka_middle_school_uniform,0,416,,Chưa có bản dịch
teal_shirt,7,415,,Chưa có bản dịch
see-through_cape,0,415,,Chưa có bản dịch
inside_underwear,7,415,,Chưa có bản dịch
tying_apron,0,415,,Chưa có bản dịch
integrity_knight_armor,0,415,,Chưa có bản dịch
puffy_dress,0,414,,Chưa có bản dịch
two_tone_jacket,7,414,,Chưa có bản dịch
shirt_logo,7,414,,Chưa có bản dịch
aoshidan_school_uniform,0,414,,Chưa có bản dịch
clothes_shop,0,414,,Chưa có bản dịch
presenting_bra,0,414,,Chưa có bản dịch
silver_shoes,0,414,,Giày màu bạc
gokugetsu_gakuen_school_uniform,0,414,"gokugetsu_academy_school_uniform,gokugetsu_academy_uniform",Chưa có bản dịch
asagami_private_girls_acadamy_uniform,0,413,,Chưa có bản dịch
pants_around_thighs,0,413,,Chưa có bản dịch
taut_skirt,0,413,,Chưa có bản dịch
shiraitodai_school_uniform,0,412,,Chưa có bản dịch
jacket_tug,0,412,,Chưa có bản dịch
purple_garter_belt,0,411,,Chưa có bản dịch
fox_costume,0,411,fox_suit,Chưa có bản dịch
naked_lab_coat,0,411,naked_labcoat,Chưa có bản dịch
pattern_shorts,7,411,,Chưa có bản dịch
biting_shirt,7,411,,Chưa có bản dịch
footjob_with_shoes,0,411,,Chưa có bản dịch
orange_t-shirt,7,410,,Chưa có bản dịch
leather_shorts,0,410,,Chưa có bản dịch
penis_under_another's_clothing,7,410,,Chưa có bản dịch
cow_print_elbow_gloves,7,410,,Chưa có bản dịch
unofficial_precure_costume,0,410,,Chưa có bản dịch
naked_boots,0,410,,Chưa có bản dịch
biting_clothing,7,410,,Chưa có bản dịch
gerudo_outfit,7,409,,Chưa có bản dịch
orange_robe,0,409,,Chưa có bản dịch
argyle_footwear,0,409,argyll_footwear,Chưa có bản dịch
paizuri_over_clothes,0,409,,Chưa có bản dịch
flamenco_dress,0,408,,Chưa có bản dịch
sock_in_mouth,0,408,,Chưa có bản dịch
mismatched_underwear,0,407,,Chưa có bản dịch
asymmetrical_shirt,0,407,,Chưa có bản dịch
purple_high_heels,7,407,purple_heels,Chưa có bản dịch
studded_jacket,0,406,,Chưa có bản dịch
panty_tag,0,406,,Chưa có bản dịch
clothes_on_bed,0,405,,Chưa có bản dịch
forbidden_pants,0,405,,Chưa có bản dịch
erection_under_underwear,7,405,,Chưa có bản dịch
one_sock,7,404,,Chưa có bản dịch
costume_chart,0,404,,Chưa có bản dịch
multi-strapped_bra,0,403,,Chưa có bản dịch
latex_shirt,0,403,rubber_shirt,Chưa có bản dịch
embroidered_panties,0,402,,Chưa có bản dịch
sandals_only,7,402,,Chưa có bản dịch
under_skirt,0,402,,Chưa có bản dịch
kessoku_band_t-shirt,0,402,,Chưa có bản dịch
aria_gakuen_school_uniform,0,401,,Chưa có bản dịch
naked_cardigan,0,401,,Chưa có bản dịch
toeless_socks_(marking),7,401,"toeless_sock_(marking),toeless_sock_(markings),toeless_sock_marking,toeless_sock_markings,toeless_socks_(markings),toeless_socks_marking,toeless_socks_markings",Chưa có bản dịch
indonesian_high_school_uniform,0,400,,Chưa có bản dịch
clothing_down,7,399,,Chưa có bản dịch
satin_bra,0,399,,Chưa có bản dịch
knights_of_the_round_uniform,0,399,,Chưa có bản dịch
kimono_partially_removed,0,398,,Chưa có bản dịch
raizen_high_school_uniform,0,398,,Chưa có bản dịch
puffy_coat,0,397,,Chưa có bản dịch
pink_thigh_socks,7,397,,Chưa có bản dịch
fancy_clothing,7,397,,Chưa có bản dịch
black_sneakers,7,396,,Chưa có bản dịch
argyle_skirt,0,396,,Chưa có bản dịch
hino_minami_high_school_uniform,0,396,,Chưa có bản dịch
cardigan_lift,0,395,,Chưa có bản dịch
burping_up_clothing,7,395,burping_up_clothes,Chưa có bản dịch
red_garter_belt,0,395,,Chưa có bản dịch
tedeza_rize's_school_uniform,0,395,,Chưa có bản dịch
condom_skirt,7,394,,Chưa có bản dịch
sideless_leotard,0,394,,Chưa có bản dịch
suspender_pants,0,393,,Chưa có bản dịch
karasuno_volleyball_uniform,0,392,,Chưa có bản dịch
knit_sweater,0,392,,Chưa có bản dịch
tan_sweater,7,392,,Chưa có bản dịch
gold_panties,0,391,,Quần lót vàng kim
fur_gloves,0,391,,Chưa có bản dịch
ribbon-trimmed_kimono,0,391,,Chưa có bản dịch
detached_cape,0,391,,Chưa có bản dịch
up_sleeve,0,391,,Chưa có bản dịch
low_block_heels,0,391,,Chưa có bản dịch
bikini_over_clothes,0,390,,Chưa có bản dịch
gold_slingshot_swimsuit,0,390,,Chưa có bản dịch
blue_dress_shirt,7,390,,Chưa có bản dịch
multicolored_elbow_gloves,7,389,multi_tone_elbow_gloves,Chưa có bản dịch
unworn_sweater,0,389,sweater_removed,Chưa có bản dịch
seven_sisters_high_school_uniform,0,389,,Chưa có bản dịch
ufo_skirt,0,388,,Chưa có bản dịch
blood_on_dress,0,388,bloody_dress,Chưa có bản dịch
leaf_dress,0,387,,Chưa có bản dịch
see-through_footwear,0,387,transparent_footwear,Chưa có bản dịch
tune_squad_outfit_(1996),7,387,,Chưa có bản dịch
tiger_print_bikini,0,387,"tiger_bikini,tiger_striped_bikini",Chưa có bản dịch
kamura_armor,7,387,,Chưa có bản dịch
pointe_shoes,7,386,"ballet_flat,ballet_flats,ballet_shoe,ballet_shoes,ballet_slipper,pointe_shoe",Chưa có bản dịch
lace_dress,0,386,,Chưa có bản dịch
hanzou_academy_school_uniform,0,386,hanzou_academy_uniform,Chưa có bản dịch
shirt_on_shoulders,0,385,,Chưa có bản dịch
impossible_jacket,0,385,,Chưa có bản dịch
fishnet_underwear,7,385,mesh_underwear,Chưa có bản dịch
sweater_under_shirt,0,384,,Chưa có bản dịch
tugging_clothing,7,384,,Chưa có bản dịch
torn_robe,0,383,ripped_robe,Chưa có bản dịch
pleated_pants,0,383,,Chưa có bản dịch
skirt_rolled_up,0,383,rolled_up_skirt,Chưa có bản dịch
rokubanchou_school_uniform,0,382,,Chưa có bản dịch
tabi_socks,7,382,,Chưa có bản dịch
living_underwear,7,382,,Chưa có bản dịch
two_tone_panties,7,382,,Chưa có bản dịch
sanshuu_middle_school_uniform,0,381,,Chưa có bản dịch
flashing_panties,7,381,,Chưa có bản dịch
hobble_dress,0,381,,Chưa có bản dịch
cum_on_panties,7,381,,Chưa có bản dịch
safety_vest,7,380,,Chưa có bản dịch
drawstring_hoodie,7,380,,Chưa có bản dịch
orange_cloak,0,379,,Chưa có bản dịch
mule_heels,7,379,,Chưa có bản dịch
red_bikini_top,7,379,,Chưa có bản dịch
wet_male_underwear,0,378,wet_underwear_(male),Chưa có bản dịch
bandeau_bikini,7,378,,Chưa có bản dịch
bodysuit_pull,0,378,,Chưa có bản dịch
dirty_underwear,7,377,,Chưa có bản dịch
tune_squad_outfit_(2021),7,377,,Chưa có bản dịch
shoe_loss,0,376,,Chưa có bản dịch
gradient_pants,0,375,,Chưa có bản dịch
breastless_leotard,0,374,,Chưa có bản dịch
striped_cardigan,0,374,,Chưa có bản dịch
polka_dot_shorts,0,374,,Chưa có bản dịch
ribbon-trimmed_apron,0,373,,Chưa có bản dịch
kimono_on_shoulders,0,373,,Chưa có bản dịch
snow_boots,0,372,,Chưa có bản dịch
pink_elbow_gloves,7,372,pink_elbow_glove,Chưa có bản dịch
st._michael's_school_uniform,0,371,,Chưa có bản dịch
lace_shirt,0,371,,Chưa có bản dịch
hakuryou_high_school_uniform,0,370,,Chưa có bản dịch
yellow_male_underwear,0,370,yellow_underwear_(male),Chưa có bản dịch
abydos_high_school_swimsuit,0,370,,Chưa có bản dịch
used_condom_in_clothes,0,369,,Chưa có bản dịch
footprint_in_shoe,7,368,,Chưa có bản dịch
panty_tug,0,368,,Chưa có bản dịch
gradient_pantyhose,0,367,,Chưa có bản dịch
misaki_municipal_high_school_uniform,0,367,,Chưa có bản dịch
brown_sports_bra,0,367,,Chưa có bản dịch
two_tone_t-shirt,7,366,,Chưa có bản dịch
nightshirt,0,366,night_shirt,Chưa có bản dịch
cum_in_footwear,0,366,,Chưa có bản dịch
kikka_academy_school_uniform,0,366,,Chưa có bản dịch
underwear_on_face,7,365,,Chưa có bản dịch
discarded_panties,7,365,,Chưa có bản dịch
myoudou_gakuen_middle_school_uniform,0,364,,Chưa có bản dịch
minegahara_high_school_uniform,0,364,,Chưa có bản dịch
baseball_glove,7,364,,Chưa có bản dịch
l'ecole_des_cinq_lumieres_school_uniform,0,363,,Chưa có bản dịch
burning_clothes,0,363,,Chưa có bản dịch
monotone_gloves,7,363,,Chưa có bản dịch
cover_bikini_girl_(gta_vi)_(pose),0,362,,Chưa có bản dịch
skimpy_underwear,7,362,,Chưa có bản dịch
thigh_stockings,7,362,,Chưa có bản dịch
two_tone_pants,7,361,,Chưa có bản dịch
shirt_tan,0,361,,Chưa có bản dịch
rugby_uniform,0,361,,Chưa có bản dịch
work_gloves,0,361,,Chưa có bản dịch
chi-hatan_school_uniform,0,361,,Chưa có bản dịch
glowing_clothing,7,360,,Chưa có bản dịch
skeletal_clothes,0,359,,Chưa có bản dịch
discarded_footwear,7,358,shoes_off,Chưa có bản dịch
ragged_clothing,7,358,,Chưa có bản dịch
seiyo_academy_school_uniform,0,358,seiyo_academy_uniform,Chưa có bản dịch
tube_socks,0,358,,Chưa có bản dịch
blue_bikini_top,7,358,,Chưa có bản dịch
hoof_shoes,0,357,,Chưa có bản dịch
shirt_behind_neck,0,357,shirt_around_neck,Chưa có bản dịch
ginkgo_guild_uniform,0,356,,Chưa có bản dịch
food_as_clothes,0,356,,Chưa có bản dịch
condom_wrapper_in_clothes,0,355,condom_in_clothes,Chưa có bản dịch
removing_sock,0,354,,Chưa có bản dịch
lace-trimmed_kimono,0,354,,Chưa có bản dịch
balls_in_panties,7,354,,Chưa có bản dịch
crotchless_swimsuit,0,354,,Chưa có bản dịch
asymmetrical_clothing,7,353,,Chưa có bản dịch
kasamatsu_tracen_training_uniform,0,353,,Chưa có bản dịch
striped_t-shirt,7,353,,Chưa có bản dịch
socks_removed,7,353,,Chưa có bản dịch
living_armor,0,353,,Chưa có bản dịch
thigh_armor,0,353,,Chưa có bản dịch
sideless_clothing,7,352,,Chưa có bản dịch
artist_glove,0,352,,Chưa có bản dịch
armored_shoes,0,352,,Chưa có bản dịch
sock_sniffing,7,351,"sniffing_sock,sniffing_socks",Chưa có bản dịch
asymmetrical_shorts,0,350,,Chưa có bản dịch
sideless_swimsuit,0,349,,Chưa có bản dịch
toeless_heels,7,349,,Chưa có bản dịch
pants_lift,0,349,,Chưa có bản dịch
latex_shorts,0,349,rubber_shorts,Chưa có bản dịch
pattern_elbow_gloves,7,349,,Chưa có bản dịch
shoe_burst,7,349,,Chưa có bản dịch
coat_only,7,348,,Chưa có bản dịch
chicken_costume,0,348,chicken_suit,Chưa có bản dịch
pink_slingshot_swimsuit,0,347,,Chưa có bản dịch
lace-trimmed_socks,0,347,,Chưa có bản dịch
paw_socks,0,347,,Chưa có bản dịch
jacket_grab,0,345,,Chưa có bản dịch
wonderbolts_uniform,7,345,,Chưa có bản dịch
footjob_with_boots,0,345,,Chưa có bản dịch
clothed_male_underwear_female,0,345,,Chưa có bản dịch
jeans_down,7,345,,Chưa có bản dịch
akiha_school_uniform,0,344,,Chưa có bản dịch
shoulderless_sweater,7,344,,Chưa có bản dịch
blue_garter_straps,0,344,,Chưa có bản dịch
playboy_bunny_swimsuit,0,344,,Chưa có bản dịch
torn_hoodie,0,344,ripped_hoodie,Chưa có bản dịch
atlas_academy_uniform,0,343,atlas_academy_school_uniform,Chưa có bản dịch
drying_clothes,0,343,,Chưa có bản dịch
black_seam_underwear,7,343,,Chưa có bản dịch
zootopia_shorts,7,342,,Chưa có bản dịch
shirt_hold,0,342,,Chưa có bản dịch
satin_bikini,0,342,,Chưa có bản dịch
fur_skirt,0,341,,Chưa có bản dịch
grey_stockings,7,341,gray_stockings,Bít tất xám
glistening_pants,7,341,shiny_pants,Chưa có bản dịch
coat_lift,0,340,,Chưa có bản dịch
riding_outfit,0,340,equestrian_outfit,Chưa có bản dịch
panties_under_bike_shorts,0,340,,Chưa có bản dịch
translucent_skirt,7,340,"see-thru_skirt,see_through_skirt,see_thru_skirt,transparent_skirt",Chưa có bản dịch
orange_sandals,0,340,,Chưa có bản dịch
transforming_clothes,0,339,,Chưa có bản dịch
heart_pattern_panties,7,339,,Chưa có bản dịch
blue_elbow_gloves,7,339,blue_elbow_glove,Chưa có bản dịch
nontraditional_wedding_dress,0,339,,Chưa có bản dịch
your_bra_strap_is_showing_(meme),0,338,,Chưa có bản dịch
pinstripe_thighhighs,0,338,,Chưa có bản dịch
sleeve_slit,0,338,,Chưa có bản dịch
dress_of_heaven,0,338,,Chưa có bản dịch
aogami_high_school_uniform,0,337,,Chưa có bản dịch
kafra_uniform,0,337,,Chưa có bản dịch
fuck-me_shirt,0,337,,Chưa có bản dịch
pink_garter_straps,0,337,,Chưa có bản dịch
basketball_shorts,0,337,,Chưa có bản dịch
knight_armor,7,336,,Chưa có bản dịch
naked_gloves,0,335,,Chưa có bản dịch
pride_color_shirt,7,334,"pride_colored_shirt,pride_colors_shirt,pride_colour_shirt,pride_coloured_shirt,pride_colours_shirt,pride_shirt",Chưa có bản dịch
tomoeda_middle_school_uniform,0,334,,Chưa có bản dịch
sock_dangle,0,334,,Chưa có bản dịch
hooded_kimono,0,334,,Chưa có bản dịch
studded_garter_belt,0,333,,Chưa có bản dịch
shoelaces_untied,7,333,"bootlaces_untied,boots_untied,laces_untied,shoes_untied,untied_boots,untied_shoes",Chưa có bản dịch
argyle_sleeves,0,333,,Chưa có bản dịch
frilled_pants,0,333,,Chưa có bản dịch
dress_under_shirt,0,332,shirt_over_dress,Chưa có bản dịch
pajamas_challenge_(meme),0,332,t-shirt_challenge,Chưa có bản dịch
gradient_boots,0,332,,Chưa có bản dịch
panties_day,0,332,pantsu_no_hi,Chưa có bản dịch
cum_on_gloves,0,331,,Chưa có bản dịch
striped_elbow_gloves,7,331,,Chưa có bản dịch
fur-trimmed_sweater,0,331,,Chưa có bản dịch
barber_cape,0,331,,Chưa có bản dịch
print_slingshot_swimsuit,0,331,,Chưa có bản dịch
white_lab_coat,7,330,,Chưa có bản dịch
dress_over_shirt,0,330,,Chưa có bản dịch
green_stockings,7,329,,Bít tất xanh lá
lcb_uniform_(project_moon),0,329,,Chưa có bản dịch
unworn_vest,0,328,vest_removed,Chưa có bản dịch
multicolored_vest,0,328,multi_tone_vest,Chưa có bản dịch
tail_armor,0,328,,Chưa có bản dịch
clown_costume,7,328,,Chưa có bản dịch
pp_tenshi_t-shirt,0,328,,Chưa có bản dịch
glowing_armor,0,327,,Chưa có bản dịch
blood_on_shoes,0,327,,Chưa có bản dịch
highleg_swimwear,7,327,highleg_swimsuit,Chưa có bản dịch
panty_gag,0,326,"panty_gagged,pantygag",Chưa có bản dịch
polka_dot_one-piece_swimsuit,0,326,,Chưa có bản dịch
trapped_in_underwear,7,325,trapped_in_panties,Chưa có bản dịch
holding_armor,7,325,,Chưa có bản dịch
sex_through_clothing,7,325,,Chưa có bản dịch
pretzel_bikini,0,325,,Chưa có bản dịch
hand_bikini,7,324,,Chưa có bản dịch
metal_bra,0,323,,Chưa có bản dịch
flower_panties,0,322,,Chưa có bản dịch
oversized_hoodie,7,322,baggy_hoodie,Chưa có bản dịch
hand_under_shorts,0,322,,Chưa có bản dịch
nippleless_clothing,7,322,,Chưa có bản dịch
bow_dress,7,321,,Chưa có bản dịch
yomiyama_north_junior_high_school_uniform,0,321,,Chưa có bản dịch
black_santa_costume,0,320,,Chưa có bản dịch
mihama_junior_high_school_uniform,0,320,,Chưa có bản dịch
two-sided_hoodie,0,320,,Chưa có bản dịch
numbers'_uniform,0,320,,Chưa có bản dịch
fur-trimmed_bodysuit,0,319,,Chưa có bản dịch
pilot_uniform,0,319,,Chưa có bản dịch
unofficial_sailor_senshi_uniform,0,319,sailor_senshi_costume,Chưa có bản dịch
frilled_dress_collar,0,318,,Chưa có bản dịch
sao_survivor_school_uniform,0,318,,Chưa có bản dịch
taut_sweater,0,318,,Chưa có bản dịch
dress_vest,0,317,,Chưa có bản dịch
cursed_clothing,7,317,,Chưa có bản dịch
strapless_swimwear,7,317,"strapless_swim_suit,strapless_swim_wear,strapless_swimsuit",Chưa có bản dịch
skeleton_costume,0,316,,Chưa có bản dịch
multicolored_robe,0,316,,Chưa có bản dịch
see-through_slingshot_swimsuit,0,316,,Chưa có bản dịch
sailor_one-piece_swimsuit,0,316,,Chưa có bản dịch
adjusting_clothing,7,316,,Chưa có bản dịch
polka_dot_underwear,0,316,,Chưa có bản dịch
long_boots,7,315,,Bốt dài
apron_tug,0,315,,Chưa có bản dịch
gingham_shirt,0,314,,Chưa có bản dịch
saikai_academy_school_uniform,0,314,saikai_academy_uniform,Chưa có bản dịch
single_loose_sock,0,313,,Chưa có bản dịch
small_clothing,7,313,,Chưa có bản dịch
burnt_clothing,7,313,,Chưa có bản dịch
ouran_high_school_uniform,0,313,,Chưa có bản dịch
smelly_socks,7,313,,Chưa có bản dịch
finger_under_clothes,0,313,,Chưa có bản dịch
bridgeless_bra,0,312,,Chưa có bản dịch
team_galactic_uniform,0,312,,Chưa có bản dịch
mermaid_dress,0,312,,Chưa có bản dịch
boots_removed,7,311,,Chưa có bản dịch
sakakino_academy_school_uniform,0,311,,Chưa có bản dịch
samba_costume,0,311,,Chưa có bản dịch
checkered_thighhighs,0,311,,Chưa có bản dịch
wrestling_clothing,7,310,wrestling_clothes,Chưa có bản dịch
lamellar_armor,0,310,,Chưa có bản dịch
limbus_kindergarten_uniform,0,309,,Chưa có bản dịch
bra_through_clothing,7,309,,Chưa có bản dịch
loose_pants,0,309,,Chưa có bản dịch
turtleneck_one-piece_swimsuit,0,309,,Chưa có bản dịch
leather_underwear,7,308,,Chưa có bản dịch
print_shoes,0,308,,Chưa có bản dịch
gradient_cape,0,308,,Chưa có bản dịch
gloves_over_elbow_gloves,0,307,,Chưa có bản dịch
frilled_cape,0,307,,Chưa có bản dịch
unzipped_jacket,7,306,,Chưa có bản dịch
spread_anus_under_clothes,0,305,,Chưa có bản dịch
monotone_panties,7,305,,Chưa có bản dịch
fur-trimmed_bra,0,305,,Chưa có bản dịch
text_on_shorts,7,305,,Chưa có bản dịch
paw_sleeves,0,305,,Chưa có bản dịch
mechanical_gloves,0,305,,Chưa có bản dịch
bra_aside,0,305,,Chưa có bản dịch
chef_uniform,7,305,,Chưa có bản dịch
tight_skirt,7,304,,Chưa có bản dịch
double_bikini,0,303,,Chưa có bản dịch
swimsuit_tug,0,303,,Chưa có bản dịch
costume_transformation,7,302,,Chưa có bản dịch
u.a._cheerleader_uniform,0,302,,Chưa có bản dịch
floating_armor,0,302,,Chưa có bản dịch
aqua_apron,0,301,,Chưa có bản dịch
tight_swimwear,7,301,,Chưa có bản dịch
cinq_association_east_uniform,0,301,"cinq_east_(identity)_(project_moon),eastern_cinq_association_(identity)_(project_moon)",Chưa có bản dịch
ballet_dress,0,301,,Chưa có bản dịch
mihama_private_academy_school_uniform,0,301,,Chưa có bản dịch
striped_cape,0,301,,Chưa có bản dịch
two_tone_hoodie,7,301,,Chưa có bản dịch
mizuna_girls'_academy_school_uniform,0,300,,Chưa có bản dịch
argyle_sweater_vest,0,300,,Chưa có bản dịch
bow_swimsuit,0,300,,Chưa có bản dịch
chronopattern_dress,0,300,,Chưa có bản dịch
polka_dot_apron,0,300,,Chưa có bản dịch
o-ring_bikini_top,7,300,,Chưa có bản dịch
tied_sweater,0,300,,Chưa có bản dịch
florida_bikini,0,299,,Chưa có bản dịch
embroidered_dress,0,299,,Chưa có bản dịch
first_high_school_uniform,0,299,,Chưa có bản dịch
monotone_socks,7,298,"mono-tone_sock,mono-tone_socks,mono_tone_sock,mono_tone_socks,monotone_sock",Chưa có bản dịch
strapless_bodysuit,0,298,,Chưa có bản dịch
rococo_clothing,7,298,,Chưa có bản dịch
layered_shorts,0,297,,Chưa có bản dịch
mizukawa_school_uniform,0,297,,Chưa có bản dịch
putting_on_clothes,7,296,,Chưa có bản dịch
clothing_in_mouth,7,296,,Chưa có bản dịch
starfish_bra,7,296,,Chưa có bản dịch
diaper_under_skirt,7,296,,Chưa có bản dịch
head_under_another's_clothes,0,296,,Chưa có bản dịch
smelling_underwear,0,296,panty_sniffing,Chưa có bản dịch
transformative_clothing,7,295,,Chưa có bản dịch
clitoral_stimulation_through_clothes,0,295,clitoral_stimulation_through_clothing,Chưa có bản dịch
tan_footwear,7,295,beige_footwear,Chưa có bản dịch
suggestive_shirt,7,295,,Chưa có bản dịch
panties_removed,7,294,,Chưa có bản dịch
fishnet_bra,0,294,mesh_bra,Chưa có bản dịch
dream_c_club_uniform,0,294,,Chưa có bản dịch
panty_mask,0,294,,Chưa có bản dịch
short_sleeved_shirt,7,293,,Chưa có bản dịch
futuristic_armor,7,292,,Chưa có bản dịch
flapper_shirt,0,292,,Chưa có bản dịch
exposed_panties,7,292,,Chưa có bản dịch
penis_under_shirt,7,292,,Chưa có bản dịch
ribbed_vest,0,292,,Chưa có bản dịch
coconut_bra,0,292,,Chưa có bản dịch
nakabayashi_yoshitaka's_maid_uniform,0,292,,Chưa có bản dịch
natural_armor,7,291,,Chưa có bản dịch
ooarai_volleyball_uniform,0,291,,Chưa có bản dịch
naked_costume,0,291,,Chưa có bản dịch
lion_costume,0,291,,Chưa có bản dịch
ranoa_magic_academy_school_uniform,0,291,,Chưa có bản dịch
misato_west_high_school_uniform,0,291,,Chưa có bản dịch
brown_one-piece_swimsuit,0,290,brown_swimsuit,Chưa có bản dịch
hololive_summer_2022_swimsuit,0,290,,Chưa có bản dịch
berserker_armor,0,290,,Chưa có bản dịch
goth_boots,7,290,,Chưa có bản dịch
pattern_vest,7,290,,Chưa có bản dịch
tokiwadai_school_swimsuit,0,290,,Chưa có bản dịch
boot_on_balls,7,290,,Chưa có bản dịch
two-tone_robe,0,289,,Chưa có bản dịch
tight_balls,7,289,,Chưa có bản dịch
skirt_around_ankles,0,289,,Chưa có bản dịch
cross-laced_gloves,0,288,,Chưa có bản dịch
cross-laced_jacket,0,288,,Chưa có bản dịch
cumdrip_onto_panties,0,288,,Chưa có bản dịch
two_tone_stockings,7,287,,Chưa có bản dịch
cross-laced_pants,0,287,,Chưa có bản dịch
dress_ruff,0,287,,Chưa có bản dịch
no_cardigan,0,287,,Chưa có bản dịch
laced_boots,7,286,,Chưa có bản dịch
tsuruga_school_uniform,0,285,,Chưa có bản dịch
glistening_dress,7,285,shiny_dress,Chưa có bản dịch
teitan_high_school_uniform,0,285,,Chưa có bản dịch
monotone_shorts,7,285,"mono-tone_shorts,mono_tone_shorts",Chưa có bản dịch
wearing_chastity_belt,7,285,,Chưa có bản dịch
spiked_cape,0,284,,Chưa có bản dịch
winter_gloves,0,284,,Chưa có bản dịch
flower_bikini,0,284,,Chưa có bản dịch
tight_panties,7,284,,Chưa có bản dịch
bikini_bottom_around_leg,0,284,,Chưa có bản dịch
cow_print_leotard,0,284,,Chưa có bản dịch
sleeve_tied_shut,0,284,,Chưa có bản dịch
tentacle_under_clothing,7,284,,Chưa có bản dịch
torn_fishnet_clothing,7,284,"ripped_fishnet,ripped_fishnet_clothing,ripped_fishnets,ripped_fishnets_clothing,ripped_mesh,ripped_mesh_clothing,torn_fishnet,torn_fishnets,torn_fishnets_clothing,torn_mesh,torn_mesh_clothing",Chưa có bản dịch
diagonal-striped_skirt,0,283,,Chưa có bản dịch
rainbow_skirt,0,283,,Chưa có bản dịch
paws_in_socks,7,283,,Chưa có bản dịch
striped_sports_bra,0,283,,Chưa có bản dịch
underwear_in_mouth,7,282,,Chưa có bản dịch
floral_clothing,7,282,,Chưa có bản dịch
money_in_underwear,7,282,,Chưa có bản dịch
cum_in_partner's_clothing,7,282,,Chưa có bản dịch
riding_boots,0,281,,Chưa có bản dịch
visible_underwear,7,281,,Chưa có bản dịch
fumizuki_academy_school_uniform,0,280,fumizuki_academy_uniform,Chưa có bản dịch
unworn_cardigan,0,280,cardigan_removed,Chưa có bản dịch
checkered_pants,0,280,,Chưa có bản dịch
bra_on_head,0,280,,Chưa có bản dịch
swimsuit_theft,0,280,"stealing_swimsuit,swimsuit_thief",Chưa có bản dịch
dress_flip,0,280,,Chưa có bản dịch
thors_military_academy_class_vii_uniform,0,280,,Chưa có bản dịch
nippon_kyuuyaku_uniform,0,280,,Chưa có bản dịch
flower-trimmed_skirt,0,279,,Chưa có bản dịch
checkered_apron,0,279,,Chưa có bản dịch
orange_male_underwear,0,279,orange_underwear_(male),Chưa có bản dịch
two_tone_bikini,7,279,,Chưa có bản dịch
tribal_outfit,7,279,,Chưa có bản dịch
anti-demon_corps_uniform,0,279,,Chưa có bản dịch
skirt_only,7,278,,Chưa có bản dịch
kirishima_uniform,0,277,,Chưa có bản dịch
sling_bra,7,277,wrap_bra,Chưa có bản dịch
toe_socks,0,277,toesocks,Chưa có bản dịch
dissolving_clothing,7,276,,Chưa có bản dịch
st._miator_school_uniform,0,276,,Chưa có bản dịch
honnoji_academy_school_uniform,0,276,honnoji_academy_uniform,Chưa có bản dịch
floral_print_jacket,0,276,,Chưa có bản dịch
painted_clothing,7,275,,Chưa có bản dịch
translucent_footwear,7,275,"see-thru_footwear,see_through_footwear,see_thru_footwear,sheer_footwear,transparent_footwear",Chưa có bản dịch
lace_socks,0,274,,Chưa có bản dịch
steel-toe_boots,0,274,,Chưa có bản dịch
naked_armor,0,274,,Chưa có bản dịch
rainbow_footwear,7,274,,Chưa có bản dịch
argentinian_national_soccer_team_uniform,0,273,,Chưa có bản dịch
buruma_under_skirt,0,273,,Chưa có bản dịch
holding_sock,0,273,,Chưa có bản dịch
japanese_national_soccer_team_uniform,0,272,,Chưa có bản dịch
mandalorian_armor,0,272,,Chưa có bản dịch
monotone_swimwear,7,272,"mono-tone_swim_suit,mono-tone_swim_wear,mono-tone_swimsuit,mono-tone_swimwear,mono_tone_swim_suit,mono_tone_swim_wear,mono_tone_swimsuit,mono_tone_swimwear,monotone_swim_suit,monotone_swim_wear,monotone_swimsuit",Chưa có bản dịch
black_gothic_dress_(idolmaster),0,271,,Chưa có bản dịch
clothes_gag,0,271,clothes_gagged,Chưa có bản dịch
leather_bikini,0,271,,Chưa có bản dịch
patched_clothing,7,270,,Chưa có bản dịch
wet_jacket,0,270,,Chưa có bản dịch
pulling_down_pants,7,269,,Chưa có bản dịch
raised_underwear,7,269,underwear_raised,Chưa có bản dịch
clawed_boots,0,269,,Chưa có bản dịch
vertical-striped_apron,0,269,,Chưa có bản dịch
savanaclaw_dorm_uniform,0,269,,Chưa có bản dịch
looking_at_panties,0,268,,Chưa có bản dịch
kasamatsu_tracen_school_uniform,0,268,,Chưa có bản dịch
ribbed_swimsuit,0,267,,Chưa có bản dịch
bikini_bottom_lift,0,267,,Chưa có bản dịch
frilly_swimwear,7,267,frilled_swimsuit,Chưa có bản dịch
st._feles_gakuen_uniform,0,267,,Chưa có bản dịch
cow_print_panties,0,267,,Chưa có bản dịch
tribadism_through_clothes,0,267,,Chưa có bản dịch
sanbaka_anniversary_outfit,0,267,,Chưa có bản dịch
tan_skirt,7,267,beige_skirt,Chưa có bản dịch
handjob_through_clothing,7,267,,Chưa có bản dịch
crop_hoodie,7,267,,Chưa có bản dịch
marley_military_uniform,0,266,,Chưa có bản dịch
raimon_school_uniform,0,266,,Chưa có bản dịch
mischievous_straight_uniform_(blue_archive),0,266,"aris_(idol)_(blue_archive),aru_(idol)_(blue_archive),hifumi_(idol)_(blue_archive),yuuka_(idol)_(blue_archive)",Chưa có bản dịch
flower_dress,0,266,,Chưa có bản dịch
disposable_gloves,0,266,,Chưa có bản dịch
senriyama_school_uniform,0,266,,Chưa có bản dịch
vertical-striped_leotard,0,265,,Chưa có bản dịch
bondage_pants,7,265,"goth_pants,strappy_pants,trip_pants,tripp_pants",Chưa có bản dịch
cinq_association_south_uniform,0,264,,Chưa có bản dịch
aether_foundation_uniform,0,264,,Chưa có bản dịch
anakt_arts_high_school_uniform,0,263,,Chưa có bản dịch
soiling_pants,7,263,,Chưa có bản dịch
shitty_t-shirt_naval_base,0,263,,Chưa có bản dịch
shi_association_south_uniform,0,262,shi_association_(identity)_(project_moon),Chưa có bản dịch
half-jacket,0,262,,Chưa có bản dịch
tight_jeans,7,262,,Chưa có bản dịch
wet_bikini,0,261,,Chưa có bản dịch
sword_mastery_academy_school_uniform,0,261,sword_mastery_academy_uniform,Chưa có bản dịch
sweater_under_jacket,0,261,,Chưa có bản dịch
vertical-striped_one-piece_swimsuit,0,261,vertical-striped_swimsuit,Chưa có bản dịch
starfleet_uniform,0,261,,Chưa có bản dịch
clothing_around_waist,7,260,,Chưa có bản dịch
aqua_cloak,0,260,,Chưa có bản dịch
two_tone_sweater,7,260,,Chưa có bản dịch
rainbow_socks,7,260,,Chưa có bản dịch
see-through_shorts,0,259,transparent_shorts,Chưa có bản dịch
tight_bikini,7,259,,Chưa có bản dịch
tap_shoes,7,259,,Chưa có bản dịch
biker_jacket,7,259,,Chưa có bản dịch
removing_bra_under_shirt,0,258,,Chưa có bản dịch
barely_visible_underwear,7,258,,Chưa có bản dịch
wool_clothing,7,258,,Chưa có bản dịch
removing_underwear,7,257,"removing_boxers,taking_off_boxers,taking_off_underwear",Chưa có bản dịch
seven_association_south_uniform,0,257,seven_association_(identity)_(project_moon),Chưa có bản dịch
bikini_bottom_removed,7,257,,Chưa có bản dịch
blue_thigh_socks,7,257,,Chưa có bản dịch
rainbow_pride_clothing,7,257,,Chưa có bản dịch
raised_bra,7,256,bra_raised,Chưa có bản dịch
union_jack_bikini,0,256,,Chưa có bản dịch
monotone_leotard,7,256,,Chưa có bản dịch
holding_shoes,7,256,holding_shoe,Chưa có bản dịch
apron_pull,0,256,,Chưa có bản dịch
muscle_shirt,7,256,,Chưa có bản dịch
roubai_academy_school_uniform_(old),0,255,,Chưa có bản dịch
master_dojo_uniform,0,254,,Chưa có bản dịch
ribbon-trimmed_shorts,0,254,,Chưa có bản dịch
shirt_aside,0,254,,Chưa có bản dịch
elmo_dormitory_outfit,0,254,,Chưa có bản dịch
gold_one-piece_swimsuit,0,254,gold_swimsuit,Chưa có bản dịch
monotone_stockings,7,253,,Chưa có bản dịch
dress_in_mouth,0,253,,Chưa có bản dịch
team_skull_uniform,0,253,,Chưa có bản dịch
pantyhose_tug,0,253,,Chưa có bản dịch
unbuttoned_sleeves,0,252,,Chưa có bản dịch
boot_on_penis,7,252,,Chưa có bản dịch
gold_cape,0,252,,Chưa có bản dịch
bridal_bikini,0,252,,Chưa có bản dịch
transformed_clothing,7,252,,Chưa có bản dịch
no_vest,0,252,,Chưa có bản dịch
pants_wetting,7,251,pants_peeing,Chưa có bản dịch
bandaid_on_clothes,0,251,,Chưa có bản dịch
clothes-dissolving_potion,0,251,,Chưa có bản dịch
pinstripe_coat,0,251,,Chưa có bản dịch
cardigan_on_shoulders,0,251,,Chưa có bản dịch
shiny_pantyhose,0,251,,Chưa có bản dịch
pearl_clan_outfit,0,251,,Chưa có bản dịch
strapless_kimono,0,251,,Chưa có bản dịch
dancer's_costume_(dq),0,251,,Chưa có bản dịch
two_tone_skirt,7,251,,Chưa có bản dịch
national_verbena_academy_school_uniform,0,250,,Chưa có bản dịch
polka_dot_kimono,0,249,polka_dot_yukata,Chưa có bản dịch
brown_male_underwear,0,249,brown_underwear_(male),Chưa có bản dịch
alvis_uniform,0,248,,Chưa có bản dịch
white_thigh_boots,7,248,,Chưa có bản dịch
sparkling_dress,7,247,"glittery_dress,sparkly_dress",Chưa có bản dịch
tight_suit,7,247,,Chưa có bản dịch
glistening_stockings,7,247,shiny_stockings,Chưa có bản dịch
unworn_apron,0,247,apron_removed,Chưa có bản dịch
cow_print_bra,0,247,,Chưa có bản dịch
wrestling_boots,0,246,,Chưa có bản dịch
hand_in_bikini,0,246,,Chưa có bản dịch
evening_gloves,7,246,,Chưa có bản dịch
fur-trimmed_socks,0,246,,Chưa có bản dịch
teat_bra,7,246,,Chưa có bản dịch
christmas_dress,7,246,,Chưa có bản dịch
skinny_jeans,0,246,,Chưa có bản dịch
metal_armor,7,246,,Chưa có bản dịch
unbuttoned_shorts,7,245,,Chưa có bản dịch
anglerfish_costume,0,245,,Chưa có bản dịch
satin_dress,0,245,,Chưa có bản dịch
holding_bikini_top,7,245,,Chưa có bản dịch
boxing_gloves_only,7,245,,Chưa có bản dịch
frilly_apron,7,244,,Chưa có bản dịch
print_robe,0,244,,Chưa có bản dịch
nanahyakuichi_middle_school_uniform,0,244,,Chưa có bản dịch
winged_sleeves,0,244,,Chưa có bản dịch
domino_high_school_uniform,0,243,,Chưa có bản dịch
kurumi-gaoka_high_school_uniform,0,243,,Chưa có bản dịch
high_boots,7,243,,Chưa có bản dịch
no-show_socks,0,243,,Chưa có bản dịch
kimono_only,7,243,,Chưa có bản dịch
glistening_armor,7,242,shiny_armor,Chưa có bản dịch
leotard_lift,0,242,,Chưa có bản dịch
tsab_naval_military_uniform,0,242,,Chưa có bản dịch
parasite_dress_uniform_(darling_in_the_franxx),0,242,,Chưa có bản dịch
rainbow_underwear,7,241,,Chưa có bản dịch
heartslabyul_dorm_uniform,0,241,,Chưa có bản dịch
bow_garter_belt,0,241,,Chưa có bản dịch
t-shirt_lift,7,241,,Chưa có bản dịch
two_tone_elbow_gloves,7,241,,Chưa có bản dịch
blue_sneakers,7,241,,Chưa có bản dịch
purple_bikini_top,7,241,,Chưa có bản dịch
unworn_hoodie,0,241,hoodie_removed,Chưa có bản dịch
red_bikini_bottom,7,240,,Chưa có bản dịch
erection_in_underwear,7,240,,Chưa có bản dịch
brooklyn_sweater,0,240,,Chưa có bản dịch
glistening_shoes,7,240,shiny_shoes,Chưa có bản dịch
miyamori_school_uniform,0,240,,Chưa có bản dịch
text_on_jacket,7,240,,Chưa có bản dịch
mikumo_squad's_uniform,0,240,,Chưa có bản dịch
heijou_institute_school_uniform,0,240,,Chưa có bản dịch
rolling_sleeves_up,0,240,,Chưa có bản dịch
bikini_bridge,0,240,,Chưa có bản dịch
black_suit_jacket,7,240,,Chưa có bản dịch
feather-trimmed_gloves,0,239,,Chưa có bản dịch
one_glove,7,239,,Chưa có bản dịch
floral_print_one-piece_swimsuit,0,239,,Chưa có bản dịch
daito_academy_school_uniform,0,239,"daito_academy_uniform,daitou_academy_school_uniform",Chưa có bản dịch
dress_up,7,238,dressup,Chưa có bản dịch
fishnet_panties,0,238,mesh_panties,Chưa có bản dịch
glistening_boots,7,238,shiny_boots,Chưa có bản dịch
erection_under_pants,7,238,,Chưa có bản dịch
straining_clothing,7,238,,Chưa có bản dịch
firefighter_uniform,7,238,,Chưa có bản dịch
panties_around_ankle,7,238,,Chưa có bản dịch
two-tone_armor,0,237,,Chưa có bản dịch
white_bikini_top,7,237,,Chưa có bản dịch
teal_dress,7,237,,Chưa có bản dịch
heart_bra,0,237,"<3_bra,<3_bras,heart_bras,hearts_bra,hearts_bras",Chưa có bản dịch
aozora_middle_school_uniform,0,236,,Chưa có bản dịch
momotsuki_gakuen_school_uniform,0,236,,Chưa có bản dịch
corset_dress,7,236,,Chưa có bản dịch
two-tone_sweater_vest,0,236,,Chưa có bản dịch
pointed_footwear,0,235,,Chưa có bản dịch
see-through_apron,0,235,transparent_apron,Chưa có bản dịch
silver_bodysuit,0,234,,Chưa có bản dịch
red_dress_shirt,7,234,,Chưa có bản dịch
text_on_bra,7,234,,Chưa có bản dịch
pulling_shirt_down,7,234,,Chưa có bản dịch
mismatched_shoes,0,234,,Chưa có bản dịch
elbow_gloves_only,7,234,,Chưa có bản dịch
outfit_change,7,234,,Chưa có bản dịch
yellow_high_heels,7,233,yellow_heels,Chưa có bản dịch
sleeve_zipper,0,233,zipper_sleeves,Chưa có bản dịch
leaking_through_clothing,7,233,,Chưa có bản dịch
floral_print_thighhighs,0,233,,Chưa có bản dịch
moon_uniform_(houseki_no_kuni),0,233,,Chưa có bản dịch
glistening_shorts,7,233,shiny_shorts,Chưa có bản dịch
jogging_pants,7,232,,Chưa có bản dịch
grey_dress_shirt,7,232,,Chưa có bản dịch
fingernail_gloves,0,232,,Chưa có bản dịch
denim_dress,0,232,,Chưa có bản dịch
argyle_coat,0,232,,Chưa có bản dịch
blue_bikini_bottom,7,232,,Chưa có bản dịch
exposed_underwear,7,232,,Chưa có bản dịch
aqua_sweater_vest,0,231,,Chưa có bản dịch
marine_uniform_(one_piece),0,231,,Chưa có bản dịch
mexican_dress,0,231,,Chưa có bản dịch
grey_jeans,7,231,gray_jeans,Chưa có bản dịch
glistening_high_heels,7,231,shiny_high_heels,Chưa có bản dịch
torn_apron,0,231,,Chưa có bản dịch
clothes_dryer,0,231,,Chưa có bản dịch
bloom_garden_party_jacket,0,231,,Chưa có bản dịch
keyhole_panties,7,231,"key-hole_panties,key_hole_panties",Chưa có bản dịch
contemporary_traditional_clothes,0,231,,Chưa có bản dịch
see-through_sports_bra,0,230,transparent_sports_bra,Chưa có bản dịch
removing_coat,0,230,,Chưa có bản dịch
hamster_costume,0,230,,Chưa có bản dịch
checkered_sweater,0,229,,Chưa có bản dịch
skirt_under_kimono,0,229,,Chưa có bản dịch
eye_patch_bikini,7,229,,Chưa có bản dịch
aqua_robe,0,229,,Chưa có bản dịch
tan_hoodie,7,228,,Chưa có bản dịch
anakt_arts_high_school_uniform_(fading_youth),0,228,,Chưa có bản dịch
green_bikini_top,7,228,,Chưa có bản dịch
plaid_kimono,0,228,,Chưa có bản dịch
button_up_skirt,0,228,,Chưa có bản dịch
dieci_association_south_uniform,0,228,dieci_association_(identity)_(project_moon),Chưa có bản dịch
polka_dot_sleeves,0,228,,Chưa có bản dịch
fen_cichlid_girls_academy_school_uniform,0,227,,Chưa có bản dịch
shindouji_school_uniform,0,227,,Chưa có bản dịch
jacket_around_neck,0,227,,Chưa có bản dịch
feather_cape,0,227,,Chưa có bản dịch
torn_tights,7,227,ripped_tights,Chưa có bản dịch
gingham_bikini,0,227,,Chưa có bản dịch
long_pants,7,226,,Quần dài
apron_aside,0,226,,Chưa có bản dịch
shirt_pocket,7,226,,Chưa có bản dịch
yellow_bikini_top,7,226,,Chưa có bản dịch
black_tights,7,226,,Chưa có bản dịch
tied_dress,0,226,,Chưa có bản dịch
lowered_pants,7,226,,Chưa có bản dịch
two_tone_swimwear,7,225,two_tone_swimsuit,Chưa có bản dịch
sports_bra_pull,0,225,,Chưa có bản dịch
shared_coat,0,225,,Chưa có bản dịch
security_uniform,7,225,,Chưa có bản dịch
shoulderless_dress,7,225,,Chưa có bản dịch
black_garter,0,224,,Chưa có bản dịch
frilly_skirt,7,224,,Chưa có bản dịch
leaf_bra,0,224,,Chưa có bản dịch
myoudou_gakuen_high_school_uniform,0,224,,Chưa có bản dịch
text_on_sweater,7,223,,Chưa có bản dịch
glistening_bikini,7,223,shiny_bikini,Chưa có bản dịch
reactive_armor,0,223,era_bricks,Chưa có bản dịch
thors_military_academy_branch_campus_uniform,0,222,,Chưa có bản dịch
discarded_bra,7,222,,Chưa có bản dịch
flower_underwear,7,222,,Chưa có bản dịch
magic_school_uniform_(mahou_girls_precure!),0,222,,Chưa có bản dịch
gessen_academy_school_uniform,0,222,gessen_academy_uniform,Chưa có bản dịch
ribbed_gloves,0,222,,Chưa có bản dịch
high-waist_dress,0,222,,Chưa có bản dịch
argyle_cape,0,221,,Chưa có bản dịch
american_flag_pants,0,221,,Chưa có bản dịch
chastity_bra,0,221,,Chưa có bản dịch
red_thigh_socks,7,221,,Chưa có bản dịch
bone_armor,0,221,,Chưa có bản dịch
zipper_panties,0,221,,Chưa có bản dịch
swimsuit_costume,0,220,,Chưa có bản dịch
red_prison_magic_school_uniform,0,220,,Chưa có bản dịch
nohrian_butler_uniform,0,220,,Chưa có bản dịch
brown_stockings,7,220,,Bít tất nâu
purple_male_underwear,0,220,purple_underwear_(male),Chưa có bản dịch
tan_underwear,7,219,beige_underwear,Chưa có bản dịch
buttplug_clothing,7,219,,Chưa có bản dịch
although_she_hurriedly_put_on_clothes_(meme),0,219,although_she_hurriedly_put_on_clothes,Chưa có bản dịch
aqua_bodysuit,0,219,aqua_bikesuit,Chưa có bản dịch
o-ring_bra,0,218,,Chưa có bản dịch
cropped_cardigan,0,218,,Chưa có bản dịch
kirigaoka_girls'_academy_school_uniform,0,218,,Chưa có bản dịch
unworn_cloak,0,218,cloak_removed,Chưa có bản dịch
raised_t-shirt,7,218,,Chưa có bản dịch
garderobe_uniform,0,218,,Chưa có bản dịch
sock_transformation,7,217,,Chưa có bản dịch
alzano_school_uniform,0,217,,Chưa có bản dịch
kissuisou_uniform,0,217,,Chưa có bản dịch
white_blouse,7,217,,Chưa có bản dịch
pink_bikini_top,7,217,,Chưa có bản dịch
heart_shirt,7,216,,Chưa có bản dịch
origami_family's_elite_guard_uniform,0,216,,Chưa có bản dịch
kimetsu_gakuen_school_uniform,0,215,,Chưa có bản dịch
tearing_own_clothing,7,215,,Chưa có bản dịch
polka_dot_pants,0,214,,Chưa có bản dịch
grey_swimwear,7,214,"gray_swimsuit,gray_swimwear,grey_swimsuit",Chưa có bản dịch
bougu,0,214,kendo_armor,Chưa có bản dịch
fur_sweater,0,214,,Chưa có bản dịch
nipple_sleeves,0,214,nipple_sleeve,Chưa có bản dịch
clothes_line,7,213,,Chưa có bản dịch
twin_clothing_bows,7,213,,Chưa có bản dịch
kirameki_high_school_uniform,0,213,,Chưa có bản dịch
backless_gloves,7,213,,Chưa có bản dịch
life_jacket,7,213,,Chưa có bản dịch
tail_garter,0,213,,Chưa có bản dịch
pinstripe_pantyhose,0,212,,Chưa có bản dịch
order_of_the_black_knights_uniform,0,212,,Chưa có bản dịch
arm_stockings,7,212,,Chưa có bản dịch
peeing_through_clothing,7,212,,Chưa có bản dịch
utility_vest,0,211,,Chưa có bản dịch
silver_gloves,0,211,,Găng tay bạc
colombian_clothes,0,211,,Chưa có bản dịch
checkered_panties,0,211,,Chưa có bản dịch
holding_dress,7,211,,Chưa có bản dịch
pom_pom_footwear,0,211,,Chưa có bản dịch
edging_underwear,0,211,,Chưa có bản dịch
pink_male_underwear,0,210,pink_underwear_(male),Chưa có bản dịch
swimming_in_underwear,7,210,,Chưa có bản dịch
removed_clothing,7,210,,Chưa có bản dịch
leather_leotard,0,210,,Chưa có bản dịch
fish_costume,0,210,,Chưa có bản dịch
clothing_removed,7,210,,Chưa có bản dịch
shiba_koen_middle_school_uniform,0,210,,Chưa có bản dịch
tight_anus,7,210,,Chưa có bản dịch
fishnet_elbow_gloves,7,210,mesh_elbow_gloves,Chưa có bản dịch
hawaiian_clothes,0,210,,Chưa có bản dịch
floral_pattern_underwear,7,209,,Chưa có bản dịch
bikini_ribbon,0,209,,Chưa có bản dịch
teal_underwear,7,209,,Chưa có bản dịch
swimsuit_only,7,209,,Chưa có bản dịch
tan_jacket,7,209,,Chưa có bản dịch
feather_sleeves,0,209,,Chưa có bản dịch
cover_bikini_girl_(gta_vi)_(cosplay),0,208,,Chưa có bản dịch
rainbow_stockings,7,207,,Chưa có bản dịch
katagiri_senior_high_school_uniform,0,207,,Chưa có bản dịch
green_slingshot_swimsuit,0,206,,Chưa có bản dịch
changing_clothing,7,206,,Chưa có bản dịch
wet_socks,0,205,,Chưa có bản dịch
cum_on_skirt,0,205,,Chưa có bản dịch
d'orsay_heels,0,205,,Chưa có bản dịch
diagonal-striped_bikini,0,204,,Chưa có bản dịch
expedition_uniform,0,204,,Chưa có bản dịch
alternate_uniform,0,204,,Chưa có bản dịch
duster_coat,0,204,,Chưa có bản dịch
pink_garter_belt,0,204,,Chưa có bản dịch
silver_sandals,0,204,,Chưa có bản dịch
unzipped_shorts,7,204,,Chưa có bản dịch
fingering_through_clothing,7,203,,Chưa có bản dịch
tail_stocking,7,203,tailstocking,Chưa có bản dịch
nylon_stockings,7,203,,Chưa có bản dịch
seiou_gakuen_school_uniform,0,203,,Chưa có bản dịch
tights_day,0,203,,Chưa có bản dịch
monotone_dress,7,203,,Chưa có bản dịch
cutout_heels,7,203,,Chưa có bản dịch
intestine_clothing,0,202,,Chưa có bản dịch
floral_pattern_panties,7,202,,Chưa có bản dịch
fuck-me_clothes,0,202,,Chưa có bản dịch
army_outfit,7,202,,Chưa có bản dịch
santa_coat,7,202,,Chưa có bản dịch
open_leotard,0,202,,Chưa có bản dịch
roman_clothing,7,201,,Chưa có bản dịch
baby_bodysuit,7,201,,Chưa có bản dịch
frilled_sweater,0,201,,Chưa có bản dịch
argyle_jacket,0,201,,Chưa có bản dịch
slingback_heels,0,201,,Chưa có bản dịch
gradient_coat,0,201,,Chưa có bản dịch
vibrator_under_clothing,7,201,,Chưa có bản dịch
jika-tabi,0,201,tabi_boots,Chưa có bản dịch
iwatobi_high_school_uniform,0,200,,Chưa có bản dịch
a_certain_high_school_gym_uniform,0,200,,Chưa có bản dịch
smelly_shoes,7,200,,Chưa có bản dịch
open-back_leotard,7,200,,Chưa có bản dịch
pantyhose_under_pants,0,200,pantyhose_under_trousers,Chưa có bản dịch
mongolian_clothing,7,200,,Chưa có bản dịch
hand_bra,7,200,,Chưa có bản dịch
strawberry_print_bra,0,199,,Chưa có bản dịch
soiling_panties,7,199,,Chưa có bản dịch
modakawa_dress,0,199,,Chưa có bản dịch
object_in_swimsuit,0,199,,Chưa có bản dịch
private_misaki_high_school_uniform,0,199,,Chưa có bản dịch
indonesian_clothes,0,199,,Chưa có bản dịch
cow_print_jacket,0,199,,Chưa có bản dịch
ribbon-trimmed_vest,0,199,,Chưa có bản dịch
horse_costume,0,199,,Chưa có bản dịch
padded_gloves,0,198,,Chưa có bản dịch
blue_garter_belt,0,198,,Chưa có bản dịch
chocolate_on_clothes,0,198,,Chưa có bản dịch
grabbing_another's_skirt,0,198,skirt_grab,Chưa có bản dịch
pony_express_uniform,0,197,,Chưa có bản dịch
lace-trimmed_shorts,0,197,,Chưa có bản dịch
logo_on_shirt,7,197,,Chưa có bản dịch
high_top_shoes,7,197,,Chưa có bản dịch
pink_outfit,7,197,,Chưa có bản dịch
breast_sucking_through_clothes,0,197,,Chưa có bản dịch
tennis_skirt,0,196,,Chưa có bản dịch
pinstripe_one-piece_swimsuit,0,196,,Chưa có bản dịch
angel_costume,7,196,,Chưa có bản dịch
stretched_underwear,7,196,,Chưa có bản dịch
turtleneck_under_shirt,0,196,,Chưa có bản dịch
kino_makoto's_school_uniform,0,196,,Chưa có bản dịch
leather_dress,0,196,,Chưa có bản dịch
unworn_male_underwear,0,196,male_underwear_removed,Chưa có bản dịch
dark_shirt,7,196,,Áo sơ mi sẫm
side-tie_one-piece_swimsuit,0,196,,Chưa có bản dịch
sideless_shorts,0,196,,Chưa có bản dịch
viltrumite_clothes,0,196,,Chưa có bản dịch
osafune_girls_academy_school_uniform,0,195,osafune_girls_academy_uniform,Chưa có bản dịch
spiked_shirt,0,195,,Chưa có bản dịch
impossible_vest,0,195,,Chưa có bản dịch
work_clothes,7,195,,Chưa có bản dịch
dress_down,7,195,,Chưa có bản dịch
collared_robe,0,194,,Chưa có bản dịch
one_sock_on,7,194,,Chưa có bản dịch
adjusting_sleeves,0,194,,Chưa có bản dịch
record_jacket,0,194,,Chưa có bản dịch
overall_dress,7,194,,Chưa có bản dịch
monotone_t-shirt,7,194,,Chưa có bản dịch
heart_bikini,0,194,,Chưa có bản dịch
floral_print_pantyhose,0,194,,Chưa có bản dịch
sweaty_footwear,7,193,,Chưa có bản dịch
greek_clothing,7,193,,Chưa có bản dịch
backless_kimono,0,193,,Chưa có bản dịch
outgrowing_clothes,7,193,,Chưa có bản dịch
tiger_panties,0,193,,Quần lót hổ
touching_panties,7,192,,Chưa có bản dịch
penis_under_clothes,7,192,,Chưa có bản dịch
black_dress_shirt,7,192,,Chưa có bản dịch
fishnet_dress,0,192,mesh_dress,Chưa có bản dịch
lab_coat_only,7,192,,Chưa có bản dịch
see-through_socks,0,192,transparent_socks,Chưa có bản dịch
mugen_gakuen_school_uniform,0,191,,Chưa có bản dịch
frilled_cloak,0,191,,Chưa có bản dịch
vibrator_over_clothes,0,191,,Chưa có bản dịch
grey_seam_underwear,7,190,gray_seam_underwear,Chưa có bản dịch
ootori_gakuen_school_uniform,0,190,,Chưa có bản dịch
layered_swimsuit,0,190,,Chưa có bản dịch
animal-themed_footwear,0,190,,Chưa có bản dịch
frilly_bikini,7,190,,Chưa có bản dịch
polka_dot_jacket,0,190,,Chưa có bản dịch
side-tie_shorts,0,189,,Chưa có bản dịch
vertical-striped_bodysuit,0,189,,Chưa có bản dịch
youkai_academy_school_uniform,0,189,,Chưa có bản dịch
renaissance_clothing,7,189,,Chưa có bản dịch
trapped_in_footwear,7,189,,Chưa có bản dịch
cum_on_boots,7,189,,Chưa có bản dịch
flower_skirt,0,189,,Chưa có bản dịch
sonobeno_high_school_uniform,0,188,,Chưa có bản dịch
hagun_academy_school_uniform,0,188,,Chưa có bản dịch
noble_academy_school_uniform,0,188,,Chưa có bản dịch
renpu_girls_school_uniform,0,188,,Chưa có bản dịch
tied_hoodie_strings,0,188,,Chưa có bản dịch
poet_shirt,0,188,,Chưa có bản dịch
monotone_shoes,7,188,"mono-tone_shoe,mono-tone_shoes,mono_tone_shoe,mono_tone_shoes,monotone_shoe",Chưa có bản dịch
cum_on_pants,7,188,,Chưa có bản dịch
glove_nails,0,188,,Chưa có bản dịch
vertical-striped_sports_bra,0,187,,Chưa có bản dịch
khaki_shorts,7,187,,Chưa có bản dịch
thighhigh_gaiters,0,187,,Chưa có bản dịch
fur-trimmed_panties,0,186,,Chưa có bản dịch
penis_in_glove,0,186,,Chưa có bản dịch
naval_working_uniform,0,186,,Chưa có bản dịch
pink_bikini_bottom,7,186,,Chưa có bản dịch
arabian_clothing,7,186,,Chưa có bản dịch
underwear_around_ankles,7,186,,Chưa có bản dịch
micro_in_clothes,7,186,,Chưa có bản dịch
shirt_ribbon,0,186,,Chưa có bản dịch
nanyou_academy_uniform,0,185,,Chưa có bản dịch
crotchless_bodysuit,0,185,,Chưa có bản dịch
winford_academy_uniform,0,185,,Chưa có bản dịch
high-cut_armor_(persona),0,185,,Chưa có bản dịch
elf_costume,7,185,,Chưa có bản dịch
adjusting_sock,0,185,adjusting_socks,Chưa có bản dịch
wearing_clothing_character,7,185,,Chưa có bản dịch
dream_academy_school_uniform,0,184,dream_academy_uniform,Chưa có bản dịch
erection_in_panties,0,184,,Chưa có bản dịch
monotone_sweater,7,184,,Chưa có bản dịch
dirty_footwear,0,184,,Chưa có bản dịch
musky_underwear,7,184,,Chưa có bản dịch
striped_male_underwear,0,183,,Chưa có bản dịch
wrinkles_in_clothes,7,183,,Chưa có bản dịch
crotchless_shorts,0,183,,Chưa có bản dịch
night_raven_college_gym_uniform,0,183,,Chưa có bản dịch
lace-trimmed_leotard,0,183,,Chưa có bản dịch
steaming_clothes,0,183,,Chưa có bản dịch
tibetan_clothes,0,183,,Chưa có bản dịch
brown_t-shirt,7,182,,Chưa có bản dịch
green_fingerless_gloves,7,182,,Chưa có bản dịch
adjusting_shorts,0,182,,Chưa có bản dịch
graphia_academy_school_uniform,0,182,,Chưa có bản dịch
sweaty_socks,7,182,,Chưa có bản dịch
two-sided_robe,0,182,,Chưa có bản dịch
sleeve_pull,0,182,,Chưa có bản dịch
looking_up_skirt,7,182,,Chưa có bản dịch
blue_santa_costume,0,182,,Chưa có bản dịch
st._odessa_girls'_school_uniform,0,181,,Chưa có bản dịch
mayan_clothes,0,181,,Chưa có bản dịch
shorts_around_ankles,0,181,,Chưa có bản dịch
l'avenir_academy_school_uniform,0,181,l'avenir_academy_uniform,Chưa có bản dịch
floral_shirt,7,180,,Chưa có bản dịch
wearing_goggles,7,180,,Chưa có bản dịch
argyle_kimono,0,180,,Chưa có bản dịch
s4_uniform,0,180,,Chưa có bản dịch
checkered_cape,0,180,,Chưa có bản dịch
ribbed_pantyhose,0,180,,Chưa có bản dịch
white_collared_shirt,7,180,,Chưa có bản dịch
feather-trimmed_coat,0,180,,Chưa có bản dịch
opening_another's_clothes,0,180,,Chưa có bản dịch
stone_skirt,0,179,,Chưa có bản dịch
two_tone_bra,7,179,,Chưa có bản dịch
gold_jacket,0,179,,Áo khoác vàng kim
laddered_thighhighs,0,179,,Chưa có bản dịch
tan_gloves,7,179,,Chưa có bản dịch
penis_in_unworn_legwear,0,179,"pantyhose_on_penis,penis_in_unworn_sock,penis_in_unworn_thighhigh,sock_on_penis,socks_on_cocks,unworn_sock_on_penis,unworn_thighhigh_on_penis",Chưa có bản dịch
spotted_underwear,7,178,,Chưa có bản dịch
hand_in_pantyhose,0,178,,Chưa có bản dịch
short_cape,0,178,,Chưa có bản dịch
sweater_under_dress,0,178,,Chưa có bản dịch
asahigaoka_school_uniform,0,178,,Chưa có bản dịch
tanuki_costume,0,177,"tanooki_costume,tanooki_suit",Chưa có bản dịch
shirahana_school_uniform,0,177,,Chưa có bản dịch
striped_bike_shorts,0,177,striped_spats,Chưa có bản dịch
kimisaki_school_uniform,0,176,,Chưa có bản dịch
unworn_sleeves,0,176,"detached_sleeves_removed,sleeves_removed",Chưa có bản dịch
korean_clothing,7,176,"korea_clothes,korea_clothing",Chưa có bản dịch
hasu_no_sora_gym_uniform,0,176,,Chưa có bản dịch
plaid_thighhighs,0,176,,Chưa có bản dịch
thai_school_uniform,0,176,,Chưa có bản dịch
o-ring_garter_belt,0,176,,Chưa có bản dịch
sock_gag,7,176,,Chưa có bản dịch
shirt_pulled_up,7,175,,Chưa có bản dịch
x-uniform,0,175,,Chưa có bản dịch
konohagakure_anbu_uniform,0,175,,Chưa có bản dịch
translucent_socks,7,175,"see-through_sock,see-thru_sock,see-thru_socks,see_through_sock,see_through_socks,see_thru_sock,see_thru_socks,sheer_sock,sheer_socks,transparent_sock,transparent_socks",Chưa có bản dịch
ame_no_kisaki_academy_school_uniform,0,175,ame_no_kisaki_academy_uniform,Chưa có bản dịch
plaid_sweater_vest,0,175,,Chưa có bản dịch
takarazaki_school_uniform,0,174,,Chưa có bản dịch
dark_footwear,7,174,,Chưa có bản dịch
belted_jacket,0,174,,Chưa có bản dịch
star_clothing,7,174,,Chưa có bản dịch
removing_pantyhose,0,174,,Chưa có bản dịch
leather_coat,0,174,,Chưa có bản dịch
pantyhose_under_buruma,0,174,,Chưa có bản dịch
multicolored_fingerless_gloves,7,174,,Chưa có bản dịch
cum_on_shoes,7,174,,Chưa có bản dịch
adjusting_skirt,0,173,,Chưa có bản dịch
keisanchuu_new_costume,0,173,,Chưa có bản dịch
digitigrade_heels,7,173,,Chưa có bản dịch
chuo_academy_school_uniform,0,173,"chuo_academy_uniform,chuuou_academy_school_uniform",Chưa có bản dịch
umesato_middle_school_uniform,0,173,,Chưa có bản dịch
tempura_costume,0,173,,Chưa có bản dịch
gravure_swimsuit_(idolmaster),0,173,,Chưa có bản dịch
fur_lined_clothing,7,173,,Chưa có bản dịch
green_bikini_bottom,7,173,,Chưa có bản dịch
penis_in_bikini,7,173,,Chưa có bản dịch
b.a.b.e.l._uniform,0,172,,Chưa có bản dịch
futuristic_clothing,7,172,,Chưa có bản dịch
nurse_dress,0,172,,Chưa có bản dịch
ta_girls_school_uniform,0,172,,Chưa có bản dịch
green_seam_underwear,7,172,,Chưa có bản dịch
china_dress_(love_live!),0,172,,Chưa có bản dịch
print_sports_bra,0,171,,Chưa có bản dịch
purple_thigh_socks,7,171,,Chưa có bản dịch
fiery_clothing,0,171,,Chưa có bản dịch
ripping_clothing,7,171,,Chưa có bản dịch
buttjob_under_clothes,0,171,,Chưa có bản dịch
skirt_in_mouth,0,171,,Chưa có bản dịch
argyle_vest,0,171,argyll_vest,Chưa có bản dịch
plaid_pantyhose,0,171,,Chưa có bản dịch
unzipping_another's_clothes,0,171,,Chưa có bản dịch
st._hilde_academy_of_magic_uniform,0,171,,Chưa có bản dịch
yotsuboshi_academy_school_uniform,0,170,yotsuboshi_academy_uniform,Chưa có bản dịch
see-through_kimono,0,170,transparent_kimono,Chưa có bản dịch
sports_bra_peek,0,170,,Chưa có bản dịch
irken_uniform,0,170,,Chưa có bản dịch
katori_squad's_uniform,0,170,,Chưa có bản dịch
strawberry_panties,7,170,,Chưa có bản dịch
pomefiore_dorm_uniform,0,170,,Chưa có bản dịch
pom_clothing,7,170,,Chưa có bản dịch
checkered_footwear,0,170,,Chưa có bản dịch
spandex_clothing,7,169,,Chưa có bản dịch
translucent_bikini,7,169,"see-thru_bikini,see_through_bikini,see_thru_bikini,sheer_bikini,transparent_bikini",Chưa có bản dịch
dress_straps,0,169,,Chưa có bản dịch
removing_thighhigh,0,169,,Chưa có bản dịch
camo_shirt,7,169,,Chưa có bản dịch
frilled_garter_belt,0,169,,Chưa có bản dịch
historical_european_clothing,7,168,,Chưa có bản dịch
bikini_bottom_down,7,168,,Chưa có bản dịch
pseudo_skirt,7,168,,Chưa có bản dịch
torn_t-shirt,7,168,ripped_t-shirt,Chưa có bản dịch
triangle_bra,0,168,,Chưa có bản dịch
seishou_middle_school_uniform,0,168,,Chưa có bản dịch
shorts_lift,0,168,,Chưa có bản dịch
laterano_school_uniform,0,168,,Chưa có bản dịch
blue_uniform,7,167,,Chưa có bản dịch
spotted_dress,7,167,,Chưa có bản dịch
fur_bra,0,167,,Chưa có bản dịch
diasomnia_dorm_uniform,0,167,,Chưa có bản dịch
wedding_clothing,7,167,,Chưa có bản dịch
light_shirt,7,167,,Áo sơ mi nhạt
chainmail_bikini,7,166,,Chưa có bản dịch
taut_shorts,0,166,,Chưa có bản dịch
closed_lab_coat,0,166,closed_labcoat,Chưa có bản dịch
cape_grab,0,166,,Chưa có bản dịch
sailor_jacket,0,166,,Chưa có bản dịch
not_furry_wearing_fursuit,7,166,,Chưa có bản dịch
purple_bikini_bottom,7,166,,Chưa có bản dịch
gloves_over_bodysuit,0,166,,Chưa có bản dịch
thai_clothes,0,166,,Chưa có bản dịch
sleeve_pouch,0,166,,Chưa có bản dịch
coat_stash,0,166,,Chưa có bản dịch
gold_crown_academy_school_uniform,0,166,,Chưa có bản dịch
pride_color_footwear,7,165,"pride_colors_footwear,pride_colour_footwear,pride_colours_footwear,pride_flag_footwear,pride_footwear",Chưa có bản dịch
brown_swimwear,7,165,brown_swimsuit,Chưa có bản dịch
bra_removed,7,165,,Chưa có bản dịch
colored_shoe_interior,0,165,,Chưa có bản dịch
roman_armor,0,165,,Chưa có bản dịch
leotard_tug,0,165,,Chưa có bản dịch
glistening_leotard,7,165,,Chưa có bản dịch
liquid_dress,0,165,,Chưa có bản dịch
putting_on_jacket,0,165,,Chưa có bản dịch
multicolored_apron,0,164,multi_tone_apron,Chưa có bản dịch
cum_on_socks,7,164,,Chưa có bản dịch
power_armor_(fallout),0,164,,Chưa có bản dịch
paw_print_panties,0,164,,Chưa có bản dịch
cat_ear_bikini,0,164,,Chưa có bản dịch
yuunagi_middle_school_uniform,0,164,,Chưa có bản dịch
holding_shorts,0,163,,Chưa có bản dịch
flowing_clothing,7,163,,Chưa có bản dịch
kirin_armor,7,163,,Chưa có bản dịch
flower_bra,0,163,,Chưa có bản dịch
themis_legal_academy_school_uniform,0,163,,Chưa có bản dịch
pikachu_costume,0,163,,Chưa có bản dịch
habataki_academy_school_uniform,0,163,habataki_academy_uniform,Chưa có bản dịch
swimsuit_over_clothes,0,163,,Chưa có bản dịch
ugg_boots,0,163,,Chưa có bản dịch
marching_band_uniform,7,162,,Chưa có bản dịch
taur_clothing,7,162,,Chưa có bản dịch
highleg_underwear,7,162,,Chưa có bản dịch
snowfield_police_uniform,0,162,clan_calatin_uniform_(fate),Chưa có bản dịch
aqua_sandals,0,162,,Chưa có bản dịch
miao_clothes,0,162,"hmong_clothes,miao_dress",Chưa có bản dịch
kosei_high_school_uniform,0,161,,Chưa có bản dịch
love_high_school_uniform,0,161,,Chưa có bản dịch
mouse_costume,0,161,,Chưa có bản dịch
messy_clothing,7,161,"disheveled_clothes,disheveled_clothing,messy_clothes,unkempt_clothes,unkempt_clothing",Chưa có bản dịch
un_uniform_(muv-luv),0,161,,Chưa có bản dịch
green_high_heels,7,161,green_heels,Chưa có bản dịch
arts_shirt_(fate),0,161,arts_shirt,Chưa có bản dịch
ugly_sweater,0,160,,Chưa có bản dịch
sock_puppet,0,160,,Chưa có bản dịch
bow_shorts,0,160,,Chưa có bản dịch
ukrainian_clothes,0,160,,Chưa có bản dịch
armor_under_clothes,0,159,clothes_over_armor,Chưa có bản dịch
text_on_pants,7,159,,Chưa có bản dịch
juuban_elementary_school_uniform,0,159,,Chưa có bản dịch
juuban_high_school_uniform,0,159,,Chưa có bản dịch
pk_academy_school_uniform,0,159,,Chưa có bản dịch
momozono_junior_high_school_uniform,0,159,,Chưa có bản dịch
ohananomitsu_middle_school_uniform,0,159,,Chưa có bản dịch
terminator_armor,0,159,,Chưa có bản dịch
pumpkin_skirt,0,159,,Chưa có bản dịch
panty_spread,0,158,,Chưa có bản dịch
shorts_rolled_up,0,158,,Chưa có bản dịch
meat_armor,0,158,fanny_packing,Chưa có bản dịch
hand_on_clothing,7,158,,Chưa có bản dịch
two_tone_sneakers,7,158,,Chưa có bản dịch
sling_bikini_pull,7,158,,Chưa có bản dịch
frilled_underwear,0,158,,Chưa có bản dịch
fishnet_bodysuit,7,158,mesh_bodysuit,Chưa có bản dịch
monotone_hoodie,7,158,,Chưa có bản dịch
polka_dot_hoodie,0,158,,Chưa có bản dịch
shoe_print,0,158,,Chưa có bản dịch
cat_stockings,7,157,cat_ear_thigh_highs,Bít tất mèo
sjms_school_uniform,0,157,,Chưa có bản dịch
iranian_clothes,0,157,,Chưa có bản dịch
chest_armor,7,157,,Chưa có bản dịch
padded_jacket,0,157,,Chưa có bản dịch
glove_snap,7,157,,Chưa có bản dịch
pattern_hoodie,7,157,,Chưa có bản dịch
fuuka_school_uniform_(hara_hara!!),0,157,,Chưa có bản dịch
zipper_underwear,7,157,,Chưa có bản dịch
turn_cuff_socks,0,157,,Chưa có bản dịch
collared_socks,0,157,,Chưa có bản dịch
strawberry_underwear,7,157,,Chưa có bản dịch
black_outfit,7,156,,Chưa có bản dịch
tight_bra,7,156,,Chưa có bản dịch
multicolored_sports_bra,0,156,,Chưa có bản dịch
claw_bra,0,156,,Chưa có bản dịch
scarabia_dorm_uniform,0,156,,Chưa có bản dịch
buttplug_bikini,7,155,,Chưa có bản dịch
camo_jacket,7,155,,Chưa có bản dịch
text_on_footwear,7,155,,Chưa có bản dịch
dark_underwear,7,155,,Chưa có bản dịch
yellow_bikini_bottom,7,155,,Chưa có bản dịch
frilly_stockings,7,155,frilled_stockings,Chưa có bản dịch
checkered_shorts,0,155,,Chưa có bản dịch
raglan_shirt,7,155,,Chưa có bản dịch
shirt_over_head,0,155,,Chưa có bản dịch
aramis_high_school_uniform,0,154,,Chưa có bản dịch
bridal_swimsuit,0,154,,Chưa có bản dịch
teacher_clothing,7,154,,Chưa có bản dịch
sleeve_tattoo,7,154,,Chưa có bản dịch
shoe_box,0,154,,Chưa có bản dịch
jouin_high_school_uniform,0,154,,Chưa có bản dịch
glistening_elbow_gloves,7,154,shiny_elbow_gloves,Chưa có bản dịch
shiny_leotard,0,153,,Chưa có bản dịch
banana_costume,0,153,,Chưa có bản dịch
swimwear_under_clothing,7,153,,Chưa có bản dịch
glistening_shirt,7,153,shiny_shirt,Chưa có bản dịch
clothes_on_shoulders,0,153,,Chưa có bản dịch
polka_dot_footwear,0,153,,Chưa có bản dịch
polka_dot_gloves,0,153,,Chưa có bản dịch
object_in_panties,0,153,,Chưa có bản dịch
bikini_theft,7,152,,Chưa có bản dịch
nekoma_volleyball_uniform,0,152,,Chưa có bản dịch
clothing_bulge,7,152,,Chưa có bản dịch
ironmouse_outfit_art_contest,0,152,,Chưa có bản dịch
facesitting_in_underwear,7,152,,Chưa có bản dịch
print_one-piece_swimsuit,0,152,,Chưa có bản dịch
erection_through_clothing,7,152,,Chưa có bản dịch
denim_bikini,0,152,,Chưa có bản dịch
nazi_uniform,7,152,,Chưa có bản dịch
padded_cloak,0,152,,Chưa có bản dịch
quick_shirt_(fate),0,152,quick_shirt,Chưa có bản dịch
uniform_vest,0,152,,Chưa có bản dịch
pulling_shirt,7,152,,Chưa có bản dịch
monotone_bikini,7,151,,Chưa có bản dịch
first_class_mage_uniform,0,151,,Chưa có bản dịch
face_panties,7,151,,Chưa có bản dịch
american_flag_skirt,0,151,,Chưa có bản dịch
playboy_bunny_vest,0,151,,Chưa có bản dịch
skin_tight_suit,7,151,,Chưa có bản dịch
rathalos_armor,7,151,,Chưa có bản dịch
plaid_underwear,7,151,,Chưa có bản dịch
sailor_moon_narikiri_bra_set,0,151,,Chưa có bản dịch
supervillain_costume,7,151,,Chưa có bản dịch
open_dress_shirt,7,150,,Chưa có bản dịch
tan_dress,7,150,,Chưa có bản dịch
unworn_leotard,0,150,,Chưa có bản dịch
utx_school_uniform,0,150,,Chưa có bản dịch
partial_bodysuit,0,150,,Chưa có bản dịch
camo_shorts,7,150,,Chưa có bản dịch
chrysos_heirs_school_uniform,0,150,,Chưa có bản dịch
nationale_volksarmee,0,150,"east_german_army,nva_uniform",Chưa có bản dịch
duffel_jacket,0,150,,Chưa có bản dịch
holohoneygaoka_high_school_uniform,0,150,,Chưa có bản dịch
tightrope,0,149,"tight-rope,tight_rope",Chưa có bản dịch
kasugayama_high_school_uniform,0,149,,Chưa có bản dịch
quilted_coat,0,149,,Chưa có bản dịch
pinstripe_shorts,0,149,,Chưa có bản dịch
harem_clothing,7,149,,Chưa có bản dịch
panty_roll,0,149,,Chưa có bản dịch
gold_bikini_top,7,149,,Chưa có bản dịch
single_mechanical_glove,0,149,,Chưa có bản dịch
clothing_ring,7,149,,Chưa có bản dịch
slip-on_shoes,0,149,,Chưa có bản dịch
drawstring_clothing,7,149,,Chưa có bản dịch
print_cloak,0,148,,Chưa có bản dịch
fur_shirt,0,148,,Chưa có bản dịch
fur_dress,0,148,,Chưa có bản dịch
large_shoes,0,148,,Giày lớn
magitek_armor,0,148,,Chưa có bản dịch
samurai_armor,7,148,,Chưa có bản dịch
layered_clothing,7,148,,Chưa có bản dịch
elegant_dress,7,148,,Chưa có bản dịch
wet_bra,0,147,,Chưa có bản dịch
outfit_connection,0,147,,Chưa có bản dịch
renaissance_clothes,0,147,,Chưa có bản dịch
gold_bikini_bottom,7,147,,Chưa có bản dịch
hachimitsu_academy_school_uniform,0,147,,Chưa có bản dịch
serendia_academy_school_uniform,0,147,,Chưa có bản dịch
otonokizaka_track_jacket,0,147,,Chưa có bản dịch
silver_boots,0,147,,Bốt màu bạc
fingerless_gloves_only,7,147,,Chưa có bản dịch
cherry_print_panties,0,147,,Chưa có bản dịch
rental_mommy_shirt,7,146,,Chưa có bản dịch
two_tone_vest,7,146,,Chưa có bản dịch
disappearing_clothing,7,146,,Chưa có bản dịch
discarded_shirt,7,146,,Chưa có bản dịch
erection_under_dress,7,145,,Chưa có bản dịch
green_elbow_gloves,7,145,green_elbow_glove,Chưa có bản dịch
feral_armor,7,145,,Chưa có bản dịch
white_bikini_bottom,7,145,,Chưa có bản dịch
ototachibana_academy_school_uniform,0,145,ototachibana_academy_uniform,Chưa có bản dịch
hobble_skirt,0,145,,Chưa có bản dịch
wings_through_clothes,0,145,,Chưa có bản dịch
angel's_swimsuit_(idolmaster),0,145,,Chưa có bản dịch
crew_socks,7,145,crew_cut_socks,Chưa có bản dịch
tight_pussy,7,145,,Chưa có bản dịch
house_ivenmoth_uniform,7,144,,Chưa có bản dịch
glorious_azure_costume_(umamusume),0,144,,Chưa có bản dịch
yellow_seam_underwear,7,144,,Chưa có bản dịch
yokosuka_girls_marine_high_school_swimsuit,0,144,,Chưa có bản dịch
coordinated_clothes_writing,0,144,"couple's_shirts,matching_clothes_writing",Chưa có bản dịch
himematsu_school_uniform,0,144,,Chưa có bản dịch
feathered_cape,0,144,,Chưa có bản dịch
unusual_heels,7,144,,Chưa có bản dịch
unbuttoned_dress,0,144,,Chưa có bản dịch
lace-up_thighhighs,0,144,,Chưa có bản dịch
clothes_iron,0,144,,Chưa có bản dịch
holding_cloak,0,143,,Chưa có bản dịch
floral_print_pants,0,143,,Chưa có bản dịch
tree_costume,0,143,,Chưa có bản dịch
folded_clothing,7,143,,Chưa có bản dịch
deer_costume,0,143,,Chưa có bản dịch
frottage_through_clothing,7,143,,Chưa có bản dịch
frilled_bodysuit,0,143,,Chưa có bản dịch
cloak_lift,0,143,,Chưa có bản dịch
split_dress,7,143,,Chưa có bản dịch
character_costume,0,143,,Chưa có bản dịch
starfish_bikini,0,143,,Chưa có bản dịch
ruffled_bikini,7,142,,Chưa có bản dịch
pride_color_socks,7,142,,Chưa có bản dịch
single_strap_clothing,7,142,,Chưa có bản dịch
sweaty_underwear,7,142,,Chưa có bản dịch
rolled_up_pants,7,142,,Chưa có bản dịch
boyfriend's_shirt_(tokimeki_no_mirai_chizu),0,142,,Chưa có bản dịch
kawakami_academy_school_uniform,0,142,kawakami_academy_uniform,Chưa có bản dịch
seio_girls'_academy_school_uniform,0,142,seio_girls'_academy_uniform,Chưa có bản dịch
red_fingerless_gloves,7,141,,Chưa có bản dịch
yoba_academy_school_uniform,0,141,,Chưa có bản dịch
sports_uniform,7,141,,Chưa có bản dịch
wearing_flag,7,141,,Chưa có bản dịch
light_armor,7,141,,Chưa có bản dịch
sleeves_tied_together,0,141,,Chưa có bản dịch
purple_fingerless_gloves,7,141,,Chưa có bản dịch
two-tone_apron,0,141,,Chưa có bản dịch
tactical_swimsuit,0,140,,Chưa có bản dịch
holding_skirt,7,140,,Chưa có bản dịch
tribal_armor,7,140,,Chưa có bản dịch
denim_shirt,0,140,,Chưa có bản dịch
hoof_heels,7,140,,Chưa có bản dịch
areola_visible_through_clothing,7,140,,Chưa có bản dịch
strawberry_pattern_panties,7,140,,Chưa có bản dịch
strawberry_pattern_underwear,7,140,,Chưa có bản dịch
tucked_shirt,7,140,,Chưa có bản dịch
fringe-trimmed_cape,0,140,,Chưa có bản dịch
venus_bikini,0,139,,Chưa có bản dịch
thumb_hole_sleeves,0,139,,Chưa có bản dịch
stocking_(psg)_(cosplay),0,139,,Chưa có bản dịch
burger_costume,0,139,,Chưa có bản dịch
tied_skirt,0,139,,Chưa có bản dịch
good_thighhighs_day,0,139,nice_knee_socks_day,Chưa có bản dịch
compass_uniform,0,139,,Chưa có bản dịch
nipples_through_clothes,7,139,,Chưa có bản dịch
yamaboshi_private_high_school_uniform,0,138,,Chưa có bản dịch
nevermore_academy_school_uniform,0,138,,Chưa có bản dịch
reflective_clothing,7,138,,Chưa có bản dịch
metal_boots,7,138,,Chưa có bản dịch
open_nipple_bra,7,138,,Chưa có bản dịch
frilled_robe,0,138,,Chưa có bản dịch
wearing_shirt,7,137,,Chưa có bản dịch
underwear_around_ankle,7,137,,Chưa có bản dịch
ordinal_scale_uniform_(sao),0,137,,Chưa có bản dịch
irken_clothing,7,137,,Chưa có bản dịch
team_aqua_uniform,0,137,,Chưa có bản dịch
clutching_clothes,0,137,,Chưa có bản dịch
second_wangan_school_uniform,0,137,,Chưa có bản dịch
snake_costume,0,137,,Chưa có bản dịch
leather_stockings,7,137,,Chưa có bản dịch
tomoeda_high_school_uniform,0,136,,Chưa có bản dịch
wing_armor,0,136,,Chưa có bản dịch
teal_bikini,7,136,,Chưa có bản dịch
chocolate_clothes,0,136,chocolate_clothing,Chưa có bản dịch
argyle_pants,0,136,,Chưa có bản dịch
white_garter,0,136,,Chưa có bản dịch
misono_gakuen_school_uniform,0,136,,Chưa có bản dịch
two_tone_fingerless_gloves,7,136,,Chưa có bản dịch
clothes_falling_off,7,136,falling_clothes,Chưa có bản dịch
latex_socks,7,136,rubber_socks,Chưa có bản dịch
panties_under_leotard,0,136,,Chưa có bản dịch
turtleneck_bikini_top,0,136,,Chưa có bản dịch
tomato_costume,0,135,,Chưa có bản dịch
panties_around_one_finger,0,135,,Chưa có bản dịch
panties_under_swimsuit,0,135,,Chưa có bản dịch
greek_armor,0,135,,Chưa có bản dịch
stirrup_clothing,7,135,,Chưa có bản dịch
tight_legwear,7,135,,Chưa có bản dịch
pattern_apron,7,135,,Chưa có bản dịch
a-line_dress,0,135,,Chưa có bản dịch
tan_shoes,7,135,,Chưa có bản dịch
water_dress,0,135,,Chưa có bản dịch
mask_bikini,0,134,,Chưa có bản dịch
thigh_socks_only,7,134,,Chưa có bản dịch
number_on_shirt,7,134,,Chưa có bản dịch
they're_not_panties,0,134,,Chưa có bản dịch
pseudo_clothing_down,7,134,,Chưa có bản dịch
nipple_stimulation_through_clothes,0,134,,Chưa có bản dịch
babyls_school_uniform,0,134,,Chưa có bản dịch
soap_shoes,0,133,,Chưa có bản dịch
hand_under_dress,0,133,,Chưa có bản dịch
rakuyo_high_school_uniform,0,133,,Chưa có bản dịch
camo_underwear,7,133,camouflage_underwear,Chưa có bản dịch
wrestler_costume,7,133,,Chưa có bản dịch
sock_garters,7,133,,Chưa có bản dịch
clothes_blanket,0,133,,Chưa có bản dịch
tennis_dress,0,133,,Chưa có bản dịch
tracen_ondo_outfit_(umamusume),0,133,,Chưa có bản dịch
drawstring_shorts,7,133,,Chưa có bản dịch
two_tone_leotard,7,132,,Chưa có bản dịch
startorch_academy_school_uniform,0,132,,Chưa có bản dịch
hand_in_another's_pants,0,132,,Chưa có bản dịch
princess_rosa_costume,0,132,,Chưa có bản dịch
trapped_in_sock,7,132,trapped_in_socks,Chưa có bản dịch
leotard_under_clothing,7,132,,Chưa có bản dịch
garter_belt_legwear,7,132,,Chưa có bản dịch
doctor's_coat,7,132,,Chưa có bản dịch
sharkini,0,132,"shark_bikini,shark_bite_bikini,shark_bite_swim_suit,shark_bite_swimsuit,shark_swim_suit,shark_swimsuit,sharkbite_bikini,sharkbite_swim_suit,sharkbite_swimsuit",Chưa có bản dịch
cutting_clothes,0,131,,Chưa có bản dịch
night_clothes,0,131,,Chưa có bản dịch
cape_clasp,0,131,,Chưa có bản dịch
sleeping_in_underwear,7,131,,Chưa có bản dịch
underwear_gag,7,131,,Chưa có bản dịch
american_flag_print_panties,0,131,american_flag_panties,Chưa có bản dịch
glove_ribbon,0,131,,Chưa có bản dịch
navy_uniform,7,131,,Chưa có bản dịch
star_harmony_academy_school_uniform,0,131,star_harmony_academy_uniform,Chưa có bản dịch
cross-laced_panties,0,131,,Chưa có bản dịch
star_panties,7,131,,Chưa có bản dịch
hot_dog_costume,0,131,,Chưa có bản dịch
soiling_clothing,7,131,,Chưa có bản dịch
asymmetrical_bikini,0,130,,Chưa có bản dịch
vermilion_city_school_uniform,0,130,chloe's_school_uniform_(pokemon),Chưa có bản dịch
shared_jacket,0,130,,Chưa có bản dịch
plaid_sweater,0,130,,Chưa có bản dịch
suggestive_clothing,7,130,,Chưa có bản dịch
cow_print_apron,0,130,,Chưa có bản dịch
wearing_sign,7,130,,Chưa có bản dịch
halter_bikini,7,130,,Chưa có bản dịch
monotone_bra,7,130,,Chưa có bản dịch
pseudo_dress,7,130,,Chưa có bản dịch
sandals_removed,7,129,,Chưa có bản dịch
tiered_skirt,0,129,,Chưa có bản dịch
dress_removed,7,129,,Chưa có bản dịch
yoga_shorts,0,129,,Chưa có bản dịch
fur-trimmed_hoodie,0,129,,Chưa có bản dịch
flushed_face_emoji_shirt_(meme),0,129,,Chưa có bản dịch
cumdrip_through_panties,0,129,,Chưa có bản dịch
team_plasma_uniform,0,128,,Chưa có bản dịch
sweaty_shirt,7,128,,Chưa có bản dịch
elbow_sleeves,7,128,,Chưa có bản dịch
two_tone_robe,7,128,,Chưa có bản dịch
white_straitjacket,7,128,"white_straight_jacket,white_straightjacket,white_strait_jacket",Chưa có bản dịch
satin_underwear,0,128,,Chưa có bản dịch
high_heel_sneakers,0,128,,Chưa có bản dịch
v-neck_shirt,7,128,,Chưa có bản dịch
damaged_armor,7,127,,Chưa có bản dịch
ineffective_underwear,7,127,,Chưa có bản dịch
light_underwear,7,127,,Chưa có bản dịch
torn_sports_bra,0,127,,Chưa có bản dịch
monkey_costume,0,127,,Chưa có bản dịch
orange_seam_underwear,7,127,,Chưa có bản dịch
checkered_socks,0,127,,Chưa có bản dịch
skin-colored_pantyhose,0,127,,Chưa có bản dịch
workout_outfit,7,127,,Chưa có bản dịch
akademeia_uniform,0,127,,Chưa có bản dịch
net_stockings,7,127,,Chưa có bản dịch
panty_(psg)_(cosplay),0,126,,Chưa có bản dịch
pig_costume,0,126,,Chưa có bản dịch
pink_sneakers,7,126,,Chưa có bản dịch
floral_print_shorts,0,126,,Chưa có bản dịch
fur_thighhighs,0,126,,Chưa có bản dịch
hibikino_high_school_uniform,0,126,,Chưa có bản dịch
traditional_dress,7,126,,Chưa có bản dịch
skirt_pocket,0,126,,Chưa có bản dịch
plaid_footwear,0,126,,Chưa có bản dịch
unusual_clothing,7,126,"exotic_clothing,exotic_wear",Chưa có bản dịch
edie_crop_hoodie,0,126,,Chưa có bản dịch
clothes_on_ground,7,126,,Chưa có bản dịch
penis_out_of_underwear,7,126,,Chưa có bản dịch
small_bikini,7,126,,Chưa có bản dịch
revealing_swimsuit_(dq),0,126,,Chưa có bản dịch
side-seamed_gloves,0,126,,Chưa có bản dịch
underwear_removed,7,125,,Chưa có bản dịch
sleveless_shirt,7,125,,Chưa có bản dịch
blue_fingerless_gloves,7,125,,Chưa có bản dịch
tsuganoki_second_junior_high_school_uniform,0,125,,Chưa có bản dịch
adjusting_shirt,0,125,,Chưa có bản dịch
adjusting_dress,0,125,,Chưa có bản dịch
pikarigaoka_middle_school_uniform,0,125,,Chưa có bản dịch
type_91_armor-piercing_shell,0,125,,Chưa có bản dịch
jindai_high_school_uniform,0,125,,Chưa có bản dịch
pants_undone,7,125,,Chưa có bản dịch
meister_otome_uniform,0,124,,Chưa có bản dịch
checkered_shoes,0,124,,Chưa có bản dịch
bikini_only,7,124,,Chưa có bản dịch
cropped_kimono,0,124,,Chưa có bản dịch
pink_dress_shirt,7,124,,Chưa có bản dịch
nearly_naked_coat,0,124,,Chưa có bản dịch
ultra_recon_squad_uniform,0,124,,Chưa có bản dịch
pokemon_panties,7,124,,Chưa có bản dịch
hebijo_academy_school_uniform_(new_link),0,123,,Chưa có bản dịch
white_knee_socks,7,123,,Chưa có bản dịch
spiked_sleeves,0,123,,Chưa có bản dịch
yellow_stockings,7,123,,Bít tất vàng
clothing_on_ground,7,123,,Chưa có bản dịch
santa_leotard,0,123,,Chưa có bản dịch
kikyo_private_academy_school_uniform,0,123,,Chưa có bản dịch
panties_over_leggings,0,123,,Chưa có bản dịch
puff_and_slash_shorts,0,123,,Chưa có bản dịch
glistening_bra,7,122,shiny_bra,Chưa có bản dịch
multi_breast_bikini,7,122,,Chưa có bản dịch
hogwarts_uniform,7,122,,Chưa có bản dịch
boot_worship,7,122,,Chưa có bản dịch
glowing_bodysuit,0,122,,Chưa có bản dịch
rainbow_shirt,0,122,,Chưa có bản dịch
armor_only,7,122,,Chưa có bản dịch
big_shoes,7,122,,Giày to
dark_gloves,7,122,,Găng tay sẫm
black_arm_garter,0,122,,Chưa có bản dịch
red_boxing_gloves,7,122,,Chưa có bản dịch
removing_socks,7,122,taking_off_socks,Chưa có bản dịch
ripped_underwear,7,122,,Chưa có bản dịch
sorashido_academy_school_uniform,0,122,,Chưa có bản dịch
spanish_clothes,0,122,,Chưa có bản dịch
cross-laced_vest,0,122,,Chưa có bản dịch
discarded_shoes,7,121,,Chưa có bản dịch
leaf_shirt,0,121,,Chưa có bản dịch
translucent_leotard,7,121,,Chưa có bản dịch
open_lab_coat,7,121,,Chưa có bản dịch
tight_space,7,121,,Chưa có bản dịch
red_outfit,7,121,,Chưa có bản dịch
velcro_footwear,0,121,,Chưa có bản dịch
wet_kimono,0,121,,Chưa có bản dịch
panties_around_toe,0,121,,Chưa có bản dịch
cumdrip_through_clothes,0,120,,Chưa có bản dịch
washing_clothes,0,120,,Chưa có bản dịch
folk_clothes,7,120,,Chưa có bản dịch
compression_shorts,7,120,,Chưa có bản dịch
tsukinaga_academy_school_uniform,0,120,,Chưa có bản dịch
discarded_pants,7,120,,Chưa có bản dịch
jacket_over_head,0,120,,Chưa có bản dịch
penetration_through_clothing,7,120,,Chưa có bản dịch
vibrator_under_swimsuit,0,119,,Chưa có bản dịch
grid_skirt,0,119,,Chưa có bản dịch
clothes_sex,7,119,,Chưa có bản dịch
native_american_clothing,7,119,,Chưa có bản dịch
border_operator_uniform_(world_trigger),0,119,,Chưa có bản dịch
unzipped_clothing,7,119,,Chưa có bản dịch
elephant_costume,0,119,elephant_suit,Chưa có bản dịch
glove_cuffs,0,119,,Chưa có bản dịch
fluffy_clothing,7,119,,Chưa có bản dịch
orange_stockings,7,119,,Bít tất cam
leaf_panties,0,119,,Chưa có bản dịch
shrinking_out_of_clothes,7,119,,Chưa có bản dịch
black_straitjacket,7,119,"black_straight_jacket,black_straightjacket,black_strait_jacket",Chưa có bản dịch
babydoll_t-shirt,0,119,,Chưa có bản dịch
zipper_jacket,7,119,,Chưa có bản dịch
seed_uniform_(ff8),0,119,,Chưa có bản dịch
panties_on_face,7,119,,Chưa có bản dịch
bonple_military_uniform,0,119,,Chưa có bản dịch
watermelon_bikini,7,119,,Chưa có bản dịch
nine_ball_maid_uniform,0,118,,Chưa có bản dịch
button_underwear,7,118,,Chưa có bản dịch
blue_outfit,7,118,,Chưa có bản dịch
flare_pants,7,118,,Chưa có bản dịch
battle_armor,7,118,,Chưa có bản dịch
st._spica_school_uniform,0,118,,Chưa có bản dịch
object_in_bra,0,118,,Chưa có bản dịch
nijisanji_fes_t-shirt,0,118,,Chưa có bản dịch
shoe_strap,0,118,,Chưa có bản dịch
zwei_association_south_uniform,0,118,zwei_south_(identity)_(project_moon),Chưa có bản dịch
african_clothes,0,117,,Chưa có bản dịch
ski_boots,0,117,,Chưa có bản dịch
80s_clothing,7,117,,Chưa có bản dịch
amanogawa_high_school_uniform,0,117,,Chưa có bản dịch
spiked_bra,0,117,,Chưa có bản dịch
flapper_dress,7,117,,Chưa có bản dịch
stripper_clothes,7,117,,Chưa có bản dịch
taut_jacket,0,117,,Chưa có bản dịch
frog_print_panties,0,117,frog_panties,Chưa có bản dịch
shared_cape,0,117,,Chưa có bản dịch
impossible_shorts,0,117,,Chưa có bản dịch
floral_print_apron,0,117,,Chưa có bản dịch
panty_dangle,0,117,,Chưa có bản dịch
pumpkin-shaped_pants,0,117,,Chưa có bản dịch
latex_uniform,7,116,,Chưa có bản dịch
money_in_garter,7,116,,Chưa có bản dịch
taut_pants,0,116,,Chưa có bản dịch
pinstripe_sleeves,0,116,,Chưa có bản dịch
hand_in_own_pantyhose,0,116,,Chưa có bản dịch
clothing_between_breasts,7,116,,Chưa có bản dịch
clothing_scraps,7,116,,Chưa có bản dịch
red_panda_costume,0,116,,Chưa có bản dịch
vertical-striped_footwear,0,116,,Chưa có bản dịch
blood_on_shirt,7,116,,Chưa có bản dịch
neck_armor,0,116,,Chưa có bản dịch
yd_dancer_outfit,0,115,,Chưa có bản dịch
pantyhose_under_leotard,0,115,,Chưa có bản dịch
top_in_heels,7,115,,Chưa có bản dịch
nearly_naked_shirt,0,115,,Chưa có bản dịch
monotone_apron,7,115,,Chưa có bản dịch
marehoshi_academy_school_uniform,0,115,,Chưa có bản dịch
aihara_academy_school_uniform,0,115,,Chưa có bản dịch
shoulderless_clothing,7,115,,Chưa có bản dịch
sleeveless_robe,0,114,,Chưa có bản dịch
shirt_straps,0,114,,Chưa có bản dịch
single-shoulder_bikini,0,114,,Chưa có bản dịch
translucent_pants,7,114,,Chưa có bản dịch
penis_through_clothing,7,114,,Chưa có bản dịch
holding_apron,0,114,,Chưa có bản dịch
footjob_through_clothing,7,114,,Chưa có bản dịch
nijigasaki_track_jacket,0,114,,Chưa có bản dịch
high_heeled_sneakers,7,114,sneaker_high_heels,Chưa có bản dịch
low_cut_shirt,7,114,,Chưa có bản dịch
frayed_clothes,0,114,,Chưa có bản dịch
zipper_shorts,0,114,,Chưa có bản dịch
floppy_sleeves,0,114,,Chưa có bản dịch
penis_in_another's_thighhigh,0,114,,Chưa có bản dịch
finger_in_underwear,7,114,,Chưa có bản dịch
ruffled_underwear,7,114,,Chưa có bản dịch
shuuchikan_academy_school_uniform,0,113,shuuchikan_academy_uniform,Chưa có bản dịch
houjou_high_school_uniform,0,113,,Chưa có bản dịch
pantyhose_cutout,0,113,,Chưa có bản dịch
clothed_female_underwear_female,0,113,,Chưa có bản dịch
pride_color_bikini,7,113,,Chưa có bản dịch
colored_seam_clothing,7,113,,Chưa có bản dịch
samurai_jacket_(cyberpunk),0,113,,Chưa có bản dịch
devyat'_association_north_uniform,0,113,devyat_association_(identity)_(project_moon),Chưa có bản dịch
tent_dress,0,113,,Chưa có bản dịch
perspective-incorrect_clothing,7,113,,Chưa có bản dịch
black_vinegar_middle_school_uniform,0,113,,Chưa có bản dịch
glistening_panties,7,113,shiny_panties,Chưa có bản dịch
fur_vest,0,112,,Chưa có bản dịch
roubai_academy_school_uniform_(new),0,112,,Chưa có bản dịch
frankenstein_costume,7,112,,Chưa có bản dịch
heart_keyhole_panties,7,112,,Chưa có bản dịch
panties_transformation,7,111,,Chưa có bản dịch
single_ankle_boot,0,111,,Chưa có bản dịch
boot_straps,0,111,,Chưa có bản dịch
cardigan_pull,0,111,,Chưa có bản dịch
maid_one-piece_swimsuit,0,111,maid_swimsuit,Chưa có bản dịch
brazilian_flag_bikini,0,111,,Chưa có bản dịch
puffy_jacket,7,111,,Chưa có bản dịch
wearing_crown,7,111,,Chưa có bản dịch
impossible_skirt,0,111,,Chưa có bản dịch
coat_around_waist,0,111,,Chưa có bản dịch
niedersachsen_military_uniform,0,111,,Chưa có bản dịch
nerv_uniform,0,110,,Chưa có bản dịch
jet_boots,0,110,,Chưa có bản dịch
zwei_association_west_uniform,0,110,"zwei_association_west_(identity)_(project_moon),zwei_west_(identity)_(project_moon)",Chưa có bản dịch
two-sided_shirt,0,110,,Chưa có bản dịch
oral_through_clothing,7,110,,Chưa có bản dịch
senjougahara_hitagi_skirt_lift_pose,0,110,,Chưa có bản dịch
succubus_costume,7,110,,Chưa có bản dịch
bikini_lift,7,110,,Chưa có bản dịch
multicolored_sandals,0,110,multi_tone_sandals,Chưa có bản dịch
holding_unworn_boot,0,110,,Chưa có bản dịch
ruffled_panties,7,110,,Chưa có bản dịch
urine_through_clothing,7,109,,Chưa có bản dịch
falconry_glove,0,109,,Chưa có bản dịch
panties_on_breasts,0,109,,Chưa có bản dịch
balls_in_clothing,7,109,,Chưa có bản dịch
evening_dress,7,109,,Chưa có bản dịch
tan_panties,7,109,beige_panties,Chưa có bản dịch
green_dress_shirt,7,109,,Chưa có bản dịch
winged_gloves,0,109,,Chưa có bản dịch
two_tone_cape,7,109,,Chưa có bản dịch
magic_clothing,7,109,,Chưa có bản dịch
opening_shirt,7,109,,Chưa có bản dịch
exceeds_uniform,0,109,,Chưa có bản dịch
hand_on_underwear,7,109,,Chưa có bản dịch
blue_lock_bodysuit,0,109,,Chưa có bản dịch
paw_underwear,7,109,,Chưa có bản dịch
camouflage_panties,0,108,,Chưa có bản dịch
naked_vest,0,108,,Chưa có bản dịch
plaid_one-piece_swimsuit,0,108,,Chưa có bản dịch
roller_shoes,0,108,,Chưa có bản dịch
throwing_clothing,7,108,,Chưa có bản dịch
bowser_logo_underwear,7,108,,Chưa có bản dịch
two-tone_sandals,0,108,,Chưa có bản dịch
monotone_boots,7,108,"mono-tone_boot,mono-tone_boots,mono_tone_boot,mono_tone_boots,monotone_boot",Chưa có bản dịch
hoshinomiya_girls'_high_school_uniform,0,108,,Chưa có bản dịch
see-through_robe,0,108,,Chưa có bản dịch
folding_clothes,0,108,,Chưa có bản dịch
panties_around_tail,0,108,,Chưa có bản dịch
ashford_academy_swimsuit,0,108,,Chưa có bản dịch
ribbed_jacket,0,108,,Chưa có bản dịch
tan_boots,7,107,,Chưa có bản dịch
holiday_clothing,7,107,,Chưa có bản dịch
excalibur_academy_school_uniform,0,107,excalibur_academy_uniform,Chưa có bản dịch
taoist_robe,0,107,,Chưa có bản dịch
tail_sleeve,7,107,,Chưa có bản dịch
tail_sock,7,107,,Chưa có bản dịch
dress_slip,0,107,,Chưa có bản dịch
finger_in_glove,0,107,,Chưa có bản dịch
monotone_thigh_socks,7,107,,Chưa có bản dịch
ribbed_skirt,0,107,,Chưa có bản dịch
raccoon_costume,0,106,,Chưa có bản dịch
micro_sling_bikini,7,106,,Chưa có bản dịch
ayanokouji_martial_arts_school_uniform,0,106,,Chưa có bản dịch
slingshot_swimsuit_pull,0,106,,Chưa có bản dịch
black_uniform,7,106,,Chưa có bản dịch
bra_lines,7,106,,Chưa có bản dịch
hand_in_bra,0,106,,Chưa có bản dịch
work_boots,0,106,,Chưa có bản dịch
stained_bra,0,106,,Chưa có bản dịch
kitami_hokuryo_high_school_uniform,0,106,,Chưa có bản dịch
piyo_piyo_apron,0,106,,Chưa có bản dịch
skirt_aside,0,106,,Chưa có bản dịch
skirt_tied_over_head,0,106,,Chưa có bản dịch
fishnet_bikini,0,106,mesh_bikini,Chưa có bản dịch
single_unworn_boot,0,106,,Chưa có bản dịch
underwear_around_tail,7,105,,Chưa có bản dịch
studded_clothing,7,105,,Chưa có bản dịch
wide-leg_pants,0,105,,Chưa có bản dịch
pokemon_ranger_uniform,0,105,,Chưa có bản dịch
licking_shoe,0,105,,Chưa có bản dịch
kazakh_clothes,0,105,,Chưa có bản dịch
sage_outfit_(fire_emblem_engage),0,105,,Chưa có bản dịch
pattern_jacket,7,105,,Chưa có bản dịch
footwear_ornament,0,105,,Chưa có bản dịch
white_fingerless_gloves,7,105,,Chưa có bản dịch
ballet_leotard,7,105,,Chưa có bản dịch
pawprint_clothing,7,105,,Chưa có bản dịch
micro_in_underwear,7,105,,Chưa có bản dịch
brown_garter_straps,0,105,,Chưa có bản dịch
eyepatch_slingshot_swimsuit,0,105,,Chưa có bản dịch
hakuho_high_school_uniform,0,104,,Chưa có bản dịch
invisible_shoes,0,104,,Chưa có bản dịch
multiple_panties,0,104,,Chưa có bản dịch
leather_shirt,0,104,,Chưa có bản dịch
tuxedo_jacket,0,104,,Chưa có bản dịch
multi-strapped_swimsuit,0,104,,Chưa có bản dịch
army_clothing,7,104,,Chưa có bản dịch
boot_licking,7,104,,Chưa có bản dịch
pareo_swimsuit_(fire_emblem_engage),0,104,,Chưa có bản dịch
hung_clothing,7,104,,Chưa có bản dịch
laminar_armor,7,104,,Chưa có bản dịch
ejaculation_on_worn_panties,7,104,,Chưa có bản dịch
black_sling_bikini,7,104,,Chưa có bản dịch
cat_bra,0,104,,Chưa có bản dịch
cross-laced_sweater,0,104,,Chưa có bản dịch
oversized_footwear,0,103,,Chưa có bản dịch
postal_uniform,7,103,,Chưa có bản dịch
black_knee_socks,7,103,,Chưa có bản dịch
button_skirt,7,103,,Chưa có bản dịch
stacked_clothes_dryer,0,103,,Chưa có bản dịch
discarded_bikini,7,103,,Chưa có bản dịch
snowman_costume,0,103,,Chưa có bản dịch
adjusting_apron,0,103,,Chưa có bản dịch
sticker_on_clothes,0,103,,Chưa có bản dịch
tsubame_nishi_high_school_uniform,0,103,,Chưa có bản dịch
satin_clothes,0,102,,Chưa có bản dịch
touching_underwear,7,102,,Chưa có bản dịch
yukata_lift,0,102,,Chưa có bản dịch
cracked_armor,0,102,,Chưa có bản dịch
raised_bikini,7,102,bikini_raised,Chưa có bản dịch
power_gloves,0,102,,Chưa có bản dịch
holy_night_dress_(idolmaster),0,102,,Chưa có bản dịch
side_slit_skirt,7,102,,Chưa có bản dịch
glass_footwear,0,102,,Chưa có bản dịch
very_long_cape,0,102,,Chưa có bản dịch
single_unworn_shoe,0,102,,Chưa có bản dịch
camouflage_gloves,0,102,,Chưa có bản dịch
jacket_on_arm,0,102,,Chưa có bản dịch
ghostbusters_uniform,0,102,,Chưa có bản dịch
skirt_removed,7,101,,Chưa có bản dịch
panties_over_clothes,0,101,,Chưa có bản dịch
silver_leotard,0,101,,Chưa có bản dịch
paw_panties,7,101,,Chưa có bản dịch
minotsuki_academy_school_uniform,0,101,,Chưa có bản dịch
beauty_swimsuit_(idolmaster),0,101,,Chưa có bản dịch
loose_panties,0,101,,Chưa có bản dịch
yellow_elbow_gloves,7,101,yellow_elbow_glove,Chưa có bản dịch
indigo_academy_school_uniform,0,101,indigo_academy_uniform,Chưa có bản dịch
koala_forest_military_uniform,0,101,,Chưa có bản dịch
impossible_pants,0,101,,Chưa có bản dịch
two_tone_heels,7,101,,Chưa có bản dịch
white_shirt_collar,7,101,,Chưa có bản dịch
white_uniform,7,101,,Chưa có bản dịch
monotone_cloak,7,101,,Chưa có bản dịch
sweater_partially_tucked_in,0,101,,Chưa có bản dịch
tatenashi_high_school_uniform,0,101,,Chưa có bản dịch
bra_clasp,7,100,,Chưa có bản dịch
leather_bra,0,100,,Chưa có bản dịch
tight_speedo,7,100,,Chưa có bản dịch
trapeze_dress,0,100,,Chưa có bản dịch
green_outfit,7,100,,Chưa có bản dịch
sketchbook_full_colors's_school_uniform,0,100,,Chưa có bản dịch
ainu_clothing,7,100,,Chưa có bản dịch
black_knee_boots,7,100,,Chưa có bản dịch
crab_stealing_clothing,7,100,,Chưa có bản dịch
lace-trimmed_jacket,0,100,,Chưa có bản dịch
pulling_down_shorts,7,100,,Chưa có bản dịch
angel_leotard,0,100,,Chưa có bản dịch
pom_shirt,7,100,,Chưa có bản dịch
multi-strapped_dress,0,100,,Chưa có bản dịch
striped_bikini_top,7,100,,Chưa có bản dịch
bikini_top_peek,0,100,,Chưa có bản dịch
ousai_private_academy_school_uniform,0,100,,Chưa có bản dịch
pantyhose_lift,0,99,,Chưa có bản dịch
taiyou_gakuen_uniform,0,99,,Chưa có bản dịch
criss-cross_bikini,7,99,,Chưa có bản dịch
flower-trimmed_bra,0,99,,Chưa có bản dịch
soleless_footwear,7,99,,Chưa có bản dịch
spotted_panties,7,99,,Chưa có bản dịch
pants_on_floor,7,99,,Chưa có bản dịch
diagonal-striped_thighhighs,0,99,,Chưa có bản dịch
tight_thigh_highs,7,99,,Chưa có bản dịch
plant_dress,7,99,,Chưa có bản dịch
ribbon-trimmed_coat,0,99,,Chưa có bản dịch
teal_footwear,7,99,,Chưa có bản dịch
cum_on_shoe,0,99,,Chưa có bản dịch
mihoshi_academy_school_uniform,0,99,mihoshi_academy_uniform,Chưa có bản dịch
asymmetrical_coat,0,99,,Chưa có bản dịch
ryoujoku_school_uniform,0,99,,Chưa có bản dịch
green_sneakers,7,99,,Chưa có bản dịch
wringing_dress,0,98,,Chưa có bản dịch
flight_jacket,7,98,,Chưa có bản dịch
layered_armor,0,98,,Chưa có bản dịch
argyle_clothing,7,98,argyll_clothing,Chưa có bản dịch
panties_on_floor,7,98,,Chưa có bản dịch
kita_high_school_uniform_(tsui_no_sora_(remake)),0,98,,Chưa có bản dịch
backless_sweater,0,98,,Chưa có bản dịch
german_national_soccer_team_uniform,0,98,,Chưa có bản dịch
thors_military_academy_school_uniform,0,97,thors_military_academy_uniform,Chưa có bản dịch
polish_clothes,0,97,,Chưa có bản dịch
kashima_high_school_uniform,0,97,,Chưa có bản dịch
o-ring_legwear_garter,0,97,,Chưa có bản dịch
patriotic_clothing,7,97,,Chưa có bản dịch
ichigo_junior_high_uniform,0,97,,Chưa có bản dịch
checkered_bra,0,97,,Chưa có bản dịch
group_costume_switch,0,97,,Chưa có bản dịch
vibrator_under_pantyhose,0,97,,Chưa có bản dịch
thighhigh_dangle,0,97,,Chưa có bản dịch
bodysuit_aside,0,97,,Chưa có bản dịch
monotone_elbow_gloves,7,97,,Chưa có bản dịch
high-waist_bikini,0,97,,Chưa có bản dịch
holding_socks,7,97,,Chưa có bản dịch
lace_skirt,0,96,,Chưa có bản dịch
cyberpunk_clothes,7,96,,Chưa có bản dịch
short_sleeve_hoodie,7,96,,Chưa có bản dịch
two-tone_slingshot_swimsuit,0,96,,Chưa có bản dịch
mechanical_skirt,0,96,,Chưa có bản dịch
erection_under_shorts,7,96,,Chưa có bản dịch
malaysian_secondary_school_uniform,0,96,,Chưa có bản dịch
side-tie_costume,0,96,,Chưa có bản dịch
touching_own_panties,7,96,,Chưa có bản dịch
oversized_coat,0,96,baggy_coat,Chưa có bản dịch
clothing_in_condom,7,96,,Chưa có bản dịch
leotard_peel,0,96,,Chưa có bản dịch
apron_basket,0,96,,Chưa có bản dịch
footwear_bell,0,96,,Chưa có bản dịch
armor_skirt,0,96,,Chưa có bản dịch
american_flag_clothing,7,96,,Chưa có bản dịch
sex_under_clothing,7,95,,Chưa có bản dịch
star_underwear,7,95,,Chưa có bản dịch
canadian_flag_bikini,0,95,,Chưa có bản dịch
padded_vest,0,95,,Chưa có bản dịch
holding_bikini_bottom,7,95,,Chưa có bản dịch
holding_hoodie,0,95,,Chưa có bản dịch
zombie_costume,0,95,,Chưa có bản dịch
cinq_association_west_uniform,0,95,,Chưa có bản dịch
collared_bikini,0,95,,Chưa có bản dịch
butt_keyhole_panties,7,95,,Chưa có bản dịch
costume_party,7,95,,Chưa có bản dịch
handjob_under_clothes,0,95,,Chưa có bản dịch
yumizuki_imperial_high_school_uniform,0,95,,Chưa có bản dịch
fellatio_through_clothes,0,95,,Chưa có bản dịch
black_yoga_pants,7,94,,Chưa có bản dịch
dahlia_academy_boarding_school_uniform,0,94,,Chưa có bản dịch
tribadism_through_clothing,7,94,,Chưa có bản dịch
black_leather_jacket,7,94,,Chưa có bản dịch
high_heeled_boots_only,7,94,,Chưa có bản dịch
clothing_bite,7,94,,Chưa có bản dịch
black_bike_shorts,0,94,,Chưa có bản dịch
southern_cross_academy_school_uniform,0,94,southern_cross_academy_uniform,Chưa có bản dịch
book_skirt,0,94,,Chưa có bản dịch
glistening_skirt,7,94,,Chưa có bản dịch
golden_high_heels,7,94,gold_high_heels,Chưa có bản dịch
monotone_jacket,7,94,,Chưa có bản dịch
team_flare_uniform,0,93,,Chưa có bản dịch
underwear_on_floor,7,93,,Chưa có bản dịch
underwear_outline,7,93,,Chưa có bản dịch
combat_shirt,0,93,,Chưa có bản dịch
gradient_leotard,0,93,,Chưa có bản dịch
plaid_male_underwear,0,93,,Chưa có bản dịch
lace-up_heels,0,93,laceup_heels,Chưa có bản dịch
black_gym_shorts,7,93,,Chưa có bản dịch
yuigaoka_music_program_school_uniform,0,93,,Chưa có bản dịch
vest_pouch,0,93,,Chưa có bản dịch
exploding_clothing,7,93,,Chưa có bản dịch
cum_on_stockings,7,93,,Chưa có bản dịch
looking_at_underwear,7,93,,Chưa có bản dịch
animal_shoes,0,93,,Giày động vật
funeral_kimono,0,93,,Chưa có bản dịch
precum_on_clothing,7,93,,Chưa có bản dịch
footjob_with_sandals,0,92,sandaljob,Chưa có bản dịch
soiled_panties,7,92,,Chưa có bản dịch
gradient_clothing,7,92,,Chưa có bản dịch
australian_flag_bikini,0,92,,Chưa có bản dịch
saddle_shoes,0,92,,Chưa có bản dịch
tan_t-shirt,7,92,,Chưa có bản dịch
camouflage_dress,0,92,,Chưa có bản dịch
santa_bra,0,92,,Chưa có bản dịch
holding_jacket,7,92,,Chưa có bản dịch
pants_off,7,92,,Chưa có bản dịch
tearing_shirt,7,92,,Chưa có bản dịch
multicolored_sneakers,7,92,yellow_and_black_sneakers,Chưa có bản dịch
zipper_hoodie,7,92,,Chưa có bản dịch
grey_garter_straps,0,92,,Chưa có bản dịch
open_back_dress,7,92,,Chưa có bản dịch
fuzzy_clothes,0,92,,Chưa có bản dịch
kosho_academy_school_uniform,0,92,koushou_academy_school_uniform,Chưa có bản dịch
bra_tug,0,92,,Chưa có bản dịch
seitetsu_academy_school_uniform,0,92,seitetsu_academy_uniform,Chưa có bản dịch
brown_high_heels,7,91,brown_heels,Chưa có bản dịch
fringe_clothing,7,91,,Chưa có bản dịch
short_apron,0,91,,Chưa có bản dịch
spanish_national_soccer_team_uniform,0,91,,Chưa có bản dịch
checkered_gloves,0,91,,Chưa có bản dịch
print_footwear,7,91,,Chưa có bản dịch
panties_around_feet,0,91,,Chưa có bản dịch
floating_jacket,0,91,,Chưa có bản dịch
white_santa_costume,0,91,,Chưa có bản dịch
go-go_boots,7,91,,Chưa có bản dịch
kuho_girls_academy_school_uniform,0,91,,Chưa có bản dịch
vspo!_matching_outfit,0,91,,Chưa có bản dịch
fancy_dress,7,90,,Chưa có bản dịch
open_toe_shoes,7,90,,Chưa có bản dịch
shell_jacket,0,90,,Chưa có bản dịch
tsukishima_general_high_school_uniform,0,90,,Chưa có bản dịch
casual_outfit,7,90,,Chưa có bản dịch
hole_in_pants,7,90,,Chưa có bản dịch
two_tone_armor,7,90,,Chưa có bản dịch
ohtori_academy_school_uniform,0,90,,Chưa có bản dịch
red_thigh_boots,7,90,,Chưa có bản dịch
kitten_heels,0,90,,Chưa có bản dịch
maternity_dress,0,90,,Chưa có bản dịch
suit_vest,7,90,,Chưa có bản dịch
shadowbolts_uniform,7,90,,Chưa có bản dịch
training_pants,7,90,,Chưa có bản dịch
birthday_jacket_(twisted_wonderland),0,90,,Chưa có bản dịch
seisen_school_uniform,0,90,,Chưa có bản dịch
green_garter_belt,0,90,,Chưa có bản dịch
polka_dot_clothing,7,90,,Chưa có bản dịch
nargacuga_armor,7,89,,Chưa có bản dịch
blood_on_sleeves,0,89,,Chưa có bản dịch
hand_in_clothes,0,89,,Chưa có bản dịch
face_underwear,7,89,,Chưa có bản dịch
lying_on_clothes,0,89,,Chưa có bản dịch
santa_cape,0,89,,Chưa có bản dịch
hatsuboshi_gakuen_gym_uniform,0,89,,Chưa có bản dịch
green_santa_costume,0,89,,Chưa có bản dịch
bellwall_school_uniform,0,89,,Chưa có bản dịch
pinstripe_socks,0,89,,Chưa có bản dịch
spoken_clothes,0,89,,Chưa có bản dịch
text_on_gloves,7,89,,Chưa có bản dịch
cross-laced_bra,0,89,,Chưa có bản dịch
ignihyde_dorm_uniform,0,89,,Chưa có bản dịch
sex_through_torn_clothes,0,89,,Chưa có bản dịch
fantasy_clothing,7,89,,Chưa có bản dịch
tan_coat,7,89,,Chưa có bản dịch
fukurodani_volleyball_uniform,0,89,,Chưa có bản dịch
teal_jacket,7,89,,Chưa có bản dịch
front-button_underwear,7,89,,Chưa có bản dịch
in_shoe,0,89,,Chưa có bản dịch
leather_panties,0,89,,Chưa có bản dịch
grabbing_another's_dress,0,89,dress_grab,Chưa có bản dịch
paradise_private_academy_school_uniform,0,89,,Chưa có bản dịch
kotonohatoh_uniform,0,89,,Chưa có bản dịch
old-fashioned_swimsuit,0,89,,Chưa có bản dịch
coat_hook,7,88,,Chưa có bản dịch
st._lulim_school_uniform,0,88,,Chưa có bản dịch
high-waist_panties,0,88,,Chưa có bản dịch
name_on_clothing,7,88,,Chưa có bản dịch
aoba_johsai_volleyball_uniform,0,88,,Chưa có bản dịch
spotted_skirt,0,88,,Chưa có bản dịch
lace-trimmed_shirt_collar,0,88,,Chưa có bản dịch
green_thigh_socks,7,88,,Chưa có bản dịch
inside_sock,7,88,,Chưa có bản dịch
dark_dress,7,88,,Váy sẫm
text_on_shoes,7,88,,Chưa có bản dịch
panties_over_bodysuit,0,88,,Chưa có bản dịch
frayed_skirt,0,88,,Chưa có bản dịch
duck_costume,0,88,,Chưa có bản dịch
one_boot_on,7,88,,Chưa có bản dịch
floral_print_gloves,0,88,,Chưa có bản dịch
two_tone_coat,7,88,,Chưa có bản dịch
hockey_sweater,0,87,,Chưa có bản dịch
pink_fingerless_gloves,7,87,,Chưa có bản dịch
licking_panties,0,87,panty_licking,Chưa có bản dịch
tanker_jacket,0,87,,Chưa có bản dịch
dark_shoes,7,87,,Giày sẫm
biting_another's_clothes,0,87,,Chưa có bản dịch
feather-trimmed_cape,0,87,,Chưa có bản dịch
ahnenerbe_shop_uniform,0,87,,Chưa có bản dịch
shoulder_cape,7,87,,Chưa có bản dịch
sleeve_pushed_up,0,87,,Chưa có bản dịch
purple_outfit,7,87,,Chưa có bản dịch
winged_sandals,0,87,,Chưa có bản dịch
bulge_through_clothing,7,87,,Chưa có bản dịch
frilled_cardigan,0,87,,Chưa có bản dịch
ninomiya_squad's_uniform,0,87,,Chưa có bản dịch
maginot_military_uniform,0,87,,Chưa có bản dịch
gingham_sleeves,0,87,,Chưa có bản dịch
pants_aside,7,87,,Chưa có bản dịch
tentacle_clothing,7,87,,Chưa có bản dịch
team_rainbow_rocket_uniform,0,87,,Chưa có bản dịch
rolled_up_shirt,7,86,,Chưa có bản dịch
french_clothes,0,86,,Chưa có bản dịch
pants_(marking),7,86,,Chưa có bản dịch
apron_grab,0,86,,Chưa có bản dịch
puffer_jacket,7,86,,Chưa có bản dịch
rouge_costume,7,86,,Chưa có bản dịch
orange_elbow_gloves,7,86,orange_elbow_glove,Chưa có bản dịch
bikini_jeans,0,86,,Chưa có bản dịch
hoodie_pull,0,86,,Chưa có bản dịch
vaginal_fluids_on_clothing,7,86,pussy_juice_on_clothing,Chưa có bản dịch
pasties_under_clothes,0,86,,Chưa có bản dịch
gothic_plate_armor,0,86,,Chưa có bản dịch
kirarigaoka_middle_school_uniform,0,86,,Chưa có bản dịch
seijou_academy_school_uniform,0,86,seijou_academy_uniform,Chưa có bản dịch
bedroom_clothing,7,86,,Chưa có bản dịch
ribbed_pants,0,85,,Chưa có bản dịch
gradient_hoodie,0,85,,Chưa có bản dịch
flag_underwear,7,85,,Chưa có bản dịch
teal_panties,7,85,,Chưa có bản dịch
small_shirt,7,85,,Áo sơ mi nhỏ
emoticon_on_clothing,7,85,,Chưa có bản dịch
empty_sleeve,0,85,,Chưa có bản dịch
unzipping_pants,7,85,,Chưa có bản dịch
white_polo_shirt,7,85,,Chưa có bản dịch
sneaker_boots,7,85,,Chưa có bản dịch
sankyoin_academy_school_uniform,0,85,sankyouin_academy_school_uniform,Chưa có bản dịch
cotton_panties,0,85,,Chưa có bản dịch
detailed_clothing,7,85,,Chưa có bản dịch
victorian_clothing,7,85,,Chưa có bản dịch
tight_hug,7,85,,Chưa có bản dịch
blush_visible_through_clothes,0,85,,Chưa có bản dịch
chinese_track_school_uniform,0,85,,Chưa có bản dịch
exposed_bra,7,85,,Chưa có bản dịch
tanga_panties,0,85,,Chưa có bản dịch
bat_costume,0,85,,Chưa có bản dịch
outfit_reference,7,85,,Chưa có bản dịch
thief_outfit,7,84,,Chưa có bản dịch
skull_panties,7,84,,Chưa có bản dịch
yellow_sneakers,7,84,,Chưa có bản dịch
feather_skirt,0,84,,Chưa có bản dịch
hoodie_tug,0,84,,Chưa có bản dịch
sleeveless_vest,7,84,,Chưa có bản dịch
tearing_underwear,7,84,,Chưa có bản dịch
pride_color_thigh_socks,7,84,,Chưa có bản dịch
cow_outfit,7,84,,Chưa có bản dịch
open_underwear,7,84,,Chưa có bản dịch
camouflage_hoodie,0,84,,Chưa có bản dịch
fishnet_shorts,0,84,,Chưa có bản dịch
footwear_without_bottomwear,7,84,,Chưa có bản dịch
argyle_bikini,0,84,,Chưa có bản dịch
pokemon_clothing,7,84,pokémon_clothing,Chưa có bản dịch
breast_armor,7,84,,Chưa có bản dịch
tight_sweater,7,84,,Chưa có bản dịch
soleless_heels,7,84,,Chưa có bản dịch
shinigami_uniform,7,84,,Chưa có bản dịch
maihama_minami_high_school_uniform,0,84,,Chưa có bản dịch
revealing_shirt,7,83,,Chưa có bản dịch
ribbon-trimmed_footwear,0,83,,Chưa có bản dịch
cape_tug,0,83,,Chưa có bản dịch
lace_underwear,7,83,,Chưa có bản dịch
holding_sweater,0,83,,Chưa có bản dịch
jacket_over_jacket,0,83,,Chưa có bản dịch
pseudo_clothing_removed,7,83,,Chưa có bản dịch
wet_leotard,0,83,,Chưa có bản dịch
tight_thong,7,83,,Chưa có bản dịch
high_cut_miko_outfit,7,83,,Chưa có bản dịch
clown_shoes,7,83,,Chưa có bản dịch
socks_over_pants,0,83,,Chưa có bản dịch
furgonomic_dress,7,83,,Chưa có bản dịch
blanket_cape,0,83,,Chưa có bản dịch
linked_bikini,0,83,,Chưa có bản dịch
hololive_christmas_outfit,0,82,,Chưa có bản dịch
familia_uniform,0,82,,Chưa có bản dịch
ribbon-trimmed_jacket,0,82,,Chưa có bản dịch
japanese_tankery_league_judge_uniform,0,82,,Chưa có bản dịch
unworn_robe,0,82,,Chưa có bản dịch
swimsuit_under_swimsuit,0,82,,Chưa có bản dịch
hand_in_another's_pantyhose,0,82,,Chưa có bản dịch
pride_color_t-shirt,7,82,,Chưa có bản dịch
lace-up_gloves,0,82,,Chưa có bản dịch
fenix_uniform,0,82,,Chưa có bản dịch
leotard_over_bodysuit,0,82,,Chưa có bản dịch
hirasawa_yui's_middle_school_uniform,0,82,,Chưa có bản dịch
light_gloves,7,82,,Găng tay nhạt
soiling_shorts,7,82,,Chưa có bản dịch
assless_pants,7,82,,Chưa có bản dịch
wrap_skirt,0,82,,Chưa có bản dịch
teal_shorts,7,82,,Chưa có bản dịch
pumpkin_shorts,0,82,,Chưa có bản dịch
monk_shoes,0,81,,Chưa có bản dịch
clothing_destruction,7,81,,Chưa có bản dịch
open_jeans,7,81,,Chưa có bản dịch
blue_striped_panties,7,81,,Chưa có bản dịch
tachikawa_squad's_uniform,0,81,,Chưa có bản dịch
laced_underwear,7,81,,Chưa có bản dịch
fishnet_swimsuit,0,81,,Chưa có bản dịch
public_yotsuba_middle_school_uniform,0,81,,Chưa có bản dịch
argyle_cloak,0,81,,Chưa có bản dịch
shirt_pulled_down,7,81,,Chưa có bản dịch
long_stockings,7,81,,Bít tất dài
christmas_outfit,7,81,,Chưa có bản dịch
skull_shirt,7,81,,Chưa có bản dịch
italian_flag_bikini,0,81,,Chưa có bản dịch
feral_heels,7,81,,Chưa có bản dịch
bastard_munchen_soccer_uniform,0,80,,Chưa có bản dịch
fur_lined_jacket,7,80,,Chưa có bản dịch
checkered_coat,0,80,,Chưa có bản dịch
pokeball_apron,7,80,poke_ball_apron,Chưa có bản dịch
argyle_gloves,0,80,,Chưa có bản dịch
pants_around_knees,7,80,,Chưa có bản dịch
ribbed_shorts,0,80,,Chưa có bản dịch
wet_t-shirt,7,80,,Chưa có bản dịch
urine_on_clothing,7,80,,Chưa có bản dịch
indian_clothing,7,80,,Chưa có bản dịch
black_sleeveless_shirt,7,80,,Chưa có bản dịch
worn_clothing,7,80,,Chưa có bản dịch
feather-trimmed_leotard,0,80,,Chưa có bản dịch
yellow_outfit,7,80,,Chưa có bản dịch
kaga_cape,0,79,,Chưa có bản dịch
green_uniform,7,79,,Chưa có bản dịch
stained_shirt,7,79,,Chưa có bản dịch
aviator_jacket,7,79,,Chưa có bản dịch
leaf_print_clothing,7,79,,Chưa có bản dịch
chipmunk_costume,0,79,,Chưa có bản dịch
smelling_shoe,0,79,,Chưa có bản dịch
crop_top_hoodie,7,79,,Chưa có bản dịch
improvised_clothing,7,79,,Chưa có bản dịch
oppai_hoodie,0,79,,Chưa có bản dịch
aqua_sports_bra,0,79,,Chưa có bản dịch
kurumibashi_school_uniform,0,79,,Chưa có bản dịch
panties_around_knees,0,79,,Chưa có bản dịch
layered_panties,0,79,,Chưa có bản dịch
low-leg_panties,7,79,,Chưa có bản dịch
high_heel_bodysuit,0,79,,Chưa có bản dịch
o-ring_leotard,0,79,,Chưa có bản dịch
drawstring_pants,7,79,,Chưa có bản dịch
unicorns_hunter_uniform,0,78,,Chưa có bản dịch
carrot_panties,7,78,,Chưa có bản dịch
light_footwear,7,78,,Chưa có bản dịch
cafe_mew_mew_uniform,0,78,,Chưa có bản dịch
purple_tights,7,78,,Chưa có bản dịch
stirrup_thigh_socks,7,78,,Chưa có bản dịch
graduation_robe,7,78,,Chưa có bản dịch
ikoma_squad's_uniform,0,78,,Chưa có bản dịch
brown_garter_belt,0,78,,Chưa có bản dịch
looking_under_clothing,7,78,,Chưa có bản dịch
penis_in_swimsuit,0,78,,Chưa có bản dịch
pulling_panties_down,7,78,,Chưa có bản dịch
p_corp_uniform,0,78,,Chưa có bản dịch
novelty_clothing,7,78,,Chưa có bản dịch
pulled_pants,7,77,,Chưa có bản dịch
studded_footwear,0,77,,Chưa có bản dịch
cement_shoes,7,77,concrete_boots,Chưa có bản dịch
gessen_academy_school_uniform_(new_link),0,77,,Chưa có bản dịch
azumanga_daioh's_gym_uniform,0,77,,Chưa có bản dịch
seidoukan_academy_school_uniform,0,77,seidoukan_academy_uniform,Chưa có bản dịch
penis_under_clothing,7,77,,Chưa có bản dịch
snow_on_clothes,0,77,,Chưa có bản dịch
siegfeld_institute_of_music_school_uniform,0,77,,Chưa có bản dịch
discarded_shorts,7,77,,Chưa có bản dịch
touhou_costume_examination_(meme),0,77,,Chưa có bản dịch
grey_elbow_gloves,7,77,"gray_elbow_glove,gray_elbow_gloves,grey_elbow_glove",Chưa có bản dịch
cum_in_gloves,0,77,,Chưa có bản dịch
pride_color_cape,7,77,,Chưa có bản dịch
straw_cape,0,76,,Chưa có bản dịch
bow_shirt,7,76,,Chưa có bản dịch
pattern_fingerless_gloves,7,76,,Chưa có bản dịch
white_shirt_cuffs,7,76,,Chưa có bản dịch
mutual_skirt_lift,0,76,,Chưa có bản dịch
makoto_mirai_academy_middle_school_uniform,0,76,,Chưa có bản dịch
winter_jacket,7,76,,Chưa có bản dịch
cat_panties,7,76,,Quần lót mèo
undone_shirt,7,76,,Chưa có bản dịch
werewolf_costume,7,76,,Chưa có bản dịch
wearing_armor,7,76,,Chưa có bản dịch
front-tie_shorts,0,76,,Chưa có bản dịch
rainbow_gloves,7,76,,Chưa có bản dịch
gir_hoodie,0,76,,Chưa có bản dịch
frilly_footwear,7,76,,Chưa có bản dịch
minaminagi_liberty_academy_school_uniform,0,76,,Chưa có bản dịch
shorts_around_legs,7,76,,Chưa có bản dịch
orange_bikini_top,7,76,,Chưa có bản dịch
heart_footwear,7,76,,Chưa có bản dịch
mihoshi_middle_school_uniform,0,75,,Chưa có bản dịch
monotone_vest,7,75,"mono-tone_waist_coat,mono-tone_waistcoat,mono_tone_waist_coat,mono_tone_waistcoat,monotone_waist_coat,monotone_waistcoat",Chưa có bản dịch
gyokuto_high_school_uniform,0,75,,Chưa có bản dịch
pokeball_underwear,7,75,poke_ball_underwear,Chưa có bản dịch
spotted_bikini,7,75,,Chưa có bản dịch
fallen_angel_ero_maid_costume,0,75,,Chưa có bản dịch
coat_over_shoulders,7,75,,Chưa có bản dịch
stitched_clothes,0,75,,Chưa có bản dịch
leaf_leotard,0,75,,Chưa có bản dịch
senkou_high_school_uniform,0,75,,Chưa có bản dịch
lace-trimmed_swimsuit,0,75,,Chưa có bản dịch
star_bra,0,75,,Chưa có bản dịch
tail_over_bikini,7,75,,Chưa có bản dịch
tight_swimsuit,7,75,,Chưa có bản dịch
chain_bikini,0,75,,Chưa có bản dịch
clothing_tag,7,75,,Chưa có bản dịch
striped_knee_socks,7,75,,Chưa có bản dịch
teal_pants,7,75,,Chưa có bản dịch
hanzou_academy_school_uniform_(new_link),0,75,,Chưa có bản dịch
knee_sleeve,0,74,,Chưa có bản dịch
clothing_focus,7,74,,Chưa có bản dịch
red_sling_bikini,7,74,,Chưa có bản dịch
precum_through_pants,7,74,,Chưa có bản dịch
paw_print_underwear,7,74,,Chưa có bản dịch
impractical_clothing,7,74,,Chưa có bản dịch
single-shoulder_one-piece_swimsuit,0,74,,Chưa có bản dịch
tan_vest,7,74,,Chưa có bản dịch
tan_bra,7,74,,Chưa có bản dịch
arashiyama_squad's_uniform,0,74,,Chưa có bản dịch
thighhigh_removed,0,74,,Chưa có bản dịch
striped_sweater_vest,0,74,,Chưa có bản dịch
pink_garter,0,74,,Chưa có bản dịch
monotone_high_heels,7,74,"mono-tone_high-heel,mono-tone_high-heels,mono-tone_high_heel,mono-tone_high_heels,mono-tone_highheel,mono-tone_highheels,mono_tone_high-heel,mono_tone_high-heels,mono_tone_high_heel,mono_tone_high_heels,mono_tone_highheel,mono_tone_highheels,monotone_high-heel,monotone_high-heels,monotone_high_heel,monotone_highheel,monotone_highheels",Chưa có bản dịch
male_wearing_chastity,7,74,,Chưa có bản dịch
skirt_partially_removed,0,73,,Chưa có bản dịch
text_on_sports_bra,7,73,,Chưa có bản dịch
shoe_buckle,0,73,,Chưa có bản dịch
ribbon-trimmed_pants,0,73,,Chưa có bản dịch
ribbon_shoes,0,73,,Chưa có bản dịch
floral_bikini,0,73,,Chưa có bản dịch
shinju-kan_school_uniform,0,73,,Chưa có bản dịch
striped_fingerless_gloves,7,73,,Chưa có bản dịch
pride_color_elbow_gloves,7,73,,Chưa có bản dịch
unclasped_bra,7,73,,Chưa có bản dịch
hololive_3rd_generation_live_outfit,0,73,,Chưa có bản dịch
hello_kitty_panties,7,73,,Chưa có bản dịch
s.t.a.r.s._uniform,0,73,,Chưa có bản dịch
holding_single_shoe,0,73,,Chưa có bản dịch
pantyhose_down,7,73,,Chưa có bản dịch
grey_high_heels,7,73,grey_heels,Chưa có bản dịch
pulling_pants_up,7,73,,Chưa có bản dịch
st._liliana's_academy_school_uniform,0,73,saint_liliana's_academy_uniform,Chưa có bản dịch
opening_jacket,7,73,,Chưa có bản dịch
gold_underwear,7,73,,Chưa có bản dịch
titfuck_over_clothes,7,73,,Chưa có bản dịch
pink_leotard_(dq),0,73,,Chưa có bản dịch
coat_on_head,0,73,,Chưa có bản dịch
shift_dress,0,73,,Chưa có bản dịch
maroon_clothing,7,73,,Chưa có bản dịch
footless_socks,7,73,,Chưa có bản dịch
no_leotard,0,72,,Chưa có bản dịch
fur-trimmed_waist_cape,0,72,,Chưa có bản dịch
ranger_uniform_(amphibia),0,72,,Chưa có bản dịch
camouflage_bra,0,72,,Chưa có bản dịch
fur-lined_gloves,0,72,,Chưa có bản dịch
loose_kimono,0,72,,Chưa có bản dịch
carrying_clothing,7,72,,Chưa có bản dịch
frilled_hoodie,0,72,,Chưa có bản dịch
kokatsu_academy_school_uniform,0,72,,Chưa có bản dịch
squirrel_costume,0,72,,Chưa có bản dịch
latex_sleeves,0,72,,Chưa có bản dịch
trailblazer_bash!_(umamusume),0,72,the_new_frontier_costume_(umamusume),Chưa có bản dịch
coat_hold,0,72,,Chưa có bản dịch
high_tights,7,72,,Chưa có bản dịch
seimei_high_school_uniform,0,72,,Chưa có bản dịch
meme_shirt,7,72,,Chưa có bản dịch
collared_apron,0,72,,Chưa có bản dịch
tight_tank_top,7,72,,Chưa có bản dịch
impossible_armor,0,72,,Chưa có bản dịch
two_tone_kimono,7,72,,Chưa có bản dịch
pride_color_gloves,7,72,,Chưa có bản dịch
bible_black's_school_uniform,0,72,,Chưa có bản dịch
matching_clothing,7,72,,Chưa có bản dịch
cutout_bikini,7,72,,Chưa có bản dịch
tactical_pants,7,72,,Chưa có bản dịch
hand_in_shorts,7,72,,Chưa có bản dịch
hand_in_another's_shirt,0,72,,Chưa có bản dịch
skirt_ruff,0,72,,Chưa có bản dịch
acid_armor,7,71,,Chưa có bản dịch
penis_under_dress,7,71,,Chưa có bản dịch
panty_wetting,7,71,,Chưa có bản dịch
frilly_socks,7,71,,Chưa có bản dịch
shoes_without_bottomwear,7,71,,Chưa có bản dịch
shared_shirt,0,71,,Chưa có bản dịch
bow_shoes,7,71,,Chưa có bản dịch
toad_armor_(amphibia),0,71,,Chưa có bản dịch
pride_color_stockings,7,71,,Chưa có bản dịch
side-tie_underwear,7,71,,Chưa có bản dịch
midgar_academy_school_uniform,0,71,,Chưa có bản dịch
sleeve,7,71,,Chưa có bản dịch
dark_armor,7,71,,Chưa có bản dịch
high_waisted_shorts,7,71,,Chưa có bản dịch
republic_of_china_school_uniform,0,71,,Chưa có bản dịch
broken_high_heel,0,71,,Chưa có bản dịch
saint_mary's_academy_school_uniform,0,71,saint_mary's_academy_uniform,Chưa có bản dịch
cunnilingus_through_clothing,7,71,,Chưa có bản dịch
bra_in_mouth,0,71,,Chưa có bản dịch
bellhop_uniform,0,71,"bellboy,bellman,hotel_porter",Chưa có bản dịch
gold_heels,7,71,,Chưa có bản dịch
holding_clothes_iron,0,71,,Chưa có bản dịch
bandeau_bra,7,71,,Chưa có bản dịch
saotome_academy_school_uniform,0,71,saotome_academy_uniform,Chưa có bản dịch
dark_socks,7,71,,Tất sẫm
belted_coat,0,71,,Chưa có bản dịch
lingerie_bra,7,71,,Chưa có bản dịch
kirare_idol_uniform,0,71,,Chưa có bản dịch
shiny_gloves,0,70,,Chưa có bản dịch
discarded_socks,7,70,,Chưa có bản dịch
carrot_underwear,7,70,,Chưa có bản dịch
orange_slingshot_swimsuit,0,70,,Chưa có bản dịch
fur_trim_cloak,7,70,,Chưa có bản dịch
hand_on_pants,7,70,,Chưa có bản dịch
o-ring_garter_straps,0,70,,Chưa có bản dịch
summer_dress,7,70,,Chưa có bản dịch
alternate_skirt_length,0,70,,Chưa có bản dịch
grey_tights,7,70,,Chưa có bản dịch
masturbating_under_clothing,7,70,,Chưa có bản dịch
spiked_thighhighs,0,70,,Chưa có bản dịch
mechanic_outfit,7,70,,Chưa có bản dịch
sukoyaka_middle_school_uniform,0,70,,Chưa có bản dịch
latex_tail_stocking,7,70,,Chưa có bản dịch
peeing_on_clothing,7,70,,Chưa có bản dịch
down_coat,0,70,,Chưa có bản dịch
college_clothing,7,70,,Chưa có bản dịch
christmas_sock,7,70,,Chưa có bản dịch
reverse_bikini_armor,0,70,,Chưa có bản dịch
straight-laced_footwear,0,70,,Chưa có bản dịch
polka_dot_bodysuit,0,69,,Chưa có bản dịch
text_on_vest,7,69,,Chưa có bản dịch
coat_markings,7,69,,Chưa có bản dịch
purple_dress_shirt,7,69,,Chưa có bản dịch
pussy_juice_on_panties,7,69,,Chưa có bản dịch
jacket_bow,0,69,,Chưa có bản dịch
underwear_wetting,7,69,,Chưa có bản dịch
ornate_clothing,7,69,,Chưa có bản dịch
bow_footwear,7,69,,Chưa có bản dịch
hololive_super_expo_2026_outfit,0,69,,Chưa có bản dịch
frilly_shirt,7,69,,Chưa có bản dịch
youtube_shorts,0,69,,Chưa có bản dịch
cutting_clothing,7,69,,Chưa có bản dịch
heart_t-shirt,7,69,,Chưa có bản dịch
ringer_t-shirt,0,69,,Chưa có bản dịch
duel_academy_uniform_(yu-gi-oh!_5d's),0,69,,Chưa có bản dịch
odaiba_middle_school_uniform,0,69,,Chưa có bản dịch
n7_armor,0,69,,Chưa có bản dịch
tsubakigaoka_metropolitan_high_school_uniform,0,69,,Chưa có bản dịch
mexican_flag_bikini,0,69,,Chưa có bản dịch
kirakira_patisserie_uniform,0,69,,Chưa có bản dịch
wedding_gloves,7,68,,Chưa có bản dịch
delivery_uniform,7,68,,Chưa có bản dịch
bolero_jacket,7,68,,Chưa có bản dịch
checkered_pantyhose,0,68,,Chưa có bản dịch
cargo_skirt,0,68,,Chưa có bản dịch
shared_sweater,0,68,,Chưa có bản dịch
emoji_clothing,7,68,,Chưa có bản dịch
pineapple_print_bikini,7,68,,Chưa có bản dịch
dark_signer_uniform,0,68,,Chưa có bản dịch
aqua_armor,0,68,,Chưa có bản dịch
flower_clothes,0,68,,Chưa có bản dịch
tiger_print_thighhighs,0,68,,Chưa có bản dịch
star_pattern_underwear,7,68,,Chưa có bản dịch
through_underwear,7,68,,Chưa có bản dịch
buttoned_clothing,7,68,,Chưa có bản dịch
league_club_uniform,0,68,,Chưa có bản dịch
button_down_shirt,7,68,,Chưa có bản dịch
sailor_leotard,0,68,,Chưa có bản dịch
blue_tights,7,68,,Chưa có bản dịch
mikagura_uniform,0,68,,Chưa có bản dịch
oversized_gloves,0,67,,Chưa có bản dịch
tres_bien_maid_uniform,0,67,,Chưa có bản dịch
oufi_association_south_uniform,0,67,oufi_association_(identity)_(project_moon),Chưa có bản dịch
latex_detached_sleeves,7,67,,Chưa có bản dịch
fishnet_footwear,0,67,mesh_footwear,Chưa có bản dịch
broken_bra,7,67,,Chưa có bản dịch
waitress_outfit,7,67,,Chưa có bản dịch
tan_socks,7,67,,Chưa có bản dịch
reimei_school_uniform,0,67,,Chưa có bản dịch
clothing_penetration,7,67,,Chưa có bản dịch
shrimp_costume,0,67,,Chưa có bản dịch
furgonomic_skirt,7,67,,Chưa có bản dịch
feet_up_heels_up,0,67,,Chưa có bản dịch
unbuckled_pants,7,67,,Chưa có bản dịch
tea_party_militant_outfit_(blue_archive),0,67,,Chưa có bản dịch
translucent_robe,7,67,,Chưa có bản dịch
translucent_gloves,7,67,"see-thru_gloves,see_through_gloves,see_thru_gloves,sheer_gloves,translucent_glove,transparent_glove,transparent_gloves",Chưa có bản dịch
long_fall_boots_(portal),0,67,,Chưa có bản dịch
plaid_hoodie,0,67,,Chưa có bản dịch
balls_in_bikini,7,67,,Chưa có bản dịch
see-through_hoodie,0,67,,Chưa có bản dịch
hole_in_sock,0,67,,Chưa có bản dịch
tight_bottoms,0,67,,Chưa có bản dịch
awafuji_school_uniform,0,67,,Chưa có bản dịch
seigetsu_academy_school_uniform,0,67,seigetsu_academy_uniform,Chưa có bản dịch
untied_swimsuit,0,67,,Chưa có bản dịch
zashono_academy_school_uniform,0,66,zashono_academy_uniform,Chưa có bản dịch
dark_boots,7,66,,Bốt sẫm
tight_t-shirt,7,66,,Chưa có bản dịch
jogging_outfit,7,66,,Chưa có bản dịch
horned_armor,0,66,,Chưa có bản dịch
padded_armor,0,66,,Chưa có bản dịch
fur_footwear,0,66,,Chưa có bản dịch
dixies_uniform,0,66,,Chưa có bản dịch
spiked_legwear_garter,0,66,,Chưa có bản dịch
wool_gloves,7,66,,Chưa có bản dịch
tying_shoes,7,66,,Chưa có bản dịch
gradient_bodysuit,0,66,,Chưa có bản dịch
leather_apron,0,66,,Chưa có bản dịch
plaid_gloves,0,66,,Chưa có bản dịch
cat_gloves,7,66,,Găng tay mèo
ribbed_bikini,0,66,,Chưa có bản dịch
ribbon-trimmed_sweater,0,66,,Chưa có bản dịch
underwear_fetish,7,66,,Chưa có bản dịch
underwear_lick,7,66,licking_underwear,Chưa có bản dịch
number_on_t-shirt,7,65,,Chưa có bản dịch
heavy_armor,7,65,,Chưa có bản dịch
cross-laced_apron,0,65,,Chưa có bản dịch
santa_panties,0,65,,Chưa có bản dịch
balamb_garden_uniform_(ff8),0,65,,Chưa có bản dịch
kouryoukan_academy_school_uniform,0,65,kouryoukan_academy_uniform,Chưa có bản dịch
festive_clothing,7,65,,Chưa có bản dịch
licking_boots,7,65,,Chưa có bản dịch
half-coat,0,65,,Chưa có bản dịch
ballet_high_heels,7,65,"ballet_heel,ballet_heels,ballet_high-heel,ballet_high-heels,ballet_high_heel,ballet_highheel,ballet_highheels",Chưa có bản dịch
hololive_gamers_fes_outfit,0,65,,Chưa có bản dịch
shiratsuyu-type_underwear,0,65,,Chưa có bản dịch
pajama_shorts,0,65,,Chưa có bản dịch
hanging_clothing,7,65,,Chưa có bản dịch
ink_on_clothes,0,65,,Chưa có bản dịch
shorts_tug,0,65,,Chưa có bản dịch
french_national_soccer_team_uniform,0,65,,Chưa có bản dịch
completionist_cape_(runescape),0,65,,Chưa có bản dịch
grey_fingerless_gloves,7,65,gray_fingerless_gloves,Chưa có bản dịch
no_apron,0,65,,Chưa có bản dịch
discarded_armor,7,65,,Chưa có bản dịch
blue_polo_shirt,7,64,,Chưa có bản dịch
dark_stockings,7,64,,Bít tất sẫm
lace_bikini,0,64,,Chưa có bản dịch
vertical-striped_cape,0,64,,Chưa có bản dịch
collar_shirt,7,64,,Chưa có bản dịch
collared_kimono,0,64,,Chưa có bản dịch
american_flag_swimsuit,0,64,,Chưa có bản dịch
ripped_sleeves,7,64,,Chưa có bản dịch
triforce_clothing,7,64,,Chưa có bản dịch
panties_off,7,64,,Chưa có bản dịch
football_pants,7,64,,Chưa có bản dịch
footjob_through_footwear,0,64,,Chưa có bản dịch
glistening_jacket,7,64,shiny_jacket,Chưa có bản dịch
disintegrating_clothing,7,64,,Chưa có bản dịch
spiked_dress,0,64,,Chưa có bản dịch
down_vest,0,64,,Chưa có bản dịch
latex_jacket,0,64,,Chưa có bản dịch
hand_in_another's_glove,0,64,,Chưa có bản dịch
hand_in_thighhighs,0,64,,Chưa có bản dịch
holding_leotard,0,64,,Chưa có bản dịch
nipple_suspension_bikini,7,64,,Chưa có bản dịch
pink_seam_underwear,7,64,,Chưa có bản dịch
magenta_clothing,7,64,,Chưa có bản dịch
sex_through_bodysuit,7,63,,Chưa có bản dịch
full-leg_boots,0,63,,Chưa có bản dịch
spoken_panties,0,63,,Chưa có bản dịch
fur_socks,0,63,,Chưa có bản dịch
turtleneck_coat,0,63,,Chưa có bản dịch
argyle_cardigan,0,63,,Chưa có bản dịch
blue_thigh_boots,7,63,,Chưa có bản dịch
sovyonok_pioneer_camp_uniform,0,63,,Chưa có bản dịch
bra_outline,7,63,,Chưa có bản dịch
bow_garter_straps,7,63,,Chưa có bản dịch
royal_wonder_academy_school_uniform,0,63,,Chưa có bản dịch
soiled_underwear,7,63,,Chưa có bản dịch
sekiba_girls'_high_school_uniform,0,63,,Chưa có bản dịch
dress_under_skirt,0,63,,Chưa có bản dịch
avocado_academy_school_uniform,0,63,,Chưa có bản dịch
digitigrade_boots,7,63,,Chưa có bản dịch
wedge_sandals,7,63,,Chưa có bản dịch
penis_in_another's_panties,0,63,,Chưa có bản dịch
mechanical_dress,0,62,,Chưa có bản dịch
military_vest,7,62,,Chưa có bản dịch
spartan_armor_(roman),7,62,,Chưa có bản dịch
goryoukan_academy_uniform,0,62,,Chưa có bản dịch
jeans_only,7,62,,Chưa có bản dịch
ho-kago_tea_time_t-shirt,0,62,,Chưa có bản dịch
jacket_tucked_in,0,62,,Chưa có bản dịch
charged_armor_(totk),7,62,,Chưa có bản dịch
shoe_on_penis,7,62,,Chưa có bản dịch
hoodie_vest,7,62,,Chưa có bản dịch
rain_boots,7,62,rainboots,Chưa có bản dịch
red_garter,0,62,,Chưa có bản dịch
sarayashiki_junior_high_school_uniform,0,62,,Chưa có bản dịch
button_panties,0,62,,Chưa có bản dịch
star_shirt,7,62,,Chưa có bản dịch
translucent_bodysuit,7,62,,Chưa có bản dịch
socks_on_hands,7,62,,Chưa có bản dịch
uniform_number,0,62,,Chưa có bản dịch
cjk_character_on_clothing,7,62,"chinese_character_on_clothing,hanja_on_clothing,hanzi_on_clothing,kanji_on_clothing",Chưa có bản dịch
dress-up,0,62,,Chưa có bản dịch
universal_federation_army_uniform,0,62,,Chưa có bản dịch
kageura_squad's_uniform,0,62,,Chưa có bản dịch
panties_under_bloomers,0,62,,Chưa có bản dịch
glove_belt,0,62,,Chưa có bản dịch
gradient_sweater,0,62,,Chưa có bản dịch
see-through_sleeve_layer,0,62,,Chưa có bản dịch
camouflage_cloak,0,62,,Chưa có bản dịch
see-through_cardigan,0,62,,Chưa có bản dịch
slit_skirt,7,62,,Chưa có bản dịch
taut_bikini,0,62,,Chưa có bản dịch
checkered_cloak,0,62,,Chưa có bản dịch
tying_bikini,0,61,,Chưa có bản dịch
asobi_asobase's_school_uniform,0,61,,Chưa có bản dịch
manchu_clothes,0,61,,Chưa có bản dịch
kamiha_magica_idol_costume,0,61,,Chưa có bản dịch
racing_uniform,7,61,,Chưa có bản dịch
camouflage_coat,0,61,,Chưa có bản dịch
bellwall_military_uniform,0,61,,Chưa có bản dịch
patisserie_chuchu_uniform,0,61,,Chưa có bản dịch
hand_in_jacket,0,61,,Chưa có bản dịch
laced_clothing,7,61,,Chưa có bản dịch
pulling_down_shirt,7,61,,Chưa có bản dịch
fur-trimmed_cardigan,0,61,,Chưa có bản dịch
orange_bikini_bottom,7,61,,Chưa có bản dịch
striped_robe,0,61,,Chưa có bản dịch
shinsen_middle_school_uniform,0,61,,Chưa có bản dịch
elmo_training_outfit,0,61,,Chưa có bản dịch
ribbon-trimmed_swimsuit,0,61,,Chưa có bản dịch
saliva_on_clothes,7,61,,Chưa có bản dịch
flower_shirt,7,61,,Chưa có bản dịch
sock_on_face,7,61,,Chưa có bản dịch
wearing,7,61,,Chưa có bản dịch
wearing_partner,7,61,,Chưa có bản dịch
purple_sling_bikini,7,60,,Chưa có bản dịch
clothes_pile,7,60,,Chưa có bản dịch
blue_garter,0,60,,Chưa có bản dịch
s.o.n.g._uniform,0,60,,Chưa có bản dịch
green_sling_bikini,7,60,,Chưa có bản dịch
swimsuit_around_one_leg,0,60,,Chưa có bản dịch
striped_inmates_clothing,7,60,,Chưa có bản dịch
black_high_heeled_boots,7,60,,Chưa có bản dịch
heel_stretch,0,60,,Chưa có bản dịch
panties_under_bodysuit,0,60,,Chưa có bản dịch
hand_in_own_bra,0,60,,Chưa có bản dịch
denim_apron,0,60,,Chưa có bản dịch
animal_panties,7,60,,Quần lót động vật
white_tights,7,60,,Chưa có bản dịch
contrast_trim_panties,0,60,,Chưa có bản dịch
on_heel,7,60,,Chưa có bản dịch
tearing_pants,7,60,,Chưa có bản dịch
leggings_under_skirt,0,60,,Chưa có bản dịch
camouflage_footwear,0,60,,Chưa có bản dịch
gold_footwear,7,60,,Chưa có bản dịch
shiratsuyu-class_swimsuit,0,60,,Chưa có bản dịch
nippleless_bra,7,60,,Chưa có bản dịch
silk_clothing,7,60,,Chưa có bản dịch
rabbit_panties,7,60,,Quần lót thỏ
doll_panty_check,0,60,,Chưa có bản dịch
nipple_armor,7,59,,Chưa có bản dịch
leaf_print_shirt,7,59,,Chưa có bản dịch
fishnet_tights,7,59,mesh_tights,Chưa có bản dịch
one_piece_sweater,7,59,,Chưa có bản dịch
mismatched_boots,0,59,,Chưa có bản dịch
sideless_sweater,0,59,,Chưa có bản dịch
animal_ear_footwear,0,59,,Chưa có bản dịch
latex_costume,7,59,,Chưa có bản dịch
hoof_boots_(hoofwear),7,59,,Chưa có bản dịch
hoodie_leotard,7,59,,Chưa có bản dịch
clothes_rip,7,59,,Chưa có bản dịch
low_cut_dress,7,59,,Chưa có bản dịch
apron_pocket,0,59,,Chưa có bản dịch
kazami_uniform,0,59,,Chưa có bản dịch
goat_costume,0,59,,Chưa có bản dịch
underwear_locked,0,59,,Chưa có bản dịch
monotone_bodysuit,7,59,,Chưa có bản dịch
shirt_belt,0,59,,Chưa có bản dịch
pants_falling_down,7,59,,Chưa có bản dịch
pink_sling_bikini,7,59,,Chưa có bản dịch
mikagura_private_academy_school_uniform,0,59,mikagura_private_academy_uniform,Chưa có bản dịch
pulling_bra,7,59,,Chưa có bản dịch
pink_blouse,7,59,,Chưa có bản dịch
tiny_panties,7,59,,Chưa có bản dịch
open-butt_dress,7,59,,Chưa có bản dịch
fortune_bikini,0,59,,Chưa có bản dịch
patchwork_clothing,7,59,,Chưa có bản dịch
open_blouse,7,59,,Chưa có bản dịch
half-sleeves,0,59,,Chưa có bản dịch
slingshot_dress,0,59,,Chưa có bản dịch
putting_on_socks,7,58,,Chưa có bản dịch
swedish_clothes,0,58,,Chưa có bản dịch
officer_uniform,7,58,,Chưa có bản dịch
skirt_around_one_ankle,0,58,,Chưa có bản dịch
lace-trimmed_boots,0,58,,Chưa có bản dịch
lace-up_pants,0,58,,Chưa có bản dịch
open_sweater,7,58,,Chưa có bản dịch
rabbit_underwear,7,58,,Chưa có bản dịch
holding_bikini,7,58,,Chưa có bản dịch
coat_grab,0,58,,Chưa có bản dịch
eggplant_costume,0,58,,Chưa có bản dịch
belted_boots,7,58,,Chưa có bản dịch
pants_unzipped,7,58,,Chưa có bản dịch
holding_unworn_thighhighs,0,58,,Chưa có bản dịch
reflective_clothes,0,58,,Chưa có bản dịch
tennomifune_academy_school_uniform,0,58,tennomifune_academy_uniform,Chưa có bản dịch
holostars_idol_uniform_(1st_act),0,58,,Chưa có bản dịch
leotard_under_pants,0,58,,Chưa có bản dịch
demon_king_academy_school_uniform,0,58,demon_king_academy_uniform,Chưa có bản dịch
pink_striped_panties,7,58,,Chưa có bản dịch
arm_socks,7,58,,Chưa có bản dịch
text_on_socks,7,58,,Chưa có bản dịch
button-down_shirt,7,58,,Chưa có bản dịch
purple_thigh_boots,7,57,,Chưa có bản dịch
purple_sneakers,7,57,,Chưa có bản dịch
bra_up,7,57,,Chưa có bản dịch
gradient_socks,0,57,,Chưa có bản dịch
teal_sweater,7,57,,Chưa có bản dịch
teal_skirt,7,57,,Chưa có bản dịch
furgonomic_shorts,7,57,,Chưa có bản dịch
yukuni_academy_school_uniform,0,57,,Chưa có bản dịch
minimal_clothing,7,57,,Chưa có bản dịch
zonai_clothing,7,57,,Chưa có bản dịch
tsubakisakuhana_school_uniform,0,57,,Chưa có bản dịch
pink_tights,7,57,,Chưa có bản dịch
two_tone_apron,7,57,,Chưa có bản dịch
rainbow_panties,7,57,,Chưa có bản dịch
blue_sling_bikini,7,57,,Chưa có bản dịch
cum_in_sock,7,57,,Chưa có bản dịch
grey_thigh_socks,7,57,gray_thigh_socks,Chưa có bản dịch
frilled_pantyhose,0,57,,Chưa có bản dịch
kouryou_academy_school_uniform,0,57,kouryou_academy_uniform,Chưa có bản dịch
pantyhose_around_legs,0,57,,Chưa có bản dịch
star-shaped_bikini,0,57,,Chưa có bản dịch
malaysian_clothes,0,57,,Chưa có bản dịch
shoe_removal,7,57,,Chưa có bản dịch
brazilian_national_soccer_team_uniform,0,57,,Chưa có bản dịch
takizakura_school_uniform,0,57,,Chưa có bản dịch
holostars_idol_uniform_(2nd_act),0,57,,Chưa có bản dịch
raised_robe,7,57,,Chưa có bản dịch
astral_dress,0,56,,Chưa có bản dịch
underwear_around_thighs,7,56,,Chưa có bản dịch
dark_skirt,7,56,,Chân váy sẫm
sock_tan,0,56,,Chưa có bản dịch
heart_keyhole_clothing,7,56,,Chưa có bản dịch
dirty_shirt,7,56,,Chưa có bản dịch
panties_on_foot,7,56,,Chưa có bản dịch
off_shoulder_shirt,7,56,,Chưa có bản dịch
nipple_rub_through_clothes,0,56,,Chưa có bản dịch
professional_clothes,7,56,,Chưa có bản dịch
korean_armor,0,56,,Chưa có bản dịch
ichigozaka_middle_school_uniform,0,56,,Chưa có bản dịch
studded_armor,0,56,,Chưa có bản dịch
cock_armor,7,56,,Chưa có bản dịch
hand_in_another's_bra,0,56,,Chưa có bản dịch
i_really_like_wearing_sunglasses_(meme),0,56,,Chưa có bản dịch
kiritsusei_juuji_academy_school_uniform,0,56,kiritsusei_juuji_academy_uniform,Chưa có bản dịch
kyouwa_school_uniform,0,56,,Chưa có bản dịch
turkish_clothes,0,56,,Chưa có bản dịch
plastic_pants,7,56,,Chưa có bản dịch
thigh_boots_only,7,56,,Chưa có bản dịch
evolved_virgin_killer_sweater,0,56,,Chưa có bản dịch
animal_band_panties,0,56,,Chưa có bản dịch
clothed_male_underwear_male,0,55,,Chưa có bản dịch
mechanical_shoes,0,55,,Chưa có bản dịch
midriff_jacket,7,55,,Chưa có bản dịch
flower_costume,0,55,,Chưa có bản dịch
bridal_sleeves,0,55,,Chưa có bản dịch
gradient_shoes,0,55,,Chưa có bản dịch
asymmetrical_one-piece_swimsuit,0,55,,Chưa có bản dịch
armor_girls_project,0,55,,Chưa có bản dịch
pinstripe_clothing,7,55,,Chưa có bản dịch
breastless_ghost_costume,0,55,,Chưa có bản dịch
police_vest,7,55,,Chưa có bản dịch
broken_clothing,7,55,,Chưa có bản dịch
grey_sneakers,7,55,,Chưa có bản dịch
loose_skirt,0,55,,Chưa có bản dịch
smelling_pantyhose,0,55,pantyhose_sniffing,Chưa có bản dịch
ballerina_shoes,7,55,,Chưa có bản dịch
nasu_squad's_uniform,0,55,,Chưa có bản dịch
removing_bikini_top,0,55,,Chưa có bản dịch
high_waisted_skirt,7,55,,Chưa có bản dịch
combat_gloves,7,55,,Chưa có bản dịch
seashell_bikini,7,55,,Chưa có bản dịch
big_shirt,7,55,,Áo sơ mi to
pants_around_ankle,7,55,,Chưa có bản dịch
nylon_clothing,7,55,,Chưa có bản dịch
liebe_girls_academy_school_uniform,0,55,,Chưa có bản dịch
unworn_blouse,0,55,blouse_removed,Chưa có bản dịch
wedding_garter,7,55,,Chưa có bản dịch
brown_thigh_boots,7,55,,Chưa có bản dịch
you_dress_weird_(meme),0,55,,Chưa có bản dịch
clothes_on_chair,0,54,,Chưa có bản dịch
tohno_tengu_shinobi_group_uniform,0,54,,Chưa có bản dịch
airborne_clothing,7,54,,Chưa có bản dịch
long_sleeve_sweater,7,54,,Chưa có bản dịch
short-sleeved_coat,0,54,,Chưa có bản dịch
pearl_bikini,0,54,,Chưa có bản dịch
body_stocking,7,54,,Chưa có bản dịch
bodysuit_only,0,54,,Chưa có bản dịch
brown_tights,7,54,,Chưa có bản dịch
indonesian_elementary_school_uniform,0,54,,Chưa có bản dịch
barefoot_sandals,7,54,,Chưa có bản dịch
highleg_shorts,0,54,,Chưa có bản dịch
light_socks,7,54,,Tất nhạt
half-leotard,0,54,,Chưa có bản dịch
pulling_on_clothes,7,54,,Chưa có bản dịch
duel_academy_uniform_(yu-gi-oh!_arc-v),0,54,,Chưa có bản dịch
kamihama_future_academy_school_uniform,0,54,,Chưa có bản dịch
maginot_school_uniform,0,54,,Chưa có bản dịch
robe_slip,0,54,,Chưa có bản dịch
dildo_under_clothing,7,54,,Chưa có bản dịch
kaiou_baseball_uniform,0,54,,Chưa có bản dịch
cow_print_stockings,7,54,,Chưa có bản dịch
biker_boots,7,54,,Chưa có bản dịch
silver_skirt,0,54,,Chân váy bạc
mikagura_uniform_(new_link),0,54,,Chưa có bản dịch
sweaty_panties,7,54,,Chưa có bản dịch
tail_under_clothing,7,54,,Chưa có bản dịch
turtleneck_swimsuit,7,54,,Chưa có bản dịch
teal_hoodie,7,54,,Chưa có bản dịch
hanegasaki_academy_school_uniform,0,54,hanegasaki_academy_uniform,Chưa có bản dịch
striped_fingerless_elbow_gloves,7,54,,Chưa có bản dịch
fur_sleeve_cuffs,0,54,,Chưa có bản dịch
very_long_robe,0,54,,Chưa có bản dịch
pride_trooper_uniform,0,54,,Chưa có bản dịch
underwear_showing,7,54,,Chưa có bản dịch
cupless_swimsuit,0,53,,Chưa có bản dịch
white_jeans,7,53,,Chưa có bản dịch
underwear_grab,7,53,,Chưa có bản dịch
assless_skirt,0,53,,Chưa có bản dịch
gyaru_garter_lingerie_set,0,53,,Chưa có bản dịch
shiratorizawa_volleyball_uniform,0,53,,Chưa có bản dịch
royal_officer_academy_school_uniform,0,53,,Chưa có bản dịch
kazama_squad's_uniform,0,53,,Chưa có bản dịch
silver_clothing,7,53,,Chưa có bản dịch
grey_sleeveless_shirt,7,53,,Chưa có bản dịch
clothes_over_shoulder,0,53,,Chưa có bản dịch
grey_garter_belt,0,53,,Chưa có bản dịch
tying_panties,0,53,,Chưa có bản dịch
holes_in_underwear,7,53,,Chưa có bản dịch
high_waisted_panties,7,53,,Chưa có bản dịch
multicolored_knee_socks,7,53,,Chưa có bản dịch
floral_print_leotard,0,53,,Chưa có bản dịch
gradient_cloak,0,53,,Chưa có bản dịch
see-through_underwear,0,53,,Chưa có bản dịch
seijou_baseball_uniform,0,53,,Chưa có bản dịch
plaid_cape,0,53,,Chưa có bản dịch
plaid_cardigan,0,53,,Chưa có bản dịch
soccer_socks,7,52,,Chưa có bản dịch
hand_in_shirt,7,52,,Chưa có bản dịch
miwa_squad's_uniform,0,52,,Chưa có bản dịch
offering_panties,7,52,,Chưa có bản dịch
dark_panties,7,52,,Quần lót sẫm
shoe_focus,7,52,,Chưa có bản dịch
secretary_outfit,7,52,,Chưa có bản dịch
cow_print_sling_bikini,7,52,,Chưa có bản dịch
mexican_national_soccer_team_uniform,0,52,,Chưa có bản dịch
usuzan_school_uniform,0,52,,Chưa có bản dịch
shirt_bite,7,52,,Chưa có bản dịch
pulled_down_shorts,7,52,,Chưa có bản dịch
pussy_ejaculation_through_clothing,7,52,,Chưa có bản dịch
football_uniform,7,52,,Chưa có bản dịch
hockless_socks,7,52,,Chưa có bản dịch
teal_bra,7,52,,Chưa có bản dịch
teal_gloves,7,52,,Chưa có bản dịch
dirty_shoes,7,52,,Chưa có bản dịch
ninja_outfit,7,52,,Chưa có bản dịch
poet_sleeves,0,52,,Chưa có bản dịch
hole_in_socks,7,52,,Chưa có bản dịch
pink_thigh_boots,7,52,,Chưa có bản dịch
kurobara_girls_high_school_uniform,0,52,,Chưa có bản dịch
looking_at_clothing,7,52,,Chưa có bản dịch
skate_shoes,7,52,,Chưa có bản dịch
single_strap_swimsuit,7,52,,Chưa có bản dịch
valkyrie_skirt,0,52,,Chưa có bản dịch
tactical_load_carring_vest,7,52,,Chưa có bản dịch
cupcake_costume,7,52,,Chưa có bản dịch
gunjou_gakuen_school_uniform,0,52,,Chưa có bản dịch
tight_robe,7,52,,Chưa có bản dịch
skirt_around_legs,7,52,,Chưa có bản dịch
cape_umbrella,0,51,,Chưa có bản dịch
edwardian_clothing,7,51,,Chưa có bản dịch
bikini_crabs,7,51,,Chưa có bản dịch
sakigei_municipal_academy_school_uniform,0,51,,Chưa có bản dịch
hana_association_south_uniform,0,51,,Chưa có bản dịch
camelot_academy_of_chivalry_school_uniform,0,51,,Chưa có bản dịch
tuxedo_underwear,7,51,,Chưa có bản dịch
spotted_shirt,7,51,,Chưa có bản dịch
cropped_coat,0,51,,Chưa có bản dịch
dress_bulge,7,51,,Chưa có bản dịch
penis_in_stocking,7,51,,Chưa có bản dịch
hull_shoes,0,51,,Chưa có bản dịch
arisugawa_academy_school_uniform,0,51,,Chưa có bản dịch
clothing_by_feet,7,51,,Chưa có bản dịch
boot_on_face,7,51,,Chưa có bản dịch
rinmeikan_girls_school_uniform,0,51,,Chưa có bản dịch
sneakers_without_bottomwear,7,51,,Chưa có bản dịch
checkered_swimsuit,0,51,,Chưa có bản dịch
dutch_clothes,0,51,,Chưa có bản dịch
pride_color_panties,7,51,,Chưa có bản dịch
resistance_costume_(amphibia),0,51,,Chưa có bản dịch
half-shirt,0,50,,Chưa có bản dịch
flag_cape,7,50,,Chưa có bản dịch
side-tie_vest,0,50,,Chưa có bản dịch
brown_outfit,7,50,,Chưa có bản dịch
striped_bikini_bottom,7,50,,Chưa có bản dịch
feces_on_clothing,7,50,,Chưa có bản dịch
pleated_kimono,0,50,,Chưa có bản dịch
writing_on_clothes,7,50,,Chưa có bản dịch
doukyuusei_2_school_uniform,0,50,,Chưa có bản dịch
rainbow_elbow_gloves,7,50,,Chưa có bản dịch
yellow_dress_shirt,7,50,,Chưa có bản dịch
mage_robe,7,50,,Chưa có bản dịch
backless_bikini_bottom,0,50,,Chưa có bản dịch
boots_without_bottomwear,7,50,,Chưa có bản dịch
historical_dress,7,50,,Chưa có bản dịch
softball_uniform,0,50,,Chưa có bản dịch
cat_keyhole_clothing,7,50,,Chưa có bản dịch
nails_visible_through_gloves,0,50,,Chưa có bản dịch
succubus_cheerleader_costume,0,50,,Chưa có bản dịch
cat_cutout_panties,0,50,,Chưa có bản dịch
cum_through_shirt,7,50,,Chưa có bản dịch
bondage_armor,7,50,,Chưa có bản dịch
assless_swimsuit,0,50,,Chưa có bản dịch
hiiragi_utena's_school_uniform,0,50,,Chưa có bản dịch
animal_print_clothing,7,50,,Chưa có bản dịch
tight_leggings,7,50,,Chưa có bản dịch
bikini_cowgirl,7,50,,Chưa có bản dịch
gradient_swimsuit,0,50,,Chưa có bản dịch
shirt_stay,0,50,,Chưa có bản dịch
tight_briefs,7,50,,Chưa có bản dịch
collared_one-piece_swimsuit,0,50,,Chưa có bản dịch
fruit_costume,0,50,,Chưa có bản dịch
college_jacket,7,49,,Chưa có bản dịch
o-ring_footwear,0,49,,Chưa có bản dịch
blue_blouse,7,49,,Chưa có bản dịch
victorian_dress,7,49,,Chưa có bản dịch
seidouzan_soccer_uniform,0,49,,Chưa có bản dịch
lce_clothes_(project_moon),0,49,,Chưa có bản dịch
brown_elbow_gloves,7,49,brown_elbow_glove,Chưa có bản dịch
pearl_panties,7,49,,Chưa có bản dịch
fur_shorts,0,49,,Chưa có bản dịch
fur-trimmed_sandals,0,49,,Chưa có bản dịch
teal_t-shirt,7,49,,Chưa có bản dịch
diamond_armor,7,49,,Chưa có bản dịch
middle_eastern_clothing,7,49,,Chưa có bản dịch
single_arm_armor,0,49,,Chưa có bản dịch
bow_garter,7,49,,Chưa có bản dịch
holostars_idol_uniform_(movin_on),0,49,,Chưa có bản dịch
torayamachi_academy_school_uniform,0,49,,Chưa có bản dịch
young_pioneer_uniform,7,49,,Chưa có bản dịch
norwegian_national_soccer_team_uniform,0,49,,Chưa có bản dịch
regency_period_clothing,7,49,,Chưa có bản dịch
arm_length_gloves,7,49,,Chưa có bản dịch
tights_down,7,49,,Chưa có bản dịch
white_glove,7,49,,Chưa có bản dịch
hoodie_bodysuit,7,49,,Chưa có bản dịch
fujinomisaki_school_uniform,0,49,,Chưa có bản dịch
bellydancer_outfit,7,48,,Chưa có bản dịch
little_devil_swimsuit_(idolmaster),0,48,,Chưa có bản dịch
tight_leotard,7,48,,Chưa có bản dịch
undoing_clothing,7,48,,Chưa có bản dịch
kimono_tug,0,48,,Chưa có bản dịch
sports_bra_visible_through_clothes,0,48,,Chưa có bản dịch
clitoris_sleeve,0,48,,Chưa có bản dịch
uygur_clothes,0,48,,Chưa có bản dịch
fur_panties,0,48,,Chưa có bản dịch
yellow_thigh_socks,7,48,,Chưa có bản dịch
tall_boots,7,48,,Chưa có bản dịch
stitched_pants,0,48,,Chưa có bản dịch
food_clothing,7,48,,Chưa có bản dịch
long_fall_boots,7,48,,Chưa có bản dịch
shoe_rack,0,48,,Chưa có bản dịch
bat_panties,0,48,,Chưa có bản dịch
wet_apron,0,48,,Chưa có bản dịch
high_waisted_pants,7,48,,Chưa có bản dịch
thighhighs_under_pantyhose,0,48,,Chưa có bản dịch
bulge_under_clothes,7,48,,Chưa có bản dịch
cat_underwear,7,48,,Chưa có bản dịch
orange_high_heels,7,48,orange_heels,Chưa có bản dịch
lowered_panties,7,48,,Chưa có bản dịch
hololive_super_expo_2025_outfit,0,48,,Chưa có bản dịch
lowered_underwear,7,48,,Chưa có bản dịch
heel_spike,7,48,,Chưa có bản dịch
power_glove_(nintendo),0,48,,Chưa có bản dịch
crossdressing_under_clothes_(mtf),0,48,,Chưa có bản dịch
painted_underwear,7,48,,Chưa có bản dịch
hanamichi_middle_school_uniform,0,48,,Chưa có bản dịch
kessoku_band_hoodie_(bocchi_the_rock!),0,48,,Chưa có bản dịch
shirt_under_hoodie,0,48,,Chưa có bản dịch
leopard_print_clothing,7,48,,Chưa có bản dịch
flower-trimmed_bikini,0,48,,Chưa có bản dịch
opening_pants,7,47,,Chưa có bản dịch
aoi_academy_school_uniform,0,47,aoi_academy_uniform,Chưa có bản dịch
impossible_underwear,0,47,impossible_panties,Chưa có bản dịch
sideless_skirt,0,47,,Chưa có bản dịch
o-ring_swimsuit,7,47,,Chưa có bản dịch
heel_drop_split,0,47,,Chưa có bản dịch
panties_over_bike_shorts,0,47,,Chưa có bản dịch
femme_de_menage_maid_academy_uniform,0,47,,Chưa có bản dịch
leather_bodysuit,0,47,,Chưa có bản dịch
bikini_plate,7,47,,Chưa có bản dịch
apron_bow,7,47,,Chưa có bản dịch
tsunagi_first_middle_school_uniform,0,47,,Chưa có bản dịch
shoe_diva,0,47,,Chưa có bản dịch
wet_footwear,7,47,,Chưa có bản dịch
flannel_jacket,7,47,,Chưa có bản dịch
flame_bikini,7,47,,Chưa có bản dịch
calf_socks,7,47,,Chưa có bản dịch
one-piece_swimsuit_aside,7,47,,Chưa có bản dịch
pride_color_hoodie,7,47,,Chưa có bản dịch
bra_tag,0,47,,Chưa có bản dịch
buckle_boot,0,47,,Chưa có bản dịch
single_armored_boot,0,47,,Chưa có bản dịch
naval_jacket,0,47,,Chưa có bản dịch
removing_cape,0,47,,Chưa có bản dịch
maisen_university_high_school_uniform,0,47,,Chưa có bản dịch
two_tone_high_heels,7,47,,Chưa có bản dịch
monotone_cape,7,47,,Chưa có bản dịch
monotone_fingerless_gloves,7,47,,Chưa có bản dịch
paw_pattern_underwear,7,47,,Chưa có bản dịch
clothed_female_underwear_male,0,47,,Chưa có bản dịch
chick_costume,0,47,,Chưa có bản dịch
hoshimi_private_high_school_uniform,0,47,,Chưa có bản dịch
iridescent_clothing,7,46,,Chưa có bản dịch
clothing_gain,7,46,,Chưa có bản dịch
print_cardigan,0,46,,Chưa có bản dịch
undone_skirt,0,46,,Chưa có bản dịch
spudsy's_uniform,0,46,,Chưa có bản dịch
armored_vest,7,46,,Chưa có bản dịch
doukyuusei_school_uniform,0,46,,Chưa có bản dịch
scottish_clothes,0,46,,Chưa có bản dịch
torn_costume,7,46,,Chưa có bản dịch
footwear_removed,7,46,,Chưa có bản dịch
torn_sweater_vest,0,46,ripped_sweater_vest,Chưa có bản dịch
cum_on_dress,7,46,,Chưa có bản dịch
single_unworn_heel,0,46,,Chưa có bản dịch
buckled_boots,7,46,,Chưa có bản dịch
furgonomic_hoodie,7,46,,Chưa có bản dịch
hiking_boots,7,46,,Chưa có bản dịch
karukozaka_high_school_uniform,0,46,,Chưa có bản dịch
yesa_robe,0,46,,Chưa có bản dịch
kougetsu_baseball_uniform,0,46,,Chưa có bản dịch
wet_one-piece_swimsuit,0,46,,Chưa có bản dịch
branded_clothing,7,46,,Chưa có bản dịch
christmas_underwear,7,46,,Chưa có bản dịch
sparkling_clothes,0,46,,Chưa có bản dịch
aqours_cheerleader_uniform,0,46,,Chưa có bản dịch
tail_through_underwear,7,46,,Chưa có bản dịch
fuzzy_footwear,0,46,,Chưa có bản dịch
tuxedo_vest,7,46,,Chưa có bản dịch
pantyhose_rip,7,46,,Chưa có bản dịch
heart_print_clothing,7,46,,Chưa có bản dịch
slut_shirt,0,46,,Chưa có bản dịch
front_slit_clothing,7,46,,Chưa có bản dịch
orange_sneakers,7,46,,Chưa có bản dịch
green_costume,7,46,,Chưa có bản dịch
eating_clothes,0,46,,Chưa có bản dịch
purple_blouse,7,46,,Chưa có bản dịch
heel-less_legwear,0,46,,Chưa có bản dịch
bullet_bill_underwear,7,46,,Chưa có bản dịch
kamome_gakuen_school_uniform,0,46,,Chưa có bản dịch
ribbon-trimmed_garter,0,46,,Chưa có bản dịch
shirt_basket,0,46,,Chưa có bản dịch
floral_mint_uniform,0,46,,Chưa có bản dịch
leotard_under_shorts,7,46,,Chưa có bản dịch
anal_vore_in_clothing,7,46,,Chưa có bản dịch
black_detached_sleeves,7,46,,Chưa có bản dịch
gradient_shorts,0,46,,Chưa có bản dịch
open_swimsuit,0,46,,Chưa có bản dịch
open_toe_stockings,7,45,,Chưa có bản dịch
wearing_jacket,7,45,,Chưa có bản dịch
purple_seam_underwear,7,45,,Chưa có bản dịch
translucent_pantyhose,7,45,,Chưa có bản dịch
translucent_shorts,7,45,,Chưa có bản dịch
bone_print_clothing,7,45,,Chưa có bản dịch
power_glove,7,45,,Chưa có bản dịch
star_pattern_panties,7,45,,Chưa có bản dịch
keishin_academy_school_uniform,0,45,keishin_academy_uniform,Chưa có bản dịch
recompense_maid_uniform,0,45,,Chưa có bản dịch
flustered_face_emoji_t-shirt,7,45,,Chưa có bản dịch
dark_t-shirt,7,45,,Chưa có bản dịch
holding_boots,7,45,holding_boot,Chưa có bản dịch
english_national_soccer_team_uniform,0,45,,Chưa có bản dịch
ringmaster_outfit,7,45,,Chưa có bản dịch
biker_gloves,7,45,,Chưa có bản dịch
gold_skirt,0,45,,Chân váy vàng kim
world_w_academy_school_uniform,0,45,world_w_academy_uniform,Chưa có bản dịch
head_up_shirt,0,45,,Chưa có bản dịch
mismatched_pants,0,45,,Chưa có bản dịch
filipino_clothes,0,45,,Chưa có bản dịch
polka_dot_sweater,0,45,,Chưa có bản dịch
two-sided_shorts,0,45,,Chưa có bản dịch
oversized_shorts,7,45,,Chưa có bản dịch
pride_color_shorts,7,45,,Chưa có bản dịch
glowing_dress,0,45,,Chưa có bản dịch
cut_clothes,7,45,,Chưa có bản dịch
white_sleeveless_shirt,7,45,,Chưa có bản dịch
semi-transparent_dress,0,45,,Chưa có bản dịch
striped_cloak,0,45,,Chưa có bản dịch
yellow_fingerless_gloves,7,45,,Chưa có bản dịch
mini_person_in_clothes,0,45,,Chưa có bản dịch
diaper_under_dress,7,45,,Chưa có bản dịch
carrot_pattern_underwear,7,45,,Chưa có bản dịch
seashell_panties,7,44,,Chưa có bản dịch
cum_through_skirt,7,44,,Chưa có bản dịch
lifted_clothing,7,44,,Chưa có bản dịch
princess_dress,7,44,,Chưa có bản dịch
apple_costume,0,44,,Chưa có bản dịch
vivid_bikini_(idolmaster),0,44,,Chưa có bản dịch
furred_clothing,7,44,,Chưa có bản dịch
pseudo_clothing_lift,7,44,,Chưa có bản dịch
hand_in_another's_skirt,0,44,,Chưa có bản dịch
socks_on_face,7,44,,Chưa có bản dịch
zipper_swimsuit,7,44,,Chưa có bản dịch
gun_in_pants,0,44,,Chưa có bản dịch
hands_in_pants,0,44,,Chưa có bản dịch
puff_and_slash_pants,0,44,,Chưa có bản dịch
stained_pants,7,44,,Chưa có bản dịch
yubiwa_high_school_uniform,0,44,,Chưa có bản dịch
jacket_on_head,0,44,,Chưa có bản dịch
jacket_under_coat,0,44,,Chưa có bản dịch
udder_bra,7,44,,Chưa có bản dịch
white_arm_garter,0,44,,Chưa có bản dịch
aztec_clothing,7,44,,Chưa có bản dịch
tomoeda_elementary_cheerleader_uniform,0,44,,Chưa có bản dịch
black_blouse,7,44,,Chưa có bản dịch
coat_over_head,0,44,,Chưa có bản dịch
christian_private_white_clover_academy_school_uniform,0,44,,Chưa có bản dịch
wet_gloves,0,44,,Chưa có bản dịch
nanashi_inc._jackpot_costume,0,44,,Chưa có bản dịch
striped_slingshot_swimsuit,0,44,,Chưa có bản dịch
purple_garter,0,44,,Chưa có bản dịch
diagonal-striped_dress,0,44,,Chưa có bản dịch
embroidered_clothing,7,44,,Chưa có bản dịch
embroidered_garter_belt,0,44,,Chưa có bản dịch
rainbow_dress,0,44,,Chưa có bản dịch
hot_dogging_through_clothing,7,44,,Chưa có bản dịch
clothing_rack,7,44,,Chưa có bản dịch
flower-trimmed_panties,0,44,,Chưa có bản dịch
ride_armor_(mospeada),0,44,,Chưa có bản dịch
clothes_variants,0,44,,Chưa có bản dịch
flowing_cape,7,44,,Chưa có bản dịch
lace_leotard,0,44,,Chưa có bản dịch
asfeld_academy_school_uniform,0,44,,Chưa có bản dịch
tentacle_underwear,0,44,,Chưa có bản dịch
holostars_english_idol_uniform,0,44,,Chưa có bản dịch
naginomori_gakuen_high_school_uniform,0,44,,Chưa có bản dịch
hoodie_partially_removed,0,43,,Chưa có bản dịch
minoan_clothes,0,43,,Chưa có bản dịch
choker_over_clothes,0,43,,Chưa có bản dịch
dark_elbow_gloves,7,43,,Chưa có bản dịch
adjusting_underwear,0,43,,Chưa có bản dịch
cardboard_costume,0,43,,Chưa có bản dịch
wearing_shorts,7,43,,Chưa có bản dịch
bow_stockings,7,43,,Chưa có bản dịch
discarded_skirt,7,43,,Chưa có bản dịch
floral_pattern_bra,7,43,,Chưa có bản dịch
italian_clothes,0,43,,Chưa có bản dịch
arakumo_gakuen_soccer_uniform,0,43,,Chưa có bản dịch
rainbow_swimwear,7,43,rainbow_swimsuit,Chưa có bản dịch
panty_theft,7,43,,Chưa có bản dịch
saliva_on_clothing,7,43,,Chưa có bản dịch
spiked_clothes,0,43,,Chưa có bản dịch
yuki_miku_official_costume_design_contest,0,43,,Chưa có bản dịch
loose_sleeves,7,43,,Chưa có bản dịch
coat_bow,0,43,,Chưa có bản dịch
surre_academy_school_uniform,0,43,surre_academy_uniform,Chưa có bản dịch
open-bust_leotard,0,43,,Chưa có bản dịch
batgirl_costume_(2021_cassandra),0,43,,Chưa có bản dịch
chakuma_academy_school_uniform,0,43,chakuma_academy_uniform,Chưa có bản dịch
gala_dress,0,43,,Chưa có bản dịch
thunder_glass_shoes,7,43,,Chưa có bản dịch
precum_through_shorts,7,43,,Chưa có bản dịch
dress_pocket,0,43,,Chưa có bản dịch
dress_form,0,43,,Chưa có bản dịch
camouflage_male_underwear,0,43,,Chưa có bản dịch
vest_pull,0,43,,Chưa có bản dịch
hugging_clothes,0,43,,Chưa có bản dịch
tight_skinsuit,7,43,,Chưa có bản dịch
underwear_shopping,7,43,,Chưa có bản dịch
vietnamese_high_school_uniform,0,43,,Chưa có bản dịch
silver_one-piece_swimsuit,0,43,silver_swimsuit,Chưa có bản dịch
cum_under_clothes,7,43,,Chưa có bản dịch
bone_armor_(monster_hunter),0,43,,Chưa có bản dịch
virtual_talent_academy_school_uniform,0,42,virtual_talent_academy_uniform,Chưa có bản dịch
print_elbow_gloves,7,42,,Chưa có bản dịch
tan_dress_shirt,7,42,,Chưa có bản dịch
exercise_clothes,7,42,,Chưa có bản dịch
hololive_super_expo_2024_outfit,0,42,,Chưa có bản dịch
zundamon_outfit,0,42,,Chưa có bản dịch
shiny_skirt,0,42,,Chưa có bản dịch
see-through_vest,0,42,,Chưa có bản dịch
pattern_shoes,7,42,,Chưa có bản dịch
black_stocking,7,42,,Chưa có bản dịch
fur_hoodie,0,42,,Chưa có bản dịch
santa_clothing,7,42,,Chưa có bản dịch
texas_flag_bikini,7,42,,Chưa có bản dịch
shorts_around_thighs,0,42,,Chưa có bản dịch
japanese_ghost_outfit,7,42,,Chưa có bản dịch
furred_boots,7,42,,Chưa có bản dịch
pants_ripping,7,42,,Chưa có bản dịch
short-sleeve_shirt,7,42,,Chưa có bản dịch
describing_clothing,7,42,,Chưa có bản dịch
cross_swimsuit,0,42,,Chưa có bản dịch
dark_pants,7,42,,Quần sẫm
pride_color_pants,7,42,,Chưa có bản dịch
yuba_squad's_uniform,0,42,,Chưa có bản dịch
panda_panties,0,42,,Chưa có bản dịch
sentient_clothing,7,42,,Chưa có bản dịch
swim_vest,7,42,,Chưa có bản dịch
torn_armor,7,42,,Chưa có bản dịch
toritsu_hakuou_academy_school_uniform,0,42,toritsu_hakuou_academy_uniform,Chưa có bản dịch
matching_underwear,7,42,,Chưa có bản dịch
blood_on_pants,7,42,,Chưa có bản dịch
venus_ark_uniform,0,42,,Chưa có bản dịch
studded_bikini,0,42,,Chưa có bản dịch
frilly_gloves,7,42,,Chưa có bản dịch
shirt_on_shirt,7,42,,Chưa có bản dịch
floral_print_coat,0,42,,Chưa có bản dịch
puffy_sleeve_cuffs,0,42,,Chưa có bản dịch
ear_armor,0,41,,Chưa có bản dịch
high_heels_leggings,7,41,,Chưa có bản dịch
low_pants,7,41,,Chưa có bản dịch
flight_attendant_uniform,7,41,,Chưa có bản dịch
aqua_slingshot_swimsuit,0,41,,Chưa có bản dịch
thick_socks,7,41,,Tất dày
shirt_design,7,41,,Chưa có bản dịch
mushroom_costume,0,41,,Chưa có bản dịch
maroon_shirt,7,41,,Chưa có bản dịch
coat_pouch,0,41,,Chưa có bản dịch
batgirl_costume_(2014),0,41,,Chưa có bản dịch
corset_bra,7,41,,Chưa có bản dịch
bowling_shirt,7,41,,Chưa có bản dịch
teal_shoes,7,41,,Chưa có bản dịch
cardboard_armor,7,41,,Chưa có bản dịch
garderobe_swimsuit,0,41,,Chưa có bản dịch
union_jack_clothing,7,41,,Chưa có bản dịch
argyle_shorts,0,41,,Chưa có bản dịch
french_flag_bikini,0,41,,Chưa có bản dịch
american_flag_underwear,7,41,,Chưa có bản dịch
tron_clothing,7,41,,Chưa có bản dịch
doctor's_coat_(arknights),0,41,,Chưa có bản dịch
leather_shoes,7,41,,Chưa có bản dịch
hand_on_panties,7,41,,Chưa có bản dịch
white_knee_boots,7,41,,Chưa có bản dịch
cum_in_shoe,7,41,,Chưa có bản dịch
alice-type_underwear,0,41,,Chưa có bản dịch
single_stocking,7,41,,Chưa có bản dịch
single_strap_dress,7,41,,Chưa có bản dịch
black_toeless_socks,7,41,,Chưa có bản dịch
red_polo_shirt,7,41,,Chưa có bản dịch
carrying_clothes,0,41,,Chưa có bản dịch
pattern_boots,7,41,,Chưa có bản dịch
shinozuka_technical_high_school_uniform,0,41,,Chưa có bản dịch
seal_costume,0,41,,Chưa có bản dịch
print_armor,0,41,,Chưa có bản dịch
jellyfish_costume,0,41,,Chưa có bản dịch
cafe_cutemare_uniform,0,41,,Chưa có bản dịch
toeless_bodysuit,0,40,,Chưa có bản dịch
hakujou_academy_school_uniform,0,40,hakujou_academy_uniform,Chưa có bản dịch
stellamaris_idol_uniform,0,40,,Chưa có bản dịch
henley_shirt,0,40,,Chưa có bản dịch
carrot_pattern_panties,7,40,,Chưa có bản dịch
paw_pattern_panties,7,40,,Chưa có bản dịch
honey_strap_stage_costume,0,40,,Chưa có bản dịch
minion_uniform,7,40,,Chưa có bản dịch
world_cup_american_bikini_(meme),0,40,,Chưa có bản dịch
pantyhose_over_swimsuit,0,40,,Chưa có bản dịch
textured_clothing,7,40,,Chưa có bản dịch
cropped_t-shirt,7,40,,Chưa có bản dịch
pants_grab,7,40,,Chưa có bản dịch
cross-laced_coat,0,40,,Chưa có bản dịch
translucent_heels,7,40,,Chưa có bản dịch
stocking_cap,7,40,,Chưa có bản dịch
cow_stockings,7,40,,Chưa có bản dịch
horn_through_clothing,7,40,,Chưa có bản dịch
fbi_jacket,0,40,,Chưa có bản dịch
back-tie_dress,7,40,,Chưa có bản dịch
clothing_sex,7,40,,Chưa có bản dịch
taut_vest,0,40,,Chưa có bản dịch
flora_girls_academy_school_uniform,0,40,,Chưa có bản dịch
standard_diving_dress,0,40,deep_sea_diving_suit,Chưa có bản dịch
cherry_print_bra,0,40,,Chưa có bản dịch
green_tights,7,40,,Chưa có bản dịch
ez-on_vest,7,40,,Chưa có bản dịch
multicolored_cardigan,0,40,,Chưa có bản dịch
boot_knife,0,40,,Chưa có bản dịch
decapitated_head_sex_sleeve,0,40,,Chưa có bản dịch
rare_apron_(fire_emblem_engage),0,40,,Chưa có bản dịch
msby_black_jackals_volleyball_uniform,0,40,,Chưa có bản dịch
fur-trimmed_bikini_top,0,40,,Chưa có bản dịch
boobies_uniform,0,40,,Chưa có bản dịch
hachiban_ramen_uniform,0,40,,Chưa có bản dịch
otter_costume,0,40,,Chưa có bản dịch
nearly_naked_cloak,0,40,,Chưa có bản dịch
tan_cape,7,40,,Chưa có bản dịch
college_shirt,0,40,,Chưa có bản dịch
print_garter_belt,0,39,,Chưa có bản dịch
heart_dress,7,39,,Chưa có bản dịch
cum_in_partner's_panties,7,39,,Chưa có bản dịch
knights_moralis_uniform,0,39,,Chưa có bản dịch
clothes_on_wall,0,39,,Chưa có bản dịch
yellow_clothes,7,39,,Chưa có bản dịch
bikini_top_down,7,39,,Chưa có bản dịch
designer_clothes,7,39,,Chưa có bản dịch
leg_stockings,7,39,,Chưa có bản dịch
please_charge_panties,0,39,,Chưa có bản dịch
plastic_gloves,0,39,,Chưa có bản dịch
human_wearing_fursuit,7,39,,Chưa có bản dịch
finnish_clothes,0,39,,Chưa có bản dịch
frilled_shoes,0,39,,Chưa có bản dịch
agnus_female_off-seer_uniform,0,39,,Chưa có bản dịch
camouflage_thighhighs,0,39,,Chưa có bản dịch
dress_shirt_only,7,39,,Chưa có bản dịch
ribbed_bra,0,39,,Chưa có bản dịch
ribbon-trimmed_cape,0,39,,Chưa có bản dịch
themed_clothing,7,39,,Chưa có bản dịch
gradient_robe,0,39,,Chưa có bản dịch
gradient_one-piece_swimsuit,0,39,,Chưa có bản dịch
rikkyouin_high_school_uniform_(anime),0,39,,Chưa có bản dịch
mitten_gloves,7,39,,Chưa có bản dịch
covering_with_clothes,0,39,,Chưa có bản dịch
saloon_dress,7,39,,Chưa có bản dịch
wearing_towel,7,39,,Chưa có bản dịch
wearing_harness,7,39,,Chưa có bản dịch
tail_in_pants,7,39,,Chưa có bản dịch
glass_heels,0,39,,Chưa có bản dịch
criss-cross_clothing,7,39,,Chưa có bản dịch
gingham_socks,0,39,,Chưa có bản dịch
translucent_t-shirt,7,38,"see-through_t-shirt,see-thru_t-shirt,see_through_t-shirt,see_thru_t-shirt,sheer_t-shirt,transparent_t-shirt",Chưa có bản dịch
brown_jeans,7,38,,Chưa có bản dịch
kaimei_high_school_uniform,0,38,,Chưa có bản dịch
single_sock_removed,0,38,,Chưa có bản dịch
fantasy_armor,7,38,,Chưa có bản dịch
sequin_dress,7,38,,Chưa có bản dịch
precum_on_underwear,7,38,,Chưa có bản dịch
lace-trimmed_pantyhose,0,38,,Chưa có bản dịch
torigoe_gakuen_school_uniform,0,38,,Chưa có bản dịch
crab_costume,0,38,,Chưa có bản dịch
bow_clothing,7,38,,Chưa có bản dịch
clothes_pin_on_nipples,7,38,,Chưa có bản dịch
black_shoe,7,38,,Chưa có bản dịch
a-line_skirt,0,38,,Chưa có bản dịch
wearing_another_person,7,38,,Chưa có bản dịch
multicolored_thigh_boots,7,38,,Chưa có bản dịch
multicolored_heels,7,38,,Chưa có bản dịch
cow_print_dress,0,38,,Chưa có bản dịch
hands_in_sleeves,7,38,,Chưa có bản dịch
dark_high_heels,7,38,,Chưa có bản dịch
shuetsu_school_uniform,0,38,,Chưa có bản dịch
90s_clothing,7,38,,Chưa có bản dịch
croptop_jacket,7,38,,Chưa có bản dịch
front-tie_shirt,7,38,,Chưa có bản dịch
toe_shoes,7,38,,Chưa có bản dịch
cosmic_clothing,7,38,,Chưa có bản dịch
nishihama_middle_school_uniform,0,38,,Chưa có bản dịch
pleated_cape,0,38,,Chưa có bản dịch
open-toed_sneakers,7,38,,Chưa có bản dịch
illusion_grid_t-shirt,0,38,,Chưa có bản dịch
maroon_underwear,7,38,,Chưa có bản dịch
sakuraba_institute_school_uniform,0,38,,Chưa có bản dịch
game_controller_shirt,7,38,,Chưa có bản dịch
pink_santa_costume,0,38,,Chưa có bản dịch
white_sling_bikini,7,38,,Chưa có bản dịch
unhooked_bra,7,38,,Chưa có bản dịch
white_outfit,7,38,,Chưa có bản dịch
panty_raid,7,38,,Chưa có bản dịch
pants_removed,7,38,,Chưa có bản dịch
pikachu_hoodie,7,37,,Chưa có bản dịch
underwear_peeing,7,37,,Chưa có bản dịch
pants_chain,7,37,,Chưa có bản dịch
panty_birth,7,37,,Chưa có bản dịch
panties_under_bodystocking,0,37,,Chưa có bản dịch
ruffled_skirt,7,37,,Chưa có bản dịch
triforce_shirt,7,37,,Chưa có bản dịch
white_seam_clothing,7,37,,Chưa có bản dịch
white_seam_shirt,7,37,,Chưa có bản dịch
eating_clothing,7,37,,Chưa có bản dịch
pierced_clothing,7,37,,Chưa có bản dịch
bridal_one-piece_swimsuit,0,37,,Chưa có bản dịch
makeshift_clothing,7,37,,Chưa có bản dịch
miku_holding_a_bikini_(meme),0,37,,Chưa có bản dịch
putting_on_coat,0,37,,Chưa có bản dịch
tentacles_under_clothing,7,37,,Chưa có bản dịch
engraved_armor,0,37,,Chưa có bản dịch
ribbon-trimmed_cloak,0,37,,Chưa có bản dịch
explorer_outfit,7,37,,Chưa có bản dịch
lirika_matoshi_strawberry_dress,0,37,,Chưa có bản dịch
spread_panties,7,37,,Chưa có bản dịch
cream_on_clothes,0,37,,Chưa có bản dịch
sunglasses_on_shirt,7,37,,Chưa có bản dịch
chinese_school_uniform,0,37,,Chưa có bản dịch
aerobics_clothing,7,37,,Chưa có bản dịch
formal_dress,7,37,,Chưa có bản dịch
sniffing_own_shoe,7,37,,Chưa có bản dịch
byzantine_clothes,0,37,,Chưa có bản dịch
light_pants,7,37,,Quần nhạt
bra_(anatomy),7,37,,Chưa có bản dịch
glistening_pantyhose,7,37,,Chưa có bản dịch
diaper_under_underwear,7,37,,Chưa có bản dịch
cross-laced_underwear,0,37,,Chưa có bản dịch
tohno_tengu_shinobi_group_uniform_(new_link),0,37,,Chưa có bản dịch
clothing_removal,7,37,,Chưa có bản dịch
kamogawa_girls'_high_school_uniform,0,37,,Chưa có bản dịch
latex_pantyhose,0,37,,Chưa có bản dịch
polka_dot_cape,0,37,,Chưa có bản dịch
coat_tug,0,37,,Chưa có bản dịch
the_dress_(meme),0,37,,Chưa có bản dịch
shiiton_gakuen_school_uniform,0,36,,Chưa có bản dịch
wearing_boots,7,36,,Chưa có bản dịch
object_in_thighhighs,0,36,,Chưa có bản dịch
cowgirl_boots,7,36,,Chưa có bản dịch
wearing_another_person's_clothing,7,36,,Chưa có bản dịch
shirtless_sleeves,7,36,,Chưa có bản dịch
count_military_uniform,0,36,,Chưa có bản dịch
pokemon_underwear,7,36,pokémon_underwear,Chưa có bản dịch
double_flare_skirt_one-piece,0,36,,Chưa có bản dịch
feathered_coat,0,36,,Chưa có bản dịch
holding_record_jacket,0,36,,Chưa có bản dịch
perspective-incorrect_skirt,7,36,,Chưa có bản dịch
perspective-incorrect_shirt,7,36,,Chưa có bản dịch
clothing_insertion,7,36,,Chưa có bản dịch
goo_clothing,7,36,,Chưa có bản dịch
ninja_costume,7,36,,Chưa có bản dịch
kimberly_magic_academy_school_uniform,0,36,,Chưa có bản dịch
goomba's_shoe,0,36,,Chưa có bản dịch
lace_bodysuit,0,36,,Chưa có bản dịch
cardigan_around_neck,0,36,,Chưa có bản dịch
spiked_skirt,0,36,,Chưa có bản dịch
knot_through_clothing,7,36,,Chưa có bản dịch
red_blouse,7,36,,Chưa có bản dịch
black_tail_stocking,7,36,,Chưa có bản dịch
parachute_pants,0,36,,Chưa có bản dịch
owl_costume,0,36,,Chưa có bản dịch
lifted_by_clothing,7,36,,Chưa có bản dịch
platinum_jacket_(twisted_wonderland),0,36,,Chưa có bản dịch
light_panties,7,36,,Quần lót nhạt
c2_race_queen_uniform,0,36,,Chưa có bản dịch
peeing_through_pants,7,36,,Chưa có bản dịch
ultra_guardians_uniform,0,36,,Chưa có bản dịch
checkered_bikini_top,0,36,,Chưa có bản dịch
ootoriryouran_gakuen_school_uniform,0,36,,Chưa có bản dịch
lipstick_mark_on_clothes,0,36,,Chưa có bản dịch
gingham_vest,0,36,,Chưa có bản dịch
tight_crop_top,7,36,,Chưa có bản dịch
skin_tight_clothes,7,36,,Chưa có bản dịch
short_coat,0,36,,Áo khoác ngắn
money_in_clothes,7,36,,Chưa có bản dịch
takanoori_middle_school_uniform,0,36,,Chưa có bản dịch
sleeved_one-piece_swimsuit,0,36,,Chưa có bản dịch
sleeve_dress,7,36,,Chưa có bản dịch
discarded_boots,7,36,,Chưa có bản dịch
chastity_cage_visible_through_clothes,0,36,,Chưa có bản dịch
bat_bra,0,36,,Chưa có bản dịch
skeleton_clothing,7,36,,Chưa có bản dịch
pulled_down_panties,7,36,,Chưa có bản dịch
pattern_kimono,7,36,,Chưa có bản dịch
gingham_panties,0,35,,Chưa có bản dịch
pulling_shorts_down,7,35,,Chưa có bản dịch
dancing_in_underwear,7,35,,Chưa có bản dịch
magenta_bikini,7,35,,Chưa có bản dịch
robot_costume,0,35,,Chưa có bản dịch
glove_spread,0,35,,Chưa có bản dịch
glove_corset,0,35,,Chưa có bản dịch
penis_costume,7,35,,Chưa có bản dịch
tan_robe,7,35,,Chưa có bản dịch
penis_visible_through_clothing,7,35,,Chưa có bản dịch
food_bikini,7,35,,Chưa có bản dịch
pentagram_bra,7,35,,Chưa có bản dịch
ripped_socks,7,35,,Chưa có bản dịch
sexy_underwear_(dq),0,35,,Chưa có bản dịch
weighted_clothes,0,35,weighted_clothing,Chưa có bản dịch
argyle_bra,0,35,,Chưa có bản dịch
safari_shirt,7,35,,Chưa có bản dịch
tropical_shirt,7,35,,Chưa có bản dịch
cape_verde,0,35,,Chưa có bản dịch
helvetian_military_uniform,0,35,,Chưa có bản dịch
upside-down_bikini_top,0,35,,Chưa có bản dịch
blood_on_apron,7,35,,Chưa có bản dịch
cherryton_school_uniform,0,35,,Chưa có bản dịch
fluffy_jacket,7,35,,Áo khoác bồng bềnh
unworn_sports_bra,0,35,,Chưa có bản dịch
rikkyouin_high_school_uniform_(ova),0,35,,Chưa có bản dịch
floral_print_underwear,7,35,,Chưa có bản dịch
ahegao_clothing,7,35,,Chưa có bản dịch
ribbon_clothing,7,35,,Chưa có bản dịch
nearly_naked_sweater,0,35,,Chưa có bản dịch
tail_pants,7,35,,Chưa có bản dịch
single_sleeve_cuff,0,35,,Chưa có bản dịch
camouflage_swimsuit,0,35,,Chưa có bản dịch
partially_open_dress,0,35,,Chưa có bản dịch
camo_vest,7,35,,Chưa có bản dịch
camouflage_bikini_top,0,35,,Chưa có bản dịch
one-piece_dress,7,35,,Chưa có bản dịch
heart_keyhole_bra,7,35,,Chưa có bản dịch
unconventional_police_uniform,0,35,,Chưa có bản dịch
long_sleeve_dress,7,35,,Chưa có bản dịch
taiwanese_clothes,0,35,,Chưa có bản dịch
cross_academy_school_uniform,0,35,cross_academy_uniform,Chưa có bản dịch
skirt_around_thighs,0,35,,Chưa có bản dịch
ortensia_idol_uniform,0,35,,Chưa có bản dịch
firefighter_boots,7,35,,Chưa có bản dịch
tight_coat,7,35,,Chưa có bản dịch
monotone_coat,7,35,,Chưa có bản dịch
rabbit_print_underwear,7,35,,Chưa có bản dịch
american_flag_gloves,0,35,,Chưa có bản dịch
keyhole_dress,7,35,"key-hole_dress,key_hole_dress",Chưa có bản dịch
christmas_gloves,7,35,,Chưa có bản dịch
winter_clothes_(zelda),0,35,,Chưa có bản dịch
red_costume,7,35,,Chưa có bản dịch
lace-trimmed_robe,0,35,,Chưa có bản dịch
frilly_garter,7,35,,Chưa có bản dịch
clothing_in_cum,7,35,,Chưa có bản dịch
bikini_under_clothing,7,35,,Chưa có bản dịch
yogetsu_high_school_uniform,0,35,,Chưa có bản dịch
hand_on_shirt,7,35,,Chưa có bản dịch
two-sided_vest,0,35,,Chưa có bản dịch
frostbite_armor,7,35,,Chưa có bản dịch
coat_tails,7,35,,Chưa có bản dịch
yellow_sling_bikini,7,34,,Chưa có bản dịch
tan_armor,7,34,,Chưa có bản dịch
uzbek_clothes,0,34,,Chưa có bản dịch
t-shirt_on_long_sleeve,7,34,,Chưa có bản dịch
orange_dress_shirt,7,34,,Chưa có bản dịch
footwear_on_head,0,34,,Chưa có bản dịch
bursting_through_clothing,7,34,,Chưa có bản dịch
areishia_spirit_academy_uniform,0,34,,Chưa có bản dịch
side_skirt,7,34,,Chưa có bản dịch
two_tone_knee_socks,7,34,,Chưa có bản dịch
wearing_backpack,7,34,,Chưa có bản dịch
wearing_swim_ring,7,34,,Chưa có bản dịch
two_tone_thigh_boots,7,34,,Chưa có bản dịch
metal_clothing,7,34,,Chưa có bản dịch
paw_boots,7,34,,Chưa có bản dịch
holding_sandals,7,34,holding_sandal,Chưa có bản dịch
lydian_academy_swimsuit,0,34,,Chưa có bản dịch
kimono_around_waist,0,34,,Chưa có bản dịch
well-worn_outfit_(zelda),0,34,,Chưa có bản dịch
european_clothing,7,34,,Chưa có bản dịch
costume_combination,0,34,,Chưa có bản dịch
u.a._cheer_uniform,7,34,,Chưa có bản dịch
unzipped_skirt,7,34,,Chưa có bản dịch
wet_sweater,0,34,,Chưa có bản dịch
precum_in_clothing,7,34,,Chưa có bản dịch
torn_pseudo_clothing,7,34,,Chưa có bản dịch
baseball_jacket,7,34,,Chưa có bản dịch
dog_print_panties,0,34,dog_panties,Chưa có bản dịch
panties_showing,7,34,,Chưa có bản dịch
dolphin_costume,0,34,,Chưa có bản dịch
on_heels,7,34,,Chưa có bản dịch
blue_boxing_gloves,7,34,,Chưa có bản dịch
panty_peeing,7,34,,Chưa có bản dịch
tight_sheath,7,34,,Chưa có bản dịch
tight_bondage,7,34,,Chưa có bản dịch
suspenders_under_shirt,0,34,,Chưa có bản dịch
thighhigh_belt,0,34,,Chưa có bản dịch
thighhighs_over_bodysuit,0,34,,Chưa có bản dịch
heart_sweater,7,34,,Chưa có bản dịch
blue_seam_shirt,7,34,,Chưa có bản dịch
arafune_squad's_uniform,0,34,,Chưa có bản dịch
cake_costume,7,34,,Chưa có bản dịch
cum_on_armor,7,33,,Chưa có bản dịch
head_under_clothing,7,33,,Chưa có bản dịch
blue_yukata,7,33,,Chưa có bản dịch
kuruma_squad's_uniform,0,33,,Chưa có bản dịch
skin-tight_suit,7,33,,Chưa có bản dịch
austrian_national_soccer_team_uniform,0,33,,Chưa có bản dịch
socks_over_kneehighs,0,33,,Chưa có bản dịch
garter_socks,7,33,,Chưa có bản dịch
alien_costume,0,33,,Chưa có bản dịch
stitched_sleeves,0,33,,Chưa có bản dịch
heartland_academy_uniform,0,33,,Chưa có bản dịch
shiraha_private_academy_school_uniform,0,33,shirome_school_uniform,Chưa có bản dịch
team_star_uniform,0,33,,Chưa có bản dịch
unguligrade_footwear,7,33,,Chưa có bản dịch
white_gloves_(marking),7,33,,Chưa có bản dịch
pantyhose_on_head,0,33,,Chưa có bản dịch
armored_footwear,0,33,,Chưa có bản dịch
bra_and_panties,7,33,,Chưa có bản dịch
heel_blade,0,33,,Chưa có bản dịch
gynomorph_wearing_strapon,7,33,,Chưa có bản dịch
keyhole_bikini,7,33,,Chưa có bản dịch
single_leg_armor,0,33,,Chưa có bản dịch
lifted_dress,7,33,,Chưa có bản dịch
yunohana_international_school_uniform,0,33,,Chưa có bản dịch
putting_on_underwear,7,33,,Chưa có bản dịch
colored_underwear,7,33,,Chưa có bản dịch
cuffed_jeans,7,33,,Chưa có bản dịch
collared_cardigan,0,33,,Chưa có bản dịch
gold_sleeves,0,33,,Tay áo vàng kim
gold_sling_bikini,7,33,,Chưa có bản dịch
musky_shoes,7,33,,Chưa có bản dịch
butterfly_dress,0,33,,Chưa có bản dịch
wedge_sneakers,7,33,,Chưa có bản dịch
anally_anchored_clothing,7,33,,Chưa có bản dịch
translucent_one-piece_swimsuit,7,33,"see-through_one_piece_swimsuit,see-through_sukumizu,see-thru_one_piece_swimsuit,see-thru_sukumizu,see_through_one_piece_swimsuit,see_through_sukumizu,see_thru_one_piece_swimsuit,see_thru_sukumizu,sheer_one_piece_swimsuit,sheer_sukumizu,transparent_one_piece_swimsuit,transparent_sukumizu",Chưa có bản dịch
diagonal-striped_kimono,0,33,,Chưa có bản dịch
brindle_coat,7,33,,Chưa có bản dịch
leather_elbow_gloves,7,33,,Chưa có bản dịch
sagging_underwear,7,33,,Chưa có bản dịch
turkey_costume,7,33,,Chưa có bản dịch
seishin_school_uniform,0,33,,Chưa có bản dịch
hoodie_hiding_shorts,0,33,,Chưa có bản dịch
shoe_gag,7,33,,Chưa có bản dịch
inside_panties,7,33,,Chưa có bản dịch
t-shirt_design,7,33,,Chưa có bản dịch
hololive_fantasy_1st_anniversary_outfit,0,33,,Chưa có bản dịch
striped_shoes,0,33,,Chưa có bản dịch
striped_sock,7,33,,Chưa có bản dịch
tan_apron,7,33,,Chưa có bản dịch
baby_clothing,7,33,,Chưa có bản dịch
saika_academy_school_uniform,0,33,,Chưa có bản dịch
kakizaki_squad's_uniform,0,33,,Chưa có bản dịch
short_clothing,7,33,,Chưa có bản dịch
krampus_costume,7,32,,Chưa có bản dịch
giraffe_costume,0,32,,Chưa có bản dịch
shorts_removed,7,32,,Chưa có bản dịch
creeper_hoodie,7,32,,Chưa có bản dịch
cheeseburger_costume,7,32,,Chưa có bản dịch
wearing_pants,7,32,,Chưa có bản dịch
cow_print_socks,0,32,,Chưa có bản dịch
carrot_costume,0,32,,Chưa có bản dịch
cow_clothing,7,32,,Chưa có bản dịch
in_clothes,7,32,,Chưa có bản dịch
rimming_through_clothing,7,32,,Chưa có bản dịch
black_stirrup_socks,7,32,,Chưa có bản dịch
partially_open_hoodie,0,32,,Chưa có bản dịch
anilingus_through_clothes,0,32,,Chưa có bản dịch
ichigo_field_high_school_uniform,0,32,,Chưa có bản dịch
one_stocking_on,7,32,,Chưa có bản dịch
middleton_high_school_cheerleader_uniform,0,32,,Chưa có bản dịch
panty_humiliation,7,32,,Chưa có bản dịch
gardening_gloves,7,32,,Chưa có bản dịch
wind_blowing_skirt,7,32,,Chưa có bản dịch
boar_costume,0,32,boar_suit,Chưa có bản dịch
70s_clothing,7,32,,Chưa có bản dịch
red_jeans,7,32,,Chưa có bản dịch
mountain_pattern_armor,0,32,,Chưa có bản dịch
leotard_removed,0,32,,Chưa có bản dịch
double_frill_skirt_swimsuit,0,32,,Chưa có bản dịch
back-tie_apron,7,32,,Chưa có bản dịch
vshojo_idol_uniform,0,32,,Chưa có bản dịch
aqua_male_underwear,0,32,,Chưa có bản dịch
paint_on_clothing,7,32,,Chưa có bản dịch
multi-strapped_shirt,0,32,,Chưa có bản dịch
turtle_costume,0,32,,Chưa có bản dịch
holding_tight,7,32,,Chưa có bản dịch
stretched_shirt,7,32,,Chưa có bản dịch
clothes_bursting,7,32,,Chưa có bản dịch
shi_association_east_uniform,0,32,,Chưa có bản dịch
poverty_outfit,0,32,,Chưa có bản dịch
bra_armor,7,32,,Chưa có bản dịch
pride_color_knee_socks,7,32,,Chưa có bản dịch
fur_lined_shorts,7,32,,Chưa có bản dịch
nearly_naked_jacket,0,32,,Chưa có bản dịch
translucent_elbow_gloves,7,32,,Chưa có bản dịch
propeller_footwear,0,31,,Chưa có bản dịch
strawberry_costume,0,31,,Chưa có bản dịch
clothes_on_object,0,31,,Chưa có bản dịch
cloud_clothes,0,31,,Chưa có bản dịch
striped_boots,7,31,,Chưa có bản dịch
star_print_underwear,7,31,,Chưa có bản dịch
frilly_sleeves,7,31,,Chưa có bản dịch
purple_santa_costume,0,31,,Chưa có bản dịch
assless_shorts,7,31,,Chưa có bản dịch
christmas_bikini,7,31,,Chưa có bản dịch
whale_costume,0,31,,Chưa có bản dịch
swimsuit_under_clothing,7,31,,Chưa có bản dịch
underwear_around_foot,7,31,,Chưa có bản dịch
unconventional_clothing,7,31,,Chưa có bản dịch
spandex_pants,7,31,,Chưa có bản dịch
glove_garter,0,31,,Chưa có bản dịch
camouflage_sleeves,0,31,,Chưa có bản dịch
samba_outfit,7,31,,Chưa có bản dịch
umemizaki_middle_school_uniform,0,31,,Chưa có bản dịch
bra_on_floor,7,31,,Chưa có bản dịch
fold-over_socks,0,31,,Chưa có bản dịch
crotch_armor,7,31,,Chưa có bản dịch
two_tone_sandals,7,31,,Chưa có bản dịch
kirameki_high_school_uniform_(summer),0,31,,Chưa có bản dịch
penis_in_another's_pantyhose,0,31,,Chưa có bản dịch
shoe_buckles,7,31,,Chưa có bản dịch
peeing_through_panties,7,31,,Chưa có bản dịch
flashing_underwear,7,31,,Chưa có bản dịch
shorts_partially_removed,0,31,,Chưa có bản dịch
knit_cardigan,0,31,,Chưa có bản dịch
panties_around_toes,7,31,,Chưa có bản dịch
holding_cape,7,31,,Chưa có bản dịch
backless_pantyhose,0,31,,Chưa có bản dịch
translucent_apron,7,31,,Chưa có bản dịch
catwoman_costume_(2018),0,31,,Chưa có bản dịch
dildo_pants,7,31,,Chưa có bản dịch
magician_robe,7,31,,Chưa có bản dịch
lace-trimmed_cape,0,31,,Chưa có bản dịch
hammer_and_sickle_bikini,0,31,,Chưa có bản dịch
hand_in_another's_underwear,0,31,,Chưa có bản dịch
highso_private_girls'_academy_school_uniform,0,31,highso_private_girls'_academy_uniform,Chưa có bản dịch
science_special_search_party_uniform,0,31,,Chưa có bản dịch
yellow_garter_belt,0,31,,Chưa có bản dịch
heart_pattern_bra,7,31,,Chưa có bản dịch
skirt_over_leggings,0,31,,Chưa có bản dịch
tight_socks,7,31,,Chưa có bản dịch
tight_overalls,7,31,,Chưa có bản dịch
scalemail_bikini,7,30,,Chưa có bản dịch
skull_on_clothing,7,30,,Chưa có bản dịch
heart_boots,7,30,,Chưa có bản dịch
heart_on_clothing,7,30,,Chưa có bản dịch
logo_on_hoodie,7,30,,Chưa có bản dịch
thumb_in_panties,7,30,,Chưa có bản dịch
through_panties,0,30,,Chưa có bản dịch
feather-trimmed_cloak,0,30,,Chưa có bản dịch
open_toe_socks,7,30,,Chưa có bản dịch
open_chested_shirt,7,30,,Chưa có bản dịch
slave_clothing,7,30,,Chưa có bản dịch
desire_grand_prix_uniform,0,30,,Chưa có bản dịch
bodysuit_around_waist,0,30,,Chưa có bản dịch
textured_gloves,7,30,,Chưa có bản dịch
text_on_elbow_gloves,7,30,,Chưa có bản dịch
silver_heels,7,30,,Chưa có bản dịch
see-through_dress_swimsuit,0,30,,Chưa có bản dịch
gymnast_leotard,7,30,,Chưa có bản dịch
transparent_harem_pants,0,30,,Chưa có bản dịch
backless_jacket,0,30,,Chưa có bản dịch
cat_keyhole_underwear,7,30,,Chưa có bản dịch
panty_entrapment,7,30,,Chưa có bản dịch
panty_attachment,7,30,,Chưa có bản dịch
carrot_pattern_clothing,7,30,,Chưa có bản dịch
hoodie_around_waist,7,30,,Chưa có bản dịch
chinese-styled_leotard,0,30,,Chưa có bản dịch
tan_stockings,7,30,,Chưa có bản dịch
rocking_horse_shoes,0,30,,Chưa có bản dịch
shoe_blade,0,30,,Chưa có bản dịch
green_blouse,7,30,,Chưa có bản dịch
twirling_panties,0,30,,Chưa có bản dịch
rainbow_thighhighs,0,30,,Chưa có bản dịch
metallic_clothing,7,30,,Chưa có bản dịch
flower_in_clothes,0,30,,Chưa có bản dịch
hungarian_clothes,0,30,,Chưa có bản dịch
fluffy_coat,7,30,,Áo khoác bồng bềnh
bear_panties,7,30,,Quần lót gấu
bowling_glove,0,30,,Chưa có bản dịch
kicking_off_shoe,0,30,,Chưa có bản dịch
rabbit_ear_panties,0,30,bunny_ear_panties,Chưa có bản dịch
bra_around_one_arm,0,30,,Chưa có bản dịch
camouflage_vest,0,30,,Chưa có bản dịch
black_toeless_stockings,7,30,,Chưa có bản dịch
pierrot_costume,7,30,,Chưa có bản dịch
underwear_straps,7,30,,Chưa có bản dịch
underwear_reveal_pose_(han-0v0),0,30,,Chưa có bản dịch
dress_collar,7,30,,Chưa có bản dịch
spiked_pants,0,30,,Chưa có bản dịch
suwa_squad's_uniform,0,30,,Chưa có bản dịch
plaid_leotard,0,30,,Chưa có bản dịch
big_sleeves,7,30,,Tay áo to
sports_bra_only,7,30,,Chưa có bản dịch
putting_on_another's_footwear,0,30,,Chưa có bản dịch
butcher_apron,7,30,,Chưa có bản dịch
ryuugasaki_academy_school_uniform,0,30,ryuugasaki_academy_uniform,Chưa có bản dịch
front_clip_bra,7,30,,Chưa có bản dịch
fruit_clothing,7,30,,Chưa có bản dịch
fruit_bikini,7,30,,Chưa có bản dịch
furgonomic_armor,7,30,furgonomic_armour,Chưa có bản dịch
strap_sandals,7,30,,Chưa có bản dịch
fur_armor,7,30,,Chưa có bản dịch
egg_in_panties,7,30,,Chưa có bản dịch
steel_glove,0,29,,Chưa có bản dịch
produce_101_uniform,0,29,,Chưa có bản dịch
jacket_over_leotard,7,29,,Chưa có bản dịch
furgonomic_shirt,7,29,,Chưa có bản dịch
clothes_around_neck,0,29,,Chưa có bản dịch
clothing_on_bed,7,29,,Chưa có bản dịch
multicolored_male_underwear,0,29,,Chưa có bản dịch
multicolored_bikini_top,7,29,,Chưa có bản dịch
provocative_clothing,7,29,,Chưa có bản dịch
stained_swimsuit,0,29,,Chưa có bản dịch
pseudo_shoes,7,29,,Chưa có bản dịch
biting_panties,7,29,,Chưa có bản dịch
colombian_national_soccer_team_uniform,0,29,,Chưa có bản dịch
pulling_down_skirt,7,29,,Chưa có bản dịch
black_jacket_vest,7,29,"black_jacket-vest,black_jacketvest",Chưa có bản dịch
sweater_under_coat,0,29,,Chưa có bản dịch
gingham_shorts,0,29,,Chưa có bản dịch
royal_sword_academy_school_uniform,0,29,royal_sword_academy_uniform,Chưa có bản dịch
glistening_sweater,7,29,,Chưa có bản dịch
vanishing_clothes,7,29,,Chưa có bản dịch
nintendo_switch_shirt,0,29,,Chưa có bản dịch
chitin_armor,7,29,,Chưa có bản dịch
water_sleeves,0,29,,Chưa có bản dịch
inflatable_clothing,7,29,,Chưa có bản dịch
breast_grab_under_bra,0,29,,Chưa có bản dịch
grey_uniform,7,29,gray_uniform,Chưa có bản dịch
plaid_cloak,0,29,,Chưa có bản dịch
socks_and_sandals,7,29,,Chưa có bản dịch
autopaizuri_under_clothes,0,29,,Chưa có bản dịch
soccer_shirt,0,29,,Chưa có bản dịch
unworn_bodysuit,0,29,,Chưa có bản dịch
pinstripe_bikini,0,29,,Chưa có bản dịch
text_on_dress,7,29,,Chưa có bản dịch
quilted_dress,0,29,,Chưa có bản dịch
pineapple_print_dress,7,29,,Chưa có bản dịch
underwear_under_swimwear,7,29,,Chưa có bản dịch
hands_on_clothing,7,29,,Chưa có bản dịch
hanging_by_clothes,7,29,,Chưa có bản dịch
white_high_heeled_boots,7,29,,Chưa có bản dịch
checkered_leotard,0,29,,Chưa có bản dịch
anjanath_armor,7,29,,Chưa có bản dịch
sleeve_vent,0,29,,Chưa có bản dịch
lowering_pants,7,29,,Chưa có bản dịch
thighhighs_over_bodystocking,0,29,,Chưa có bản dịch
loose_dress,0,29,,Chưa có bản dịch
boxing_skirt,0,29,,Chưa có bản dịch
shirt_rip,7,29,,Chưa có bản dịch
leotard_down,7,29,,Chưa có bản dịch
winged_clothes,0,29,,Chưa có bản dịch
wiping_with_clothes,0,29,,Chưa có bản dịch
penis_in_another's_sock,0,29,,Chưa có bản dịch
torn_cardigan,0,29,,Chưa có bản dịch
shorts_open,7,29,,Chưa có bản dịch
carrot_print_underwear,7,29,,Chưa có bản dịch
world_detective_organization_uniform,0,29,,Chưa có bản dịch
cat_print_underwear,7,29,,Chưa có bản dịch
pattern_tights,7,29,,Chưa có bản dịch
boot_on_head,7,29,,Chưa có bản dịch
seiran_general_art_institute_school_uniform,0,28,,Chưa có bản dịch
print_sandals,0,28,,Chưa có bản dịch
trois_anges_idol_uniform,0,28,,Chưa có bản dịch
straining_underwear,7,28,,Chưa có bản dịch
workout_gloves,7,28,,Chưa có bản dịch
panties_around_finger,7,28,,Chưa có bản dịch
billowing_cape,7,28,,Chưa có bản dịch
rave_pants,7,28,,Chưa có bản dịch
koala_costume,0,28,,Chưa có bản dịch
translucent_swimsuit,0,28,,Chưa có bản dịch
s.t.y.x._employee_uniform,0,28,,Chưa có bản dịch
don't_worry_i'm_wearing,0,28,,Chưa có bản dịch
basketball_clothing,7,28,,Chưa có bản dịch
dirty_panties,7,28,,Chưa có bản dịch
padded_shirt,0,28,,Chưa có bản dịch
frilled_slingshot_swimsuit,0,28,,Chưa có bản dịch
dildo_under_swimsuit,0,28,,Chưa có bản dịch
jester_shoes,0,28,,Chưa có bản dịch
bondage_under_clothes,0,28,,Chưa có bản dịch
explosive_reactive_armor,7,28,,Chưa có bản dịch
lace-trimmed_coat,0,28,,Chưa có bản dịch
lace-trimmed_garter_straps,0,28,,Chưa có bản dịch
lace_garter_straps,0,28,,Chưa có bản dịch
ouran_high_school_uniform_(megami_tensei),0,28,,Chưa có bản dịch
hikarizuka_school_uniform,0,28,,Chưa có bản dịch
cardigan_schooler_(idolmaster),0,28,cardigan_schooler,Chưa có bản dịch
erection_under_apron,7,28,,Chưa có bản dịch
kiritsusei_juuji_academy_school_uniform_(new_link),0,28,,Chưa có bản dịch
ruffled_bra,7,28,,Chưa có bản dịch
two_tone_bikini_top,7,28,,Chưa có bản dịch
aloha_shirt_only,7,28,,Chưa có bản dịch
sweater_in_mouth,7,28,,Chưa có bản dịch
costume_change,0,28,,Chưa có bản dịch
tying_bra,0,28,,Chưa có bản dịch
denim_boots,0,28,,Chưa có bản dịch
leotard_under_leotard,0,28,,Chưa có bản dịch
shirt_too_small,7,28,,Chưa có bản dịch
bow_skirt,7,28,,Chưa có bản dịch
spartan_armor_(halo),7,28,,Chưa có bản dịch
footwear_worship,7,28,,Chưa có bản dịch
removing_armor,0,28,,Chưa có bản dịch
glowing_footwear,0,28,,Chưa có bản dịch
tight_jockstrap,7,28,,Chưa có bản dịch
keyhole_shirt,7,28,"key-hole_shirt,key_hole_shirt",Chưa có bản dịch
flowing_dress_(dq),0,28,,Chưa có bản dịch
energy_clothes,0,28,,Chưa có bản dịch
butler_outfit,7,28,,Chưa có bản dịch
grabbing_underwear,7,28,,Chưa có bản dịch
messy_underwear,7,28,"disheveled_underwear,unkempt_underwear",Chưa có bản dịch
crystal_prep_academy_school_uniform,0,28,,Chưa có bản dịch
feathered_cloak,0,28,,Chưa có bản dịch
green_garter_straps,0,28,,Chưa có bản dịch
cum_on_shorts,7,28,,Chưa có bản dịch
camo_bikini,7,28,,Chưa có bản dịch
breastless_bodysuit,0,28,,Chưa có bản dịch
yukari's_gap_bikini,0,28,,Chưa có bản dịch
kakyuusei_school_uniform,0,28,,Chưa có bản dịch
under_dress,7,28,,Chưa có bản dịch
blazer-with-bow_outfit_(tomodachi_life),0,28,,Chưa có bản dịch
growing_out_of_clothes,7,28,,Chưa có bản dịch
text_on_bikini,7,28,,Chưa có bản dịch
bloody_apron,0,28,,Chưa có bản dịch
magic_bikini_(dq),0,28,,Chưa có bản dịch
half-erect_under_clothing,7,28,,Chưa có bản dịch
unravelling_clothing,7,28,,Chưa có bản dịch
embroidered_gloves,0,28,,Chưa có bản dịch
sock_lick,7,28,,Chưa có bản dịch
novelty_bikini,0,28,,Chưa có bản dịch
kappa_costume,0,27,,Chưa có bản dịch
west_kureoji_grona_military_uniform,0,27,,Chưa có bản dịch
tassel-trimmed_cape,0,27,,Chưa có bản dịch
quilted_skirt,0,27,,Chưa có bản dịch
underwear_pee,7,27,,Chưa có bản dịch
octopus_costume,0,27,,Chưa có bản dịch
underwear_on_foot,7,27,,Chưa có bản dịch
wearing_cape,7,27,,Chưa có bản dịch
grey_outfit,7,27,gray_outfit,Chưa có bản dịch
kakyuusei_2_school_uniform,0,27,,Chưa có bản dịch
checkered_hoodie,0,27,,Chưa có bản dịch
breasts_out_of_clothes,7,27,,Chưa có bản dịch
floating_sleeves,0,27,,Chưa có bản dịch
white_socks_(marking),7,27,,Chưa có bản dịch
lowered_shirt,7,27,,Chưa có bản dịch
blue_knee_boots,7,27,,Chưa có bản dịch
gradient_cardigan,0,27,,Chưa có bản dịch
meteor_sweepers_uniform,0,27,,Chưa có bản dịch
feather-trimmed_kimono,0,27,,Chưa có bản dịch
takarazaki_junshin_school_uniform,0,27,,Chưa có bản dịch
cross-laced_hoodie,0,27,,Chưa có bản dịch
rooster_costume,0,27,,Chưa có bản dịch
gold_stockings,7,27,,Bít tất vàng kim
purple_jeans,7,27,,Chưa có bản dịch
tail-tie_clothing,7,27,,Chưa có bản dịch
tail-tie_bikini,7,27,,Chưa có bản dịch
sami_clothes,0,27,,Chưa có bản dịch
gloves_removed,7,27,,Chưa có bản dịch
glistening_socks,7,27,shiny_socks,Chưa có bản dịch
glistening_thigh_boots,7,27,shiny_thigh_boots,Chưa có bản dịch
light_shoes,7,27,,Giày nhạt
cow_print_boots,0,27,,Chưa có bản dịch
orange_fingerless_gloves,7,27,,Chưa có bản dịch
bow_gloves,7,27,,Chưa có bản dịch
mismatched_clothing,7,27,,Chưa có bản dịch
shirt_tucked_into_underwear,7,27,,Chưa có bản dịch
batgirl_costume_(2021_stephanie),0,27,,Chưa có bản dịch
kin-iro_mosaic_middle_school_uniform,0,27,,Chưa có bản dịch
kimono_hold,0,27,,Chưa có bản dịch
argyle_panties,0,27,,Chưa có bản dịch
spider_costume,0,27,,Chưa có bản dịch
gigot_sleeves,7,27,,Chưa có bản dịch
two_tone_sports_bra,7,27,,Chưa có bản dịch
two_tone_cloak,7,27,,Chưa có bản dịch
mizuhozaka_academy_school_uniform,0,27,,Chưa có bản dịch
pulling_shirt_up,7,27,,Chưa có bản dịch
kirimine_middle_school_uniform,0,27,,Chưa có bản dịch
high-visibility_jacket,0,27,,Chưa có bản dịch
black_bondage_gloves,7,27,,Chưa có bản dịch
diagonal-striped_panties,0,27,,Chưa có bản dịch
spotted_bra,7,27,,Chưa có bản dịch
monotone_blouse,7,27,,Chưa có bản dịch
monotone_jeans,7,27,,Chưa có bản dịch
shoes_on_desk,0,27,,Chưa có bản dịch
sumomo-gaoka_high_school_uniform,0,27,,Chưa có bản dịch
donut_costume,7,27,,Chưa có bản dịch
bone_print_underwear,7,27,,Chưa có bản dịch
beige_shirt,7,27,,Chưa có bản dịch
st._johanna's_private_girls_institute_school_uniform,0,27,,Chưa có bản dịch
catwoman_costume_(2002),0,27,,Chưa có bản dịch
adjusting_pants,0,27,,Chưa có bản dịch
star_costume,0,27,,Chưa có bản dịch
striped_dress_shirt,7,27,,Chưa có bản dịch
carrot_print_panties,7,27,,Chưa có bản dịch
pansexual_pride_clothing,7,27,,Chưa có bản dịch
cat_outfit,7,27,,Chưa có bản dịch
pants_pee,7,27,,Chưa có bản dịch
japanese_flag_bikini,0,27,,Chưa có bản dịch
clothes_disappearing,0,27,,Chưa có bản dịch
panty_pee,7,27,,Chưa có bản dịch
fur_collar_jacket,7,27,,Chưa có bản dịch
boot_soles,7,27,,Chưa có bản dịch
steel_armor,7,27,,Chưa có bản dịch
shion_girls_academy_school_uniform,0,26,,Chưa có bản dịch
bronze_armor,7,26,,Chưa có bản dịch
iwakiriyama_high_school_uniform,0,26,,Chưa có bản dịch
fur_trim_coat,7,26,,Chưa có bản dịch
battle_vest,7,26,,Chưa có bản dịch
indonesian_middle_school_uniform,0,26,,Chưa có bản dịch
zinogre_armor,7,26,,Chưa có bản dịch
tight_thigh_socks,7,26,,Chưa có bản dịch
skirt_as_blanket_(meme),0,26,,Chưa có bản dịch
padded_sleeves,0,26,,Chưa có bản dịch
skirt_rise,0,26,,Chưa có bản dịch
rabbit_pattern_underwear,7,26,,Chưa có bản dịch
multicolored_boxing_gloves,7,26,,Chưa có bản dịch
lobster_costume,0,26,,Chưa có bản dịch
balls_through_underwear,7,26,,Chưa có bản dịch
pride_color_skirt,7,26,,Chưa có bản dịch
jeans_pull,7,26,,Chưa có bản dịch
winter_boots,7,26,,Chưa có bản dịch
dissolved_clothing,7,26,,Chưa có bản dịch
semi-transparent_clothing,7,26,,Chưa có bản dịch
st._astraia's_school_uniform,0,26,,Chưa có bản dịch
suggestive_underwear,7,26,,Chưa có bản dịch
colored_edge_swimsuit,7,26,,Chưa có bản dịch
slut_print_clothing,7,26,,Chưa có bản dịch
arrow_in_armor,0,26,,Chưa có bản dịch
seirin_high_basketball_uniform,0,26,,Chưa có bản dịch
get_along_shirt_(meme),0,26,,Chưa có bản dịch
panties_on_tail,7,26,,Chưa có bản dịch
panties_under_panties,0,26,,Chưa có bản dịch
dark_cloak,7,26,,Chưa có bản dịch
pants_under_leotard,0,26,,Chưa có bản dịch
squid_costume,0,26,,Chưa có bản dịch
hockey_uniform,0,26,,Chưa có bản dịch
parasitic_underwear,7,26,,Chưa có bản dịch
gingham_footwear,0,26,,Chưa có bản dịch
high-low_shirt,0,26,,Chưa có bản dịch
red_uniform,7,26,,Chưa có bản dịch
heart_garter,7,26,,Chưa có bản dịch
head_dress,7,26,,Chưa có bản dịch
matsumiya_municipal_first_middle_school_uniform,0,26,,Chưa có bản dịch
knit_swimsuit,0,26,,Chưa có bản dịch
knit_pantyhose,0,26,,Chưa có bản dịch
no_bike_shorts,0,26,,Chưa có bản dịch
yellow_thigh_boots,7,26,,Chưa có bản dịch
yeti_costume,0,26,,Chưa có bản dịch
cum_on_hoodie,7,26,,Chưa có bản dịch
hands_in_shoes,0,26,,Chưa có bản dịch
polka_dot_vest,0,26,,Chưa có bản dịch
handjob_under_clothing,7,26,,Chưa có bản dịch
hand_up_shirt,7,26,,Chưa có bản dịch
shoes_on_table,0,26,,Chưa có bản dịch
shoe_on_head,7,26,,Chưa có bản dịch
pelt_clothing,7,26,,Chưa có bản dịch
fingerless_sleeves,0,26,,Chưa có bản dịch
60s_clothing,7,26,,Chưa có bản dịch
grey_slingshot_swimsuit,0,26,,Chưa có bản dịch
t-shirt_pull,7,26,,Chưa có bản dịch
brown_dress_shirt,7,25,,Chưa có bản dịch
diagonal-striped_pantyhose,0,25,,Chưa có bản dịch
diagonal-striped_jacket,0,25,,Chưa có bản dịch
batgirl_costume_(2009),0,25,,Chưa có bản dịch
warden_uniform,7,25,,Chưa có bản dịch
underwear_swap,7,25,,Chưa có bản dịch
military_gloves,7,25,,Chưa có bản dịch
arashigaoka_academy_school_uniform,0,25,arashigaoka_academy_uniform,Chưa có bản dịch
furin_high_school_uniform,0,25,,Chưa có bản dịch
dress_uniform,7,25,,Chưa có bản dịch
pokemon_in_clothes,0,25,,Chưa có bản dịch
leg_socks,7,25,,Chưa có bản dịch
battle_jacket,7,25,,Chưa có bản dịch
cropped_sweater_vest,0,25,,Chưa có bản dịch
flight_cape_(precure),0,25,,Chưa có bản dịch
cross-laced_socks,0,25,,Chưa có bản dịch
takahara_academy_school_uniform,0,25,takahara_academy_uniform,Chưa có bản dịch
drawing_glove,7,25,,Chưa có bản dịch
indonesian_civil_servant_uniform,0,25,,Chưa có bản dịch
wearing_cloak,7,25,,Chưa có bản dịch
touching_bra,7,25,,Chưa có bản dịch
great_spirit_revealing_maid_costume,0,25,,Chưa có bản dịch
leotard_under_jacket,7,25,,Chưa có bản dịch
asymmetrical_pantyhose,0,25,,Chưa có bản dịch
shoe_locker_pov,0,25,,Chưa có bản dịch
zipper_sweater,7,25,,Chưa có bản dịch
embroidered_skirt,0,25,,Chưa có bản dịch
zipper_bodysuit,7,25,,Chưa có bản dịch
clothing_inflation,7,25,,Chưa có bản dịch
private_ten'ou_middle_school_uniform,0,25,,Chưa có bản dịch
floral_kimono,7,25,,Chưa có bản dịch
shirt_removed,7,25,,Chưa có bản dịch
western_clothing,7,25,,Chưa có bản dịch
floral_print_vest,0,25,,Chưa có bản dịch
liella!_solo_outfit_design_vote,0,25,,Chưa có bản dịch
swedish_flag_bikini,0,25,,Chưa có bản dịch
pink_uniform,7,25,,Chưa có bản dịch
kako_squad's_uniform,0,25,,Chưa có bản dịch
sweater_up,7,25,,Chưa có bản dịch
apple_print_underwear,7,25,,Chưa có bản dịch
gagged_with_clothing,7,25,,Chưa có bản dịch
cum_on_sweater,7,25,,Chưa có bản dịch
bikini_strap,7,25,,Chưa có bản dịch
tight_dress_shirt,7,25,,Chưa có bản dịch
tight_armwear,7,25,,Chưa có bản dịch
no_bodysuit,0,25,,Chưa có bản dịch
skirt_under_skirt,0,25,,Chưa có bản dịch
blacksmith_apron,7,25,,Chưa có bản dịch
multicolored_high_heels,7,25,,Chưa có bản dịch
rabbit_pattern_panties,7,25,,Chưa có bản dịch
star_bikini,7,25,,Chưa có bản dịch
biting_underwear,7,25,,Chưa có bản dịch
blue_pajama_shirt,7,25,,Chưa có bản dịch
camouflage_sports_bra,0,25,,Chưa có bản dịch
pawpad_socks,7,25,,Chưa có bản dịch
gold_shirt,0,25,,Áo vàng kim
amazigh_clothes,0,25,,Chưa có bản dịch
gartered_thighhighs,0,25,,Chưa có bản dịch
animal_gloves,7,25,,Găng tay động vật
animal_ear_underwear,0,25,,Chưa có bản dịch
sleeve_bell,0,25,,Chưa có bản dịch
c-rank_uniform_(world_trigger),0,25,,Chưa có bản dịch
tattered_cape,7,25,,Chưa có bản dịch
barbarian_outfit,7,25,,Chưa có bản dịch
black_bat_costume,0,25,,Chưa có bản dịch
hoodie_up,7,25,,Chưa có bản dịch
sock_suspenders,7,25,,Chưa có bản dịch
precum_in_underwear,7,25,,Chưa có bản dịch
big_pants,7,25,,Quần to
hole_in_underwear,7,25,,Chưa có bản dịch
panties_below_skirt,7,25,,Chưa có bản dịch
holding_skirt_down,7,25,,Chưa có bản dịch
cat_smile_panties,7,25,,Chưa có bản dịch
pants_on_leg,7,25,,Chưa có bản dịch
high_heeled_sandals_only,7,25,,Chưa có bản dịch
holding_kimono,0,25,,Chưa có bản dịch
see-through_sweater,0,25,,Chưa có bản dịch
nursing_sweater,0,25,,Chưa có bản dịch
armor_writing,0,25,,Chưa có bản dịch
bullworth_academy_school_uniform,0,25,bullworth_academy_uniform,Chưa có bản dịch
doctor_outfit,7,24,,Chưa có bản dịch
monotone_armor,7,24,,Chưa có bản dịch
gingham_sweater,0,24,,Chưa có bản dịch
bondage_clothing,7,24,,Chưa có bản dịch
magic_shoes,7,24,,Chưa có bản dịch
pizza_bikini,7,24,,Chưa có bản dịch
navy_shirt,7,24,,Chưa có bản dịch
tetrarkhia_idol_uniform,0,24,,Chưa có bản dịch
plaid_boots,0,24,,Chưa có bản dịch
hobble_skirt_(bdsm),0,24,,Chưa có bản dịch
eyeball_thighhighs,0,24,,Chưa có bản dịch
plaid_robe,7,24,,Chưa có bản dịch
vertical-striped_hoodie,0,24,,Chưa có bản dịch
big_dress,7,24,,Váy to
holding_robe,0,24,,Chưa có bản dịch
seijyun_jogakuen_uniform,0,24,,Chưa có bản dịch
teikoku_soccer_uniform,0,24,,Chưa có bản dịch
holding_single_heel,0,24,,Chưa có bản dịch
off-shoulder_robe,0,24,,Chưa có bản dịch
footwear_cutout,0,24,,Chưa có bản dịch
hoodie_tucked_in,0,24,,Chưa có bản dịch
aogiri_gym_uniform,0,24,,Chưa có bản dịch
teal_boots,7,24,,Chưa có bản dịch
backless_coat,0,24,,Chưa có bản dịch
suggestive_print_clothing,7,24,,Chưa có bản dịch
hotdog_costume,7,24,,Chưa có bản dịch
animare_stage_costume,0,24,,Chưa có bản dịch
heart_hoodie,7,24,,Chưa có bản dịch
removing_costume,0,24,,Chưa có bản dịch
gold_bodysuit,0,24,,Chưa có bản dịch
raimon_track_uniform,0,24,,Chưa có bản dịch
pride_color_sweater,7,24,,Chưa có bản dịch
chilean_clothes,0,24,,Chưa có bản dịch
renpu_girls_school_uniform_(old_design),0,24,,Chưa có bản dịch
sideless_pants,0,24,,Chưa có bản dịch
blue_suit_jacket,7,24,,Chưa có bản dịch
discarded_dress,7,24,,Chưa có bản dịch
blue_seam_clothing,7,24,,Chưa có bản dịch
camouflage_cape,0,24,,Chưa có bản dịch
feather-trimmed_shirt,0,24,,Chưa có bản dịch
shinonome_academy_school_uniform,0,24,,Chưa có bản dịch
no_swimsuit,0,24,,Chưa có bản dịch
tan_high_heels,7,24,tan_heels,Chưa có bản dịch
yellow_garter_straps,0,24,,Chưa có bản dịch
3_fingers_gloves,7,24,,Chưa có bản dịch
untied_dress,0,24,,Chưa có bản dịch
white_suit_jacket,7,24,,Chưa có bản dịch
egg_in_underwear,7,24,,Chưa có bản dịch
janomiya_school_uniform,0,24,,Chưa có bản dịch
blue_costume,7,24,,Chưa có bản dịch
cumdrip_through_pantyhose,0,24,,Chưa có bản dịch
cum_in_bodysuit,7,24,,Chưa có bản dịch
sweater_under_kimono,0,24,,Chưa có bản dịch
blown_skirt,7,24,,Chưa có bản dịch
print_stockings,7,24,,Chưa có bản dịch
light_dress_shirt,7,24,,Chưa có bản dịch
lifting_robe,7,24,,Chưa có bản dịch
spiderman_costume,7,24,,Chưa có bản dịch
aqua_garter_belt,0,24,,Chưa có bản dịch
private_kaisei_elementary_school_uniform,0,24,,Chưa có bản dịch
gray_feathers_uniform_(pgr),0,24,,Chưa có bản dịch
wearing_underwear,7,24,,Chưa có bản dịch
leopard_print_underwear,7,24,,Chưa có bản dịch
ineffective_dress,7,24,,Chưa có bản dịch
putting_pants_on,7,24,,Chưa có bản dịch
mismatched_stockings,7,24,,Chưa có bản dịch
covering_panties,7,24,,Chưa có bản dịch
water_skirt,0,24,,Chưa có bản dịch
cow_print_shirt,0,24,,Chưa có bản dịch
tail_through_bikini,7,24,,Chưa có bản dịch
tail_over_panties,7,24,,Chưa có bản dịch
chocobo_costume,0,24,,Chưa có bản dịch
penis_in_own_thighhigh,0,24,,Chưa có bản dịch
iridescent_dress,7,24,,Chưa có bản dịch
waffle_costume,7,24,,Chưa có bản dịch
two-tone_cardigan,0,24,,Chưa có bản dịch
broken_heel,7,24,,Chưa có bản dịch
b.e.a.s.t._glove,0,24,,Chưa có bản dịch
unicorn_panties,7,24,,Chưa có bản dịch
lace-trimmed_sweater,0,24,,Chưa có bản dịch
pulling_bikini_down,7,24,,Chưa có bản dịch
puffy-trimmed_coat,0,24,,Chưa có bản dịch
broken_footwear,0,23,,Chưa có bản dịch
pseudo_dress_removed,7,23,,Chưa có bản dịch
purple_bike_shorts,0,23,,Chưa có bản dịch
american_flag_leotard,0,23,,Chưa có bản dịch
single_strap_shirt,7,23,,Chưa có bản dịch
leather_swimwear,7,23,leather_swimsuit,Chưa có bản dịch
leopard_print_skirt,0,23,,Chưa có bản dịch
jacket_over_kimono,0,23,,Chưa có bản dịch
wet_sports_bra,0,23,,Chưa có bản dịch
touou_academy_school_uniform,0,23,,Chưa có bản dịch
ahegao_hoodie,7,23,,Chưa có bản dịch
white_costume,7,23,,Chưa có bản dịch
japanese_police_uniform_type_51,0,23,,Chưa có bản dịch
energy_cape,0,23,,Chưa có bản dịch
long_apron,0,23,,Chưa có bản dịch
looking_at_own_panties,7,23,,Chưa có bản dịch
erect_clitoris_under_clothing,7,23,,Chưa có bản dịch
horse_armor,7,23,,Chưa có bản dịch
hooded_swimsuit,0,23,,Chưa có bản dịch
written_consent_clothing,7,23,,Chưa có bản dịch
evilfall_outfit,0,23,,Chưa có bản dịch
pouring_through_clothes,0,23,,Chưa có bản dịch
cherry_panties,7,23,,Chưa có bản dịch
hipless_clothing,7,23,,Chưa có bản dịch
vertical-striped_robe,0,23,,Chưa có bản dịch
red_tights,7,23,,Chưa có bản dịch
verone_gakuin_cheerleader_uniform,0,23,,Chưa có bản dịch
face_mask_bikini,7,23,,Chưa có bản dịch
mao_jacket,0,23,,Chưa có bản dịch
socks_over_fishnets,0,23,,Chưa có bản dịch
pattern_cape,7,23,,Chưa có bản dịch
knit_bikini,0,23,,Chưa có bản dịch
knit_dress,0,23,,Chưa có bản dịch
feather-trimmed_skirt,0,23,,Chưa có bản dịch
yellow_blouse,7,23,,Chưa có bản dịch
feces_in_clothing,7,23,,Chưa có bản dịch
hand_under_bikini,0,23,,Chưa có bản dịch
hand_in_another's_swimsuit,0,23,,Chưa có bản dịch
ride_armor_(mega_man),0,23,,Chưa có bản dịch
crust_pants,7,23,,Chưa có bản dịch
alternate_underwear,0,23,,Chưa có bản dịch
butt_bra,7,23,,Chưa có bản dịch
pokeball_panties,7,23,poke_ball_panties,Chưa có bản dịch
two_tone_boxing_gloves,7,23,,Chưa có bản dịch
yukata_maid_(idolmaster),0,23,,Chưa có bản dịch
green_thigh_boots,7,23,,Chưa có bản dịch
green_polo_shirt,7,23,,Chưa có bản dịch
cow_print_underwear,7,23,,Chưa có bản dịch
gradient_vest,0,23,,Chưa có bản dịch
floral_print_socks,0,23,,Chưa có bản dịch
shirt_hair,7,23,,Chưa có bản dịch
flower-trimmed_thighhighs,0,23,,Chưa có bản dịch
gold_garter_belt,0,23,,Chưa có bản dịch
cookie_costume,7,23,,Chưa có bản dịch
c.cats_uniform_(idolmaster),0,23,,Chưa có bản dịch
plaid_shoes,0,23,,Chưa có bản dịch
monotone_thigh_boots,7,23,,Chưa có bản dịch
black_costume,7,23,,Chưa có bản dịch
sakura_miku_official_costume_design_contest,0,23,,Chưa có bản dịch
karate_pants,7,23,,Chưa có bản dịch
camouflage_bodysuit,0,23,,Chưa có bản dịch
pinstripe_gloves,0,23,,Chưa có bản dịch
studded_vest,0,23,,Chưa có bản dịch
front-tie_swimsuit,0,23,,Chưa có bản dịch
unbuttoned_vest,0,23,,Chưa có bản dịch
undersized_underwear,7,23,,Chưa có bản dịch
sailor_kimono,0,23,,Chưa có bản dịch
underwear_cutout,0,22,,Chưa có bản dịch
underwear_between_buttocks,7,22,,Chưa có bản dịch
dress_suit,7,22,,Chưa có bản dịch
dress_socks,7,22,,Chưa có bản dịch
cake_dress,0,22,,Chưa có bản dịch
unbuttoning_shirt,7,22,,Chưa có bản dịch
unbuttoned_underwear,7,22,,Chưa có bản dịch
pinstripe_sweater,0,22,,Chưa có bản dịch
stuck_in_clothes,7,22,,Chưa có bản dịch
bike_shorts_under_leotard,0,22,,Chưa có bản dịch
artisanship_commission_uniform_(honkai:_star_rail),0,22,,Chưa có bản dịch
russian_flag_bikini,7,22,,Chưa có bản dịch
mount_fuji_costume,0,22,,Chưa có bản dịch
phat_pants,7,22,,Chưa có bản dịch
plaid_dress_shirt,7,22,,Chưa có bản dịch
spotted_pants,7,22,,Chưa có bản dịch
molle_vest,0,22,,Chưa có bản dịch
footwear_aside,7,22,,Chưa có bản dịch
footjob_under_clothes,0,22,,Chưa có bản dịch
shirozume_girls_high_school_uniform,0,22,,Chưa có bản dịch
shirt_around_one_arm,0,22,,Chưa có bản dịch
shirt_knot,7,22,,Chưa có bản dịch
yumenosaki_school_uniform_(summer),0,22,,Chưa có bản dịch
sweaty_bra,7,22,,Chưa có bản dịch
floral_t-shirt,7,22,,Chưa có bản dịch
swimsuit_(xenoblade_x),0,22,,Chưa có bản dịch
argyle_apron,0,22,,Chưa có bản dịch
sylveon_costume,7,22,,Chưa có bản dịch
symbol_on_underwear,7,22,,Chưa có bản dịch
shoe_insert,0,22,,Chưa có bản dịch
pawpad_shoes,7,22,,Chưa có bản dịch
hand_on_dress,7,22,,Chưa có bản dịch
hand_on_skirt,0,22,,Chưa có bản dịch
ribbed_coat,0,22,,Chưa có bản dịch
mask_panties,0,22,,Chưa có bản dịch
belted_dress,0,22,,Chưa có bản dịch
casual_clothes,7,22,,Chưa có bản dịch
trium_tone_idol_uniform,0,22,,Chưa có bản dịch
heelless_high_heels,7,22,,Chưa có bản dịch
jiefang_shoes,0,22,,Chưa có bản dịch
panties_under_leggings,0,22,,Chưa có bản dịch
teal_coat,7,22,,Chưa có bản dịch
red_sleeveless_shirt,7,22,,Chưa có bản dịch
high_waisted_bikini,7,22,,Chưa có bản dịch
side-tie_bikini_top,0,22,,Chưa có bản dịch
makoto_mirai_academy_high_school_uniform,0,22,,Chưa có bản dịch
tentacles_in_thighhighs,0,22,,Chưa có bản dịch
tentacles_in_clothing,7,22,,Chưa có bản dịch
painted_on_underwear,7,22,,Chưa có bản dịch
discarded_sock,7,22,,Chưa có bản dịch
princess_costume,7,22,,Chưa có bản dịch
odogaron_armor,7,22,,Chưa có bản dịch
seiryou_academy_school_uniform,0,22,seiryou_academy_uniform,Chưa có bản dịch
checkered_bodysuit,0,22,,Chưa có bản dịch
vshojo_maid_cafe_uniform,0,22,,Chưa có bản dịch
long_jacket,7,22,,Áo khoác dài
outfit_4_(kumamiko),0,22,,Chưa có bản dịch
lace-trimmed_cloak,0,22,,Chưa có bản dịch
diaper_under_panties,7,22,,Chưa có bản dịch
ouji_squad's_uniform,0,22,,Chưa có bản dịch
tied_apron,7,22,,Chưa có bản dịch
rabbit_ear_stockings,7,22,,Chưa có bản dịch
bra_transformation,7,22,,Chưa có bản dịch
ice_cream_costume,7,22,,Chưa có bản dịch
skirt_on_head,0,22,,Chưa có bản dịch
pumpkin_bra,0,22,,Chưa có bản dịch
tight_grip,7,22,,Chưa có bản dịch
white_seam_shorts,7,22,,Chưa có bản dịch
simple_clothing,7,22,,Chưa có bản dịch
diagonal-striped_bra,0,22,,Chưa có bản dịch
lindem_baum_uniform,0,22,,Chưa có bản dịch
large_sleeves,7,22,,Tay áo lớn
light_elbow_gloves,7,22,,Chưa có bản dịch
purple_cropped_jacket,7,22,,Chưa có bản dịch
invisibility_cloak,0,22,,Chưa có bản dịch
wearing_another's_underwear,7,22,,Chưa có bản dịch
organic_clothes,0,22,,Chưa có bản dịch
sexy_underwear,7,22,,Chưa có bản dịch
pineapple_costume,0,21,,Chưa có bản dịch
underwear_tag,7,21,,Chưa có bản dịch
united_states_men's_national_soccer_team_uniform,0,21,,Chưa có bản dịch
dress_coat,7,21,,Chưa có bản dịch
denim_underwear,7,21,,Chưa có bản dịch
orange_thigh_socks,7,21,,Chưa có bản dịch
orange_straitjacket,7,21,"orange_straight_jacket,orange_straightjacket,orange_strait_jacket",Chưa có bản dịch
single_sleeve_past_elbow,0,21,,Chưa có bản dịch
strawberry_bra,7,21,,Chưa có bản dịch
clothes_inflation,7,21,,Chưa có bản dịch
clothing_markings,7,21,,Chưa có bản dịch
clothing_stretch,7,21,,Chưa có bản dịch
front_slit_dress,7,21,,Chưa có bản dịch
front-tie_bikini_top_pull_pose_(han-0v0),0,21,,Chưa có bản dịch
camouflage_leotard,0,21,,Chưa có bản dịch
star_t-shirt,7,21,,Chưa có bản dịch
studded_shirt,0,21,,Chưa có bản dịch
cocktail_dress_(idolmaster),0,21,,Chưa có bản dịch
white_boxing_gloves,7,21,,Chưa có bản dịch
broken_shoes,0,21,,Chưa có bản dịch
succubus_gyaru_uniform,0,21,,Chưa có bản dịch
batgirl_costume_(1999),0,21,,Chưa có bản dịch
liquid_skirt,0,21,,Chưa có bản dịch
bra_overflow,7,21,,Chưa có bản dịch
bra_over_eyes,0,21,,Chưa có bản dịch
ruffled_swimsuit,7,21,,Chưa có bản dịch
sky_trainer_uniform,0,21,,Chưa có bản dịch
throwing_underwear,7,21,,Chưa có bản dịch
silver_slingshot_swimsuit,0,21,,Chưa có bản dịch
keyhole_sweater,7,21,,Chưa có bản dịch
gingham_bra,0,21,,Chưa có bản dịch
armor_pads,7,21,,Chưa có bản dịch
neck-tie_swimsuit,7,21,,Chưa có bản dịch
lost_clothes,7,21,,Chưa có bản dịch
plastic_bag_swimsuit,0,21,,Chưa có bản dịch
spotted_stockings,7,21,,Chưa có bản dịch
oversized_shoes,0,21,,Chưa có bản dịch
lowered_shorts,7,21,,Chưa có bản dịch
wooden_sandals,7,21,,Chưa có bản dịch
christmas_panties,7,21,,Chưa có bản dịch
holomyth_anniversary_outfit,0,21,hololive_english_idol_uniform,Chưa có bản dịch
hololive_1st_generation_anniversary_outfit,0,21,,Chưa có bản dịch
spiked_sandals,0,21,,Chưa có bản dịch
dutch_national_soccer_team_uniform,0,21,,Chưa có bản dịch
sanc_kingdom_school_uniform,0,21,,Chưa có bản dịch
floral_skirt,7,21,,Chưa có bản dịch
cow_print_hoodie,0,21,,Chưa có bản dịch
green_jeans,7,21,,Chưa có bản dịch
alsatian_clothes,0,21,,Chưa có bản dịch
hockey_gloves,0,21,,Chưa có bản dịch
grey_blouse,7,21,,Chưa có bản dịch
egg_costume,0,21,,Chưa có bản dịch
flag_print_shirt,0,21,,Chưa có bản dịch
flag_dress,0,21,,Chưa có bản dịch
bonple_school_uniform,0,21,,Chưa có bản dịch
cherry_underwear,7,21,,Chưa có bản dịch
dancing_outfit_(zelda),0,21,,Chưa có bản dịch
pride_color_dress,7,21,,Chưa có bản dịch
kulve_taroth_armor,7,21,,Chưa có bản dịch
male_underwear_lift,0,21,,Chưa có bản dịch
eyeball_sleeves,0,21,,Chưa có bản dịch
translucent_sleeves,7,21,,Chưa có bản dịch
highschool_uniform,7,21,,Chưa có bản dịch
hair_bikini,0,21,,Chưa có bản dịch
blood_stained_clothing,7,21,,Chưa có bản dịch
sock_gagged,0,21,,Chưa có bản dịch
hand_in_another's_shorts,0,21,,Chưa có bản dịch
tsukiyomi-no-kamu_kimono_(idolmaster),0,21,,Chưa có bản dịch
baekje_middle_school_uniform,0,21,,Chưa có bản dịch
cuffed_pants,7,21,,Chưa có bản dịch
ribbon-trimmed_boots,0,21,,Chưa có bản dịch
czech_clothes,0,21,,Chưa có bản dịch
apple_underwear,7,21,,Chưa có bản dịch
medical_mask_underwear,7,21,,Chưa có bản dịch
tan_bodysuit,7,21,,Chưa có bản dịch
tan_bikini,7,21,,Chưa có bản dịch
yellow_costume,7,21,,Chưa có bản dịch
cutout_hoodie,7,21,,Chưa có bản dịch
portal_bra,7,20,,Chưa có bản dịch
tan_sandals,7,20,,Chưa có bản dịch
tsab_rescue_military_uniform,0,20,,Chưa có bản dịch
blue_knee_socks,7,20,,Chưa có bản dịch
meimon_high_school_uniform,0,20,,Chưa có bản dịch
hand_under_bra,7,20,,Chưa có bản dịch
heel_fur,7,20,,Chưa có bản dịch
april_fools_2025_cat_ear_maid_outfit_(saihate_eki),0,20,,Chưa có bản dịch
amagi_sealing_congregation_school_uniform,0,20,,Chưa có bản dịch
yogurt_school_uniform,0,20,,Chưa có bản dịch
cat_ear_footwear,0,20,,Chưa có bản dịch
norwegian_clothes,0,20,,Chưa có bản dịch
baggy_jeans,7,20,,Chưa có bản dịch
kouzu_school_uniform,0,20,,Chưa có bản dịch
teal_socks,7,20,,Chưa có bản dịch
sock_on_muzzle,7,20,,Chưa có bản dịch
shuutoku_basketball_uniform,0,20,,Chưa có bản dịch
mfg_angels_outfit,0,20,,Chưa có bản dịch
pawpad_gloves,7,20,,Chưa có bản dịch
shorts_on_head,0,20,,Chưa có bản dịch
crotch_bra,7,20,,Chưa có bản dịch
academic_dress,7,20,,Chưa có bản dịch
bug_costume,0,20,,Chưa có bản dịch
tail_through_dress,7,20,,Chưa có bản dịch
tail_through_swimsuit,7,20,,Chưa có bản dịch
red_knee_boots,7,20,,Chưa có bản dịch
buddhist_priest_outfit,7,20,,Chưa có bản dịch
bondage_boots,7,20,,Chưa có bản dịch
archouchou_idol_uniform,0,20,,Chưa có bản dịch
magic_gloves,7,20,,Chưa có bản dịch
dirty_pants,7,20,,Chưa có bản dịch
grey_thigh_boots,7,20,,Chưa có bản dịch
flag_shirt,7,20,,Chưa có bản dịch
two-piece_apron,0,20,,Chưa có bản dịch
two-sided_pants,0,20,,Chưa có bản dịch
print_thigh_socks,7,20,,Chưa có bản dịch
prism_school_school_uniform,0,20,,Chưa có bản dịch
rolling_up_sleeves,7,20,,Chưa có bản dịch
spiked_vest,7,20,,Chưa có bản dịch
corset_armor,7,20,,Chưa có bản dịch
romanian_clothes,0,20,,Chưa có bản dịch
dark_vest,7,20,,Chưa có bản dịch
touching_own_underwear,7,20,,Chưa có bản dịch
wooden_armor,7,20,,Chưa có bản dịch
banknote_in_garter,7,20,,Chưa có bản dịch
shirt_over_face,7,20,,Chưa có bản dịch
silk_dress,7,20,,Chưa có bản dịch
canvas_shoes,7,20,,Chưa có bản dịch
hot_dogging_over_clothes,7,20,,Chưa có bản dịch
glistening_robe,7,20,,Chưa có bản dịch
assault_vest_(pokemon),0,20,,Chưa có bản dịch
overall_pants,7,20,,Chưa có bản dịch
armored_coat,0,20,,Chưa có bản dịch
gingham_sweater_vest,0,20,,Chưa có bản dịch
nearly_naked_cape,0,20,,Chưa có bản dịch
pseudo_skirt_lift,7,20,,Chưa có bản dịch
gingham_jacket,0,20,,Chưa có bản dịch
completionist_cape_(t)_(runescape),0,20,,Chưa có bản dịch
rubber_bodysuit,7,20,,Chưa có bản dịch
bow_socks,7,20,,Chưa có bản dịch
lace_clothing,7,20,,Chưa có bản dịch
colored_socks,7,20,,Chưa có bản dịch
one-piece_swimsuit_removed,7,20,,Chưa có bản dịch
rabbit_ear_footwear,0,20,,Chưa có bản dịch
lala_barina_armor,7,20,,Chưa có bản dịch
tiger_print_panties,0,20,,Chưa có bản dịch
mukaihara_junior_high_school_uniform,0,20,,Chưa có bản dịch
multicolored_long_sleeve_shirt,7,20,,Chưa có bản dịch
multicolored_sweater_vest,7,20,"multicolored_sweater-vest,multicolored_sweatervest",Chưa có bản dịch
bikini_knee_pose_(han-0v0),0,20,,Chưa có bản dịch
light_stockings,7,20,,Bít tất nhạt
light_skirt,7,20,,Chân váy nhạt
bikini_top_on_head,0,20,,Chưa có bản dịch
light_high_heels,7,20,,Chưa có bản dịch
light_boots,7,20,,Bốt nhạt
light_cape,7,20,,Chưa có bản dịch
light_dress,7,20,,Váy nhạt
iridescent_footwear,0,20,,Chưa có bản dịch
front-button_panties,7,20,,Chưa có bản dịch
striped_armor,7,20,,Chưa có bản dịch
open_nipple_clothing,7,20,,Chưa có bản dịch
clothing_around_ankles,7,20,,Chưa có bản dịch
clothing_inside,7,20,,Chưa có bản dịch
clothes_stretching,7,20,,Chưa có bản dịch
strawberry_print_underwear,7,20,,Chưa có bản dịch
warrior_outfit_(fire_emblem_engage),0,20,,Chưa có bản dịch
impossible_apron,0,20,,Chưa có bản dịch
strapless_sports_bra,0,20,,Chưa có bản dịch
cloak_pull,0,20,,Chưa có bản dịch
layered_apron,0,20,,Chưa có bản dịch
pink_straitjacket,7,20,"pink_straight_jacket,pink_straightjacket,pink_strait_jacket",Chưa có bản dịch
leaf_cape,0,20,,Chưa có bản dịch
wearing_character,7,20,,Chưa có bản dịch
fur_pants,0,20,,Chưa có bản dịch
dress_under_hoodie,0,20,,Chưa có bản dịch
putting_on_panties,0,20,,Chưa có bản dịch
fundoshi_under_pantyhose,0,20,,Chưa có bản dịch
underwear_attachment,7,20,,Chưa có bản dịch
underwear_on_muzzle,7,20,,Chưa có bản dịch
purple_suit_jacket,7,20,,Chưa có bản dịch
