hair_ornament,0,2091595,"/hornament,hair_accessories,hair_decs,hair_ornaments",Đồ trang trí tóc
hat,0,1998547,"cap,caps,fancy_hat,hats",Mũ
jewelry,0,1959740,"jewelery,jewellery,jewerly,jewlery,jewlry",Trang sức
bow,0,1748049,bows,Nơ
ribbon,0,1473209,,Ruy băng
earrings,0,864464,"aqua_earrings,black_earrings,blue_earrings,brown_earrings,ear_rings,earring,green_earrings,grey_earrings,pink_earrings,purple_earrings,red_earrings,white_earrings,yellow_earrings",Khuyên tai
hair_ribbon,0,843622,"/hribbon,hair_ribbons,ribbon_hair_ornament,ribbons_in_hair",Ruy băng cài tóc
glasses,0,806966,"classes,dark_glasses,eye_glasses,eyeglasses,glaases,megane,meganekko,meganeko,reading_glasses,spectacles",Kính mắt
hair_bow,0,806368,"bow_in_hair,hairbow",Nơ cài tóc
piercing,0,745243,"body_piercing,pearcing,peircing,peircings,pericings,pierced,piercings,piersing",Khuyên xỏ
hairband,0,733776,hair_band,Băng đô
necktie,0,724944,"neck_tie,tie",Cà vạt
choker,0,692225,"chocker,chokers",Vòng cổ choker
belt,0,603828,"belts,leather_belts",Thắt lưng
necklace,0,551581,"necklaces,neckless",Vòng cổ
bowtie,0,498079,,Nơ cổ
ear_piercing,0,463285,"ear-piercing,ear-piercings,ear_peircing,ear_pierced,ear_piercings,earpiercing,pierced_ear,pierced_ears",Khuyên tai
eyewear,7,417722,eye_wear,Kính mắt
bracelet,0,358356,"bracelets,braclet,braclets",Vòng tay
bag,0,349051,bags,Túi
scarf,0,346617,"neckscarf,scarfs,scraf",Khăn quàng
red_bow,0,339111,,Nơ đỏ
headwear,7,311276,head_wear,Đồ đội đầu
black_choker,0,281945,,Vòng cổ choker đen
mask,0,273809,"face_mask,facemask,masks",Mặt nạ
red_ribbon,0,272369,,Ruy băng đỏ
black_hat,0,263730,,Mũ đen
accessory,7,250006,accessories,Phụ kiện
black_bow,0,231254,,Nơ đen
ring_piercing,0,220822,,Khuyên vòng
neck_ribbon,0,216729,,Ruy băng cổ
sunglasses,0,196789,"shades,sun_glasses,sunglases",Kính râm
black_ribbon,0,196225,,Ruy băng đen
blue_bow,0,184179,,Nơ xanh dương
white_hat,0,179359,,Mũ trắng
ring,0,174284,rings,Nhẫn
nipple_piercing,0,169502,"nipple_piercings,nipples_piercing,pierced_nipple,pierced_nipples",Khuyên núm vú
white_bow,0,158953,,Nơ trắng
beret,0,156068,,Chưa có bản dịch
black_hairband,0,154024,,Chưa có bản dịch
witch_hat,0,154021,"brimmed_wizard_hat,witch's_hat,witches_hat,witchhat",Chưa có bản dịch
ear_ring,7,148866,"ear_rings,earing,earings,earnings,earring",Chưa có bản dịch
goggles,0,131617,"goggle,googles",Chưa có bản dịch
eyewear_on_head,0,130917,eyewear_on_forehead,Chưa có bản dịch
umbrella,0,129819,,Chưa có bản dịch
red_necktie,0,126444,red_tie,Chưa có bản dịch
pink_bow,0,125374,,Nơ hồng
facial_piercing,7,118098,"face_piercings,facial_piercings",Chưa có bản dịch
red_bowtie,0,117211,,Chưa có bản dịch
backpack,0,115974,"back_pack,backbag,backpacks,book_bag,bookbag,ranset,ruck_sack,rucksack",Chưa có bản dịch
hair_accessory,7,115169,"hair_accessories,hair_accessorry,hair_ornaments",Chưa có bản dịch
blue_ribbon,0,113300,,Ruy băng xanh dương
black_necktie,0,110012,black_tie,Chưa có bản dịch
black_belt,0,109481,,Chưa có bản dịch
mob_cap,0,108903,"pillow_hat,pillowhat",Chưa có bản dịch
red_hat,0,95557,,Mũ đỏ
brooch,0,95341,broach,Chưa có bản dịch
white_ribbon,0,91278,,Ruy băng trắng
baseball_cap,0,90990,baseball_hat,Chưa có bản dịch
hat_bow,0,88592,,Chưa có bản dịch
hat_ribbon,0,87627,"hat_ribbons,hatband",Chưa có bản dịch
blue_hat,0,86594,,Mũ xanh dương
nose_piercing,0,85060,"nasal_piercing,nasal_piercings,nose_piercings,pierced_nose",Chưa có bản dịch
blue_necktie,0,83614,blue_tie,Chưa có bản dịch
round_eyewear,0,79090,circular_eyewear,Chưa có bản dịch
o-ring,0,79081,o_ring,Chưa có bản dịch
yellow_bow,0,74481,,Nơ vàng
ass_up,7,74116,"ass-up,ass_in_air,ass_raised,bottom_up_top_down,butt_in_air,butt_raised,butt_up,face_down_ass_up,hindquarters_raised,play_bow_pose,raised_ass,raised_butt,raised_hindquarters,top_down_bottom_up",Chưa có bản dịch
single_earring,0,72856,one_earring,Chưa có bản dịch
black_bowtie,0,70436,,Chưa có bản dịch
goggles_on_head,0,70336,"goggle_on_head,goggles_on_forehead",Chưa có bản dịch
purple_bow,0,69073,,Nơ tím
green_bow,0,68109,,Nơ xanh lá
pink_ribbon,0,67423,,Ruy băng hồng
semi-rimless_eyewear,0,65500,"half_rim_glasses,semi-rimless_glasses,semi_rimless_glasses",Chưa có bản dịch
santa_hat,0,64983,"christmas_hat,santa_cap,xmas_hat",Chưa có bản dịch
hand_fan,0,63978,"fan,fan_(handheld)",Chưa có bản dịch
white_hairband,0,63423,,Chưa có bản dịch
peaked_cap,0,62801,"captain's_hat,captain_hat,captains_hat",Chưa có bản dịch
belt_buckle,0,62293,,Chưa có bản dịch
bow_ribbon,7,59930,ribbon_bow,Chưa có bản dịch
top_hat,0,59880,"monotone_top_hat,tophat",Chưa có bản dịch
black-framed_eyewear,0,58096,black-framed_glasses,Chưa có bản dịch
ringed_eyes,0,55150,ring_eyes,Chưa có bản dịch
blue_bowtie,0,54268,,Chưa có bản dịch
holding_umbrella,0,54137,,Chưa có bản dịch
nose_ring,0,53870,"nose-ring,nose_rings,nosering",Chưa có bản dịch
red_scarf,0,53823,,Chưa có bản dịch
front-tie_top,0,53791,front_tie_top,Chưa có bản dịch
beanie,0,53397,"beanie_hat,toque,tuque",Chưa có bản dịch
swim_ring,0,52675,,Chưa có bản dịch
shoulder_bag,0,51895,,Chưa có bản dịch
brown_belt,0,51658,,Chưa có bản dịch
curtained_hair,0,51599,ribbon_bangs,Chưa có bản dịch
yellow_ribbon,0,50478,,Ruy băng vàng
missing_headwear,0,50020,"hat-less,hatless,no_bandana,no_hat,no_headwear,no_helmet",Chưa có bản dịch
unworn_headwear,0,49960,headwear_off,Chưa có bản dịch
animal_ear_hairband,0,49567,,Chưa có bản dịch
brown_hat,0,49530,,Mũ nâu
striped_bow,0,48081,,Chưa có bản dịch
tokin_hat,0,47972,tokin,Chưa có bản dịch
anklet,0,47400,"ankle_bracelet,ankle_bracelets,anklets,lower_leg_bracelet",Chưa có bản dịch
tinted_eyewear,0,47358,colored_lenses,Chưa có bản dịch
mouth_mask,0,47050,face_mask,Chưa có bản dịch
sun_hat,0,46897,"beach_hat,sunhat",Chưa có bản dịch
hat_ornament,0,46698,,Chưa có bản dịch
green_hat,0,46449,,Mũ xanh lá
hoop_earrings,0,45752,hoop_earring,Chưa có bản dịch
back_bow,0,45284,,Chưa có bản dịch
red-framed_eyewear,0,44597,"red-framed_glasses,red-rimmed_glasses,red_framed_glasses",Chưa có bản dịch
stud_earrings,0,44508,ear_studs,Chưa có bản dịch
school_bag,0,44309,schoolbag,Chưa có bản dịch
bow_(feature),7,44006,,Chưa có bản dịch
medial_ring,7,43261,"median_ring,preputial_ring",Chưa có bản dịch
red_hairband,0,43010,,Chưa có bản dịch
navel_piercing,0,42763,"belly-button_piercing,belly_button_piercing,bellybutton_piercing,naval_piercing,navel_peircing,pierced_belly-button,pierced_belly_button,pierced_bellybutton,pierced_naval,pierced_navel",Chưa có bản dịch
bow_tie,7,41713,bow-tie,Chưa có bản dịch
hair_tie,0,41693,"hair_ties,hairtie",Chưa có bản dịch
visor_cap,0,41225,,Chưa có bản dịch
holding_bag,0,40695,,Chưa có bản dịch
genital_piercing,7,40481,genital_piercings,Chưa có bản dịch
under-rim_eyewear,0,39635,"under-rim_glasses,under_rim_glasses",Chưa có bản dịch
hat_flower,0,39283,,Chưa có bản dịch
mini_hat,0,39031,minihat,Chưa có bản dịch
barbell_piercing,0,37791,barbell_piercings,Chưa có bản dịch
bow_(weapon),0,37600,"bow(weapon),bow_and_arrow",Chưa có bản dịch
green_ribbon,0,37550,,Ruy băng xanh lá
purple_ribbon,0,37477,,Ruy băng tím
handbag,0,36992,hand_bag,Chưa có bản dịch
straw_hat,0,36861,strawhat,Chưa có bản dịch
unworn_hat,0,36480,hat_removed,Chưa có bản dịch
spiked_bracelet,0,35728,"spike_bracelet,spike_bracelets,spike_wristband,spike_wristbands,spiked_bracelets,spiked_cuff,spiked_wrist,spiked_wrist_band,spiked_wristbands",Chưa có bản dịch
nurse_cap,0,35074,,Chưa có bản dịch
white_scarf,0,34668,,Chưa có bản dịch
rabbit_ear_hairband,0,34628,,Chưa có bản dịch
eyebrow_piercing,0,33954,"brow_piercing,brow_piercings,eyebrow_pierced,eyebrow_piercings,pierced_eyebrow",Chưa có bản dịch
holding_fan,0,33431,,Chưa có bản dịch
military_hat,0,32853,,Chưa có bản dịch
blue_hairband,0,32771,,Chưa có bản dịch
frilled_bow,0,32127,,Chưa có bản dịch
adjusting_eyewear,0,32089,,Chưa có bản dịch
pink_hat,0,31842,,Mũ hồng
white_choker,0,29441,,Chưa có bản dịch
newsboy_cap,0,28973,,Chưa có bản dịch
mask_on_head,0,28973,,Chưa có bản dịch
orange_bow,0,28966,,Nơ cam
cowboy_hat,0,28899,stetson,Chưa có bản dịch
folding_fan,0,28739,,Chưa có bản dịch
pink_bowtie,0,28544,,Chưa có bản dịch
wedding_ring,0,27879,"marriage_ring,wedding_band",Chưa có bản dịch
bow_accessory,7,27707,,Chưa có bản dịch
purple_hat,0,27597,,Mũ tím
white_belt,0,27564,,Chưa có bản dịch
tress_ribbon,0,27194,,Chưa có bản dịch
tail_accessory,7,27155,,Chưa có bản dịch
septum_piercing,0,27046,,Chưa có bản dịch
lip_piercing,0,26694,"lip_piercings,pierced_lip",Chưa có bản dịch
red_choker,0,26086,,Chưa có bản dịch
striped_necktie,0,25707,striped_tie,Chưa có bản dịch
hand_on_headwear,0,25532,,Chưa có bản dịch
ear_bow,0,25525,animal_ear_bow,Chưa có bản dịch
penis_piercing,0,25377,"cock_piercing,dick_piercing,monotone_penis_piercing,penile_piercing,penis_piercings,pierced_penis,piercing_on_penis",Chưa có bản dịch
bow_hairband,0,25218,hairband_bow,Chưa có bản dịch
white_bowtie,0,25184,,Chưa có bản dịch
cross_necklace,0,25087,crucifix_necklace,Chưa có bản dịch
gold_jewelry,0,25070,"gold_jewelery,gold_jewellery,gold_jewerly,gold_jewlery,gold_jewlry,golden_jewelery,golden_jewellery,golden_jewelry,golden_jewerly,golden_jewlery,golden_jewlry",Chưa có bản dịch
green_necktie,0,24809,green_tie,Chưa có bản dịch
purple_bowtie,0,24485,,Chưa có bản dịch
blue_scarf,0,24374,,Chưa có bản dịch
yellow_necktie,0,24339,"gold_necktie,yellow_tie",Chưa có bản dịch
frilled_hairband,0,24214,,Chưa có bản dịch
animal_ear_piercing,0,23794,animal_ear_earrings,Chưa có bản dịch
eye_mask,0,23788,,Chưa có bản dịch
thighlet,0,23137,upper_leg_bracelet,Chưa có bản dịch
aqua_necktie,0,22914,,Chưa có bản dịch
sailor_hat,0,22725,,Chưa có bản dịch
unworn_eyewear,0,22248,"eyewear_removed,glasses_removed",Chưa có bản dịch
ears_through_headwear,0,22064,,Chưa có bản dịch
penis_accessory,7,21679,,Chưa có bản dịch
hat_feather,0,21360,"feather_for_hat,feather_hat_ornament,feather_in_cap,feather_in_hat,feather_in_your_cap,feathered_hat,feathers_for_hat,feathers_in_cap,feathers_in_hat,feathers_in_your_cap,hat_feathers",Chưa có bản dịch
tongue_piercing,0,21283,"monotone_tongue_piercing,pierced_tongue,tongue_piercings,tounge_piercing",Chưa có bản dịch
belt_pouch,0,21191,,Chưa có bản dịch
cock_ring,0,21099,"cock_rings,cockring,dick_ring,penis_ring",Chưa có bản dịch
star_earrings,0,21014,star_earring,Chưa có bản dịch
belt_collar,0,21011,,Chưa có bản dịch
pearl_necklace,0,20920,,Chưa có bản dịch
tilted_headwear,0,20763,tilted_hat,Chưa có bản dịch
face_piercing,0,20280,face_piercings,Chưa có bản dịch
penis_jewelry,7,20260,"penis_jewelery,penis_jewellery,penis_jewerly,penis_jewlery,penis_jewlry",Chưa có bản dịch
bead_necklace,0,20195,,Chưa có bản dịch
fox_mask,0,20150,kitsune_mask,Chưa có bản dịch
animal_hat,0,19992,,Mũ động vật
round_glasses,7,19759,"circle_glasses,circular_glasses,round_rim_glasses",Kính tròn
headscarf,0,19582,head_scarf,Chưa có bản dịch
heart_earrings,0,19419,heart_earring,Chưa có bản dịch
neck_ring,0,19381,neck_rings,Chưa có bản dịch
backwards_hat,0,19367,"cap_backwards,hat_backwards",Chưa có bản dịch
tail_bow,0,19276,"bow_on_tail,tailbow",Chưa có bản dịch
yellow_bowtie,0,19103,,Chưa có bản dịch
oil-paper_umbrella,0,19055,"japanese_umbrella,oriental_umbrella,paper_umbrella",Chưa có bản dịch
striped_bowtie,0,18880,,Chưa có bản dịch
black_scarf,0,18396,,Chưa có bản dịch
grey_hat,0,18356,gray_hat,Mũ xám
furgonomic_piercing,7,18352,"furry-specific_piercing,furry-specific_piercings,furry_piercing,furry_specific_piercing,furry_specific_piercings",Chưa có bản dịch
digit_ring,7,18095,,Chưa có bản dịch
blue_choker,0,18095,,Chưa có bản dịch
holding_bow_(weapon),0,18037,holding_bow,Chưa có bản dịch
lolita_hairband,0,17934,lolita_headband,Chưa có bản dịch
leg_ribbon,0,17870,,Chưa có bản dịch
nipple_ring,7,17861,"monotone_nipple_ring,nipplering",Chưa có bản dịch
pink_hairband,0,17801,,Chưa có bản dịch
aiming,0,17742,"pointing_bow_(weapon),pointing_crossbow",Chưa có bản dịch
green_bowtie,0,17482,,Chưa có bản dịch
headwear_only,7,17260,,Chưa có bản dịch
aqua_bow,0,17190,,Chưa có bản dịch
frilled_choker,0,17066,,Chưa có bản dịch
yellow_hairband,0,17012,,Chưa có bản dịch
industrial_piercing,0,16983,"ear_bar,industrial_piercings",Chưa có bản dịch
black_mask,0,16937,,Chưa có bản dịch
bead_bracelet,0,16882,,Chưa có bản dịch
flat_cap,0,16779,flatcap,Chưa có bản dịch
christmas_headwear,7,16763,,Chưa có bản dịch
ribbon_choker,0,16592,,Chưa có bản dịch
black_bag,0,16427,,Chưa có bản dịch
purple_necktie,0,16371,purple_tie,Chưa có bản dịch
tassel_earrings,0,16278,,Chưa có bản dịch
eyewear_only,7,16069,"eye_wear_only,naked_eye_wear,naked_eyewear,nude_eye_wear,nude_eyewear",Chưa có bản dịch
gold_bracelet,0,15939,,Chưa có bản dịch
necktie_between_breasts,0,15834,,Chưa có bản dịch
beach_umbrella,0,15826,,Chưa có bản dịch
gold_earrings,0,15780,,Chưa có bản dịch
tail_ribbon,0,15654,ribbon_on_tail,Chưa có bản dịch
chain_necklace,0,15459,,Chưa có bản dịch
polka_dot_bow,0,15375,,Chưa có bản dịch
hat_only,7,15217,"cap_only,naked_hat,nude_hat",Chưa có bản dịch
o-ring_top,0,15177,o_ring_top,Chưa có bản dịch
traditional_bowtie,0,15164,,Chưa có bản dịch
garrison_cap,0,15029,pilotka,Chưa có bản dịch
short_necktie,0,14950,mini_necktie,Chưa có bản dịch
mini_top_hat,0,14900,"mini_tophat,tiny_top_hat",Chưa có bản dịch
gold_necklace,0,14741,golden_necklace,Vòng cổ vàng kim
crescent_hat_ornament,0,14683,,Chưa có bản dịch
white_necktie,0,14643,white_tie,Chưa có bản dịch
pink_choker,0,14552,,Chưa có bản dịch
cross_earrings,0,14511,,Chưa có bản dịch
plaid_bow,0,14461,,Chưa có bản dịch
huge_weapon,0,14272,"huge_gun,large_bow_(weapon)",Chưa có bản dịch
mask_(marking),7,14136,"domino_mask_(marking),domino_mask_marking,domino_masks_marking,mask_(markings),mask_marking,mask_markings,masked_(marking),masked_(markings),masked_marking,masked_markings,masks_(marking),masks_(markings),masks_marking,masks_markings",Chưa có bản dịch
yellow_hat,0,14125,,Mũ vàng
ring_(marking),7,14110,"ring_(markings),ring_marking,ring_markings,rings_(marking),rings_(markings),rings_marking,rings_markings",Chưa có bản dịch
ear_ribbon,0,14082,animal_ear_bow,Chưa có bản dịch
star_hat_ornament,0,14008,,Chưa có bản dịch
heart_brooch,0,13950,,Chưa có bản dịch
brown_bag,0,13913,brown_handbag,Chưa có bản dịch
floating_earrings,0,13648,floating_earring,Chưa có bản dịch
arm_belt,0,13304,,Chưa có bản dịch
fur-trimmed_headwear,0,13280,fur-trimmed_hat,Chưa có bản dịch
holding_unworn_hat,0,13279,,Chưa có bản dịch
pink_necktie,0,12998,pink_tie,Chưa có bản dịch
arm_ribbon,0,12932,,Chưa có bản dịch
glasses_only,7,12811,"naked_glasses,nude_glasses",Chưa có bản dịch
brown_bow,0,12616,,Nơ nâu
nipple_barbell,7,12608,barbell_nipple_piercing,Chưa có bản dịch
red_belt,0,12480,,Chưa có bản dịch
adjusting_headwear,0,12474,,Chưa có bản dịch
thigh_belt,0,12269,,Chưa có bản dịch
waist_bow,0,12268,,Chưa có bản dịch
jester_cap,0,12230,jester_hat,Chưa có bản dịch
rimless_eyewear,0,12051,rimless_glasses,Chưa có bản dịch
diagonal-striped_necktie,0,11810,,Chưa có bản dịch
frilled_hat,0,11769,,Chưa có bản dịch
holding_removed_eyewear,0,11734,,Chưa có bản dịch
purple_hairband,0,11652,,Chưa có bản dịch
pink_scarf,0,11571,,Chưa có bản dịch
bow-shaped_hair,0,11562,"bow_by_hair,bow_hair",Chưa có bản dịch
heart-shaped_eyewear,0,11518,"heart-shaped_glasses,heart-shaped_sunglasses",Chưa có bản dịch
shopping_bag,0,11492,shopping_bags,Chưa có bản dịch
blue_belt,0,11379,,Chưa có bản dịch
wizard_hat,0,11357,brimless_witch_hat,Chưa có bản dịch
large_bow,0,11324,,Nơ lớn
o-ring_choker,0,11312,,Chưa có bản dịch
heart_necklace,0,11276,<3_necklace,Chưa có bản dịch
gas_mask,0,11163,"gas-mask,gasmask,respirator_mask",Chưa có bản dịch
rectangular_eyewear,0,11076,,Chưa có bản dịch
fake_ears,7,10968,ears_hairband,Chưa có bản dịch
toe_ring,0,10860,"toe_rings,toering,toerings",Chưa có bản dịch
septum_ring,7,10831,,Chưa có bản dịch
ring_(jewelry),7,10827,"ring_(jewelery),ring_(jewellery),ring_(jewerly),ring_(jewlery),ring_(jewlry)",Chưa có bản dịch
tail_ring,0,10762,"tail_rings,tailring",Chưa có bản dịch
prince_albert_piercing,7,10743,,Chưa có bản dịch
holding_mask,0,10678,,Chưa có bản dịch
heart_choker,0,10672,"<3_choker,hearts_choker",Chưa có bản dịch
yellow_scarf,0,10538,,Chưa có bản dịch
loose_necktie,0,10519,,Chưa có bản dịch
plaid_scarf,0,10478,,Chưa có bản dịch
diagonal-striped_bow,0,10289,,Chưa có bản dịch
tie_clip,0,10197,"necktie_clip,necktie_pin,tie_pin,tie_tack",Chưa có bản dịch
tail_jewelry,7,10064,"tail_jewelery,tail_jewellery,tail_jewerly,tail_jewlery,tail_jewlry",Chưa có bản dịch
o-ring_thigh_strap,0,9957,,Chưa có bản dịch
multiple_earrings,0,9844,,Chưa có bản dịch
horn_ribbon,0,9785,horn_ribbons,Chưa có bản dịch
pirate_hat,0,9710,,Chưa có bản dịch
green_scarf,0,9707,,Chưa có bản dịch
striped_scarf,0,9649,,Chưa có bản dịch
sphere_earrings,0,9549,,Chưa có bản dịch
goggles_on_headwear,0,9535,"goggles_on_hat,goggles_on_helmet",Chưa có bản dịch
\||/,0,9485,"middle_and_ring_fingers_together,open_\m/",Chưa có bản dịch
party_hat,0,9467,"birthday_hat,party_hats",Chưa có bản dịch
chef_hat,0,9330,"chef's_hat,chefs_hat",Chưa có bản dịch
paper_fan,0,9320,,Chưa có bản dịch
police_hat,0,9308,,Chưa có bản dịch
horn_jewelry,7,9286,,Chưa có bản dịch
aqua_bowtie,0,9267,,Chưa có bản dịch
fur_hat,0,9263,,Chưa có bản dịch
chest_belt,0,9055,,Chưa có bản dịch
orange_hat,0,8985,,Mũ cam
mask_pull,0,8951,,Chưa có bản dịch
purple_choker,0,8870,,Chưa có bản dịch
orange_necktie,0,8867,orange_tie,Chưa có bản dịch
backwards_baseball_cap,7,8849,backwards_baseball_hat,Chưa có bản dịch
domino_mask,0,8833,"domini_mask,dominus_mask",Chưa có bản dịch
brown_scarf,0,8729,,Chưa có bản dịch
opaque_glasses,0,8686,glasses_shine,Chưa có bản dịch
striped_ribbon,0,8675,,Chưa có bản dịch
flower_earrings,0,8648,"flower_earring,rose_earrings",Chưa có bản dịch
unworn_mask,0,8626,,Chưa có bản dịch
green_hairband,0,8600,,Chưa có bản dịch
orange_ribbon,0,8578,,Ruy băng cam
horn_ring,0,8538,,Chưa có bản dịch
pink_bag,0,8521,pink_handbag,Chưa có bản dịch
pendant_choker,0,8516,,Chưa có bản dịch
black_headwear,7,8469,,Chưa có bản dịch
electric_fan,0,8467,"fan_(electric),mechanical_fan",Chưa có bản dịch
orange-tinted_eyewear,0,8457,,Chưa có bản dịch
white_mask,0,8443,,Chưa có bản dịch
orange_bowtie,0,8434,,Chưa có bản dịch
naked_ribbon,0,8410,"nakedribbon,nude_ribbon",Chưa có bản dịch
closed_umbrella,0,8249,folded_umbrella,Chưa có bản dịch
wrist_ribbon,0,8218,,Chưa có bản dịch
red-tinted_eyewear,0,8141,,Chưa có bản dịch
sunglasses_on_head,7,8127,sunglasses_on_forehead,Chưa có bản dịch
large_hat,0,8089,,Mũ lớn
ring_gag,0,8076,"ring-gag,ringgag",Chưa có bản dịch
folded_fan,0,8001,closed_fan,Chưa có bản dịch
surgical_mask,0,7971,"flu_mask,medical_mask,procedural_mask,procedure_mask,sick_mask,surgery_mask",Chưa có bản dịch
paper_bag,0,7960,,Chưa có bản dịch
skull_mask,0,7940,,Chưa có bản dịch
vulva_piercing,7,7912,vaginal_piercing,Chưa có bản dịch
red_bag,0,7822,,Chưa có bản dịch
purple_scarf,0,7758,,Chưa có bản dịch
plaid_bowtie,0,7758,,Chưa có bản dịch
gold_ring,0,7744,gold_rings,Chưa có bản dịch
gold_choker,0,7705,,Chưa có bản dịch
goggles_around_neck,0,7670,,Chưa có bản dịch
heart_o-ring,0,7564,,Chưa có bản dịch
two-tone_bow,0,7502,,Chưa có bản dịch
animal_ear_headwear,0,7426,,Chưa có bản dịch
single_hair_ring,0,7422,,Chưa có bản dịch
hair_tie_in_mouth,0,7230,scrunchie_in_mouth,Chưa có bản dịch
white-framed_eyewear,0,7226,white-framed_glasses,Chưa có bản dịch
bag_charm,0,7192,,Chưa có bản dịch
yellow-framed_eyewear,0,7170,"gold-framed_eyewear,yellow-framed_glasses",Chưa có bản dịch
yellow_belt,0,7150,,Chưa có bản dịch
blue_bag,0,7136,,Chưa có bản dịch
nightcap,0,7094,"night_cap,sleeping_cap,sleeping_hat",Chưa có bản dịch
crescent_earrings,0,7080,crescent_earring,Chưa có bản dịch
clitoris_piercing,7,7073,"clit_piercing,clit_ring,clitring,hood_piercing,pierced_clit,pierced_clitoris",Chưa có bản dịch
brown_ribbon,0,7003,,Ruy băng nâu
triangle_earrings,0,6885,,Chưa có bản dịch
red_headwear,7,6749,,Chưa có bản dịch
grey_bow,0,6701,gray_bow,Nơ xám
pearl_earrings,0,6654,,Chưa có bản dịch
plaid_necktie,0,6623,plaid_tie,Chưa có bản dịch
pink_belt,0,6591,,Chưa có bản dịch
checkered_scarf,0,6590,,Chưa có bản dịch
white_bag,0,6586,,Chưa có bản dịch
cat_hat,0,6583,cathat,Mũ mèo
plastic_bag,0,6562,,Chưa có bản dịch
holding_swim_ring,0,6540,"holding_innertube,holding_lifebuoy",Chưa có bản dịch
aqua_ribbon,0,6476,,Chưa có bản dịch
centered_hair_bow,0,6374,centered_hairbow,Chưa có bản dịch
multicolored_hairband,0,6369,,Chưa có bản dịch
bow_choker,0,6212,,Chưa có bản dịch
diamond_hairband,0,6189,,Chưa có bản dịch
red_umbrella,0,6185,,Chưa có bản dịch
tail_piercing,0,6170,"pierced_tail,pierced_tails",Chưa có bản dịch
orange_hairband,0,6164,,Chưa có bản dịch
looking_over_eyewear,0,6151,,Chưa có bản dịch
feather_earrings,0,6149,feather_earring,Chưa có bản dịch
sleep_mask,0,6100,"sleeping_mask,sleepmask",Chưa có bản dịch
purple-tinted_eyewear,0,6094,,Chưa có bản dịch
frenum_piercing,7,6061,pierced_frenum,Chưa có bản dịch
pink-tinted_eyewear,0,5985,,Chưa có bản dịch
utility_belt,0,5939,,Chưa có bản dịch
fighting_ring,7,5925,,Chưa có bản dịch
blue-framed_eyewear,0,5921,blue-framed_glasses,Chưa có bản dịch
ring_light_reflection,0,5903,,Chưa có bản dịch
ribbon_bondage,0,5829,,Chưa có bản dịch
diagonal-striped_bowtie,0,5792,,Chưa có bản dịch
horned_headwear,0,5770,,Chưa có bản dịch
grey-framed_eyewear,0,5734,silver-framed_eyewear,Chưa có bản dịch
rectangular_glasses,7,5732,square_glasses,Chưa có bản dịch
necklace_only,7,5685,naked_necklace,Chưa có bản dịch
purple_belt,0,5606,,Chưa có bản dịch
brown_hairband,0,5606,,Chưa có bản dịch
ladder_piercing,7,5574,,Chưa có bản dịch
grey_necktie,0,5525,gray_necktie,Chưa có bản dịch
studded_belt,0,5513,"stud_belt,studbelt",Chưa có bản dịch
yellow_bag,0,5489,,Chưa có bản dịch
shako_cap,0,5468,,Chưa có bản dịch
grey_belt,0,5445,gray_belt,Chưa có bản dịch
o-ring_bottom,0,5442,o_ring_bottom,Chưa có bản dịch
print_bow,0,5440,,Chưa có bản dịch
green_choker,0,5423,,Chưa có bản dịch
linked_piercing,0,5399,linked_piercings,Chưa có bản dịch
loose_belt,0,5399,,Chưa có bản dịch
teardrop_earrings,0,5384,"droplet_earrings,tear_drop_earrings",Chưa có bản dịch
spiked_choker,0,5382,,Chưa có bản dịch
purple_umbrella,0,5345,,Chưa có bản dịch
ring-tailed_lemur,0,5337,"ring_tail_lemur,ring_tailed_lemur,ringtail_lemur,ringtailed_lemur,ringtaillemur",Chưa có bản dịch
cat_ear_hairband,0,5321,,Chưa có bản dịch
bow_legwear,0,5316,"bow_thighhighs,sock_bow,thighhigh_bow",Chưa có bản dịch
brown_necktie,0,5277,brown_tie,Chưa có bản dịch
fur_scarf,0,5273,,Chưa có bản dịch
duffel_bag,0,5271,duffle_bag,Chưa có bản dịch
frilled_ribbon,0,5268,,Chưa có bản dịch
pink-framed_eyewear,0,5221,pink-framed_glasses,Chưa có bản dịch
orange_scarf,0,5211,,Chưa có bản dịch
pillbox_hat,0,5173,,Chưa có bản dịch
over-rim_eyewear,0,5135,"over-rim_glasses,over_rim_glasses",Chưa có bản dịch
grey_scarf,0,5111,gray_scarf,Chưa có bản dịch
magnifying_glass,0,5074,magnifying_glasses,Chưa có bản dịch
horn_bow,0,5048,horn_bows,Chưa có bản dịch
eyewear_strap,0,5032,eyewear_chain,Chưa có bản dịch
black_jewelry,7,4970,,Chưa có bản dịch
transparent_umbrella,0,4944,,Chưa có bản dịch
blue-tinted_eyewear,0,4939,,Chưa có bản dịch
no_eyewear,0,4922,no_glasses,Chưa có bản dịch
horn_hairband,0,4898,,Chưa có bản dịch
loose_bowtie,0,4889,,Chưa có bản dịch
black_necklace,7,4880,,Vòng cổ đen
star_necklace,0,4826,,Chưa có bản dịch
tooth_necklace,0,4825,teeth_necklace,Chưa có bản dịch
bone_mask,7,4794,,Chưa có bản dịch
ankle_ribbon,0,4760,,Chưa có bản dịch
open_belt,0,4755,"belt_unbuckled,belt_undone,unbuckled_belt,undone_belt",Chưa có bản dịch
gold_hairband,0,4746,,Chưa có bản dịch
blue_headwear,7,4744,,Chưa có bản dịch
star_choker,0,4662,,Chưa có bản dịch
animal_bag,0,4656,animal_backpack,Chưa có bản dịch
green_headwear,7,4610,,Chưa có bản dịch
ribbon-trimmed_collar,0,4576,,Chưa có bản dịch
chest_bow,0,4568,,Chưa có bản dịch
magatama_necklace,0,4550,,Chưa có bản dịch
thumb_ring,0,4519,,Chưa có bản dịch
winged_hat,0,4498,,Chưa có bản dịch
enpera,0,4482,hair_in_scarf,Chưa có bản dịch
hand_on_eyewear,0,4465,,Chưa có bản dịch
bow_(music),0,4436,"bow_(instrument),bow_(musical)",Chưa có bản dịch
school_hat,0,4433,kindergarten_hat,Chưa có bản dịch
tricorne,0,4408,"tricorn,tricorn_hat,tricorne_hat",Chưa có bản dịch
snakebite_piercing,7,4407,"snake-bites,snake_bites,snakebite,snakebites,snakebites_piercing",Chưa có bản dịch
bow_earrings,0,4405,,Chưa có bản dịch
eyebrow_ring,7,4396,,Chưa có bản dịch
yellow_choker,0,4395,,Chưa có bản dịch
key_necklace,0,4381,,Chưa có bản dịch
hoop_ear_ring,7,4331,hoop_earring,Chưa có bản dịch
red_mask,0,4322,,Chưa có bản dịch
middle_ring,0,4303,,Chưa có bản dịch
plaid_hat,0,4292,,Chưa có bản dịch
porkpie_hat,0,4281,,Chưa có bản dịch
leg_belt,0,4229,,Chưa có bản dịch
metal_hairband,0,4193,,Chưa có bản dịch
striped_headwear,0,4188,,Chưa có bản dịch
print_bowtie,0,4186,,Chưa có bản dịch
lip_ring,0,4171,,Chưa có bản dịch
star_brooch,0,4168,,Chưa có bản dịch
two-tone_hairband,0,4154,,Chưa có bản dịch
bucket_hat,0,4114,,Chưa có bản dịch
bridge_piercing,0,4101,"nose_bridge_piercing,stop_piercing",Chưa có bản dịch
wrist_bow,0,4095,,Chưa có bản dịch
thigh_ribbon,0,4076,thigh_lace-up,Chưa có bản dịch
furgonomic_headwear,7,4050,,Chưa có bản dịch
shoulder_belt,0,4042,,Chưa có bản dịch
scarf_only,7,4020,nude_scarf,Chưa có bản dịch
eyewear_on_headwear,0,4019,,Chưa có bản dịch
frilled_headwear,0,3991,,Chưa có bản dịch
multicolored_bow,0,3986,multi_tone_bow,Nơ nhiều màu
brown_bowtie,0,3929,,Chưa có bản dịch
black_eyewear,7,3917,,Chưa có bản dịch
carrot_necklace,0,3914,,Chưa có bản dịch
oni_mask,0,3906,unimask,Chưa có bản dịch
leather_belt,0,3905,,Chưa có bản dịch
diving_mask,0,3903,"dive_mask,diver's_mask,diver_mask,divers_mask,scuba_mask",Chưa có bản dịch
alternate_headwear,0,3900,"/ahw,alternate_hat,alternate_hat_color,alternative_hat,alternative_headwear",Chưa có bản dịch
two-tone_ribbon,0,3893,,Chưa có bản dịch
drawing_bow,0,3888,,Chưa có bản dịch
brown-framed_eyewear,0,3854,brown-framed_glasses,Chưa có bản dịch
green_bag,0,3848,green_handbag,Chưa có bản dịch
hard_hat,0,3844,"construction_helmet,hardhat,safety_helmet",Chưa có bản dịch
trash_bag,0,3817,"garbage_bag,garbage_bags,rubbish_bag,rubbish_bags,trash_bags,trashbag,waste_bag,waste_bags",Chưa có bản dịch
labret_piercing,0,3814,labret,Chưa có bản dịch
grey_hairband,0,3784,gray_hairband,Chưa có bản dịch
white_umbrella,0,3771,,Chưa có bản dịch
necktie_grab,0,3732,"tie_grab,tiegrab",Chưa có bản dịch
green-framed_eyewear,0,3717,green-framed_glasses,Chưa có bản dịch
inner_tube,7,3692,inflatable_ring,Chưa có bản dịch
yellow-tinted_eyewear,0,3654,,Chưa có bản dịch
pearl_bracelet,0,3645,,Chưa có bản dịch
grey_ribbon,0,3625,gray_ribbon,Ruy băng xám
undone_necktie,0,3599,,Chưa có bản dịch
green_belt,0,3572,,Chưa có bản dịch
rope_belt,0,3569,rope_sash,Chưa có bản dịch
shared_scarf,0,3547,scarf_sharing,Chưa có bản dịch
orange_choker,0,3542,,Chưa có bản dịch
hair_through_headwear,0,3526,,Chưa có bản dịch
muzzle_piercing,7,3517,"pierced_muzzle,pierced_snout,snout_piercing",Chưa có bản dịch
multicolored_hat,0,3509,multi_tone_hat,Mũ nhiều màu
ribbon_in_braid,0,3500,ribbon_braid,Chưa có bản dịch
skull_earrings,0,3496,skull_earring,Chưa có bản dịch
horns_through_headwear,0,3496,antlers_through_headwear,Chưa có bản dịch
ring_hair_extensions,0,3475,,Chưa có bản dịch
finger_ring,7,3462,finger_rings,Chưa có bản dịch
fool's_hat,7,3440,"cap_and_bells,fool's_cap,fool_cap,fool_hat,fools_cap,fools_hat,foolscap,jester's_cap,jester's_hat,jester_hat,jesters_cap,jesters_hat",Chưa có bản dịch
striped_hairband,0,3410,,Chưa có bản dịch
flower_necklace,0,3407,,Chưa có bản dịch
jewelry_only,7,3399,,Chưa có bản dịch
studded_bracelet,0,3398,,Chưa có bản dịch
purse,7,3397,,Chưa có bản dịch
checkered_necktie,0,3393,,Chưa có bản dịch
bolo_tie,0,3391,,Chưa có bản dịch
two-tone_bowtie,0,3382,,Chưa có bản dịch
lace_choker,0,3377,,Chưa có bản dịch
blindfold_mask,0,3376,,Chưa có bản dịch
hands_on_headwear,0,3369,hands_on_hat,Chưa có bản dịch
cross_tie,0,3362,x-shaped_choker,Chưa có bản dịch
unworn_bag,0,3355,bag_removed,Chưa có bản dịch
o-ring_belt,0,3348,,Chưa có bản dịch
white_headwear,7,3328,,Chưa có bản dịch
animal_mask,7,3274,,Chưa có bản dịch
orange_belt,0,3251,,Chưa có bản dịch
rider_belt,0,3245,driver_(kamen_rider),Chưa có bản dịch
ring_hair_ornament,0,3238,,Chưa có bản dịch
aqua_hat,0,3206,,Chưa có bản dịch
half_mask,0,3146,,Chưa có bản dịch
holding_jewelry,0,3128,,Chưa có bản dịch
shared_umbrella,0,3123,sharing_umbrella,Chưa có bản dịch
dixie_cup_hat,0,3090,,Chưa có bản dịch
nurse_headwear,7,3090,,Chưa có bản dịch
mask_around_neck,0,3064,,Chưa có bản dịch
high-waist_belt,0,3021,"belt_around_waist,high_belt",Chưa có bản dịch
black_umbrella,0,3017,,Chưa có bản dịch
flower_brooch,0,2964,,Chưa có bản dịch
holding_ribbon,0,2958,,Chưa có bản dịch
condom_belt,0,2942,,Chưa có bản dịch
food-themed_earrings,0,2930,food_themed_earrings,Chưa có bản dịch
square-end_necktie,0,2900,,Chưa có bản dịch
bowl_hat,0,2884,,Chưa có bản dịch
pussy_piercing,0,2884,,Chưa có bản dịch
text_on_headwear,7,2877,,Chưa có bản dịch
two-tone_scarf,0,2856,,Chưa có bản dịch
brown_choker,0,2856,,Chưa có bản dịch
two-tone_hat,0,2843,,Chưa có bản dịch
black_glasses,7,2821,black-framed_glasses,Kính đen
torn_scarf,0,2800,ripped_scarf,Chưa có bản dịch
spiked_hairband,0,2774,,Chưa có bản dịch
crystal_earrings,0,2772,,Chưa có bản dịch
flower_choker,0,2767,,Chưa có bản dịch
huge_bow,0,2756,,Nơ khổng lồ
brown_headwear,7,2716,,Chưa có bản dịch
labia_piercing,0,2713,pierced_labia,Chưa có bản dịch
spiked_ear_piercing,0,2709,,Chưa có bản dịch
ribbon_in_mouth,0,2706,,Chưa có bản dịch
key_earrings,0,2695,,Chưa có bản dịch
lace-trimmed_choker,0,2691,,Chưa có bản dịch
ninja_mask,0,2686,,Chưa có bản dịch
coke-bottle_glasses,0,2668,swirly_glasses,Chưa có bản dịch
two-tone_headwear,0,2628,,Chưa có bản dịch
beaded_jewelry,7,2627,bead_jewelry,Chưa có bản dịch
no_mask,0,2613,,Chưa có bản dịch
chastity_belt,0,2600,,Chưa có bản dịch
messenger_bag,0,2582,,Chưa có bản dịch
flower_accessory,7,2580,,Chưa có bản dịch
adjusting_necktie,0,2563,,Chưa có bản dịch
these_aren't_my_glasses,7,2554,these_arent_my_glasses,Chưa có bản dịch
polka_dot_headwear,0,2548,,Chưa có bản dịch
horn_piercing,0,2539,"horn_piercings,pierced_horn,pierced_horns",Chưa có bản dịch
bowler_hat,0,2533,,Chưa có bản dịch
heart-shaped_buckle,0,2529,heart_belt_buckle,Chưa có bản dịch
mouth_piercing,0,2519,,Chưa có bản dịch
holding_bow_(music),0,2500,,Chưa có bản dịch
hat_over_eyes,0,2494,,Chưa có bản dịch
horned_mask,0,2486,,Chưa có bản dịch
green-tinted_eyewear,0,2485,,Chưa có bản dịch
sheath_piercing,7,2477,pierced_sheath,Chưa có bản dịch
boater_hat,0,2461,,Chưa có bản dịch
two-sided_headwear,0,2428,,Chưa có bản dịch
shell_necklace,0,2423,,Chưa có bản dịch
text_on_hat,7,2414,,Chưa có bản dịch
print_headwear,0,2414,,Chưa có bản dịch
gold_ear_ring,7,2410,"gold_earring,golden_ear_ring",Chưa có bản dịch
potara_earrings,0,2376,,Chưa có bản dịch
clitoral_piercing,0,2366,clit_piercing,Chưa có bản dịch
red_bow_tie,7,2347,,Chưa có bản dịch
nurse_hat,7,2333,,Chưa có bản dịch
ammunition_belt,0,2328,,Chưa có bản dịch
bean_bag,0,2323,"beanbag,beanbag_chair",Chưa có bản dịch
red_eyewear,7,2319,,Chưa có bản dịch
bow_in_front,7,2319,,Chưa có bản dịch
gold_piercing,0,2317,gold_piercings,Chưa có bản dịch
long_ribbon,0,2317,,Ruy băng dài
cross_choker,0,2313,,Chưa có bản dịch
aviator_sunglasses,0,2310,,Chưa có bản dịch
floating_scarf,0,2301,flowing_scarf,Chưa có bản dịch
noh_mask,0,2294,"no-men_mask,no_men_mask,nō-men_mask,omote,omote_mask",Chưa có bản dịch
pom_pom_beanie,0,2288,bobblehat,Chưa có bản dịch
wrestling_mask,0,2286,"wrestler's_mask,wrestler_mask,wrestlers_mask",Chưa có bản dịch
waist_ribbon,0,2281,,Chưa có bản dịch
bag_of_chips,0,2272,,Chưa có bản dịch
hat_tip,0,2263,,Chưa có bản dịch
hat_on_back,0,2257,"hat_around_neck,hat_behind_back",Chưa có bản dịch
studded_choker,0,2255,,Chưa có bản dịch
glasses_on_head,7,2254,glasses_on_forehead,Chưa có bản dịch
lipstick_ring,0,2253,lipstick_rings,Chưa có bản dịch
purple_headwear,7,2250,,Chưa có bản dịch
grocery_bag,0,2246,,Chưa có bản dịch
magatama_earrings,0,2243,magatama_earring,Chưa có bản dịch
chin_piercing,0,2242,,Chưa có bản dịch
grey_bowtie,0,2242,,Chưa có bản dịch
two-tone_necktie,0,2233,,Chưa có bản dịch
black_tie_(suit),7,2213,"black_tie_(dress_code),black_tie_(fashion),dinner_jacket,dinner_suit,le_smoking,le_smoking_jacket,le_smoking_suit",Chưa có bản dịch
scarf_over_mouth,0,2209,,Chưa có bản dịch
bicorne,0,2206,"bicorn_(hat),bicorn_hat,bicorne_hat",Chưa có bản dịch
umbrella_over_shoulder,0,2201,,Chưa có bản dịch
aqua_hairband,0,2177,,Chưa có bản dịch
peach_hat_ornament,0,2176,,Chưa có bản dịch
hat_with_ears,0,2165,hat_ears,Chưa có bản dịch
side-tie_swimwear,7,2129,,Chưa có bản dịch
skull_necklace,0,2126,,Chưa có bản dịch
screencap_background,7,2107,"screen-cap_background,screen-cap_bg,screen-capped_background,screen-capped_bg,screen-shot_background,screen-shot_bg,screen_cap_background,screen_cap_bg,screen_capped_background,screen_capped_bg,screen_shot_background,screen_shot_bg,screencap_bg,screencapped_background,screencapped_bg,screenshot_bg",Chưa có bản dịch
hat_over_one_eye,0,2101,,Chưa có bản dịch
crescent_necklace,0,2097,,Chưa có bản dịch
scrotum_piercing,0,2090,"ball_piercing,balls_piercing,pierced_scrotum,scrotal_piercing,testicle_piercing",Chưa có bản dịch
mismatched_earrings,0,2090,asymmetrical_earrings,Chưa có bản dịch
grey_choker,0,2086,gray_choker,Chưa có bản dịch
fin_piercing,0,2077,"fin_piercings,pierced_fin,pierced_fins",Chưa có bản dịch
aviator_cap,0,2071,aviator_hat,Chưa có bản dịch
pink_umbrella,0,2053,,Chưa có bản dịch
sideways_hat,0,2044,,Chưa có bản dịch
flower_bracelet,0,2040,,Chưa có bản dịch
purple-framed_eyewear,0,2032,purple-framed_glasses,Chưa có bản dịch
ball_ring,7,2031,scrotum_ring,Chưa có bản dịch
nipple_jewelry,0,2019,,Chưa có bản dịch
blue_umbrella,0,2018,,Chưa có bản dịch
side-tie_peek,0,2003,,Chưa có bản dịch
boob_hat,7,2000,boobhat,Chưa có bản dịch
choker_only,7,2000,naked_choker,Chưa có bản dịch
hat_belt,0,1987,,Chưa có bản dịch
wing_brooch,0,1982,,Chưa có bản dịch
neck_bow,7,1980,,Chưa có bản dịch
blood_bag,0,1980,blood_pack,Chưa có bản dịch
print_necktie,0,1969,,Chưa có bản dịch
multicolored_scarf,0,1962,pink_and_white_scarf,Chưa có bản dịch
hat_tassel,0,1960,tassel_hat_ornament,Chưa có bản dịch
wrestling_ring,0,1957,,Chưa có bản dịch
gimp_mask,0,1954,"bondage_hood,bondage_mask",Chưa có bản dịch
medial_ringed_humanoid_penis,7,1938,humanoid_penis_with_medial_ring,Chưa có bản dịch
snake_earrings,0,1907,,Chưa có bản dịch
holding_necklace,0,1905,,Chưa có bản dịch
martial_arts_belt,0,1899,,Chưa có bản dịch
leaf_hat_ornament,0,1887,hat_leaf,Chưa có bản dịch
ankle_bow,0,1882,,Chưa có bản dịch
sports_mask,7,1874,,Chưa có bản dịch
bird_mask,0,1871,,Chưa có bản dịch
cat_bag,0,1869,cat_backpack,Chưa có bản dịch
diamond-shaped_earrings,0,1867,,Chưa có bản dịch
balaclava,0,1850,"balaclava_helmet,balaclava_mask,ski_mask",Chưa có bản dịch
mitre,0,1847,pope_hat,Chưa có bản dịch
spiked_belt,0,1847,,Chưa có bản dịch
multicolored_necktie,0,1843,"multi_tone_necktie,multicolored_tie",Chưa có bản dịch
tulip_hat,0,1831,,Chưa có bản dịch
gold_belt,0,1831,,Chưa có bản dịch
penis_ribbon,0,1829,"cock_ribbon,dong_ribbon",Chưa có bản dịch
anchor_necklace,0,1826,,Chưa có bản dịch
pastry_bag,0,1807,"frosting_bag,piping_bag",Chưa có bản dịch
star-shaped_eyewear,0,1804,,Chưa có bản dịch
cow_ear_hairband,0,1801,,Chưa có bản dịch
grey_bag,0,1798,,Chưa có bản dịch
bean_bag_chair,0,1789,beanbag_chair,Chưa có bản dịch
gift_bag,0,1788,,Chưa có bản dịch
diving_mask_on_head,0,1785,,Chưa có bản dịch
horn_accessory,7,1756,"horn_accessories,horn_decoration,horn_decorations,horn_ornaments",Chưa có bản dịch
pom_pom_earrings,0,1737,,Chưa có bản dịch
neck_markings,7,1737,"choker_marking,choker_markings,collar_(marking),collar_marking,collar_markings,neck_markigns,neck_marking,necklace_marking,necklace_markings",Chưa có bản dịch
skull_accessory,7,1719,,Chưa có bản dịch
unworn_backpack,0,1716,backpack_removed,Chưa có bản dịch
circular_barbell_piercing,7,1714,horseshoe_piercing,Chưa có bản dịch
striped_hat,0,1696,,Chưa có bản dịch
fanning,0,1696,fan_usage,Chưa có bản dịch
ribbon-trimmed_headwear,0,1693,,Chưa có bản dịch
wing_piercing,0,1693,"pierced_wing,pierced_wings",Chưa có bản dịch
vertical-striped_headwear,0,1688,,Chưa có bản dịch
checkered_hairband,0,1685,,Chưa có bản dịch
mask_only,7,1682,,Chưa có bản dịch
sunglasses_only,7,1670,,Chưa có bản dịch
pink_headwear,7,1670,,Chưa có bản dịch
swim_cap,0,1667,swimcap,Chưa có bản dịch
frilled_umbrella,0,1660,,Chưa có bản dịch
lace-trimmed_hairband,0,1649,,Chưa có bản dịch
rabbit_hat,0,1649,bunny_hat,Mũ thỏ
blue_mask,0,1643,,Chưa có bản dịch
cheek_piercing,0,1638,cheek_piercings,Chưa có bản dịch
red_glasses,7,1630,red-framed_glasses,Kính đỏ
fur_choker,0,1630,,Chưa có bản dịch
clitoris_ring,0,1630,"clit_ring,clitoral_ring,clitring",Chưa có bản dịch
collar_ring,7,1629,,Chưa có bản dịch
ornate_ring,0,1628,"gem_ring,gemstone_ring",Chưa có bản dịch
wrist_belt,0,1623,belt_bracelet,Chưa có bản dịch
anchor_choker,0,1616,,Chưa có bản dịch
ski_goggles,0,1604,snow_goggles,Chưa có bản dịch
pride_color_accessory,7,1601,,Chưa có bản dịch
floating_neckwear,0,1601,"floating_bowtie,floating_neck_ribbon,floating_necktie",Chưa có bản dịch
masquerade_mask,0,1601,"ball_room_mask,ballroom_mask,mardi_gras_mask,masquerade_ball_mask,venetian_mask",Chưa có bản dịch
beaded_necklace,7,1599,,Chưa có bản dịch
flower_hairband,0,1596,,Chưa có bản dịch
rice_hat,0,1591,,Chưa có bản dịch
hair_ring,7,1584,,Chưa có bản dịch
pup_mask,7,1579,"pup_hood,puphood,puppy_hood,puppy_mask",Chưa có bản dịch
long_scarf,0,1573,,Chưa có bản dịch
oxygen_mask,0,1571,"anaesthesia_mask,anesthesia_mask,breathing_mask",Chưa có bản dịch
purple_bag,0,1555,purple_handbag,Chưa có bản dịch
guiche_piercing,7,1550,"pierced_perineum,pierced_taint,taint_piercing",Chưa có bản dịch
plaid_ribbon,0,1539,,Chưa có bản dịch
checkered_bow,0,1532,,Chưa có bản dịch
yellow_headwear,7,1527,,Chưa có bản dịch
fan_hair_ornament,0,1520,,Chưa có bản dịch
unworn_necktie,0,1520,"necktie_off,necktie_removed",Chưa có bản dịch
cat_mask,0,1519,,Chưa có bản dịch
fruit_hat_ornament,0,1513,,Chưa có bản dịch
spiked_cock_ring,0,1512,spiked_cockring,Chưa có bản dịch
yellow_visor_cap,0,1506,,Chưa có bản dịch
vulva_ring,7,1501,pussy_ring,Chưa có bản dịch
starfish_(accessory),7,1491,starfish_accessory,Chưa có bản dịch
pill_earrings,0,1491,,Chưa có bản dịch
broken_mask,0,1488,,Chưa có bản dịch
cum_on_eyewear,0,1483,,Chưa có bản dịch
punching_bag,0,1472,boxing_bag,Chưa có bản dịch
undone_neck_ribbon,0,1468,,Chưa có bản dịch
furgonomic_hat,7,1462,,Chưa có bản dịch
o-ring_harness,0,1459,,Chưa có bản dịch
back_ribbon,0,1459,,Chưa có bản dịch
holding_headwear,7,1455,,Chưa có bản dịch
winged_bag,0,1454,winged_backpack,Chưa có bản dịch
ring_necklace,0,1447,,Chưa có bản dịch
money_bag,0,1447,moneybag,Chưa có bản dịch
mask_over_one_eye,0,1446,,Chưa có bản dịch
polka_dot_ribbon,0,1440,,Chưa có bản dịch
black_bow_tie,7,1439,,Chưa có bản dịch
leaf_umbrella,0,1432,,Chưa có bản dịch
studded_jewelry,7,1427,studded_jewerly,Chưa có bản dịch
butterfly_brooch,0,1422,,Chưa có bản dịch
holding_hat,7,1420,carrying_hat,Chưa có bản dịch
butterfly_earrings,0,1416,,Chưa có bản dịch
black_bracelet,7,1416,,Chưa có bản dịch
sam_browne_belt,0,1404,,Chưa có bản dịch
grey_headwear,7,1401,gray_headwear,Chưa có bản dịch
cat_choker,0,1399,,Chưa có bản dịch
hand_on_own_hat,0,1390,,Chưa có bản dịch
sleeping_bag,0,1389,sleeping_bags,Chưa có bản dịch
horned_hat,0,1388,hat_horns,Chưa có bản dịch
dangle_earrings,0,1388,,Chưa có bản dịch
bow_(anatomy),7,1387,,Chưa có bản dịch
heart_hat_ornament,0,1380,,Chưa có bản dịch
green_eyewear,7,1378,,Chưa có bản dịch
print_hat,0,1374,,Chưa có bản dịch
broken_eyewear,0,1369,,Chưa có bản dịch
adjusting_scarf,0,1354,,Chưa có bản dịch
multicolored_bowtie,0,1347,,Chưa có bản dịch
naked_scarf,0,1324,nude_scarf,Chưa có bản dịch
swim_goggles,0,1318,,Chưa có bản dịch
bowed_string_instrument,7,1308,"bow_string_instrument,bow_string_instruments,bowed_string_instruments",Chưa có bản dịch
multicolored_ribbon,0,1307,,Ruy băng nhiều màu
safety_glasses,0,1306,shooting_glasses,Chưa có bản dịch
unworn_jewelry,0,1305,jewelry_removed,Chưa có bản dịch
side_up_ring,0,1305,,Chưa có bản dịch
yellow_mask,0,1304,,Chưa có bản dịch
stud_piercing,7,1292,,Chưa có bản dịch
female_service_cap,0,1283,,Chưa có bản dịch
heterochromatic_eyewear,0,1271,,Chưa có bản dịch
teardrop-framed_glasses,0,1269,glasses_with_tear,Chưa có bản dịch
box_tie,0,1260,,Chưa có bản dịch
ribbon-trimmed_capelet,0,1255,,Chưa có bản dịch
bag_over_head,0,1246,,Chưa có bản dịch
pumpkin_hat,0,1240,,Chưa có bản dịch
hat_bell,0,1238,,Chưa có bản dịch
clitoral_hood_piercing,7,1228,"clitoralhood_piercing,pierced_clitoral_hood",Chưa có bản dịch
unworn_scarf,0,1228,scarf_removed,Chưa có bản dịch
black_beanie,7,1221,,Chưa có bản dịch
ring_of_light_(blue_archive),0,1220,sky_halo_(blue_archive),Chưa có bản dịch
coin_purse,0,1214,,Chưa có bản dịch
polka_dot_bowtie,0,1207,,Chưa có bản dịch
vr_headset,7,1197,"hmd,vr_goggles",Chưa có bản dịch
thigh_bow,0,1194,,Chưa có bản dịch
leaf_earrings,0,1193,,Chưa có bản dịch
holding_eyewear,7,1191,,Chưa có bản dịch
navel_ring,7,1190,belly_ring,Chưa có bản dịch
two-tone_mask,0,1185,,Chưa có bản dịch
brown-tinted_eyewear,0,1182,,Chưa có bản dịch
ribbon_earrings,0,1181,,Chưa có bản dịch
silver_necklace,0,1177,,Vòng cổ bạc
military_cap,7,1176,,Chưa có bản dịch
bead_choker,0,1173,,Chưa có bản dịch
gradient-tinted_eyewear,0,1172,,Chưa có bản dịch
mask_lift,0,1170,,Chưa có bản dịch
big_glasses,7,1167,,Kính to
triangular_eyewear,0,1167,,Chưa có bản dịch
green_glasses,7,1165,,Kính xanh lá
holding_pastry_bag,0,1165,,Chưa có bản dịch
bell_earrings,0,1158,bell_earring,Chưa có bản dịch
sun_earrings,0,1156,,Chưa có bản dịch
o-ring_collar,0,1153,,Chưa có bản dịch
horseshoe_hat_ornament,0,1152,,Chưa có bản dịch
checkered_ribbon,0,1150,,Chưa có bản dịch
knit_hat,0,1148,,Chưa có bản dịch
two_tone_hat,7,1145,,Chưa có bản dịch
aqua_scarf,0,1144,,Chưa có bản dịch
mini_chef_hat,0,1143,,Chưa có bản dịch
torn_hat,0,1127,,Chưa có bản dịch
hockey_mask,0,1126,"goal_tender_mask,goalie_mask,goaltender_mask",Chưa có bản dịch
tooth_earrings,0,1122,,Chưa có bản dịch
aviator_goggles,0,1116,,Chưa có bản dịch
tengu_mask,0,1110,,Chưa có bản dịch
phrygian_cap,0,1107,,Chưa có bản dịch
beanie_only,7,1101,,Chưa có bản dịch
pin_accessory,7,1093,,Chưa có bản dịch
surface_piercing,7,1091,,Chưa có bản dịch
chain_jewelry,7,1089,,Chưa có bản dịch
hanafuda_earrings,0,1088,,Chưa có bản dịch
captive_bead_ring,0,1081,,Chưa có bản dịch
tool_belt,0,1079,toolbelt,Chưa có bản dịch
z-ring,0,1079,,Chưa có bản dịch
print_scarf,0,1078,,Chưa có bản dịch
goggles_only,7,1074,"naked_goggles,nude_goggles",Chưa có bản dịch
bird_hat_ornament,0,1074,,Chưa có bản dịch
mega_ring,0,1072,,Chưa có bản dịch
mortarboard,0,1065,graduate_cap,Chưa có bản dịch
weapon_bag,0,1063,"shinai_bag,sword_bag,weapon_cover_bag",Chưa có bản dịch
unworn_goggles,0,1062,"goggles_off,goggles_removed",Chưa có bản dịch
yellow_umbrella,0,1060,,Chưa có bản dịch
cocktail_umbrella,0,1058,drink_umbrella,Chưa có bản dịch
corset_piercing,0,1057,,Chưa có bản dịch
snake_hood_piercing,7,1056,"cobra_hood_piercing,hood_ring_(snake),pierced_cobra_hood,pierced_snake_hood",Chưa có bản dịch
see-through_mask,0,1055,transparent_mask,Chưa có bản dịch
purple_mask,0,1055,,Chưa có bản dịch
cross_piercing,0,1050,,Chưa có bản dịch
piercing_pull,0,1049,,Chưa có bản dịch
camouflage_hat,0,1048,,Chưa có bản dịch
flower_hair_accessory,7,1043,,Chưa có bản dịch
pink_eyewear,7,1038,,Chưa có bản dịch
hair_belt,0,1036,,Chưa có bản dịch
butterfly_hat_ornament,0,1033,,Chưa có bản dịch
skull_hat_ornament,0,1016,,Chưa có bản dịch
silver_earrings,0,1008,,Chưa có bản dịch
red_visor_cap,0,1006,,Chưa có bản dịch
tribal_jewelry,7,998,"tribal_jewelery,tribal_jewellery,tribal_jewerly,tribal_jewlery,tribal_jewlry",Chưa có bản dịch
chastity_piercing,0,997,,Chưa có bản dịch
ceiling_fan,0,991,,Chưa có bản dịch
religious_headwear,7,988,,Chưa có bản dịch
pattern_headwear,7,983,,Chưa có bản dịch
ai_ai_gasa,0,982,love_umbrella,Chưa có bản dịch
orange_goggles,0,978,orange_googles,Chưa có bản dịch
neck_warmer,0,977,"neck_gaiter,snood_scarf,tube_scarf",Chưa có bản dịch
character_mask,0,976,,Chưa có bản dịch
removing_eyewear,0,976,"removing_glasses,removing_sunglasses",Chưa có bản dịch
pattern_scarf,7,975,,Chưa có bản dịch
unworn_necklace,0,973,necklace_removed,Chưa có bản dịch
belt_bag,0,971,,Chưa có bản dịch
silver_hairband,0,970,,Chưa có bản dịch
latex_mask,0,969,rubber_mask,Chưa có bản dịch
mini_witch_hat,0,968,,Chưa có bản dịch
ankh_necklace,0,960,,Chưa có bản dịch
cum_on_glasses,7,957,,Chưa có bản dịch
anal_piercing,7,954,"anal_piercings,pierced_anus",Chưa có bản dịch
cracked_mask,0,953,,Chưa có bản dịch
gift_bow,7,953,,Chưa có bản dịch
plague_doctor_mask,0,947,,Chưa có bản dịch
key_ring,0,943,,Chưa có bản dịch
hat_pin,0,940,,Chưa có bản dịch
chain_belt,0,935,,Chưa có bản dịch
silver_bracelet,0,929,,Chưa có bản dịch
harem_jewelry,7,928,,Chưa có bản dịch
musical_note_earrings,0,928,eighth_note_earrings,Chưa có bản dịch
orange-framed_eyewear,0,926,,Chưa có bản dịch
tinted_glasses,7,924,colored_glasses,Chưa có bản dịch
grape_hat_ornament,0,924,,Chưa có bản dịch
lace-trimmed_headwear,0,923,,Chưa có bản dịch
kamina_shades,0,919,kamina_glasses,Chưa có bản dịch
tote_bag,0,914,,Chưa có bản dịch
boxing_ring,0,914,,Chưa có bản dịch
gradient_ribbon,0,914,,Chưa có bản dịch
blue_eyewear,7,913,,Chưa có bản dịch
straw_hat_pirates,0,904,,Chưa có bản dịch
unworn_bowtie,0,900,bowtie_removed,Chưa có bản dịch
planetary_ring,0,898,,Chưa có bản dịch
print_ribbon,0,892,,Chưa có bản dịch
striped_belt,0,891,,Chưa có bản dịch
bear_bag,0,891,,Chưa có bản dịch
tail_belt,0,889,,Chưa có bản dịch
bell_accessory,7,888,,Chưa có bản dịch
orange_headwear,7,887,,Chưa có bản dịch
shell_earrings,0,881,"seashell_earring,seashell_earrings",Chưa có bản dịch
holding_ring,0,879,,Chưa có bản dịch
red_goggles,0,870,red_googles,Chưa có bản dịch
polka_dot_hairband,0,867,,Chưa có bản dịch
unworn_hairband,0,862,hairband_removed,Chưa có bản dịch
3d_glasses,0,856,,Chưa có bản dịch
anchor_earrings,0,852,,Chưa có bản dịch
pon_de_ring,0,851,mochi_donut,Chưa có bản dịch
silver_jewelry,0,851,"silver_jewelery,silver_jewellery,silver_jewerly,silver_jewlery,silver_jewlry",Chưa có bản dịch
necktie_only,7,848,,Chưa có bản dịch
nontraditional_witch_hat,0,848,,Chưa có bản dịch
aqua_choker,0,847,,Chưa có bản dịch
belt_bondage,0,843,,Chưa có bản dịch
whale_hat,0,840,,Chưa có bản dịch
conical_hat,0,835,,Chưa có bản dịch
labia_ring,0,831,,Chưa có bản dịch
back-tie_swimwear,7,822,,Chưa có bản dịch
print_hairband,0,816,,Chưa có bản dịch
skull_belt,0,814,,Chưa có bản dịch
pattern_hat,7,814,,Chưa có bản dịch
bow_flower,0,813,,Chưa có bản dịch
penis_bow,0,809,"bow_on_penis,cock_bow",Chưa có bản dịch
pink_mask,0,806,,Chưa có bản dịch
aqua_belt,0,805,,Chưa có bản dịch
hip_piercing,0,805,hip_piercings,Chưa có bản dịch
heart-shaped_bag,0,805,,Chưa có bản dịch
bow_tie_only,7,802,bowtie_only,Chưa có bản dịch
ribbon_between_breasts,0,801,,Chưa có bản dịch
gold_headwear,0,797,,Chưa có bản dịch
chain_bracelet,0,793,,Chưa có bản dịch
in_bag,0,787,loli_in_a_bag,Chưa có bản dịch
pinky_ring,0,784,,Chưa có bản dịch
pixel_sunglasses,0,778,deal_with_it_(meme),Chưa có bản dịch
portal_ring,7,775,,Chưa có bản dịch
yellow_eyewear,7,771,,Chưa có bản dịch
aqua-framed_eyewear,0,770,,Chưa có bản dịch
scarf_bow,0,769,,Chưa có bản dịch
fur-trimmed_choker,0,765,,Chưa có bản dịch
cherry_earrings,0,763,cherry_earring,Chưa có bản dịch
helix_piercing,0,763,,Chưa có bản dịch
bone_necklace,0,762,,Chưa có bản dịch
earflap_beanie,0,758,,Chưa có bản dịch
pom_pom_hat_ornament,0,756,,Chưa có bản dịch
rectangular_earrings,0,755,,Chưa có bản dịch
green_umbrella,0,754,,Chưa có bản dịch
pink_glasses,7,752,,Kính hồng
ear_accessory,7,751,,Chưa có bản dịch
ribbon-trimmed_bow,0,746,,Chưa có bản dịch
swimming_goggles,7,744,,Chưa có bản dịch
beak_mask,0,743,"medico_della_peste,medico_della_peste_mask,plague_mask",Chưa có bản dịch
feather_necklace,0,743,,Chưa có bản dịch
orange_bag,0,741,,Chưa có bản dịch
loose_neck_ribbon,0,739,,Chưa có bản dịch
heart_ring_choker,0,738,,Chưa có bản dịch
striped_choker,0,733,,Chưa có bản dịch
sailor_cap,7,733,,Chưa có bản dịch
body_jewelry,0,733,,Chưa có bản dịch
planted_umbrella,0,729,,Chưa có bản dịch
propeller_hat,0,729,,Chưa có bản dịch
ring_box,0,728,,Chưa có bản dịch
waist_bag,0,723,,Chưa có bản dịch
text_on_baseball_cap,7,723,,Chưa có bản dịch
nostril_piercing,0,722,,Chưa có bản dịch
ribbon_around_body,0,720,,Chưa có bản dịch
kindergarten_bag,0,717,,Chưa có bản dịch
pendant_earrings,0,714,pendant_earring,Chưa có bản dịch
crystal_necklace,0,713,,Chưa có bản dịch
gradient_necktie,0,711,,Chưa có bản dịch
bottle_cap,0,705,,Chưa có bản dịch
collarbone_piercing,0,705,,Chưa có bản dịch
lace-trimmed_bow,0,703,,Chưa có bản dịch
green_mask,0,702,,Chưa có bản dịch
decorated_bow,7,697,,Chưa có bản dịch
under_umbrella,0,694,,Chưa có bản dịch
red_jewelry,7,694,,Chưa có bản dịch
beaded_bracelet,7,694,wrist_beads,Chưa có bản dịch
silver_ring,0,693,,Chưa có bản dịch
purple_eyewear,7,692,,Chưa có bản dịch
butterfly_necklace,0,691,,Chưa có bản dịch
championship_belt,0,691,,Chưa có bản dịch
conveyor_belt,0,690,conveyer_belt,Chưa có bản dịch
multiple_hat_bows,0,686,,Chưa có bản dịch
undone_bowtie,0,683,,Chưa có bản dịch
grey_mask,0,681,gray_mask,Chưa có bản dịch
glistening_jewelry,7,677,shiny_jewelry,Chưa có bản dịch
multicolored_headwear,7,677,multi_tone_headwear,Chưa có bản dịch
mushroom_cap,7,676,,Chưa có bản dịch
ring-con,0,676,,Chưa có bản dịch
nipple_ring_pull,7,669,,Chưa có bản dịch
transformation_brooch_(sailor_moon),0,667,,Chưa có bản dịch
chain_earrings,0,665,,Chưa có bản dịch
big_hat,7,665,,Mũ to
arm_bow,0,660,,Chưa có bản dịch
eyes_visible_through_eyewear,0,659,,Chưa có bản dịch
asian_conical_hat,7,659,"bamboo_hat,conical_asian_hat,paddy_hat",Chưa có bản dịch
open_bag,0,658,open_backpack,Chưa có bản dịch
ribbon-trimmed_hairband,0,657,,Chưa có bản dịch
seat_belt,7,655,,Chưa có bản dịch
large_ribbon,0,653,,Ruy băng lớn
vertical-striped_necktie,0,652,,Chưa có bản dịch
holding_glasses,7,652,,Chưa có bản dịch
planet_earrings,0,648,,Chưa có bản dịch
string_bow,7,647,,Chưa có bản dịch
crescent_choker,0,646,,Chưa có bản dịch
lightning_bolt_earrings,0,644,,Chưa có bản dịch
mushroom_hat,0,641,,Chưa có bản dịch
skull_brooch,0,641,,Chưa có bản dịch
naked_necktie,0,640,,Chưa có bản dịch
bracelet_only,7,640,,Chưa có bản dịch
accessories_only,7,640,,Chưa có bản dịch
crossbody_bag,0,637,,Chưa có bản dịch
eyewear_lift,0,635,,Chưa có bản dịch
ring_(sonic),0,633,,Chưa có bản dịch
backpack_basket,0,633,,Chưa có bản dịch
waist_accessory,7,633,,Chưa có bản dịch
nostril_ring,7,629,,Chưa có bản dịch
adjusting_goggles,0,629,,Chưa có bản dịch
hair_through_hat,7,625,,Chưa có bản dịch
headwear_with_attached_mittens,0,624,,Chưa có bản dịch
pearl_choker,0,616,,Chưa có bản dịch
umbrella_octopus,0,615,dumbo_octopus,Chưa có bản dịch
welding_mask,0,613,"welder's_helmet,welder's_mask,welder_helmet,welder_mask,welders_helmet,welders_mask,welding_helmet",Chưa có bản dịch
oscillating_fan,7,612,,Chưa có bản dịch
red_necklace,7,610,,Vòng cổ đỏ
bell_bow,0,608,,Chưa có bản dịch
covered_piercing,0,608,,Chưa có bản dịch
blue_glasses,7,603,,Kính xanh dương
fellatio_under_mask,0,598,fellatio_under_veil,Chưa có bản dịch
hat_loss,0,598,,Chưa có bản dịch
checkered_hat,0,597,,Chưa có bản dịch
hand_fan_writing,0,597,,Chưa có bản dịch
tail_bag,7,596,"tail_bags,tailbag,tailbags",Chưa có bản dịch
necktie_in_mouth,0,596,,Chưa có bản dịch
food-themed_hat,0,593,,Chưa có bản dịch
ko-omote_mask,0,591,,Chưa có bản dịch
necktie_pull,7,589,tie_pull,Chưa có bản dịch
bow_camisole,0,585,,Chưa có bản dịch
backwards_cap,7,584,,Chưa có bản dịch
partially_opaque_glasses,0,584,half_opaque_glasses,Chưa có bản dịch
industrial_piercing_ladder,7,584,,Chưa có bản dịch
pattern_necktie,7,583,pattern_tie,Chưa có bản dịch
vertical-striped_scarf,0,581,,Chưa có bản dịch
holding_goggles,0,580,,Chưa có bản dịch
belly_piercing,7,580,,Chưa có bản dịch
heart_glasses,7,578,,Chưa có bản dịch
glasses_askew,7,577,crooked_glasses,Chưa có bản dịch
cracked_kawaii_mask,0,576,,Chưa có bản dịch
feather_fan,0,573,,Chưa có bản dịch
transparent_bag,0,573,see-through_bag,Chưa có bản dịch
wide_brim_hat,7,572,,Chưa có bản dịch
ribbon_baton,0,571,gymnastics_ribbon,Chưa có bản dịch
cross_ear_piercing,7,570,,Chưa có bản dịch
neck-tie_swimwear,7,568,,Chưa có bản dịch
scarf_grab,0,568,,Chưa có bản dịch
sunglasses_on_face,7,568,,Chưa có bản dịch
half_eye_mask,0,567,,Chưa có bản dịch
chest_ribbon,0,567,,Chưa có bản dịch
ring_(hardware),7,567,,Chưa có bản dịch
polka_dot_necktie,0,566,,Chưa có bản dịch
metal_belt,0,565,,Chưa có bản dịch
glans_piercing,7,561,pierced_glans,Chưa có bản dịch
piercing_outline,7,560,,Chưa có bản dịch
rabbit_mask,0,558,bunny_mask,Chưa có bản dịch
fox_hat,0,556,,Mũ cáo
unworn_belt,0,556,belt_removed,Chưa có bản dịch
handheld_electric_fan,0,556,"handheld_fan,portable_fan",Chưa có bản dịch
butterfly_choker,0,554,,Chưa có bản dịch
frilly_accessory,7,551,,Chưa có bản dịch
asymmetrical_eyewear,0,550,,Chưa có bản dịch
anti-eyebrow_piercing,0,549,,Chưa có bản dịch
black_sunglasses,7,547,,Chưa có bản dịch
eevee_backpack,0,547,,Chưa có bản dịch
ring_on_every_finger,0,547,,Chưa có bản dịch
pride_color_piercing,7,547,,Chưa có bản dịch
penguin_hat_(mawaru_penguindrum),0,546,,Chưa có bản dịch
snowflake_earrings,0,546,snowflake_earring,Chưa có bản dịch
broken_glasses,7,544,cracked_glasses,Chưa có bản dịch
front-tie_swimwear,7,544,,Chưa có bản dịch
blue_bow_tie,7,544,,Chưa có bản dịch
tassel_choker,0,544,,Chưa có bản dịch
fish_hook_piercing,7,543,,Chưa có bản dịch
anchor_hat_ornament,0,542,,Chưa có bản dịch
head_bow,7,541,,Chưa có bản dịch
torn_ribbon,0,540,,Chưa có bản dịch
blue_ear_piercing,7,540,,Chưa có bản dịch
grey_eyewear,7,540,gray_eyewear,Chưa có bản dịch
pink_jewelry,7,539,,Chưa có bản dịch
pink_bow_tie,7,538,,Chưa có bản dịch
skull_choker,0,536,,Chưa có bản dịch
argyle_bow,0,535,,Chưa có bản dịch
checkered_bowtie,0,531,,Chưa có bản dịch
polka_dot_scarf,0,529,,Chưa có bản dịch
putting_on_jewelry,0,527,,Chưa có bản dịch
bear_hat,0,526,,Mũ gấu
cavalier_hat,0,526,,Chưa có bản dịch
areola_piercing,0,525,,Chưa có bản dịch
arm_scarf,0,524,,Chưa có bản dịch
saigyouji_yuyuko's_fan_design,0,521,"charisma_fan,charismatic_fan,yuyuko's_fan_design,yuyuko's_fan_pattern",Chưa có bản dịch
feather_ear_ring,7,517,,Chưa có bản dịch
saddle_bag,7,517,"saddle_bags,saddlebag",Chưa có bản dịch
ring_(identity)_(project_moon),0,516,,Chưa có bản dịch
guan_hat,0,516,,Chưa có bản dịch
character_bag,0,511,,Chưa có bản dịch
purple_bow_tie,7,510,,Chưa có bản dịch
stump_cap,7,509,,Chưa có bản dịch
pink_necklace,7,507,,Vòng cổ hồng
field_cap,0,507,,Chưa có bản dịch
jack-o'-lantern_hat_ornament,0,507,,Chưa có bản dịch
holding_unworn_scarf,0,504,,Chưa có bản dịch
diamond_necklace,0,502,,Chưa có bản dịch
no_hairband,0,502,,Chưa có bản dịch
head_accessory,7,500,,Chưa có bản dịch
headwear_switch,0,499,hat_switch,Chưa có bản dịch
metal_mask,0,496,steel_mask,Chưa có bản dịch
hat_tug,0,495,,Chưa có bản dịch
necklace_between_breasts,0,495,,Chưa có bản dịch
trucker_hat,7,495,,Chưa có bản dịch
gold_ribbon,0,493,,Ruy băng vàng kim
ribbon_bar,0,492,,Chưa có bản dịch
single_nipple_piercing,0,491,,Chưa có bản dịch
award_ribbon,0,486,prize_ribbon,Chưa có bản dịch
two-tone_choker,0,485,,Chưa có bản dịch
paper_hat,0,484,,Chưa có bản dịch
gold_accessory,7,483,golden_accessories,Chưa có bản dịch
frog_hat,0,482,,Chưa có bản dịch
no_hair_bow,0,481,,Chưa có bản dịch
spike_piercing,0,480,,Chưa có bản dịch
rabbit_earrings,0,478,bunny_earrings,Chưa có bản dịch
crooked_eyewear,0,477,eyewear_slip,Chưa có bản dịch
black_top_hat,7,477,,Chưa có bản dịch
latex_headwear,7,477,,Chưa có bản dịch
harness_ring_gag,7,476,,Chưa có bản dịch
removing_mask,0,475,,Chưa có bản dịch
bow_(stringed_instrument),7,474,,Chưa có bản dịch
purple_glasses,7,470,,Kính tím
blue_jewelry,7,467,,Chưa có bản dịch
aviator_glasses,0,466,,Chưa có bản dịch
ammo_belt,7,466,,Chưa có bản dịch
spade_earrings,0,465,spade_earring,Chưa có bản dịch
diagonal-striped_ribbon,0,465,,Chưa có bản dịch
shark_tooth_necklace,7,464,,Chưa có bản dịch
tipping_hat,7,463,,Chưa có bản dịch
rabbit_hat_ornament,0,463,,Chưa có bản dịch
groucho_glasses,0,462,funny_glasses,Chưa có bản dịch
sabotaged_condom,0,462,piercing_condom,Chưa có bản dịch
putting_on_headwear,0,462,putting_on_hat,Chưa có bản dịch
dss_choker,0,462,,Chưa có bản dịch
fur_bracelet,0,460,,Chưa có bản dịch
headphones_over_headwear,0,459,,Chưa có bản dịch
rabbit_ear_headwear,0,456,,Chưa có bản dịch
red_hair_tie,7,456,,Chưa có bản dịch
compound_bow,0,455,,Chưa có bản dịch
hat_under_hood,0,453,,Chưa có bản dịch
lace-trimmed_ribbon,0,449,,Chưa có bản dịch
bow_in_back,7,449,,Chưa có bản dịch
stone_mask_(jojo),0,446,,Chưa có bản dịch
x-ray_glasses,0,446,,Chưa có bản dịch
side_labret_piercing,0,446,,Chưa có bản dịch
tail_bracelet,7,444,,Chưa có bản dịch
lucha_libre_mask,7,444,"lucha_mask,luchadore_mask",Chưa có bản dịch
gold_cock_ring,7,442,,Chưa có bản dịch
suit_and_tie,7,440,,Chưa có bản dịch
star_bracelet,0,440,,Chưa có bản dịch
heart_piercing,0,439,,Chưa có bản dịch
tan_headwear,7,439,beige_headwear,Chưa có bản dịch
belt_accessory,7,439,,Chưa có bản dịch
tongue_scarf,0,436,,Chưa có bản dịch
holding_hairband,0,435,,Chưa có bản dịch
bow_button,0,435,,Chưa có bản dịch
holding_hair_tie,0,434,,Chưa có bản dịch
strawberry_earrings,0,432,,Chưa có bản dịch
novelty_glasses,0,431,fancy_glasses,Chưa có bản dịch
pink_visor_cap,0,429,,Chưa có bản dịch
new_mask_of_hope,0,428,,Chưa có bản dịch
umbrella_gun,0,428,,Chưa có bản dịch
mini_santa_hat,0,425,tiny_santa_hat,Chưa có bản dịch
metal_bracelet,0,425,,Chưa có bản dịch
borrowed_accessory,0,424,,Chưa có bản dịch
frilly_hairband,7,424,,Chưa có bản dịch
ears_under_headwear,0,423,,Chưa có bản dịch
improvised_umbrella,0,423,,Chưa có bản dịch
unworn_swim_cap,0,422,"swim_cap_removed,swimcap_removed",Chưa có bản dịch
flat_top_chef_hat,0,422,,Chưa có bản dịch
multicolored_jewelry,7,420,,Chưa có bản dịch
fan_screaming_at_madison_beer_(meme),0,420,,Chưa có bản dịch
piercing_bondage,7,419,,Chưa có bản dịch
orange_eyewear,7,419,,Chưa có bản dịch
neck_piercing,0,419,,Chưa có bản dịch
tribal_necklace,7,418,,Chưa có bản dịch
leather_headwear,7,416,,Chưa có bản dịch
crosswise_nipple_piercing,7,415,,Chưa có bản dịch
holding_sunglasses,7,415,,Chưa có bản dịch
luchador_mask,0,414,,Chưa có bản dịch
picture_hat,0,413,gainsborough_hat,Chưa có bản dịch
belt_only,7,413,,Chưa có bản dịch
transformation_ring,7,412,hoop_tf,Chưa có bản dịch
inverted_cross_earrings,0,410,,Chưa có bản dịch
leather_hat,7,410,leather_cap,Chưa có bản dịch
chain_accessory,7,410,,Chưa có bản dịch
character_hat,0,409,,Chưa có bản dịch
glistening_eyewear,7,409,"glistening_eye_wear,shining_eye_wear,shining_eyewear,shiny_eye_wear,shiny_eyewear",Chưa có bản dịch
mask_off,7,404,,Chưa có bản dịch
quadrilateral_nipple_piercing,7,404,,Chưa có bản dịch
tan_hat,7,403,,Chưa có bản dịch
skull-shaped_hat,0,402,,Chưa có bản dịch
hand_on_hat,7,401,,Chưa có bản dịch
necktie_between_pectorals,0,399,necktie_between_pecs,Chưa có bản dịch
brown_mask,0,399,,Chưa có bản dịch
gold_ear_piercing,7,399,,Chưa có bản dịch
necktie_around_wrists,0,398,,Chưa có bản dịch
teat_piercing,7,398,"pierced_teat,pierced_teats",Chưa có bản dịch
silver_choker,0,397,,Chưa có bản dịch
two_tone_headwear,7,397,,Chưa có bản dịch
pinstripe_hat,0,396,,Chưa có bản dịch
adjusting_glasses,7,395,,Chưa có bản dịch
christina_piercing,7,395,nefertiti_piercing,Chưa có bản dịch
glasses_off,7,395,discarded_glasses,Chưa có bản dịch
plaid_hairband,0,392,,Chưa có bản dịch
cow_hat,0,391,,Chưa có bản dịch
piercing_hole,0,390,,Chưa có bản dịch
diamond_earrings,0,390,,Chưa có bản dịch
crown_bow,0,390,,Chưa có bản dịch
ribbon_legwear,0,390,,Chưa có bản dịch
fruit_earrings,0,388,,Chưa có bản dịch
eyewear_around_neck,0,386,,Chưa có bản dịch
triangle_necklace,0,386,,Chưa có bản dịch
hand_on_belt,0,386,,Chưa có bản dịch
pentagram_necklace,0,385,,Chưa có bản dịch
black_baseball_cap,7,384,,Chưa có bản dịch
key_choker,0,383,,Chưa có bản dịch
flower_ring,0,383,,Chưa có bản dịch
fan_(object),7,382,,Chưa có bản dịch
blue_necklace,7,381,,Vòng cổ xanh dương
vertical_nipple_piercing,7,381,,Chưa có bản dịch
holding_bow_(ornament),0,380,,Chưa có bản dịch
unworn_bow,0,380,"bow_removed,hair_bow_removed,unworn_hair_bow",Chưa có bản dịch
floating_hat,0,380,,Chưa có bản dịch
crown_earrings,0,379,,Chưa có bản dịch
see-through_headwear,0,378,transparent_headwear,Chưa có bản dịch
penguin_hat,0,376,,Chưa có bản dịch
o-ring_swimwear,7,375,,Chưa có bản dịch
no_earrings,0,375,,Chưa có bản dịch
brown_eyewear,7,375,,Chưa có bản dịch
hands_on_eyewear,0,374,,Chưa có bản dịch
jade_bracelet,0,373,,Chưa có bản dịch
scarf_pull,0,372,,Chưa có bản dịch
fin_ring,7,371,,Chưa có bản dịch
mask_transformation,7,371,,Chưa có bản dịch
leg_bow,0,370,,Chưa có bản dịch
black_piercing,7,369,,Chưa có bản dịch
glowing_earrings,0,369,,Chưa có bản dịch
bird_hat,0,367,,Mũ chim
naked_belt,0,367,,Chưa có bản dịch
d-ring,7,366,d_ring,Chưa có bản dịch
jack-o'-lantern_earrings,0,366,,Chưa có bản dịch
bat_mask,0,366,,Chưa có bản dịch
leaf_fan,0,366,,Chưa có bản dịch
rabbit_bag,0,364,"bunny_backpack,bunny_bag",Chưa có bản dịch
leg_piercing,0,364,,Chưa có bản dịch
grey_glasses,7,364,gray_glasses,Kính xám
red_ribbon_army,0,363,,Chưa có bản dịch
gym_bag,7,363,,Chưa có bản dịch
character_backpack,0,362,,Chưa có bản dịch
large_earrings,0,362,,Chưa có bản dịch
pussy_jewelry,0,361,vaginal_jewelry,Chưa có bản dịch
gag_mask,7,360,,Chưa có bản dịch
hyottoko_mask,0,360,,Chưa có bản dịch
tail_ring_(piercing),7,359,,Chưa có bản dịch
magician_hat,7,358,,Chưa có bản dịch
chest_piercing,0,358,,Chưa có bản dịch
bear_ear_hairband,0,358,,Chưa có bản dịch
yellow_glasses,7,357,,Kính vàng
clutch_purse,0,356,women's_wallet,Chưa có bản dịch
boar_mask,0,356,,Chưa có bản dịch
lace_hairband,0,355,,Chưa có bản dịch
thorn_ring_(deltarune),0,354,,Chưa có bản dịch
frilled_necktie,0,353,,Chưa có bản dịch
torn_bow,0,352,,Chưa có bản dịch
choker_jewel,0,351,,Chưa có bản dịch
ankle_belt,0,350,,Chưa có bản dịch
maid_hat,7,350,,Chưa có bản dịch
chain_piercing,7,349,,Chưa có bản dịch
eyewear_in_mouth,0,347,,Chưa có bản dịch
insulated_delivery_bag,0,347,,Chưa có bản dịch
cable_tie,0,347,"zip-tie,ziptie",Chưa có bản dịch
unworn_ribbon,0,346,ribbon_removed,Chưa có bản dịch
small_glasses,7,346,,Kính nhỏ
cat_earrings,0,346,,Chưa có bản dịch
frilled_bracelet,0,344,,Chưa có bản dịch
bow_on_head,7,344,,Chưa có bản dịch
pink_hair_bow,7,344,,Chưa có bản dịch
untied_ribbon,0,342,,Chưa có bản dịch
lorum_piercing,0,342,"lorum,lorum_(piercing),pierced_lorum",Chưa có bản dịch
gold_tail_ring,7,341,,Chưa có bản dịch
affinity_sunglasses_(blue_archive),0,340,,Chưa có bản dịch
torn_necktie,0,340,ripped_necktie,Chưa có bản dịch
oversized_hat,0,338,,Chưa có bản dịch
semi-circular_eyewear,0,337,semicircular_eyewear,Chưa có bản dịch
heart_accessory,7,337,,Chưa có bản dịch
holding_belt,0,336,,Chưa có bản dịch
cock_ring_behind_knot,7,335,,Chưa có bản dịch
white_eyewear,7,334,,Chưa có bản dịch
rainbow_hairband,0,333,,Chưa có bản dịch
naked_bowtie,0,333,,Chưa có bản dịch
white_jewelry,7,333,,Chưa có bản dịch
glowing_mask,0,333,,Chưa có bản dịch
cum_on_mask,0,333,,Chưa có bản dịch
horse_mask,0,332,"creepy_horse_mask,horse_head_mask",Chưa có bản dịch
cross_hat_ornament,0,330,,Chưa có bản dịch
belt_charm,0,328,,Chưa có bản dịch
food-themed_necklace,0,327,,Chưa có bản dịch
frill_piercing,7,327,pierced_frill,Chưa có bản dịch
bell_piercing,0,327,,Chưa có bản dịch
multicolored_accessory,7,326,,Chưa có bản dịch
coin_mask,0,325,,Chưa có bản dịch
angelbite_piercing,7,325,angel_bite_piercing,Chưa có bản dịch
pride_color_jewelry,7,324,,Chưa có bản dịch
bow_print,0,323,,Chưa có bản dịch
hair_jewelry,0,323,,Chưa có bản dịch
beak_piercing,7,323,pierced_beak,Chưa có bản dịch
red_baseball_cap,7,322,,Chưa có bản dịch
white_necklace,7,321,,Vòng cổ trắng
heart_sunglasses,7,320,,Chưa có bản dịch
hair_scarf,0,320,,Chưa có bản dịch
panda_hat,0,319,,Chưa có bản dịch
character_hat_ornament,0,319,,Chưa có bản dịch
pom_hat,7,317,pom_pom_hat,Chưa có bản dịch
hch_piercing,7,317,,Chưa có bản dịch
print_umbrella,0,317,,Chưa có bản dịch
horn_ring_(piercing),7,316,,Chưa có bản dịch
red_hair_bow,7,314,,Chưa có bản dịch
labia_majora_piercing,7,314,,Chưa có bản dịch
argyle_scarf,0,313,,Chưa có bản dịch
bullet_earrings,0,313,,Chưa có bản dịch
baseball_cap_only,7,313,,Chưa có bản dịch
idol_heart_brooch_(precure),0,313,idol_heart_brooch,Chưa có bản dịch
latex_choker,0,310,,Chưa có bản dịch
knocker_piercing,7,310,,Chưa có bản dịch
glowstick_bracelet,7,309,,Chưa có bản dịch
gag_under_mask,0,309,,Chưa có bản dịch
dildo_mask,7,309,,Chưa có bản dịch
silver_belt,0,308,,Chưa có bản dịch
sun_necklace,0,308,,Chưa có bản dịch
red_cross_tie,0,307,,Chưa có bản dịch
argyle_hat,0,307,,Chưa có bản dịch
holy_ring,0,305,,Chưa có bản dịch
belt_bow,0,302,,Chưa có bản dịch
gold_bowtie,0,302,,Chưa có bản dịch
transparent_fan,0,301,,Chưa có bản dịch
cum_on_headwear,0,299,,Chưa có bản dịch
eyebrows_visible_through_hat,0,299,,Chưa có bản dịch
war_fan,0,299,,Chưa có bản dịch
green_bow_tie,7,299,,Chưa có bản dịch
gold_bow,0,298,,Nơ vàng kim
holding_down_headwear,0,298,,Chưa có bản dịch
food-themed_hat_ornament,0,297,,Chưa có bản dịch
holly_hat_ornament,0,297,,Chưa có bản dịch
black_cross_tie,0,296,,Chưa có bản dịch
boonie_hat,0,295,,Chưa có bản dịch
cat_o-ring,0,294,,Chưa có bản dịch
glowing_jewelry,0,293,,Chưa có bản dịch
no_choker,0,293,,Chưa có bản dịch
four-leaf_clover_earrings,0,292,,Chưa có bản dịch
clown_mask,0,291,,Chưa có bản dịch
star_glasses,7,290,,Chưa có bản dịch
sideways_baseball_cap,7,290,,Chưa có bản dịch
print_bag,0,289,print_backpack,Chưa có bản dịch
squid_hat,0,289,,Chưa có bản dịch
gold_nose_ring,7,289,,Chưa có bản dịch
gradient_bow,0,288,,Chưa có bản dịch
jingle_bell_earrings,0,287,,Chưa có bản dịch
spiral_glasses,7,287,"swirl_glasses,swirly_glasses",Chưa có bản dịch
sports_sunglasses,0,285,,Chưa có bản dịch
green_jewelry,7,284,,Chưa có bản dịch
yellow_goggles,7,284,yellow_googles,Chưa có bản dịch
print_mask,0,283,,Chưa có bản dịch
bell_choker,7,283,,Chưa có bản dịch
yellow_bracelet,7,283,,Chưa có bản dịch
feather_accessory,7,282,,Chưa có bản dịch
pseudo_scarf,7,281,,Chưa có bản dịch
mini_shako_cap,0,280,,Chưa có bản dịch
butterfly_mask,0,279,,Chưa có bản dịch
pattern_bow,7,279,,Chưa có bản dịch
heart_ring,0,277,,Chưa có bản dịch
rabbit_choker,0,277,bunny_choker,Chưa có bản dịch
gold_mask,0,276,,Chưa có bản dịch
grey_umbrella,0,276,,Chưa có bản dịch
spotted_bow,0,275,,Chưa có bản dịch
orange_umbrella,0,274,,Chưa có bản dịch
grey_beanie,7,273,gray_beanie,Chưa có bản dịch
frilled_bowtie,0,272,,Chưa có bản dịch
fatal_fury_cap,0,271,,Chưa có bản dịch
multicolored_bracelet,7,270,,Chưa có bản dịch
safety_pin_piercing,0,269,,Chưa có bản dịch
chip_bag,7,268,,Chưa có bản dịch
ofuda_earrings,0,268,,Chưa có bản dịch
eye_on_hat,0,267,,Chưa có bản dịch
winged_headwear,0,267,,Chưa có bản dịch
o-ring_legwear,0,267,,Chưa có bản dịch
harness_ring,7,267,,Chưa có bản dịch
blue_baseball_cap,7,266,,Chưa có bản dịch
engagement_ring,7,266,,Chưa có bản dịch
glasses_day,0,265,,Chưa có bản dịch
bow_thigh_highs,7,265,,Chưa có bản dịch
tall_hat,0,264,,Chưa có bản dịch
purple_jewelry,7,263,,Chưa có bản dịch
palutena_bow_(kid_icarus),0,263,,Chưa có bản dịch
red_cap,7,262,,Chưa có bản dịch
backpack_only,7,262,,Chưa có bản dịch
vertical-striped_bow,0,262,,Chưa có bản dịch
lemon_earrings,0,261,,Chưa có bản dịch
adjusting_bowtie,0,261,,Chưa có bản dịch
labia_minora_piercing,7,261,,Chưa có bản dịch
penis_under_mask,0,260,,Chưa có bản dịch
gingham_bow,0,260,,Chưa có bản dịch
harmony_scarf,0,260,,Chưa có bản dịch
bullet_necklace,0,260,,Chưa có bản dịch
red_sunglasses,7,259,,Chưa có bản dịch
torn_hair_ribbon,0,259,,Chưa có bản dịch
fan_speaking,0,259,,Chưa có bản dịch
pointy_hat,7,257,,Mũ nhọn
no_scarf,0,257,,Chưa có bản dịch
fish_hat,0,257,,Chưa có bản dịch
hat_writing,0,256,,Chưa có bản dịch
holding_ribbon_baton,0,256,,Chưa có bản dịch
hat_basket,0,256,,Chưa có bản dịch
orange_beanie,7,254,,Chưa có bản dịch
amos'_bow_(genshin_impact),0,254,,Chưa có bản dịch
eyewear_view,0,253,pov_glasses,Chưa có bản dịch
duellist's_cap_(tier_6),0,253,,Chưa có bản dịch
goggles_on_face,7,253,,Chưa có bản dịch
camouflage_scarf,0,252,,Chưa có bản dịch
orange_glasses,7,250,,Kính cam
adjusting_mask,0,250,,Chưa có bản dịch
o-ring_arm_strap,0,250,,Chưa có bản dịch
paper_bag_mask,7,250,,Chưa có bản dịch
monotone_headwear,7,249,,Chưa có bản dịch
breast_piercing,0,248,,Chưa có bản dịch
hourglass_earrings,0,248,,Chưa có bản dịch
tongue_ring,7,248,,Chưa có bản dịch
blue_visor_cap,0,247,,Chưa có bản dịch
wing_hat_ornament,0,247,,Chưa có bản dịch
winged_hairband,0,247,,Chưa có bản dịch
bow_(decoration),7,247,,Chưa có bản dịch
bow_knot,7,247,,Chưa có bản dịch
clover_brooch,0,247,,Chưa có bản dịch
rope_necklace,0,246,,Chưa có bản dịch
nipple_piercing_outline,7,246,,Chưa có bản dịch
monkey_mask,0,245,,Chưa có bản dịch
fan_to_mouth,0,245,,Chưa có bản dịch
aqua_bag,0,244,,Chưa có bản dịch
shampoo_hat,0,244,,Chưa có bản dịch
big_bow,7,243,,Nơ to
catcher's_mask,0,243,,Chưa có bản dịch
dilation_belt,0,241,,Chưa có bản dịch
fez_hat,0,241,,Chưa có bản dịch
onion_rings,0,241,onion_ring,Chưa có bản dịch
blue_bracelet,7,240,,Chưa có bản dịch
grey_piercing,7,240,gray_piercing,Chưa có bản dịch
ribbon_restrained,7,240,,Chưa có bản dịch
headwear_writing,0,240,,Chưa có bản dịch
food-themed_bag,0,240,,Chưa có bản dịch
night_vision_goggles,7,239,,Chưa có bản dịch
leather_choker,0,239,,Chưa có bản dịch
double_bowtie,0,239,,Chưa có bản dịch
nose_ring_pull,7,239,,Chưa có bản dịch
low-tied_hair_rings,0,237,low-tied_hair_ring,Chưa có bản dịch
bag_on_head,0,237,,Chưa có bản dịch
holding_unworn_necktie,0,237,,Chưa có bản dịch
energy_ring,0,237,,Chưa có bản dịch
shackle_piercing,0,236,,Chưa có bản dịch
scarf_on_head,0,236,,Chưa có bản dịch
drawstring_bag,0,235,,Chưa có bản dịch
large_belt,0,235,,Chưa có bản dịch
purple_necklace,7,235,,Vòng cổ tím
glistening_glasses,7,234,"shining_glasses,shiny_glasses",Chưa có bản dịch
head_jewelry,7,234,,Chưa có bản dịch
cum_on_hat,7,234,,Chưa có bản dịch
obi_bow,0,233,,Chưa có bản dịch
dock_piercing,7,233,pierced_dock,Chưa có bản dịch
ribbon-trimmed_hood,0,233,,Chưa có bản dịch
bat_earrings,0,233,,Chưa có bản dịch
waist_belt,7,232,,Chưa có bản dịch
hand_on_glasses,7,232,,Chưa có bản dịch
ribbon-trimmed_corset,0,231,,Chưa có bản dịch
orange_mask,0,231,,Chưa có bản dịch
tying_necktie,0,231,tying_tie,Chưa có bản dịch
earrings_only,7,230,,Chưa có bản dịch
spiked_hat,0,230,,Chưa có bản dịch
print_fan,0,230,,Chưa có bản dịch
iv_bag,7,230,,Chưa có bản dịch
graduation_cap,7,230,,Chưa có bản dịch
cross_ear_ring,7,230,,Chưa có bản dịch
pattern_accessory,7,229,,Chưa có bản dịch
diamond_ring,0,229,,Chưa có bản dịch
necktie_lift,0,228,,Chưa có bản dịch
adjusting_bow,0,228,,Chưa có bản dịch
blood_on_mask,0,227,bloody_mask,Chưa có bản dịch
gradient_scarf,0,227,,Chưa có bản dịch
multicolored_eyewear,7,227,,Chưa có bản dịch
multicolored_belt,0,227,,Chưa có bản dịch
gem_hat_ornament,0,227,,Chưa có bản dịch
unworn_earring,0,226,"earring_removed,earrings_removed",Chưa có bản dịch
multicolored_umbrella,0,226,,Chưa có bản dịch
round_bag,0,226,,Chưa có bản dịch
index_ring,0,225,,Chưa có bản dịch
neck_accessory,7,225,monotone_neck_accessory,Chưa có bản dịch
sword_earrings,0,224,,Chưa có bản dịch
fan_over_face,0,224,,Chưa có bản dịch
animal_swim_ring,7,224,,Chưa có bản dịch
tea_bag,7,224,tea_bags,Chưa có bản dịch
ribbon_only,7,223,,Chưa có bản dịch
red_bracelet,7,223,,Chưa có bản dịch
star_hairband,0,223,,Chưa có bản dịch
yellow_jewelry,7,223,,Chưa có bản dịch
smiley_face_hat_ornament,0,223,smiley_hat_ornament,Chưa có bản dịch
facial_chain_piercing,7,223,,Chưa có bản dịch
diaper_bag,7,222,,Chưa có bản dịch
crown_necklace,0,222,,Chưa có bản dịch
long_necktie,0,220,,Chưa có bản dịch
spiked_ring,0,220,,Chưa có bản dịch
polka_dot_umbrella,0,220,,Chưa có bản dịch
silver_piercing,7,219,,Chưa có bản dịch
cuff_bracelet,7,219,,Chưa có bản dịch
sheath_ring,7,217,,Chưa có bản dịch
pink_sunglasses,7,217,,Chưa có bản dịch
blue_cap,7,216,,Chưa có bản dịch
genital_jewelry,7,216,,Chưa có bản dịch
finger_on_eyewear,0,216,,Chưa có bản dịch
holding_purse,7,216,,Chưa có bản dịch
bag_bow,0,216,,Chưa có bản dịch
umbrella_stand,0,215,,Chưa có bản dịch
winter_hat,7,215,,Chưa có bản dịch
eggshell_hat,0,214,,Chưa có bản dịch
pink_bracelet,7,213,,Chưa có bản dịch
inverted_cross_necklace,0,213,,Chưa có bản dịch
blue_backpack,7,212,,Chưa có bản dịch
removing_hat,0,212,,Chưa có bản dịch
fish_hook_earrings,0,211,,Chưa có bản dịch
x-shaped_eyewear,0,211,,Chưa có bản dịch
snowflake_choker,0,210,,Chưa có bản dịch
heart_ring_top,0,210,,Chưa có bản dịch
scarf_choker,0,210,,Chưa có bản dịch
bat_brooch,0,209,,Chưa có bản dịch
yellow_bow_tie,7,209,,Chưa có bản dịch
blue_ear_ring,7,209,,Chưa có bản dịch
two-tone_umbrella,0,209,,Chưa có bản dịch
umbrella_tassel,0,208,,Chưa có bản dịch
o-ring_belly_chain,0,208,,Chưa có bản dịch
zhuang_hat,0,208,,Chưa có bản dịch
life_ring,7,208,,Chưa có bản dịch
arm_ring,7,207,,Chưa có bản dịch
jewelry_box,0,207,,Chưa có bản dịch
snow_on_headwear,0,206,,Chưa có bản dịch
snowflake_hat_ornament,0,206,,Chưa có bản dịch
black_ear_piercing,7,205,,Chưa có bản dịch
waist_brooch,0,205,,Chưa có bản dịch
bullet_belt,7,205,,Chưa có bản dịch
wolf_mask,0,205,,Chưa có bản dịch
alternate_eyewear,0,204,alternate_glasses,Chưa có bản dịch
multicolored_choker,0,204,,Chưa có bản dịch
sparkle_earrings,0,204,,Chưa có bản dịch
neck_bow_(anatomy),7,203,,Chưa có bản dịch
vch_piercing,7,203,,Chưa có bản dịch
diving_mask_around_neck,0,203,,Chưa có bản dịch
bow_collar,7,203,,Chưa có bản dịch
pumpkin_mask,0,203,,Chưa có bản dịch
hand_on_goggles,0,202,,Chưa có bản dịch
bracelet_girls,0,202,,Chưa có bản dịch
torn_umbrella,0,202,,Chưa có bản dịch
trapper_hat,0,202,,Chưa có bản dịch
arm_accessory,7,201,,Chưa có bản dịch
pinstripe_bow,0,201,,Chưa có bản dịch
hand_on_mask,0,201,,Chưa có bản dịch
dice_necklace,0,200,,Chưa có bản dịch
mjolnir_necklace,7,200,,Chưa có bản dịch
on_swim_ring,7,200,,Chưa có bản dịch
leg_bracelet,7,199,,Chưa có bản dịch
string_choker,0,199,,Chưa có bản dịch
dimple_piercing,0,199,,Chưa có bản dịch
monotone_hat,7,199,,Chưa có bản dịch
heart_bracelet,0,198,,Chưa có bản dịch
arm_piercing,0,198,,Chưa có bản dịch
ear_jewelry,7,198,,Chưa có bản dịch
conveyor_belt_sushi,0,197,,Chưa có bản dịch
deerstalker_hat,7,197,,Chưa có bản dịch
see-through_bow,0,197,,Chưa có bản dịch
yin_yang_earrings,0,196,,Chưa có bản dịch
bag_on_lap,0,195,,Chưa có bản dịch
studded_hair_tie,7,195,,Chưa có bản dịch
snowflake_necklace,0,195,,Chưa có bản dịch
green_hair_tie,7,194,,Chưa có bản dịch
black_hair_tie,7,194,,Chưa có bản dịch
heart_jewelry,7,194,,Chưa có bản dịch
hat_band,7,193,,Chưa có bản dịch
broken_umbrella,0,192,,Chưa có bản dịch
star_accessory,7,192,,Chưa có bản dịch
frenulum_piercing,0,192,,Chưa có bản dịch
green_necklace,7,192,,Vòng cổ xanh lá
eyebrow_through_hat,7,191,,Chưa có bản dịch
ring_vibrator,7,191,,Chưa có bản dịch
tiger_ear_hairband,0,191,,Chưa có bản dịch
diamond_brooch,0,190,,Chưa có bản dịch
diamond_choker,0,190,,Chưa có bản dịch
diamond-shaped_brooch,0,190,,Chưa có bản dịch
green_bracelet,7,190,,Chưa có bản dịch
umbrella_flower,0,189,,Chưa có bản dịch
holding_blood_bag,0,189,,Chưa có bản dịch
elden_ring_(object),0,188,,Chưa có bản dịch
long_belt,0,188,,Chưa có bản dịch
shell_brooch,0,188,,Chưa có bản dịch
spotted_accessory,7,188,,Chưa có bản dịch
pilot_hat,7,188,,Chưa có bản dịch
yellow_piercing,7,187,,Chưa có bản dịch
gold_glasses,7,187,golden_framed_glasses,Kính vàng kim
bow_bloomers,0,187,,Chưa có bản dịch
dog_hat,0,187,,Mũ chó
bead_belt,0,187,,Chưa có bản dịch
heart_hair_accessory,7,186,,Chưa có bản dịch
crown_hat_ornament,0,186,,Chưa có bản dịch
green_beanie,7,186,,Chưa có bản dịch
flower_as_hat,0,185,,Chưa có bản dịch
necklace_in_mouth,0,185,,Chưa có bản dịch
deviruchi_hat,0,184,,Chưa có bản dịch
torn_mask,0,184,,Chưa có bản dịch
finger_ribbon,0,184,,Chưa có bản dịch
antler_jewelry,7,183,,Chưa có bản dịch
antler_ribbon,0,183,,Chưa có bản dịch
white_glasses,7,183,,Kính trắng
two-tone_belt,0,183,,Chưa có bản dịch
aqua-tinted_eyewear,0,183,,Chưa có bản dịch
two-tone_bag,0,182,,Chưa có bản dịch
ghost_earrings,0,182,,Chưa có bản dịch
hat_bobbles,0,181,,Chưa có bản dịch
flower_in_hat,0,180,,Chưa có bản dịch
mask_on_hat,0,180,,Chưa có bản dịch
lock_necklace,0,179,,Chưa có bản dịch
eye_piercing,0,179,eye_piercings,Chưa có bản dịch
trailblazer's_hat_(honkai:_star_rail),0,179,,Chưa có bản dịch
yellow_necklace,7,179,,Vòng cổ vàng
chinese_hat,0,179,,Chưa có bản dịch
studded_hairband,0,178,,Chưa có bản dịch
star_sunglasses,7,178,,Chưa có bản dịch
swimming_cap,7,178,monotone_swimming_cap,Chưa có bản dịch
two-sided_ribbon,0,178,,Chưa có bản dịch
eyewear_switch,0,178,glasses_switch,Chưa có bản dịch
chastity_belt_only,7,178,,Chưa có bản dịch
tusk_ring,7,177,,Chưa có bản dịch
breast_bow,7,177,,Chưa có bản dịch
pearl_ear_ring,7,177,,Chưa có bản dịch
aphrodisiac_mask,7,177,,Chưa có bản dịch
winged_hair_tie,0,176,,Chưa có bản dịch
elf_hat,0,175,,Chưa có bản dịch
arm_jewelry,7,175,,Chưa có bản dịch
multicolor-tinted_eyewear,0,175,,Chưa có bản dịch
wing_earrings,0,175,,Chưa có bản dịch
white_bow_tie,7,174,,Chưa có bản dịch
landsknecht_hat,0,174,,Chưa có bản dịch
string_tie,0,174,,Chưa có bản dịch
accessory_tan,0,173,,Chưa có bản dịch
shower_cap,0,173,,Chưa có bản dịch
tragus_piercing,0,173,,Chưa có bản dịch
cow_print_hairband,0,172,,Chưa có bản dịch
safety_goggles,7,172,,Chưa có bản dịch
dog_mask,0,172,,Chưa có bản dịch
green_backpack,7,171,,Chưa có bản dịch
multicolored_necklace,7,171,,Vòng cổ nhiều màu
hat_on_penis,7,171,,Chưa có bản dịch
purple_ear_piercing,7,171,,Chưa có bản dịch
enema_bag,7,170,,Chưa có bản dịch
tie-dye,0,170,"tie_dye,tiedye",Chưa có bản dịch
skull_ring,0,170,,Chưa có bản dịch
umbrella_riding,0,170,,Chưa có bản dịch
butterfly_ring,0,169,,Chưa có bản dịch
umbrella_ribbon,0,169,,Chưa có bản dịch
summer_hat,7,169,,Chưa có bản dịch
green_piercing,7,169,,Chưa có bản dịch
inhibitor_ring,7,169,,Chưa có bản dịch
hairband_only,7,169,,Chưa có bản dịch
snorkel_mask,0,169,,Chưa có bản dịch
hair_tie_on_wrist,0,169,,Chưa có bản dịch
inverted_cross_piercing,7,168,,Chưa có bản dịch
fourchette_piercing,7,168,,Chưa có bản dịch
hennin,0,168,princess_hat,Chưa có bản dịch
animal-themed_umbrella,0,168,animal_themed_umbrella,Chưa có bản dịch
bracelet_(marking),7,167,,Chưa có bản dịch
necktie_on_head,0,167,,Chưa có bản dịch
half-moon_glasses,7,167,,Chưa có bản dịch
wolf_hat,0,166,,Mũ sói
hexagonal_eyewear,0,166,,Chưa có bản dịch
balisong,0,166,fan_knife,Chưa có bản dịch
red_beanie,7,165,,Chưa có bản dịch
penis_ring_(piercing),7,165,,Chưa có bản dịch
anaglyph,0,164,needs_3d_glasses,Chưa có bản dịch
hair_bow_(anatomy),7,164,,Chưa có bản dịch
bell_hair_tie,7,163,,Chưa có bản dịch
heart_hairband,0,163,,Chưa có bản dịch
furgonomic_eyewear,7,163,,Chưa có bản dịch
brown_umbrella,0,162,,Chưa có bản dịch
bow_only,7,162,,Chưa có bản dịch
body_bag,0,162,,Chưa có bản dịch
clip_accessory,7,162,,Chưa có bản dịch
pearl_hairband,0,162,,Chưa có bản dịch
black_cap,7,161,,Chưa có bản dịch
leaf_bracelet,0,161,,Chưa có bản dịch
leaf_belt,0,161,,Chưa có bản dịch
purple_sunglasses,7,160,,Chưa có bản dịch
argyle_necktie,0,160,,Chưa có bản dịch
leather_bag,0,160,,Chưa có bản dịch
blue_hair_tie,7,160,,Chưa có bản dịch
slouch_hat,0,160,,Chưa có bản dịch
dice_earrings,0,159,,Chưa có bản dịch
zip_tie,7,158,zipties,Chưa có bản dịch
floating_ribbon,0,158,,Chưa có bản dịch
palm_leaf_fan,0,158,,Chưa có bản dịch
pouch_purse,7,158,,Chưa có bản dịch
swim_ring_with_face,7,158,,Chưa có bản dịch
smoke_ring,0,158,,Chưa có bản dịch
bow_hat,7,157,,Chưa có bản dịch
pseudo_hat,7,157,,Chưa có bản dịch
detective_hat,7,157,,Chưa có bản dịch
dog_ear_hairband,0,157,,Chưa có bản dịch
hollow_mask,0,156,,Chưa có bản dịch
glistening_headwear,7,156,shiny_headwear,Chưa có bản dịch
lantern_earrings,0,156,,Chưa có bản dịch
millennium_ring,0,156,,Chưa có bản dịch
transformative_mask,7,156,,Chưa có bản dịch
gold_ring_piercing,7,155,,Chưa có bản dịch
umbrella_hair_ornament,0,155,,Chưa có bản dịch
cross_brooch,0,155,,Chưa có bản dịch
necklace_pull,0,154,,Chưa có bản dịch
red_pup_mask,7,154,,Chưa có bản dịch
star_ear_piercing,7,154,,Chưa có bản dịch
unworn_bracelet,0,154,bracelet_removed,Chưa có bản dịch
glowing_hat,0,154,,Chưa có bản dịch
blue_piercing,7,153,,Chưa có bản dịch
blue_hair_bow,7,153,,Chưa có bản dịch
silver_ear_ring,7,153,,Chưa có bản dịch
inverted_cross_ear_piercing,7,152,,Chưa có bản dịch
cleaning_eyewear,0,152,,Chưa có bản dịch
star_piercing,0,152,,Chưa có bản dịch
grey-tinted_eyewear,0,151,,Chưa có bản dịch
furgonomic_baseball_cap,7,151,,Chưa có bản dịch
object_belt,0,151,,Chưa có bản dịch
from_hat_trick,0,151,,Chưa có bản dịch
in_swim_ring,7,151,,Chưa có bản dịch
dog_tag_necklace,7,149,,Chưa có bản dịch
flower-shaped_eyewear,0,149,,Chưa có bản dịch
cock_ring_vibrator,7,149,,Chưa có bản dịch
fan_tail,7,149,,Chưa có bản dịch
blue_goggles,7,149,blue_googles,Chưa có bản dịch
rebreather_bag,7,149,,Chưa có bản dịch
choker_snapping,7,149,,Chưa có bản dịch
multiple_ear_ring,7,148,,Chưa có bản dịch
leaf_hat,0,148,,Chưa có bản dịch
brown_backpack,7,148,,Chưa có bản dịch
black_goggles,7,147,black_googles,Chưa có bản dịch
white_visor_cap,0,147,,Chưa có bản dịch
bell_necklace,7,147,,Chưa có bản dịch
clock_necklace,0,147,,Chưa có bản dịch
mini_party_hat,0,147,,Chưa có bản dịch
two_tone_scarf,7,147,,Chưa có bản dịch
brown_glasses,7,146,,Kính nâu
forward_helix_piercing,7,146,,Chưa có bản dịch
thorn_ring,7,146,,Chưa có bản dịch
mask_with_sex_toy,7,146,,Chưa có bản dịch
grey_goggles,7,146,"gray_goggles,grey_googles",Chưa có bản dịch
pink_hair_tie,7,146,,Chưa có bản dịch
black_backpack,7,146,,Chưa có bản dịch
pierced_hat,0,146,,Chưa có bản dịch
cat_necklace,0,145,,Vòng cổ mèo
fur_hairband,0,145,,Chưa có bản dịch
heart_ribbon,0,145,,Chưa có bản dịch
rabbit_brooch,0,144,,Chưa có bản dịch
nipple_piercing_pull,7,144,,Chưa có bản dịch
skullcap,0,144,skull_cap,Chưa có bản dịch
feather_hat,7,144,,Chưa có bản dịch
gold_nipple_piercing,7,143,,Chưa có bản dịch
money_fan,0,143,,Chưa có bản dịch
metal_chastity_belt,7,143,,Chưa có bản dịch
o-ring_suspenders,0,143,,Chưa có bản dịch
band_accessory,7,143,,Chưa có bản dịch
tie_fighter,0,142,,Chưa có bản dịch
uchiwa_fan,7,142,,Chưa có bản dịch
unworn_ring,0,142,ring_removed,Chưa có bản dịch
tomato_mask,0,142,,Chưa có bản dịch
glowing_necklace,0,142,,Chưa có bản dịch
expressive_mask,7,142,,Chưa có bản dịch
tongue_out_piercing,7,142,,Chưa có bản dịch
glowstick_necklace,7,142,,Chưa có bản dịch
sequential_piercings,0,142,triple_side_labret_piercing,Chưa có bản dịch
sling_bag,7,142,,Chưa có bản dịch
polka_dot_hat,0,142,,Chưa có bản dịch
matching_accessory,0,141,,Chưa có bản dịch
choker_pull,0,141,,Chưa có bản dịch
red_backpack,7,141,,Chưa có bản dịch
orange-shaped_earrings,0,140,,Chưa có bản dịch
blue_pup_mask,7,140,,Chưa có bản dịch
skull_ear_ring,7,139,,Chưa có bản dịch
mask_on_belt,0,139,,Chưa có bản dịch
gear_hat_ornament,0,139,,Chưa có bản dịch
seashell_necklace,7,138,,Chưa có bản dịch
blue_beanie,7,138,,Chưa có bản dịch
hat_chain,0,138,,Chưa có bản dịch
grey_jewelry,7,137,gray_jewelry,Chưa có bản dịch
four-leaf_clover_necklace,0,137,,Chưa có bản dịch
cherry_hat_ornament,0,137,,Chưa có bản dịch
crown_hat,0,136,,Chưa có bản dịch
ring_light,0,136,,Chưa có bản dịch
bat_necklace,0,136,,Chưa có bản dịch
adjusting_earrings,0,136,adjusting_earring,Chưa có bản dịch
umbrella_bow,0,136,,Chưa có bản dịch
musical_note_necklace,0,136,,Chưa có bản dịch
mazepynka,0,136,ukrainian_military_hat,Chưa có bản dịch
single_bracelet,0,136,,Chưa có bản dịch
leg_ring,7,136,,Chưa có bản dịch
furry_specific_accessory,7,136,,Chưa có bản dịch
leg_accessory,7,135,,Chưa có bản dịch
plaid_headwear,7,135,,Chưa có bản dịch
glowing_glasses,0,135,,Chưa có bản dịch
two_tone_eyewear,7,135,,Chưa có bản dịch
flower_on_hat,7,135,,Chưa có bản dịch
brown_bracelet,0,135,,Chưa có bản dịch
power_ring_(green_lantern),0,135,,Chưa có bản dịch
goggles_around_breasts,0,135,,Chưa có bản dịch
fan_designs,7,135,,Chưa có bản dịch
glistening_piercing,7,135,shiny_piercing,Chưa có bản dịch
reflective_eyewear,0,135,,Chưa có bản dịch
black_ear_ring,7,135,,Chưa có bản dịch
ribbed_hat,0,134,,Chưa có bản dịch
penguin_earrings,0,134,,Chưa có bản dịch
looking_for_glasses,0,134,megane_megane,Chưa có bản dịch
ribbon_of_saint_george,0,134,,Chưa có bản dịch
recruitment_bag_(arknights),0,134,,Chưa có bản dịch
welding_goggles,0,133,,Chưa có bản dịch
umbrella_drink,7,133,,Chưa có bản dịch
pokeball_necklace,7,133,"poke_ball_necklace,poké_ball_necklace,pokéball_necklace",Chưa có bản dịch
cake-shaped_hat,0,133,,Chưa có bản dịch
ring_pop,0,133,candy_ring,Chưa có bản dịch
sumo_ring,0,133,,Chưa có bản dịch
fish_earrings,0,133,,Chưa có bản dịch
partially_opaque_sunglasses,0,132,,Chưa có bản dịch
pentacle_necklace,7,132,,Chưa có bản dịch
fake_ears_hairband,7,132,,Chưa có bản dịch
glistening_sunglasses,7,132,"glistening_shades,glistening_sun_glasses,shiny_shades,shiny_sun_glasses,shiny_sunglasses",Chưa có bản dịch
antler_accessory,7,132,,Chưa có bản dịch
usb_necklace,7,132,,Chưa có bản dịch
hand_on_another's_hat,0,131,,Chưa có bản dịch
carrot_earrings,0,131,,Chưa có bản dịch
eyewear_pull,0,131,,Chưa có bản dịch
shared_improvised_umbrella,0,130,,Chưa có bản dịch
syringe_earrings,0,130,,Chưa có bản dịch
millennium_necklace,0,130,,Chưa có bản dịch
ribbon-trimmed_bloomers,0,130,,Chưa có bản dịch
pride_color_bracelet,7,130,,Chưa có bản dịch
two-sided_bow,0,129,,Chưa có bản dịch
dermal_piercing,0,129,,Chưa có bản dịch
torn_belt,0,129,,Chưa có bản dịch
checkered_belt,0,128,,Chưa có bản dịch
heart_ring_strap,0,128,,Chưa có bản dịch
snapback_hat,7,128,snapback,Chưa có bản dịch
nipple_tie,7,128,,Chưa có bản dịch
two-tone_eyewear,0,127,,Chưa có bản dịch
goggles_on_eyes,0,127,,Chưa có bản dịch
glow_bracelet,7,127,,Chưa có bản dịch
sash_bow,0,127,,Chưa có bản dịch
patio_umbrella,0,127,,Chưa có bản dịch
wing_ring,7,127,,Chưa có bản dịch
see-through_scarf,0,127,,Chưa có bản dịch
snowflake_brooch,0,126,,Chưa có bản dịch
jotaro's_hat,7,126,,Chưa có bản dịch
eyebrows_visible_through_mask,0,126,,Chưa có bản dịch
fan_comic,7,126,,Chưa có bản dịch
foreskin_piercing,7,126,,Chưa có bản dịch
hair_behind_eyewear,0,125,,Chưa có bản dịch
mario_hat,0,125,,Chưa có bản dịch
see-through_ribbon,0,125,,Chưa có bản dịch
in_hat,0,125,,Chưa có bản dịch
back_piercing,0,124,,Chưa có bản dịch
witch_hat_only,7,124,,Chưa có bản dịch
dunce_cap,0,124,dunce_hat,Chưa có bản dịch
removing_necktie,0,124,,Chưa có bản dịch
front_bow,0,124,,Chưa có bản dịch
flight_goggles,7,124,,Chưa có bản dịch
brown_goggles,7,123,brown_googles,Chưa có bản dịch
bell_ear_ring,7,123,,Chưa có bản dịch
cloche_hat,0,122,,Chưa có bản dịch
hat_over_hat,0,122,,Chưa có bản dịch
piercing_fetish,7,122,,Chưa có bản dịch
hat_ring,0,121,,Chưa có bản dịch
bow_babydoll,0,121,,Chưa có bản dịch
cat_hat_ornament,0,120,,Chưa có bản dịch
mouth_mask_under_chin,0,120,,Chưa có bản dịch
jeweled_hat,0,120,,Chưa có bản dịch
tentacle_ring,7,120,,Chưa có bản dịch
glowing_bracelet,0,120,,Chưa có bản dịch
bow_headwear,7,120,,Chưa có bản dịch
ankh_earrings,0,120,,Chưa có bản dịch
mouse_hat,0,119,,Mũ chuột
heart_bow,7,119,,Chưa có bản dịch
bladeless_fan,0,119,dyson_fan,Chưa có bản dịch
mini_eyewear,0,119,,Chưa có bản dịch
brown_cowboy_hat,7,118,,Chưa có bản dịch
striped_umbrella,0,118,,Chưa có bản dịch
maga_hat,0,118,trump_hat,Chưa có bản dịch
udder_piercing,7,117,,Chưa có bản dịch
camo_headwear,7,117,camouflage_headwear,Chưa có bản dịch
transformative_necklace,7,117,,Chưa có bản dịch
necktie_overhang,0,117,,Chưa có bản dịch
blue_sunglasses,7,116,,Chưa có bản dịch
bead_hairband,0,116,,Chưa có bản dịch
gold_nipple_ring,7,116,,Chưa có bản dịch
putting_on_earrings,0,116,,Chưa có bản dịch
strawberry_hat_ornament,0,115,,Chưa có bản dịch
orange_visor_cap,0,115,,Chưa có bản dịch
tooth_ring,7,115,,Chưa có bản dịch
horn_cap,7,115,"horn_caps,horns_cap,horns_caps",Chưa có bản dịch
blood_on_eyewear,0,115,bloody_eyewear,Chưa có bản dịch
bow_on_wing,0,115,,Chưa có bản dịch
black_visor_cap,0,114,,Chưa có bản dịch
blue_cross_tie,0,114,,Chưa có bản dịch
fish_skeleton_earrings,0,114,fish_bone_earrings,Chưa có bản dịch
necktie_aside,0,114,,Chưa có bản dịch
hat_over_hood,0,114,,Chưa có bản dịch
spiked_necklace,0,114,,Chưa có bản dịch
sun_hat_ornament,0,113,,Chưa có bản dịch
ring_toss,0,113,,Chưa có bản dịch
pacifier_necklace,7,113,,Chưa có bản dịch
vibrating_cock_ring,7,113,,Chưa có bản dịch
flight_attendant_hat,0,112,,Chưa có bản dịch
eye_brooch,0,112,"eye-shaped_gem,eye-shaped_jewel",Chưa có bản dịch
two-sided_scarf,0,112,,Chưa có bản dịch
broken_necklace,0,112,,Chưa có bản dịch
dildo_under_mask,0,112,,Chưa có bản dịch
pig_mask,0,111,,Chưa có bản dịch
wing-shaped_bow,0,111,,Chưa có bản dịch
capotain,0,111,pilgrim_hat,Chưa có bản dịch
belt_ribbon,0,111,,Chưa có bản dịch
finger_piercing,0,111,,Chưa có bản dịch
opera_glasses,0,110,,Chưa có bản dịch
blue-ringed_octopus,0,110,"blue-ring_octopi,blue-ring_octopus,blue-ringed_octopi,blue_ring_octopi,blue_ring_octopus,blue_ringed_octopi,blue_ringed_octopus",Chưa có bản dịch
bone_accessory,7,110,,Chưa có bản dịch
portal_mask,7,110,,Chưa có bản dịch
camo_hat,7,109,,Chưa có bản dịch
spiked_piercing,7,109,,Chưa có bản dịch
antler_ring,0,109,,Chưa có bản dịch
dark_headwear,7,109,,Chưa có bản dịch
cowboy_hat_only,7,109,,Chưa có bản dịch
plaid_belt,0,109,,Chưa có bản dịch
white_bracelet,7,108,,Chưa có bản dịch
red_piercing,7,108,,Chưa có bản dịch
lace_ribbon,0,108,,Chưa có bản dịch
bandanna_scarf,7,108,,Chưa có bản dịch
argyle_hairband,0,108,,Chưa có bản dịch
friendship_bracelet,0,108,,Chưa có bản dịch
jack-o'-lantern_brooch,0,108,,Chưa có bản dịch
cross-laced_hairband,0,108,,Chưa có bản dịch
purple_hair_tie,7,107,,Chưa có bản dịch
diagonal-striped_hat,0,107,,Chưa có bản dịch
cat-shaped_eyewear,0,107,,Chưa có bản dịch
purple_bracelet,7,107,,Chưa có bản dịch
forehead_piercing,0,107,,Chưa có bản dịch
heart_ear_ring,7,107,,Chưa có bản dịch
aqua_umbrella,0,107,,Chưa có bản dịch
grey_bracelet,7,107,,Chưa có bản dịch
tiger_mask_(object),0,107,,Chưa có bản dịch
lace-trimmed_umbrella,0,106,,Chưa có bản dịch
keaton_mask,0,106,,Chưa có bản dịch
spiked_headwear,7,106,,Chưa có bản dịch
emblem_ring,0,106,,Chưa có bản dịch
yellow_sunglasses,7,106,,Chưa có bản dịch
red_accessory,7,106,,Chưa có bản dịch
torn_bowtie,0,106,,Chưa có bản dịch
musical_note_hat_ornament,0,106,,Chưa có bản dịch
orange_sunglasses,7,106,,Chưa có bản dịch
ice_bag,0,106,,Chưa có bản dịch
gradient_neck_ribbon,0,105,,Chưa có bản dịch
purple_top_hat,7,105,,Chưa có bản dịch
fruit_hat,0,105,,Chưa có bản dịch
floating_mask,0,105,,Chưa có bản dịch
grey_necklace,7,104,gray_necklace,Vòng cổ xám
glistening_hat,7,104,shiny_hat,Chưa có bản dịch
pride_color_scarf,7,104,,Chưa có bản dịch
accessory_only,7,104,,Chưa có bản dịch
wing_ribbon,0,104,,Chưa có bản dịch
bear_mask,0,104,,Chưa có bản dịch
steampunk_goggles,7,104,,Chưa có bản dịch
heart_ring_(hardware),7,104,,Chưa có bản dịch
heart_ring_bottom,0,104,,Chưa có bản dịch
pink_piercing,7,104,,Chưa có bản dịch
red_bow_ribbon,7,104,,Chưa có bản dịch
feather_jewelry,7,104,,Chưa có bản dịch
prehensile_ribbon,7,104,,Chưa có bản dịch
hamburger_hat,0,104,,Chưa có bản dịch
rainbow_bracelet,7,104,,Chưa có bản dịch
angels_of_delusion_kfc_bag,0,103,,Chưa có bản dịch
bow_topwear,7,103,,Chưa có bản dịch
desk_fan,7,103,,Chưa có bản dịch
padlocked_choker,0,103,,Chưa có bản dịch
mini_hair_bow,0,103,,Chưa có bản dịch
nipple_ribbon,0,102,,Chưa có bản dịch
shoulder_bow,0,102,,Chưa có bản dịch
loose_tie,7,102,,Chưa có bản dịch
silver_bow_(kid_icarus),0,102,,Chưa có bản dịch
ribbon-trimmed_choker,0,102,,Chưa có bản dịch
chain_necktie,0,102,,Chưa có bản dịch
belly_on_head,7,102,belly_hat,Chưa có bản dịch
trunk_piercing,7,102,,Chưa có bản dịch
red_ear_ring,7,101,,Chưa có bản dịch
print_choker,0,101,,Chưa có bản dịch
hi-hat,0,101,"hi_hat,high-hat,high_hat,highhat,hihat",Chưa có bản dịch
star_o-ring,0,101,,Chưa có bản dịch
ankle_ring,0,101,,Chưa có bản dịch
majora's_mask_(item),7,101,,Chưa có bản dịch
gold_toe_ring,7,100,,Chưa có bản dịch
hat_veil,0,100,,Chưa có bản dịch
beard_ring,7,100,,Chưa có bản dịch
pink_accessory,7,100,,Chưa có bản dịch
soshite_ima_ribbon_wo_musunde_(project_sekai),0,100,"and_now_i_wear_this_ribbon_(project_sekai),and_now_the_ribbon_is_tied_(project_sekai)",Chưa có bản dịch
vertical-striped_ribbon,0,100,,Chưa có bản dịch
police_cap,7,100,,Chưa có bản dịch
two_tone_necktie,7,100,two_tone_tie,Chưa có bản dịch
biker_cap,7,100,,Chưa có bản dịch
choice_scarf,0,100,,Chưa có bản dịch
tactical_belt,7,100,,Chưa có bản dịch
cat_eye_glasses,7,100,,Chưa có bản dịch
tassel_necklace,0,99,,Chưa có bản dịch
star_hair_accessory,7,99,,Chưa có bản dịch
henshin_belt_gavv,0,99,,Chưa có bản dịch
bow_headband,0,99,,Chưa có bản dịch
what's_in_my_bag,0,99,the_contents_of_my_bag,Chưa có bản dịch
mask_around_one_ear,0,99,,Chưa có bản dịch
fan_print,0,99,,Chưa có bản dịch
torn_choker,0,99,ripped_choker,Chưa có bản dịch
torn_bag,0,99,,Chưa có bản dịch
reverse_prince_albert_piercing,7,99,,Chưa có bản dịch
green_baseball_cap,7,98,,Chưa có bản dịch
fogged_glasses,0,98,,Chưa có bản dịch
glow_ring,7,98,,Chưa có bản dịch
necktie_over_shoulder,0,98,,Chưa có bản dịch
urinary_drainage_bag,0,98,,Chưa có bản dịch
eyes_visible_through_headwear,0,98,,Chưa có bản dịch
conductor_hat,7,98,,Chưa có bản dịch
adjusting_another's_eyewear,0,97,,Chưa có bản dịch
cat_brooch,0,97,,Chưa có bản dịch
triangle_o-ring,0,97,,Chưa có bản dịch
holding_earrings,0,97,,Chưa có bản dịch
spade_brooch,0,97,,Chưa có bản dịch
hat_flaps,0,97,,Chưa có bản dịch
tiger_hat,0,97,,Mũ hổ
pink_backpack,7,97,,Chưa có bản dịch
purple_piercing,7,96,,Chưa có bản dịch
hand_on_another's_headwear,0,96,,Chưa có bản dịch
ribbon_hair,0,96,,Chưa có bản dịch
mask_on_shoulder,0,96,,Chưa có bản dịch
candle_on_headwear,0,96,,Chưa có bản dịch
wrist_jewelry,7,96,,Chưa có bản dịch
argyle_bowtie,0,96,,Chưa có bản dịch
tusk_jewelry,7,95,,Chưa có bản dịch
white_baseball_cap,7,95,,Chưa có bản dịch
holding_backpack,7,95,,Chưa có bản dịch
stomach_piercing,0,95,,Chưa có bản dịch
purple_pup_mask,7,95,,Chưa có bản dịch
leather_mask,0,95,,Chưa có bản dịch
pom_gift_bow,7,95,,Chưa có bản dịch
fishing_hat,7,95,,Chưa có bản dịch
hat_on_chest,0,94,,Chưa có bản dịch
pentagram_earrings,0,94,,Chưa có bản dịch
ribbon_on_penis,7,94,,Chưa có bản dịch
gem_belt,0,94,,Chưa có bản dịch
red_beret,7,94,,Chưa có bản dịch
sheep_hat,0,94,,Chưa có bản dịch
quilted_headwear,0,94,,Chưa có bản dịch
see-through_hat,0,94,transparent_hat,Chưa có bản dịch
rabbit-shaped_eyewear,0,93,bunny-shaped_eyewear,Chưa có bản dịch
teardrop_necklace,0,93,,Chưa có bản dịch
okina_mask,0,93,,Chưa có bản dịch
plaid_bag,0,93,,Chưa có bản dịch
ribbon_cable,0,93,,Chưa có bản dịch
rainbow_choker,0,93,,Chưa có bản dịch
dragon_hat,0,93,,Mũ rồng
glasses_chain,7,93,,Chưa có bản dịch
inverted_umbrella,0,93,"inside-out_umbrella,upturned_umbrella",Chưa có bản dịch
camouflage_bag,0,93,camouflage_backpack,Chưa có bản dịch
antennae_piercing,7,93,"antenna_piercing,pierced_antenna,pierced_antennae",Chưa có bản dịch
red_hair_accessory,7,93,,Chưa có bản dịch
headwear_through_crown,0,93,,Chưa có bản dịch
umbrella_corporation_logo,0,92,,Chưa có bản dịch
scramble_fan_festa!_(project_sekai),0,92,scramble_fan_festival!_(project_sekai),Chưa có bản dịch
sharing_scarf,7,92,,Chưa có bản dịch
pointy_sunglasses,7,92,,Chưa có bản dịch
pearl_belt,0,92,,Chưa có bản dịch
brown_jewelry,7,92,,Chưa có bản dịch
o-ring_necktie,0,91,,Chưa có bản dịch
venus_symbol_earrings,0,91,,Chưa có bản dịch
grey_ear_piercing,7,91,,Chưa có bản dịch
ball_jewelry,7,91,,Chưa có bản dịch
necktie_in_pocket,0,91,,Chưa có bản dịch
gauge_piercing,7,91,,Chưa có bản dịch
white_sunglasses,7,91,,Chưa có bản dịch
blood_on_hat,0,91,,Chưa có bản dịch
black_pup_mask,7,91,,Chưa có bản dịch
yellow_ear_ring,7,91,,Chưa có bản dịch
gingham_bowtie,0,90,,Chưa có bản dịch
slit_piercing,7,90,,Chưa có bản dịch
lightning_bolt_necklace,0,90,,Chưa có bản dịch
pumpkin_brooch,0,90,,Chưa có bản dịch
multicolored_mask,0,90,,Chưa có bản dịch
furgonomic_beanie,7,90,,Chưa có bản dịch
green_goggles,7,90,green_googles,Chưa có bản dịch
green_ear_ring,7,89,,Chưa có bản dịch
removing_headwear,0,89,,Chưa có bản dịch
amethyst_necklace,7,89,,Chưa có bản dịch
black_beret,7,89,,Chưa có bản dịch
chain_hairband,0,89,,Chưa có bản dịch
beret_only,7,89,,Chưa có bản dịch
arrow_earrings,0,89,,Chưa có bản dịch
untied_necktie,7,89,,Chưa có bản dịch
number_earrings,0,88,,Chưa có bản dịch
frilled_scarf,0,88,,Chưa có bản dịch
star-shaped_bag,0,88,,Chưa có bản dịch
bow_necklace,0,88,,Chưa có bản dịch
hat_on_tail,0,87,,Chưa có bản dịch
belt_chain,7,87,,Chưa có bản dịch
top_hat_only,7,87,,Chưa có bản dịch
purple_beanie,7,87,,Chưa có bản dịch
sitting_on_bean_bag,7,87,,Chưa có bản dịch
miao_hat,0,87,,Chưa có bản dịch
yellow_ring,7,87,,Chưa có bản dịch
birthday_glasses,0,87,,Chưa có bản dịch
print_belt,0,87,,Chưa có bản dịch
animal_scarf,0,87,,Chưa có bản dịch
lace-trimmed_bowtie,0,86,,Chưa có bản dịch
tie_only,7,86,,Chưa có bản dịch
penis_hat,7,86,,Chưa có bản dịch
animal_earrings,0,86,,Chưa có bản dịch
clover_earrings,0,86,,Chưa có bản dịch
power_ring,7,85,,Chưa có bản dịch
fur-trimmed_scarf,0,85,,Chưa có bản dịch
fish_hat_ornament,0,85,,Chưa có bản dịch
shoulder_necklace,0,85,,Chưa có bản dịch
fang_necklace,7,85,,Chưa có bản dịch
asymmetrical_mask,0,85,,Chưa có bản dịch
string_bowtie,0,85,,Chưa có bản dịch
string_bow_tie,7,85,,Chưa có bản dịch
wing_jewelry,7,85,,Chưa có bản dịch
magic_hat,7,85,,Chưa có bản dịch
wrestling_belt,7,85,,Chưa có bản dịch
brown_necklace,7,85,,Vòng cổ nâu
blue_accessory,7,84,,Chưa có bản dịch
floral_print_bow,0,84,,Chưa có bản dịch
opaque_sunglasses,0,84,,Chưa có bản dịch
gold_hair_ring,7,84,,Chưa có bản dịch
pink_beret,7,84,,Chưa có bản dịch
fan_between_breasts,0,84,,Chưa có bản dịch
belt_restraints,7,84,,Chưa có bản dịch
black_hair_bow,7,84,,Chưa có bản dịch
black_ring,7,84,,Chưa có bản dịch
dragon_mask,0,83,,Chưa có bản dịch
crescent_brooch,0,83,,Chưa có bản dịch
feather_choker,0,83,,Chưa có bản dịch
wool_headwear,7,83,,Chưa có bản dịch
wing_umbrella,0,83,,Chưa có bản dịch
strawberry_brooch,0,83,,Chưa có bản dịch
deku_mask,0,83,,Chưa có bản dịch
shrimp_tie,0,83,,Chưa có bản dịch
pumpkin_earrings,0,83,,Chưa có bản dịch
goblin_mask,0,83,,Chưa có bản dịch
mistletoe_bow,7,83,,Chưa có bản dịch
pork_pie_hat,7,82,,Chưa có bản dịch
lock_earrings,0,82,,Chưa có bản dịch
shared_hat,0,82,,Chưa có bản dịch
adjusting_belt,0,82,,Chưa có bản dịch
bone_piercing,7,82,,Chưa có bản dịch
ziploc_bag,0,81,,Chưa có bản dịch
lensless_glasses,0,81,,Chưa có bản dịch
ring_sidelocks,0,81,,Chưa có bản dịch
pulling_tie,7,81,,Chưa có bản dịch
wool_hat,7,81,,Chưa có bản dịch
icing_bag,7,81,,Chưa có bản dịch
spotted_headwear,7,81,,Chưa có bản dịch
pink_beanie,7,81,,Chưa có bản dịch
gingham_necktie,0,81,,Chưa có bản dịch
green_cap,7,81,,Chưa có bản dịch
eyeball_hat_ornament,0,80,,Chưa có bản dịch
clitoral_hood_ring,7,80,,Chưa có bản dịch
cat_eye-framed_eyewear,0,80,,Chưa có bản dịch
sherpa_hat,7,80,,Chưa có bản dịch
lotus_earrings,0,79,,Chưa có bản dịch
purple_ear_ring,7,79,,Chưa có bản dịch
undone_tie,7,79,,Chưa có bản dịch
horn_through_headwear,7,79,,Chưa có bản dịch
mismatched_nipple_piercing,0,79,,Chưa có bản dịch
bow_ring,0,79,,Chưa có bản dịch
teeth_print_mask,0,79,,Chưa có bản dịch
belt_on_leg,7,79,,Chưa có bản dịch
ear_bow_(anatomy),7,79,,Chưa có bản dịch
apple_earrings,0,79,,Chưa có bản dịch
gradient_hat,0,79,,Chưa có bản dịch
pokemon_ribbon,0,78,,Chưa có bản dịch
black_cock_ring,7,78,,Chưa có bản dịch
hat_over_eye,7,78,,Chưa có bản dịch
big_bow_tie,7,78,,Chưa có bản dịch
adjusting_hat,7,78,,Chưa có bản dịch
hand_glasses,0,78,,Chưa có bản dịch
square_academic_cap,7,78,,Chưa có bản dịch
text_on_necktie,7,78,text_on_tie,Chưa có bản dịch
gold_hair_tie,0,78,,Chưa có bản dịch
broken_goggles,0,78,,Chưa có bản dịch
skull_hair_accessory,7,78,,Chưa có bản dịch
small_hat,7,77,,Mũ nhỏ
torn_headwear,7,77,,Chưa có bản dịch
yellow_hair_tie,7,77,,Chưa có bản dịch
frilled_bag,0,77,,Chưa có bản dịch
rabbit_bow,0,77,,Nơ thỏ
gun_belt,7,77,,Chưa có bản dịch
hypnosis_earrings,0,77,,Chưa có bản dịch
leather_bracelet,7,77,,Chưa có bản dịch
wolf_brooch,0,76,,Chưa có bản dịch
glistening_necklace,7,76,shiny_necklace,Chưa có bản dịch
green_visor_cap,0,76,,Chưa có bản dịch
matching_earrings,0,76,,Chưa có bản dịch
moon_necklace,7,76,,Chưa có bản dịch
urethral_piercing,7,76,,Chưa có bản dịch
golf_bag,0,76,,Chưa có bản dịch
belt_slit,0,76,,Chưa có bản dịch
supplicant_mask,0,76,,Chưa có bản dịch
anti-magic_mask_(tensura),0,76,,Chưa có bản dịch
protective_eyewear,7,75,,Chưa có bản dịch
tattoo_choker,0,75,,Chưa có bản dịch
fan_mohawk,7,75,,Chưa có bản dịch
round_sunglasses,7,75,,Chưa có bản dịch
heart_ear_piercing,7,75,,Chưa có bản dịch
heart_belt,7,75,,Chưa có bản dịch
oversized_eyewear,0,75,,Chưa có bản dịch
torii_earrings,0,75,,Chưa có bản dịch
flower_umbrella,0,75,,Chưa có bản dịch
dark_eyewear,7,75,,Chưa có bản dịch
rabbit_o-ring,0,75,,Chưa có bản dịch
candy_bag,7,75,,Chưa có bản dịch
black_accessory,7,74,,Chưa có bản dịch
adjusting_neck_ribbon,0,74,,Chưa có bản dịch
light_headwear,7,74,,Chưa có bản dịch
checkered_bracelet,0,74,,Chưa có bản dịch
ghost_mask,0,74,,Chưa có bản dịch
frog_mask,0,74,,Chưa có bản dịch
lace_bow,0,74,,Chưa có bản dịch
snap_my_choker_(phrase),0,74,,Chưa có bản dịch
card_in_hat,0,74,,Chưa có bản dịch
cube_earrings,0,73,,Chưa có bản dịch
grey_ear_ring,7,73,,Chưa có bản dịch
light_bow_shekinah,0,73,,Chưa có bản dịch
intravenous_bag,7,73,,Chưa có bản dịch
mage_hat,7,73,,Chưa có bản dịch
raccoon_hat,0,73,,Mũ gấu mèo
cum_on_goggles,0,73,,Chưa có bản dịch
padlock_necklace,7,73,,Chưa có bản dịch
elephant_hat,0,73,,Chưa có bản dịch
tail_fan,7,73,,Chưa có bản dịch
musical_note_brooch,0,72,,Chưa có bản dịch
white_piercing,7,72,,Chưa có bản dịch
campaign_hat,0,72,,Chưa có bản dịch
discarded_hat,7,72,,Chưa có bản dịch
monroe_piercing,7,72,,Chưa có bản dịch
monotone_necktie,7,72,monotone_tie,Chưa có bản dịch
choker_bell,7,72,,Chưa có bản dịch
two_tone_bow,7,72,,Chưa có bản dịch
floral_bow,0,72,,Chưa có bản dịch
anal_ring,7,72,,Chưa có bản dịch
brimmed_hat,7,72,,Chưa có bản dịch
kendo_mask,0,72,,Chưa có bản dịch
spade_piercing,0,71,,Chưa có bản dịch
jellyfish_earrings,0,71,,Chưa có bản dịch
large_glasses,7,71,,Kính lớn
vertical-striped_hat,0,71,,Chưa có bản dịch
karate_belt,7,71,,Chưa có bản dịch
patrol_cap,7,71,,Chưa có bản dịch
bone_earrings,0,70,,Chưa có bản dịch
monotone_eyewear,7,70,,Chưa có bản dịch
white_beanie,7,70,,Chưa có bản dịch
no_ribbon,0,70,,Chưa có bản dịch
no_necktie,0,70,,Chưa có bản dịch
strawberry_hat,0,70,,Chưa có bản dịch
cross-laced_headwear,0,70,,Chưa có bản dịch
beer_hat,0,70,"drinking_hat,soda_guzzler",Chưa có bản dịch
two_tone_mask,7,70,,Chưa có bản dịch
shell_hat,7,70,,Chưa có bản dịch
green_sunglasses,7,69,,Chưa có bản dịch
yellow_beanie,7,69,,Chưa có bản dịch
violin_bow,7,69,,Chưa có bản dịch
shuriken_earrings,0,69,,Chưa có bản dịch
fur_hair_tie,0,69,,Chưa có bản dịch
number_glasses,0,69,year_glasses,Chưa có bản dịch
hat_launch,0,69,,Chưa có bản dịch
x_hat_ornament,0,69,,Chưa có bản dịch
cow_mask,0,69,,Chưa có bản dịch
offering_umbrella,0,69,,Chưa có bản dịch
wheel_earring,0,69,,Chưa có bản dịch
pride_color_necklace,7,69,,Chưa có bản dịch
chastity_ring,7,69,,Chưa có bản dịch
glistening_mask,7,68,,Chưa có bản dịch
mask_of_truth,0,68,,Chưa có bản dịch
chicken_mask,0,68,,Chưa có bản dịch
gear_earrings,0,68,,Chưa có bản dịch
green_ear_piercing,7,68,,Chưa có bản dịch
ribbon_border,0,67,,Chưa có bản dịch
butterfly_hat,0,67,,Chưa có bản dịch
fur-trimmed_hairband,0,67,,Chưa có bản dịch
text_on_jewelry,7,67,,Chưa có bản dịch
donut_bracelet,0,67,doughnut_bracelet,Chưa có bản dịch
golden_ring,7,67,,Chưa có bản dịch
penis_earrings,0,67,,Chưa có bản dịch
hutou_hat,0,67,,Chưa có bản dịch
tinfoil_hat,0,67,,Chưa có bản dịch
cherry_necklace,0,67,,Chưa có bản dịch
pinstripe_ribbon,0,66,,Chưa có bản dịch
hat_over_one_ear,0,66,,Chưa có bản dịch
furry-specific_jewelry,7,66,,Chưa có bản dịch
orange_bow_tie,7,66,,Chưa có bản dịch
heart_headwear,7,66,,Chưa có bản dịch
vertical-striped_bowtie,0,66,,Chưa có bản dịch
gold_horn_ring,7,66,,Chưa có bản dịch
gold_chastity_belt,7,66,,Chưa có bản dịch
knit_scarf,0,66,,Chưa có bản dịch
razor_blade_earrings,0,66,,Chưa có bản dịch
scarf_tying,0,66,,Chưa có bản dịch
pumpkin_hat_ornament,0,66,,Chưa có bản dịch
yellow_hair_bow,7,66,,Chưa có bản dịch
purple_witch_hat,7,65,,Chưa có bản dịch
yellow_pup_mask,7,65,,Chưa có bản dịch
ribbon_censor,0,65,,Chưa có bản dịch
wet_hat,0,65,,Chưa có bản dịch
glistening_ear_ring,7,65,,Chưa có bản dịch
bow_background,0,65,,Chưa có bản dịch
glasses_case,0,65,,Chưa có bản dịch
gas_mask_canister,0,65,,Chưa có bản dịch
food_bag,7,65,,Chưa có bản dịch
bat_hat_ornament,0,65,,Chưa có bản dịch
transformative_accessory,7,65,,Chưa có bản dịch
leaf_necklace,0,65,,Chưa có bản dịch
horse_earrings,0,65,,Chưa có bản dịch
tunnel_piercing,7,65,,Chưa có bản dịch
yellow_backpack,7,65,,Chưa có bản dịch
dahliabite_piercing,7,65,"dahlia_bite_piercing,dahlia_piercing",Chưa có bản dịch
shoulder_ribbon,0,65,,Chưa có bản dịch
m43_field_cap,0,65,,Chưa có bản dịch
bag_behind_back,0,64,,Chưa có bản dịch
yellow_accessory,7,64,,Chưa có bản dịch
orange_pup_mask,7,64,,Chưa có bản dịch
flotation_belt,0,64,,Chưa có bản dịch
pride_color_headwear,7,64,"pride_colors_headwear,pride_colour_headwear,pride_colours_headwear,pride_flag_headwear,pride_headwear",Chưa có bản dịch
shell_hat_ornament,0,64,,Chưa có bản dịch
jack-o'-lantern_hat,0,64,,Chưa có bản dịch
dark_belt,7,64,,Chưa có bản dịch
dolphin_earrings,0,64,,Chưa có bản dịch
back_double_bow,0,63,,Chưa có bản dịch
rainbow_ribbon,0,63,,Chưa có bản dịch
drawn_bow,0,63,,Chưa có bản dịch
gradient_bowtie,0,63,,Chưa có bản dịch
half-rim_glasses,7,63,,Chưa có bản dịch
flower_bow,7,63,,Chưa có bản dịch
teal_headwear,7,63,,Chưa có bản dịch
purple_hair_bow,7,62,,Chưa có bản dịch
strawberry_bag,0,62,,Chưa có bản dịch
fur-trimmed_belt,0,62,,Chưa có bản dịch
bag_accessory,7,62,,Chưa có bản dịch
mega_stone_necklace,7,62,,Chưa có bản dịch
no_goggles,0,62,,Chưa có bản dịch
black_hair_accessory,7,62,,Chưa có bản dịch
tentacle_piercing,0,62,"pierced_tentacle,pierced_tentacles",Chưa có bản dịch
gem_necklace,7,62,,Chưa có bản dịch
backpack_on_one_shoulder,0,62,,Chưa có bản dịch
ribbon-trimmed_babydoll,0,62,,Chưa có bản dịch
monotone_glasses,7,62,,Chưa có bản dịch
pill_ring,0,62,,Chưa có bản dịch
octopus_earrings,0,62,,Chưa có bản dịch
sword_necklace,0,61,,Chưa có bản dịch
multicolored_glasses,7,61,,Kính nhiều màu
two_tone_top_hat,7,61,,Chưa có bản dịch
carnival_mask,0,61,,Chưa có bản dịch
clitoris_piercing_pull,7,61,,Chưa có bản dịch
gold_chain_jewelry,7,61,,Chưa có bản dịch
frill_ring,7,61,,Chưa có bản dịch
outer_ring_excavations_(eve_online),0,61,,Chưa có bản dịch
diagonal-striped_headwear,0,61,,Chưa có bản dịch
noah_hat_(ragnarok_online),0,61,,Chưa có bản dịch
monotone_scarf,7,61,,Chưa có bản dịch
orange_jewelry,7,61,,Chưa có bản dịch
australian_hat,7,61,,Chưa có bản dịch
mouse_mask,0,60,,Chưa có bản dịch
transguiche_piercing,7,60,,Chưa có bản dịch
drama_mask,7,60,,Chưa có bản dịch
jewelry_glint,7,60,,Chưa có bản dịch
text_on_choker,7,60,,Chưa có bản dịch
ribbon-trimmed_wrist_cuffs,0,60,,Chưa có bản dịch
leg_jewelry,7,60,,Chưa có bản dịch
two_tone_baseball_cap,7,60,,Chưa có bản dịch
mysterious_mask_(fate),0,60,,Chưa có bản dịch
ventilation_fan,0,60,,Chưa có bản dịch
pouch_piercing,7,60,pierced_pouch,Chưa có bản dịch
multicolored_bow_tie,7,60,,Chưa có bản dịch
rabbit_ear_hat,0,59,,Chưa có bản dịch
ring_of_fire,0,59,,Chưa có bản dịch
horseshoe_necklace,0,59,,Chưa có bản dịch
food-themed_choker,0,59,,Chưa có bản dịch
star_ear_ring,7,59,,Chưa có bản dịch
shark_hat,0,59,,Chưa có bản dịch
fierce_deity_mask_(zelda),0,59,,Chưa có bản dịch
heart_hat,7,59,,Chưa có bản dịch
planet_necklace,0,59,,Chưa có bản dịch
vagina_piercing,7,59,,Chưa có bản dịch
mane_accessory,7,59,,Chưa có bản dịch
pimp_hat,7,59,,Chưa có bản dịch
purse_over_shoulder,7,59,,Chưa có bản dịch
zun_hat,0,58,,Chưa có bản dịch
neck_jewelry,7,58,,Chưa có bản dịch
soyombo_earrings,0,58,,Chưa có bản dịch
two_tone_jewelry,7,58,,Chưa có bản dịch
frog_hat_ornament,0,58,,Chưa có bản dịch
untied_bow_tie,7,58,,Chưa có bản dịch
shark_bag,0,58,shark_backpack,Chưa có bản dịch
glistening_ring,7,58,shiny_ring,Chưa có bản dịch
ring_on_leg,7,58,,Chưa có bản dịch
braided_scarf,0,58,,Chưa có bản dịch
multicolored_baseball_cap,7,58,,Chưa có bản dịch
multicolored_bag,0,58,,Chưa có bản dịch
hat_off,7,58,,Chưa có bản dịch
hat_branch,0,58,,Chưa có bản dịch
carrying_bag,7,58,,Chưa có bản dịch
guy_fawkes_mask,0,58,,Chưa có bản dịch
paw_earrings,0,58,,Chưa có bản dịch
paw_ring,7,58,,Chưa có bản dịch
den-o_belt,0,58,,Chưa có bản dịch
bearskin_cap,0,58,,Chưa có bản dịch
bell_bracelet,7,58,,Chưa có bản dịch
white_hair_tie,7,58,,Chưa có bản dịch
white_pup_mask,7,58,,Chưa có bản dịch
rainbow_scarf,0,58,,Chưa có bản dịch
load-bearing_piercing,0,58,,Chưa có bản dịch
grabbing_another's_necktie,0,57,,Chưa có bản dịch
tortoiseshell-framed_eyewear,0,57,,Chưa có bản dịch
hand_on_umbrella,0,57,,Chưa có bản dịch
linked_ear_piercing,7,57,,Chưa có bản dịch
holding_bracelet,0,57,,Chưa có bản dịch
multicolored_sunglasses,7,57,,Chưa có bản dịch
army_hat,7,57,,Chưa có bản dịch
egg_earrings,0,57,,Chưa có bản dịch
yellow_ear_piercing,7,57,,Chưa có bản dịch
headwear_pull,0,57,,Chưa có bản dịch
aqua_visor_cap,0,57,,Chưa có bản dịch
argyle_ribbon,0,57,,Chưa có bản dịch
penis-shaped_jewelry,0,57,,Chưa có bản dịch
wrist_accessory,7,57,,Chưa có bản dịch
undone_cross_tie,0,57,,Chưa có bản dịch
transparent_bow,0,57,,Chưa có bản dịch
mask_(anatomy),7,56,,Chưa có bản dịch
umbrella_sword,0,56,,Chưa có bản dịch
hat_on_horn,0,56,hat_on_antlers,Chưa có bản dịch
clavicle_piercing,7,56,,Chưa có bản dịch
rainbow-tinted_eyewear,0,56,,Chưa có bản dịch
polka_dot_bag,0,56,,Chưa có bản dịch
monotone_belt,7,56,,Chưa có bản dịch
goggles_around_arm,0,56,,Chưa có bản dịch
on_bean_bag,7,56,,Chưa có bản dịch
american_flag_hat,0,56,,Chưa có bản dịch
gold_eyewear,7,56,,Chưa có bản dịch
fur-trimmed_bow,0,56,,Chưa có bản dịch
clock_hat_ornament,0,56,,Chưa có bản dịch
open_hat,0,55,,Mũ mở
pride_color_tail_accessory,7,55,,Chưa có bản dịch
spiderbite_piercing,7,55,"viper_bite_piercing,viperbite_piercing",Chưa có bản dịch
thigh_ring,7,55,,Chưa có bản dịch
stone_mask,0,55,,Chưa có bản dịch
food-themed_brooch,0,55,,Chưa có bản dịch
green_pup_mask,7,55,,Chưa có bản dịch
glowing_piercing,7,55,,Chưa có bản dịch
magic_ring,7,55,,Chưa có bản dịch
glasses_in_mouth,7,55,,Chưa có bản dịch
backpack_vacuum_cleaner,0,55,,Chưa có bản dịch
holding_shopping_bag,7,55,,Chưa có bản dịch
brown_beanie,7,55,,Chưa có bản dịch
hiking_backpack,0,55,,Chưa có bản dịch
bow_of_light,0,55,,Chưa có bản dịch
transparent_ribbon,0,54,,Chưa có bản dịch
red_top_hat,7,54,,Chưa có bản dịch
fan_meeting,0,54,,Chưa có bản dịch
matching_ring,0,54,,Chưa có bản dịch
eyewear_visible_through_hair,0,54,,Chưa có bản dịch
perineum_piercing,0,54,,Chưa có bản dịch
holding_scarf,7,54,,Chưa có bản dịch
lifting_glasses,7,54,,Chưa có bản dịch
side-tie_legwear,0,54,,Chưa có bản dịch
holding_necktie,7,54,,Chưa có bản dịch
dark_mask,7,54,,Chưa có bản dịch
horizontal-striped_belt,0,54,,Chưa có bản dịch
two_tone_ribbon,7,54,,Chưa có bản dịch
glowing_ring,7,54,,Chưa có bản dịch
wide_belt,0,54,,Chưa có bản dịch
computer_fan,0,54,,Chưa có bản dịch
teal_hat,7,54,,Chưa có bản dịch
harness_belt,0,54,,Chưa có bản dịch
orange_necklace,7,54,,Vòng cổ cam
monotone_accessory,7,53,,Chưa có bản dịch
adjusting_tie,7,53,,Chưa có bản dịch
popcorn_bag,7,53,,Chưa có bản dịch
throwing_hat,0,53,,Chưa có bản dịch
blue_top_hat,7,53,,Chưa có bản dịch
cross_bracelet,0,53,,Chưa có bản dịch
rainbow_bow,0,53,,Chưa có bản dịch
string_hair_bow,7,53,,Chưa có bản dịch
bottle_cap_challenge,0,53,,Chưa có bản dịch
blue_bow_ribbon,7,53,,Chưa có bản dịch
ribbon_print,0,53,,Chưa có bản dịch
cow_print_bowtie,0,53,,Chưa có bản dịch
spiked_hair_tie,7,52,,Chưa có bản dịch
ankle_jewelry,7,52,,Chưa có bản dịch
studded_necklace,7,52,,Chưa có bản dịch
grape_earrings,0,52,,Chưa có bản dịch
shooting_star_hat_ornament,0,52,,Chưa có bản dịch
rainbow_jewelry,7,52,,Chưa có bản dịch
cum_in_headwear,0,52,,Chưa có bản dịch
magic_hat-trick,7,52,,Chưa có bản dịch
mushroom_earrings,0,52,,Chưa có bản dịch
bag_over_shoulder,7,52,,Chưa có bản dịch
pride_color_hat,7,52,,Chưa có bản dịch
two_tone_necklace,7,52,,Chưa có bản dịch
finger_to_eyewear,0,52,,Chưa có bản dịch
sun_hat_only,7,52,,Chưa có bản dịch
crest_piercing,7,52,pierced_crest,Chưa có bản dịch
skull_bow,7,52,,Chưa có bản dịch
print_accessory,7,52,,Chưa có bản dịch
print_paper_fan,0,52,,Chưa có bản dịch
tan_belt,7,52,,Chưa có bản dịch
hood_bow,0,52,,Chưa có bản dịch
neck_belt,7,51,,Chưa có bản dịch
fire_belt,7,51,,Chưa có bản dịch
letter_earrings,0,51,,Chưa có bản dịch
cervix_piercing,7,51,,Chưa có bản dịch
safety_pin_earring,0,51,,Chưa có bản dịch
plaid_umbrella,0,51,,Chưa có bản dịch
animal_hairband,0,51,,Chưa có bản dịch
horse_ear_hairband,0,51,,Chưa có bản dịch
abdominal_piercing,7,51,,Chưa có bản dịch
spiked_mask,0,51,,Chưa có bản dịch
snowman_earrings,0,51,,Chưa có bản dịch
bow_swimwear,7,51,,Chưa có bản dịch
hair_bow_only,7,51,,Chưa có bản dịch
silk_dancing,7,51,ribbon_dancing,Chưa có bản dịch
mini_bowtie,0,51,,Chưa có bản dịch
grey_backpack,7,51,gray_backpack,Chưa có bản dịch
multicolored_tail_accessory,7,51,,Chưa có bản dịch
large_bag,0,50,,Chưa có bản dịch
syringe_necklace,0,50,,Chưa có bản dịch
wide_brimmed_hat,7,50,,Chưa có bản dịch
dydoe_piercing,7,50,,Chưa có bản dịch
donald_duck_sailor_hat,0,50,,Chưa có bản dịch
hat_buckle,7,50,,Chưa có bản dịch
hat_on_lap,0,50,,Chưa có bản dịch
prolapse_piercing,7,50,,Chưa có bản dịch
spotted_hat,7,50,,Chưa có bản dịch
ankh_piercing,7,50,,Chưa có bản dịch
party_hat_only,7,50,,Chưa có bản dịch
broom_ribbon,0,50,,Chưa có bản dịch
white_ear_piercing,7,50,,Chưa có bản dịch
umbrella_on_arm,0,50,,Chưa có bản dịch
belt_grab,0,50,,Chưa có bản dịch
floral_print_ribbon,0,49,,Chưa có bản dịch
great_eagle_bow,7,49,,Chưa có bản dịch
pinstripe_bowtie,0,49,,Chưa có bản dịch
eyewear_in_pocket,0,49,,Chưa có bản dịch
anmin_dreamingribbon_(project_sekai),0,49,sound_asleep_dreaming_ribbon_(project_sekai),Chưa có bản dịch
star_ring,0,49,,Chưa có bản dịch
brown_bow_tie,7,49,,Chưa có bản dịch
orange_bracelet,7,49,,Chưa có bản dịch
huge_bowtie,0,49,,Chưa có bản dịch
multi_medial_ring,7,49,,Chưa có bản dịch
pink_purse,0,49,,Chưa có bản dịch
candy_hat_ornament,0,49,,Chưa có bản dịch
panda_earrings,0,49,,Chưa có bản dịch
crotch_ribbon,0,49,,Chưa có bản dịch
bow_eyepatch,0,49,,Chưa có bản dịch
heart_eyewear,7,49,,Chưa có bản dịch
belt_snap,7,49,,Chưa có bản dịch
beaded_choker,7,49,,Chưa có bản dịch
reindeer_hat,0,49,,Chưa có bản dịch
yellow_baseball_cap,7,48,,Chưa có bản dịch
glasses_on_floor,7,48,,Chưa có bản dịch
safety_belt,0,48,,Chưa có bản dịch
sunglasses_down,7,48,,Chưa có bản dịch
shrimp_hat,0,48,,Chưa có bản dịch
cock_ring_snap,7,48,,Chưa có bản dịch
checkered_bag,0,48,,Chưa có bản dịch
folding_umbrella,0,48,,Chưa có bản dịch
mud_mask,7,48,,Chưa có bản dịch
suspender_belt,7,48,,Chưa có bản dịch
coffee_bag,0,48,,Chưa có bản dịch
the_one_ring,0,48,,Chưa có bản dịch
purple_backpack,7,48,,Chưa có bản dịch
persim_scarf,7,48,,Chưa có bản dịch
holding_handbag,7,48,,Chưa có bản dịch
floral_print_hat,0,48,,Chưa có bản dịch
potara_ear_ring,7,48,,Chưa có bản dịch
side_cap,7,48,,Chưa có bản dịch
heterochromatic_glasses,7,47,,Chưa có bản dịch
seashell_bracelet,0,47,,Chưa có bản dịch
green_hair_bow,7,47,,Chưa có bản dịch
inner_conch_piercing,0,47,,Chưa có bản dịch
playing_card_earrings,0,47,,Chưa có bản dịch
spade_choker,0,47,,Chưa có bản dịch
shell_bracelet,0,47,,Chưa có bản dịch
eyelid_piercing,0,47,,Chưa có bản dịch
accessories_switch,0,47,,Chưa có bản dịch
oversized_belt,0,47,,Chưa có bản dịch
pink_baseball_cap,7,47,,Chưa có bản dịch
white_top_hat,7,47,,Chưa có bản dịch
tentacle_jewelry,7,47,,Chưa có bản dịch
sunglasses_on_hat,7,47,,Chưa có bản dịch
tying_ribbon,0,47,,Chưa có bản dịch
piercing_(action),0,47,,Chưa có bản dịch
sunglasses_lift,7,46,,Chưa có bản dịch
horseshoe_earrings,0,46,,Chưa có bản dịch
bear_earrings,0,46,,Chưa có bản dịch
tentacle_mask,7,46,,Chưa có bản dịch
eyeball_earrings,0,46,,Chưa có bản dịch
yellow_trying_expressive_glasses_(meme),0,46,,Chưa có bản dịch
rope_bracelet,0,46,,Chưa có bản dịch
convenient_necklace,0,46,necklace_censor,Chưa có bản dịch
blue_ring,0,46,,Chưa có bản dịch
grey_bow_tie,7,46,"gray_bow_tie,gray_bowtie",Chưa có bản dịch
argyle_choker,0,46,,Chưa có bản dịch
mask_gag,7,46,,Chưa có bản dịch
snake_mask,0,46,,Chưa có bản dịch
octoleet_goggles_(splatoon),0,46,,Chưa có bản dịch
neck_ribbon_tug,0,46,,Chưa có bản dịch
cable_tie_around_wrist,0,45,,Chưa có bản dịch
translucent_headwear,7,45,"see-thru_headwear,see_through_headwear,see_thru_headwear,sheer_headwear,transparent_headwear",Chưa có bản dịch
ancient_egyptian_hat,0,45,,Chưa có bản dịch
hexagon_earrings,0,45,,Chưa có bản dịch
bone_hair_accessory,7,45,,Chưa có bản dịch
ring_binder,7,45,,Chưa có bản dịch
star_belt_buckle,0,45,,Chưa có bản dịch
inner_labia_piercing,7,45,,Chưa có bản dịch
gold_belt_buckle,7,45,,Chưa có bản dịch
lightning_bolt_piercing,0,45,,Chưa có bản dịch
multicolored_goggles,7,45,multicolored_googles,Chưa có bản dịch
beauty_mask,0,45,,Chưa có bản dịch
pom_pom_brooch,0,45,,Chưa có bản dịch
two-sided_umbrella,0,45,,Chưa có bản dịch
tadpole_hat,0,45,,Chưa có bản dịch
text_on_belt,7,45,,Chưa có bản dịch
two_tone_bracelet,7,45,,Chưa có bản dịch
santa_bag,7,45,,Chưa có bản dịch
belt_on_penis,7,45,,Chưa có bản dịch
bow_lingerie,7,45,,Chưa có bản dịch
chicken_hat,0,45,,Chưa có bản dịch
pokeball_piercing,7,45,poke_ball_piercing,Chưa có bản dịch
princess_albertina_piercing,7,44,,Chưa có bản dịch
lion_mask,0,44,,Chưa có bản dịch
holding_another's_hat,0,44,,Chưa có bản dịch
studded_ring,7,44,,Chưa có bản dịch
grenade_belt,7,44,,Chưa có bản dịch
purple_goggles,7,44,purple_googles,Chưa có bản dịch
snack_bag,0,44,,Chưa có bản dịch
anus_piercing,0,44,,Chưa có bản dịch
mushroom_hat_ornament,0,44,,Chưa có bản dịch
two_tone_belt,7,44,,Chưa có bản dịch
horizontal-striped_necktie,0,44,,Chưa có bản dịch
glistening_bracelet,7,44,,Chưa có bản dịch
necklace_between_pecs,0,43,,Chưa có bản dịch
text_on_toe_ring,7,43,,Chưa có bản dịch
choker_(marking),7,43,,Chưa có bản dịch
isabella_piercing,7,43,,Chưa có bản dịch
naked_jewelry,0,43,,Chưa có bản dịch
pork_pie_sailor_hat,0,43,,Chưa có bản dịch
character_ear_piercing,0,43,,Chưa có bản dịch
mane_tie,7,43,,Chưa có bản dịch
spider_web_necklace,0,43,,Chưa có bản dịch
blue_hair_accessory,7,43,,Chưa có bản dịch
nipple_bow,7,43,,Chưa có bản dịch
panda_bag,0,43,,Chưa có bản dịch
side-tie_bottomwear,7,43,,Chưa có bản dịch
drink_bag,0,43,,Chưa có bản dịch
playing_card_hat_ornament,0,43,,Chưa có bản dịch
your_tie_is_crooked,0,43,,Chưa có bản dịch
nose_jewelry,7,43,,Chưa có bản dịch
half_blindfold_mask,0,43,,Chưa có bản dịch
fart_mask,7,43,,Chưa có bản dịch
umbrella_sky,0,42,,Chưa có bản dịch
ear_tie,7,42,,Chưa có bản dịch
frame_bag,7,42,,Chưa có bản dịch
hafada_piercing,7,42,hafada,Chưa có bản dịch
kiss_lock_purse,0,42,,Chưa có bản dịch
bird_brooch,0,42,,Chưa có bản dịch
magical_cock_ring,7,42,,Chưa có bản dịch
coin_belt,7,42,,Chưa có bản dịch
navy_hat,7,42,,Chưa có bản dịch
banded_ribbon,7,42,,Chưa có bản dịch
oversized_backpack,0,42,,Chưa có bản dịch
quilted_bag,0,42,,Chưa có bản dịch
sunglasses_removed,7,42,,Chưa có bản dịch
hoof_piercing,7,42,"pierced_hoof,pierced_hooves",Chưa có bản dịch
bear_necklace,0,42,,Vòng cổ gấu
travel_bag,7,42,,Chưa có bản dịch
rider_belt_(kabuto),0,42,,Chưa có bản dịch
modern_recurve_bow,0,42,,Chưa có bản dịch
eyewear_glint,7,42,,Chưa có bản dịch
mask_up,0,42,,Chưa có bản dịch
impossible_necktie,0,42,,Chưa có bản dịch
pointed_hat,7,42,,Chưa có bản dịch
clover_hat_ornament,0,42,,Chưa có bản dịch
rainbow_necklace,7,41,,Chưa có bản dịch
d-shaped_nipple_piercing,7,41,,Chưa có bản dịch
green_lantern_ring,7,41,,Chưa có bản dịch
thigh_jewelry,7,41,,Chưa có bản dịch
green_ring,7,41,,Chưa có bản dịch
capelet_bow,0,41,,Chưa có bản dịch
bow_armwear,7,41,,Chưa có bản dịch
frilly_choker,7,41,,Chưa có bản dịch
surgical_cap,0,41,,Chưa có bản dịch
candy_earrings,0,41,,Chưa có bản dịch
equilibrium_umbrella,0,41,,Chưa có bản dịch
x-shaped_earrings,0,41,,Chưa có bản dịch
cloacal_piercing,7,41,"cloaca_piercing,pierced_cloaca",Chưa có bản dịch
ring_(ensemble_stars!),0,41,,Chưa có bản dịch
ring_on_horn,7,41,,Chưa có bản dịch
transscrotal_piercing,7,41,transscrotal,Chưa có bản dịch
star_print_hat,7,41,,Chưa có bản dịch
wintam_ribbon_bondage_(meme),0,41,,Chưa có bản dịch
freddy_mask_(fnaf),7,41,,Chưa có bản dịch
monotone_choker,7,41,,Chưa có bản dịch
silver_ear_piercing,7,41,,Chưa có bản dịch
black_spiked_bracelet,7,41,,Chưa có bản dịch
coin_hat_ornament,0,41,,Chưa có bản dịch
gingham_ribbon,0,41,,Chưa có bản dịch
hair_fan,0,41,,Chưa có bản dịch
bunny_ear_hat,7,41,,Chưa có bản dịch
alien_sunglasses,0,41,,Chưa có bản dịch
necktie_on_mouth,0,41,,Chưa có bản dịch
hollowed_headwear,0,40,,Chưa có bản dịch
wreath_bow,7,40,,Chưa có bản dịch
carrot_hat_ornament,0,40,,Chưa có bản dịch
starfish_earrings,0,40,,Chưa có bản dịch
forced_piercing,7,40,,Chưa có bản dịch
head_wings_through_headwear,0,40,,Chưa có bản dịch
spade_necklace,0,40,,Chưa có bản dịch
cross-laced_choker,0,40,,Chưa có bản dịch
sentai_ring,0,40,,Chưa có bản dịch
official_alternate_eyewear,0,40,,Chưa có bản dịch
two_tone_beanie,7,40,,Chưa có bản dịch
hat_print,0,40,,Chưa có bản dịch
butt_bow,7,40,,Chưa có bản dịch
bow_on_ear,7,40,,Chưa có bản dịch
oral_and_nasal_mask,7,40,,Chưa có bản dịch
rainbow_ear_ring,7,40,,Chưa có bản dịch
string_belt,0,40,,Chưa có bản dịch
fleshlight_mask,7,40,,Chưa có bản dịch
mask_on_breasts,0,40,,Chưa có bản dịch
multicolored_hair_accessory,7,40,,Chưa có bản dịch
fruit_brooch,0,40,,Chưa có bản dịch
accessory_connection,0,40,,Chưa có bản dịch
wing_accessory,7,40,,Chưa có bản dịch
finger_on_hat,0,40,,Chưa có bản dịch
noose_necktie,0,40,,Chưa có bản dịch
hunting_cap,7,40,,Chưa có bản dịch
bird_earrings,0,40,,Chưa có bản dịch
suitcase_piercing,7,40,,Chưa có bản dịch
sharktooth_necklace,7,40,,Chưa có bản dịch
medial_ring_piercing,7,40,,Chưa có bản dịch
triangle_piercing,7,39,,Chưa có bản dịch
triforce_necklace,0,39,,Chưa có bản dịch
purple_accessory,7,39,,Chưa có bản dịch
mega_stone_piercing,7,39,,Chưa có bản dịch
navel_jewelry,7,39,,Chưa có bản dịch
print_eyewear,0,39,,Chưa có bản dịch
hat_on_face,0,39,,Chưa có bản dịch
hat_covering_eyes,7,39,,Chưa có bản dịch
ladybug_brooch,0,39,,Chưa có bản dịch
stud_ear_ring,7,39,,Chưa có bản dịch
cocked_bow,7,39,,Chưa có bản dịch
hairband_ribbon,0,39,,Chưa có bản dịch
red_ear_piercing,7,39,,Chưa có bản dịch
red_fan,0,39,,Chưa có bản dịch
limbal_ring,7,39,,Chưa có bản dịch
monotone_hair_accessory,7,39,,Chưa có bản dịch
pink_goggles,7,39,pink_googles,Chưa có bản dịch
white_goggles,7,39,white_googles,Chưa có bản dịch
piercing_glint,7,39,,Chưa có bản dịch
piercing_gaze,7,39,,Chưa có bản dịch
green_beret,7,39,,Chưa có bản dịch
ear_piercing_gun,0,39,,Chưa có bản dịch
glistening_goggles,7,39,"shining_goggles,shiny_goggles",Chưa có bản dịch
glistening_choker,7,39,shiny_choker,Chưa có bản dịch
mini_bag,0,39,,Chưa có bản dịch
gingham_hairband,0,39,,Chưa có bản dịch
chastity_cage-belt,0,39,,Chưa có bản dịch
crescent_belt_buckle,0,38,,Chưa có bản dịch
square_o-ring,0,38,,Chưa có bản dịch
station_necklace,0,38,,Chưa có bản dịch
bowtie_in_mouth,0,38,,Chưa có bản dịch
symbol_on_accessory,7,38,,Chưa có bản dịch
yellow_belt_buckle,7,38,,Chưa có bản dịch
octagonal_eyewear,0,38,,Chưa có bản dịch
hoop_bracelet,0,38,,Chưa có bản dịch
burping_up_glasses,7,38,,Chưa có bản dịch
poke_ball_earrings,0,38,,Chưa có bản dịch
butterfly_on_hat,0,38,,Chưa có bản dịch
snapped_choker,7,38,,Chưa có bản dịch
bell_hat,7,38,,Chưa có bản dịch
bandit_mask,7,38,,Chưa có bản dịch
no_bowtie,0,38,,Chưa có bản dịch
chandelier_earrings,0,38,,Chưa có bản dịch
panda_mask,0,38,,Chưa có bản dịch
condom_earrings,0,38,,Chưa có bản dịch
ribbon_around_head,0,38,,Chưa có bản dịch
belt_tail,0,38,,Chưa có bản dịch
fish_bag,0,38,,Chưa có bản dịch
rope_choker,0,37,,Chưa có bản dịch
grey_baseball_cap,7,37,,Chưa có bản dịch
purple_baseball_cap,7,37,,Chưa có bản dịch
grey_ring,7,37,,Chưa có bản dịch
green_cross_tie,0,37,,Chưa có bản dịch
time_breaker_mask,0,37,,Chưa có bản dịch
frilly_headwear,7,37,,Chưa có bản dịch
fur-trimmed_fan,0,37,,Chưa có bản dịch
magic_necklace,7,37,,Chưa có bản dịch
pride_color_hair_accessory,7,37,,Chưa có bản dịch
metal_ring,7,37,,Chưa có bản dịch
owl_hat,0,37,,Chưa có bản dịch
christmas_tree_earrings,0,37,,Chưa có bản dịch
caninebite_piercing,7,37,canine_bite_piercing,Chưa có bản dịch
strawberry_necklace,0,37,,Chưa có bản dịch
mouth_mask_over_eyes,0,37,,Chưa có bản dịch
choker_removed,0,36,,Chưa có bản dịch
kivat_belt,0,36,,Chưa có bản dịch
bow_legged,7,36,,Chưa có bản dịch
bow_sticker,0,36,,Chưa có bản dịch
glowing_accessory,7,36,,Chưa có bản dịch
bone_jewelry,7,36,,Chưa có bản dịch
goron_mask_(zelda),0,36,,Chưa có bản dịch
play_piercing,7,36,,Chưa có bản dịch
glans_ring,7,36,,Chưa có bản dịch
beaded_belt,7,36,,Chưa có bản dịch
pearl_ring,0,36,,Chưa có bản dịch
dangle_ear_piercing,7,36,,Chưa có bản dịch
single_ear_ring,7,36,,Chưa có bản dịch
duty_belt,7,36,,Chưa có bản dịch
brown_sunglasses,7,36,,Chưa có bản dịch
tan_scarf,7,36,,Chưa có bản dịch
brown_hair_tie,7,36,,Chưa có bản dịch
green_accessory,7,36,,Chưa có bản dịch
carrot_accessory,7,36,,Chưa có bản dịch
bag_of_holding,7,36,,Chưa có bản dịch
teal_necktie,7,36,,Chưa có bản dịch
broken_belt,7,36,,Chưa có bản dịch
glistening_belt,7,35,shiny_belt,Chưa có bản dịch
sapphire_necklace,7,35,,Chưa có bản dịch
pentagram_ear_ring,7,35,,Chưa có bản dịch
eyebrows_through_hat,7,35,,Chưa có bản dịch
urine_bag,7,35,,Chưa có bản dịch
fly_earrings,0,35,,Chưa có bản dịch
unwrap_me_body_bow,0,35,,Chưa có bản dịch
hip_bag,7,35,,Chưa có bản dịch
ribbon-trimmed_sash,0,35,,Chưa có bản dịch
green_nose_ring,7,35,,Chưa có bản dịch
undoing_own_necktie,0,35,,Chưa có bản dịch
skull_hat,7,35,,Chưa có bản dịch
convenient_ribbon,0,35,,Chưa có bản dịch
zora_mask_(zelda),0,35,,Chưa có bản dịch
umbrella_hat,7,35,,Chưa có bản dịch
bodymod_necklace,7,35,,Chưa có bản dịch
bondage_ring,7,35,,Chưa có bản dịch
frilly_bow,7,35,,Chưa có bản dịch
feathered_cap,7,35,,Chưa có bản dịch
chain_choker,0,35,,Chưa có bản dịch
orange_piercing,7,35,,Chưa có bản dịch
tongue_piercing_gag,0,35,,Chưa có bản dịch
cock_ring_collar,7,34,,Chưa có bản dịch
ranger_hat,7,34,,Chưa có bản dịch
kamen_no_watashi_ni_sayonara_wo_(project_sekai),0,34,"farewell_my_mask_(project_sekai),saying_goodbye_to_my_persona_(project_sekai)",Chưa có bản dịch
facial_hair_through_mask,0,34,,Chưa có bản dịch
leash_belt,0,34,,Chưa có bản dịch
taking_off_glasses,7,34,,Chưa có bản dịch
text_on_beanie,7,34,,Chưa có bản dịch
police_belt,7,34,,Chưa có bản dịch
butterfly_bow,0,34,,Chưa có bản dịch
butterfly_bowtie,0,34,,Chưa có bản dịch
see-through_necktie,0,34,,Chưa có bản dịch
in_backpack,7,34,,Chưa có bản dịch
box_fan,7,34,,Chưa có bản dịch
cord_choker,0,34,,Chưa có bản dịch
piercing_eyes,7,34,,Chưa có bản dịch
crotch_bow,7,34,,Chưa có bản dịch
on_umbrella,0,34,,Chưa có bản dịch
looking_over_glasses,7,34,,Chưa có bản dịch
tie_pilot,0,34,,Chưa có bản dịch
tie_tab,0,34,,Chưa có bản dịch
non-furgonomic_headwear,7,34,,Chưa có bản dịch
engineer_cap,7,34,,Chưa có bản dịch
pink_ear_ring,7,34,,Chưa có bản dịch
saline_bag,0,34,,Chưa có bản dịch
logo_on_hat,7,34,,Chưa có bản dịch
pink_pup_mask,7,34,,Chưa có bản dịch
grey_ring_piercing,7,33,gray_ring_piercing,Chưa có bản dịch
pride_color_belt,7,33,,Chưa có bản dịch
gas_mask_face,7,33,,Chưa có bản dịch
cat_belt_buckle,0,33,,Chưa có bản dịch
umbrella_print,0,33,,Chưa có bản dịch
monotone_bow,7,33,,Chưa có bản dịch
ribbon-trimmed_ascot,0,33,,Chưa có bản dịch
scrotal_ring,7,33,,Chưa có bản dịch
putting_on_mask,0,33,,Chưa có bản dịch
hat_on_ear,7,33,,Chưa có bản dịch
emerald_necklace,7,33,,Chưa có bản dịch
ring_nipple_piercing,7,33,,Chưa có bản dịch
gold_hat,0,33,,Mũ vàng kim
bag_of_cookies,0,33,,Chưa có bản dịch
coin_bag,7,33,,Chưa có bản dịch
diving_mask_removed,0,33,,Chưa có bản dịch
studded_hat,0,33,,Chưa có bản dịch
rogatywka,0,33,polish_military_hat,Chưa có bản dịch
dangle_accessory,7,32,,Chưa có bản dịch
ring_fit_trainee_(female)_(cosplay),0,32,,Chưa có bản dịch
snake_bracelet,0,32,,Chưa có bản dịch
snake_ring,0,32,,Chưa có bản dịch
peter_parker's_glasses_(meme),0,32,,Chưa có bản dịch
whale_earrings,0,32,,Chưa có bản dịch
tail_scarf,7,32,,Chưa có bản dịch
black_purse,7,32,,Chưa có bản dịch
crow_mask,0,32,,Chưa có bản dịch
ultra_bracelet,0,32,,Chưa có bản dịch
venus_symbol_necklace,0,32,,Chưa có bản dịch
legendary_bow_(small_bow)_(tate_no_yuusha_no_nariagari),0,32,,Chưa có bản dịch
kissing_through_mask,0,32,,Chưa có bản dịch
feather_hairband,0,32,,Chưa có bản dịch
lace_headwear,0,32,,Chưa có bản dịch
heart-shaped_hat,0,32,,Chưa có bản dịch
fan_dance,7,32,,Chưa có bản dịch
propeller_hat_and_lollipop_dog_(meme),0,32,,Chưa có bản dịch
furgonomic_accessory,7,31,,Chưa có bản dịch
front_backpack,0,31,,Chưa có bản dịch
collaborative_boob_hat,7,31,,Chưa có bản dịch
pokeball_ear_piercing,7,31,poke_ball_ear_piercing,Chưa có bản dịch
sunflower_earring,0,31,,Chưa có bản dịch
monotone_mask,7,31,,Chưa có bản dịch
neck_scarf,7,31,,Chưa có bản dịch
beach_bag,0,31,,Chưa có bản dịch
pink_hair_ribbon,7,31,,Chưa có bản dịch
military_beret,7,31,,Chưa có bản dịch
energy_bow_(weapon),0,31,,Chưa có bản dịch
gold_septum_ring,7,31,,Chưa có bản dịch
candy_cane_earrings,0,31,,Chưa có bản dịch
wing_cap,0,31,,Chưa có bản dịch
aqua_mask,0,31,,Chưa có bản dịch
message_(fromsoftware),0,31,"dark_souls_message,elden_ring_message",Chưa có bản dịch
two_tone_sunglasses,7,31,,Chưa có bản dịch
floral_print_scarf,0,31,,Chưa có bản dịch
cum_in_hat,7,31,,Chưa có bản dịch
green_hair_accessory,7,31,,Chưa có bản dịch
green_nose_piercing,7,31,,Chưa có bản dịch
backpack_strap,7,31,,Chưa có bản dịch
mao_cap,0,31,,Chưa có bản dịch
ring_on_finger,7,31,,Chưa có bản dịch
re-tie_friendship_(project_sekai),0,31,,Chưa có bản dịch
bone_hat_ornament,0,31,,Chưa có bản dịch
facial_bow,7,31,,Chưa có bản dịch
checkered_choker,0,31,,Chưa có bản dịch
belt_choker,7,31,,Chưa có bản dịch
heart_shaped_choker,0,31,,Chưa có bản dịch
character_brooch,0,30,,Chưa có bản dịch
hat_string,0,30,,Chưa có bản dịch
belt_on_tail,7,30,,Chưa có bản dịch
long_hat,7,30,,Mũ dài
blush_visible_through_mask,0,30,,Chưa có bản dịch
ribbon-trimmed_camisole,0,30,,Chưa có bản dịch
ribbon_gag,7,30,,Chưa có bản dịch
ribbon_collar,7,30,,Chưa có bản dịch
tongue_piercing_pull,7,30,,Chưa có bản dịch
ribbon_in_hair,7,30,,Chưa có bản dịch
antenna_bow,7,30,,Chưa có bản dịch
dolphin_necklace,0,30,,Chưa có bản dịch
grey_chastity_belt,7,30,gray_chastity_belt,Chưa có bản dịch
green_nose_jewelry,7,30,,Chưa có bản dịch
cum_on_face_mask,7,30,,Chưa có bản dịch
wizard_ring,0,30,,Chưa có bản dịch
tako-san_wiener_earrings,0,30,octopus_sausage_earrings,Chưa có bản dịch
two_tone_choker,7,30,,Chưa có bản dịch
foggy_glasses,7,30,,Chưa có bản dịch
gold_accessories,7,30,,Chưa có bản dịch
foot_jewelry,0,30,,Chưa có bản dịch
camouflage_hairband,0,30,,Chưa có bản dịch
glowing_bow_(weapon),0,30,,Chưa có bản dịch
rotary_fan,7,30,,Chưa có bản dịch
white_bow_(anatomy),7,30,,Chưa có bản dịch
pink_bow_(anatomy),7,30,,Chưa có bản dịch
banana_earrings,0,30,,Chưa có bản dịch
gill_piercing,7,30,,Chưa có bản dịch
ruby_necklace,7,30,,Chưa có bản dịch
christmas_tree_hat,0,30,,Chưa có bản dịch
plaid_choker,0,30,,Chưa có bản dịch
cone_hat,7,30,,Chưa có bản dịch
monotone_jewelry,7,30,,Chưa có bản dịch
pool_ring,7,30,,Chưa có bản dịch
studded_cock_ring,7,30,,Chưa có bản dịch
vine_belt,0,30,,Chưa có bản dịch
pseudo_mask,7,30,,Chưa có bản dịch
vine_bracelet,0,29,,Chưa có bản dịch
neck_ribbon_removed,0,29,,Chưa có bản dịch
necktie_print,0,29,,Chưa có bản dịch
big_nipple_ring,7,29,,Chưa có bản dịch
spiked_tail_ring,7,29,,Chưa có bản dịch
veiled_hat,7,29,,Chưa có bản dịch
no_necklace,0,29,,Chưa có bản dịch
grey_hair_tie,7,29,,Chưa có bản dịch
ring_choker,7,29,,Chưa có bản dịch
pinstripe_necktie,0,29,,Chưa có bản dịch
o-ring_loincloth,7,29,,Chưa có bản dịch
pink_ear_piercing,7,29,,Chưa có bản dịch
beak_ring,7,29,,Chưa có bản dịch
rabbit_necklace,0,29,,Vòng cổ thỏ
hat_theft,0,29,,Chưa có bản dịch
raccoon_mask,0,29,,Chưa có bản dịch
tickle_belt,7,29,,Chưa có bản dịch
hypnotic_mask,7,29,,Chưa có bản dịch
scary_shiny_glasses,7,29,,Chưa có bản dịch
belt_pull,0,29,,Chưa có bản dịch
double_boob_hat,7,29,,Chưa có bản dịch
hexagram_earrings,0,29,,Chưa có bản dịch
two_tone_bow_tie,7,29,two_tone_bowtie,Chưa có bản dịch
bottomwear_ring,7,29,,Chưa có bản dịch
penguin_bag,0,29,,Chưa có bản dịch
boston_bag,0,29,,Chưa có bản dịch
horn_belt,0,29,,Chưa có bản dịch
shark_sleeping_bag,0,28,,Chưa có bản dịch
full_mask,0,28,,Chưa có bản dịch
holly_earrings,0,28,,Chưa có bản dịch
side-tie_loincloth,0,28,,Chưa có bản dịch
brown_pup_mask,7,28,,Chưa có bản dịch
discarded_headwear,7,28,,Chưa có bản dịch
pride_color_bow,7,28,,Chưa có bản dịch
oversized_headwear,7,28,baggy_headwear,Chưa có bản dịch
diagonal-striped_scarf,0,28,,Chưa có bản dịch
brooch_removed,0,28,,Chưa có bản dịch
big_sunglasses,7,28,,Chưa có bản dịch
rainbow_belt,0,28,,Chưa có bản dịch
two_tone_bow_(anatomy),7,28,,Chưa có bản dịch
ruby_ring,7,28,,Chưa có bản dịch
two_tone_goggles,7,28,two_tone_googles,Chưa có bản dịch
bow_bottomwear,7,28,,Chưa có bản dịch
speed_bag,7,28,,Chưa có bản dịch
bear_hat_ornament,0,28,,Chưa có bản dịch
animal-themed_eyewear,0,28,,Chưa có bản dịch
lower_lip_piercing,7,28,,Chưa có bản dịch
medical_bag,7,28,,Chưa có bản dịch
blue_beret,7,28,,Chưa có bản dịch
oguri_cap_(umamusume)_(cosplay),0,28,,Chưa có bản dịch
braided_ribbon,7,28,,Ruy băng tết
taped_on_glasses,7,28,,Chưa có bản dịch
weight_belt,0,28,,Chưa có bản dịch
magenta_bowtie,7,28,,Chưa có bản dịch
dagoth_ur's_mask,0,28,,Chưa có bản dịch
finger_bow,0,28,,Chưa có bản dịch
hair_over_hairband,0,27,,Chưa có bản dịch
pink_ring,7,27,,Chưa có bản dịch
pink_cross_tie,0,27,,Chưa có bản dịch
chikuma_mask,0,27,,Chưa có bản dịch
ribbon_around_arm,0,27,,Chưa có bản dịch
pointed_mask,0,27,,Chưa có bản dịch
metal_cock_ring,7,27,,Chưa có bản dịch
butt_hat,7,27,,Chưa có bản dịch
crotch_piercing,7,27,,Chưa có bản dịch
pokemon_trainer_hat,7,27,pokémon_trainer_hat,Chưa có bản dịch
ear_hat,7,27,,Chưa có bản dịch
scarf_over_breasts,0,27,,Chưa có bản dịch
removing_belt,0,27,,Chưa có bản dịch
forearm_bracelet,7,27,"forearm_bracelets,forearms_bracelet,forearms_bracelets",Chưa có bản dịch
belt_around_leg,7,27,,Chưa có bản dịch
glistening_ear_piercing,7,27,,Chưa có bản dịch
gingham_scarf,0,27,,Chưa có bản dịch
gingham_hat,0,27,,Chưa có bản dịch
leg_bag,7,27,,Chưa có bản dịch
ghost_hat_ornament,0,27,,Chưa có bản dịch
red_purse,7,27,,Chưa có bản dịch
eyewear_on_animal,0,27,,Chưa có bản dịch
outer_labia_piercing,7,27,,Chưa có bản dịch
hospital_bracelet,7,27,,Chưa có bản dịch
frilled_hair_tie,0,27,,Chưa có bản dịch
transformative_hat,7,27,,Chưa có bản dịch
transparent-framed_eyewear,0,27,,Chưa có bản dịch
trophy_necklace,7,27,,Chưa có bản dịch
holly_bow,7,27,,Chưa có bản dịch
pulling_mask,7,26,,Chưa có bản dịch
purple_visor_cap,0,26,,Chưa có bản dịch
putting_on_eyewear,0,26,,Chưa có bản dịch
shared_ribbon,0,26,,Chưa có bản dịch
leopard_print_bow,0,26,,Chưa có bản dịch
orange_hair_tie,7,26,,Chưa có bản dịch
light_ring,7,26,,Chưa có bản dịch
white_cap,7,26,,Chưa có bản dịch
white_hair_bow,7,26,,Chưa có bản dịch
star_headwear,7,26,,Chưa có bản dịch
sentient_scarf,0,26,,Chưa có bản dịch
envelope_earrings,0,26,,Chưa có bản dịch
rainbow_earrings,0,26,,Chưa có bản dịch
anime_glasses,7,26,,Chưa có bản dịch
ofuda_on_hat,0,26,,Chưa có bản dịch
holding_tie,7,26,,Chưa có bản dịch
postman_hat,7,26,,Chưa có bản dịch
eyeball_bracelet,0,26,,Chưa có bản dịch
red_ring,7,26,,Chưa có bản dịch
glistening_accessory,7,26,,Chưa có bản dịch
belt_necktie,0,26,,Chưa có bản dịch
headband_ribbon,0,26,,Chưa có bản dịch
hat_hug,0,26,,Chưa có bản dịch
flower_head_accessory,7,26,,Chưa có bản dịch
swastika_necklace,0,26,,Chưa có bản dịch
cube_hat_ornament,0,26,,Chưa có bản dịch
speedo_ring,7,26,,Chưa có bản dịch
vacuum_bag,0,26,,Chưa có bản dịch
pentagonal_nipple_piercing,7,25,,Chưa có bản dịch
fish_necklace,0,25,,Chưa có bản dịch
double_ear_ring,7,25,,Chưa có bản dịch
fur_bag,0,25,,Chưa có bản dịch
tail_choker,7,25,,Chưa có bản dịch
cross-laced_bag,0,25,,Chưa có bản dịch
wearable_sleeping_bag,0,25,,Chưa có bản dịch
floral_print_headwear,0,25,,Chưa có bản dịch
light_jewelry,7,25,,Chưa có bản dịch
ribbon_tie,7,25,,Chưa có bản dịch
striped_accessory,7,25,,Chưa có bản dịch
polka_dot_choker,0,25,,Chưa có bản dịch
tan_jewelry,7,25,,Chưa có bản dịch
beard_bow,0,25,,Chưa có bản dịch
rook_piercing,0,25,,Chưa có bản dịch
bow_on_horn,7,25,,Chưa có bản dịch
olympic_shooting_glasses,0,25,,Chưa có bản dịch
bow_(knot),7,25,,Chưa có bản dịch
pride_color_baseball_cap,7,25,,Chưa có bản dịch
head_bag,7,25,,Chưa có bản dịch
heart_brooch_holder,0,25,,Chưa có bản dịch
rainbow_hat,7,25,,Chưa có bản dịch
fan_dancing,0,25,,Chưa có bản dịch
fan_colored,7,25,,Chưa có bản dịch
prayer_ribbon,0,25,,Chưa có bản dịch
necktie_headband,7,25,,Chưa có bản dịch
raven_bow_(genshin_impact),0,25,,Chưa có bản dịch
paperclip_earrings,0,25,,Chưa có bản dịch
see-through_hairband,0,24,,Chưa có bản dịch
duck_hat,0,24,,Chưa có bản dịch
holding_opera_glasses,0,24,,Chưa có bản dịch
tribal_mask,7,24,,Chưa có bản dịch
teal_jewelry,7,24,,Chưa có bản dịch
hoopa_ring,7,24,,Chưa có bản dịch
adjusting_sunglasses,7,24,,Chưa có bản dịch
horn-rim_eyewear,0,24,,Chưa có bản dịch
belly_bow,7,24,,Chưa có bản dịch
horse_hat,0,24,,Mũ ngựa
goat_mask,0,24,,Chưa có bản dịch
shoulder_piercing,7,24,,Chưa có bản dịch
folding_fan_design,0,24,,Chưa có bản dịch
winter_cap,7,24,,Chưa có bản dịch
scarf_belt,0,24,,Chưa có bản dịch
looking_over_sunglasses,7,24,,Chưa có bản dịch
long_necklace,0,24,,Vòng cổ dài
blue_ribbon_stripe,7,24,,Chưa có bản dịch
skull_piercing,7,24,,Chưa có bản dịch
peace_symbol_necklace,7,24,,Chưa có bản dịch
star_bow,7,24,,Chưa có bản dịch
yellow_cap,7,24,,Chưa có bản dịch
tan_beanie,7,24,,Chưa có bản dịch
gorilla_mask,0,24,,Chưa có bản dịch
capelet_belt,0,24,,Chưa có bản dịch
yumihike_shiro_no_sekai_de_(project_sekai),0,24,"draw_your_bow_in_this_white_world_(project_sekai),raise_your_bow_in_a_snow_white_world_(project_sekai)",Chưa có bản dịch
ribbon-trimmed_tube_top,0,24,,Chưa có bản dịch
whisker_ring,7,24,,Chưa có bản dịch
gradient_belt,0,24,,Chưa có bản dịch
dimensional_ring,7,24,,Chưa có bản dịch
staring_bird_mask,7,24,,Chưa có bản dịch
floating_ring,7,24,,Chưa có bản dịch
brown_top_hat,7,24,,Chưa có bản dịch
criss-cross_ribbon,0,24,,Chưa có bản dịch
tail-tie_swimwear,7,24,,Chưa có bản dịch
tag_earrings,0,24,,Chưa có bản dịch
flappy_hat,0,24,,Chưa có bản dịch
silver_ribbon,0,24,,Ruy băng bạc
diamond_o-ring,0,24,,Chưa có bản dịch
broken_bow,0,23,,Chưa có bản dịch
ixa_belt,0,23,,Chưa có bản dịch
leaf_brooch,0,23,,Chưa có bản dịch
lesbian_flag_scarf,0,23,,Chưa có bản dịch
improvised_cock_ring,7,23,,Chưa có bản dịch
orange_backpack,7,23,,Chưa có bản dịch
beard_ribbon,0,23,,Chưa có bản dịch
bow_in_eye,0,23,,Chưa có bản dịch
sheep_mask,0,23,,Chưa có bản dịch
animal-themed_ring,0,23,,Chưa có bản dịch
shell_choker,0,23,,Chưa có bản dịch
raised_glasses,7,23,,Chưa có bản dịch
jewelry_star_bracelet,0,23,,Chưa có bản dịch
awareness_ribbon,7,23,,Chưa có bản dịch
see-through_choker,0,23,,Chưa có bản dịch
accessory_swap,7,23,,Chưa có bản dịch
hexagon_brooch,0,23,,Chưa có bản dịch
reflection_in_glasses,7,23,,Chưa có bản dịch
mars_symbol_earrings,0,23,,Chưa có bản dịch
mask_face,7,23,,Chưa có bản dịch
heart-shaped_fan,0,23,,Chưa có bản dịch
vassal_fan_(demon_dragon_fan)_(tate_no_yuusha_no_nariagari),0,23,,Chưa có bản dịch
vassal_fan_(tate_no_yuusha_no_nariagari),0,23,,Chưa có bản dịch
ribbon_around_leg,7,23,,Chưa có bản dịch
ribbon_spool,0,23,,Chưa có bản dịch
polka_dot_mask,0,23,,Chưa có bản dịch
cross_hair_accessory,7,23,,Chưa có bản dịch
fishnet_choker,0,23,,Chưa có bản dịch
sparkle_hat_ornament,0,23,,Chưa có bản dịch
flag_ribbon,0,23,,Chưa có bản dịch
flag_print_scarf,0,23,,Chưa có bản dịch
new_year_glasses,7,23,,Chưa có bản dịch
new_piercing,7,23,,Chưa có bản dịch
gradient_choker,0,23,,Chưa có bản dịch
flower_ear_accessory,7,23,,Chưa có bản dịch
flower_ear_piercing,7,23,,Chưa có bản dịch
goldmask's_mask,0,23,,Chưa có bản dịch
gold_navel_piercing,7,23,,Chưa có bản dịch
monotone_ribbon,7,23,,Chưa có bản dịch
unworn_choker,0,23,,Chưa có bản dịch
muir_cap,7,23,,Chưa có bản dịch
front-tie_topwear,7,23,,Chưa có bản dịch
straw_bag,0,23,,Chưa có bản dịch
bat_accessory,7,23,,Chưa có bản dịch
cloud_earrings,0,22,,Chưa có bản dịch
musk_mask,7,22,,Chưa có bản dịch
camouflage_belt,0,22,,Chưa có bản dịch
multicolored_beanie,7,22,,Chưa có bản dịch
ballistic_mask,7,22,,Chưa có bản dịch
black_cowboy_hat,7,22,,Chưa có bản dịch
petal_earrings,0,22,,Chưa có bản dịch
plectrum_necklace,0,22,,Chưa có bản dịch
gold_neck_ring,7,22,,Chưa có bản dịch
swallow_bow,7,22,,Chưa có bản dịch
spiked_hair_accessory,7,22,,Chưa có bản dịch
floral_bow_hair_ornament,0,22,,Chưa có bản dịch
missing_accessory,7,22,,Chưa có bản dịch
green_bow_ribbon,7,22,,Chưa có bản dịch
pen_cap_in_mouth,0,22,,Chưa có bản dịch
donut_earrings,0,22,doughnut_earrings,Chưa có bản dịch
carrot_bag,0,22,,Chưa có bản dịch
bag_ribbon,0,22,,Chưa có bản dịch
ribbon-trimmed_cuffs,0,22,,Chưa có bản dịch
hat_box,0,22,,Chưa có bản dịch
mask_removed,7,22,,Chưa có bản dịch
belt_harness,7,22,,Chưa có bản dịch
teal_glasses,7,22,,Chưa có bản dịch
teal_eyewear,7,22,,Chưa có bản dịch
hexagonal_glasses,7,22,,Chưa có bản dịch
pride_color_ribbon,7,22,,Chưa có bản dịch
see-through_bowtie,0,22,,Chưa có bản dịch
acorn_earrings,0,22,,Chưa có bản dịch
print_baseball_cap,7,22,,Chưa có bản dịch
basket_bag,0,22,,Chưa có bản dịch
lowering_glasses,7,22,,Chưa có bản dịch
rainbow_accessory,7,22,,Chưa có bản dịch
thin_scarf,0,22,,Chưa có bản dịch
bow_on_back,7,22,,Chưa có bản dịch
bow_scabbard,0,22,,Chưa có bản dịch
angel_fangs_piercing,7,22,,Chưa có bản dịch
tiger_mask_(character)_(cosplay),0,22,,Chưa có bản dịch
ignis_cap,0,22,,Chưa có bản dịch
waterful_ring-toss,0,21,,Chưa có bản dịch
sternum_piercing,7,21,,Chưa có bản dịch
pilot_goggles,7,21,,Chưa có bản dịch
leaf_accessory,7,21,,Chưa có bản dịch
stone_mask_(zelda),0,21,,Chưa có bản dịch
in_umbrella,0,21,,Chưa có bản dịch
anchor_bracelet,0,21,,Chưa có bản dịch
cloth_belt,7,21,,Chưa có bản dịch
zipper_pull_tab_earrings,0,21,,Chưa có bản dịch
pig_hat,0,21,,Chưa có bản dịch
puring_ring,0,21,,Chưa có bản dịch
striped_glasses,0,21,,Chưa có bản dịch
skeletal_bracelet,0,21,,Chưa có bản dịch
tiny_hat,7,21,,Chưa có bản dịch
pumpkin_ear_ring,7,21,,Chưa có bản dịch
pulled_from_hat,7,21,,Chưa có bản dịch
ultra_zero_bracelet,0,21,ultimate_bracelet_(ultraman_zero),Chưa có bản dịch
candy_bracelet,7,21,,Chưa có bản dịch
bear_brooch,0,21,,Chưa có bản dịch
cabbie_hat,7,21,,Chưa có bản dịch
wing-shaped_piercing,0,21,,Chưa có bản dịch
planet_ring,7,21,,Chưa có bản dịch
monotone_piercing,7,21,,Chưa có bản dịch
cece_hat_(zelda),0,21,,Chưa có bản dịch
okame_mask,0,21,"okame_(mask),otafuku_mask",Chưa có bản dịch
horned_hairband,7,21,,Chưa có bản dịch
two_tone_backpack,7,21,,Chưa có bản dịch
penis_necklace,7,21,,Chưa có bản dịch
razor_blade_necklace,0,21,,Chưa có bản dịch
eyeball_beret,0,21,,Chưa có bản dịch
pearl_hat_ornament,0,21,,Chưa có bản dịch
snowman_hat,0,21,,Chưa có bản dịch
burger_hat,0,21,,Chưa có bản dịch
metal_choker,0,21,,Chưa có bản dịch
crystal_hat_ornament,0,21,,Chưa có bản dịch
dolphin_hat_ornament,0,21,,Chưa có bản dịch
dolphin_piercing,7,21,,Chưa có bản dịch
hand_piercing,0,21,,Chưa có bản dịch
bull_ring,7,21,,Chưa có bản dịch
ribbon-trimmed_bowtie,0,21,,Chưa có bản dịch
vertical_labret_piercing,7,20,,Chưa có bản dịch
matching_accessories,7,20,,Chưa có bản dịch
headwear_removed,7,20,,Chưa có bản dịch
belt_loop,7,20,,Chưa có bản dịch
ribbon_around_foot,0,20,,Chưa có bản dịch
ribbon_insertion,7,20,,Chưa có bản dịch
ribbon_heart,7,20,,Chưa có bản dịch
hand_on_sunglasses,7,20,,Chưa có bản dịch
paper_bag_hat,7,20,,Chưa có bản dịch
dolphinbite_piercing,7,20,dolphin_bite_piercing,Chưa có bản dịch
veiled_umbrella,0,20,,Chưa có bản dịch
teal_hairband,7,20,,Chưa có bản dịch
reflective_mask,0,20,,Chưa có bản dịch
finger_to_headwear,0,20,,Chưa có bản dịch
spade_hat_ornament,0,20,,Chưa có bản dịch
dango_earrings,0,20,,Chưa có bản dịch
dangling_earring,0,20,,Chưa có bản dịch
o-ring_bandeau,0,20,,Chưa có bản dịch
magenta_ribbon_stripe,7,20,,Chưa có bản dịch
holding_brooch,0,20,,Chưa có bản dịch
green_ribbon_stripe,7,20,,Chưa có bản dịch
print_beanie,7,20,,Chưa có bản dịch
penis_scarf,7,20,,Chưa có bản dịch
swimwear_ring,7,20,,Chưa có bản dịch
two_tone_glasses,7,20,,Chưa có bản dịch
gradient_umbrella,0,20,,Chưa có bản dịch
two_tone_piercing,7,20,,Chưa có bản dịch
dark_jewelry,7,20,,Chưa có bản dịch
oguri_cap_spacing_out,0,20,,Chưa có bản dịch
hooked_eyewear,7,20,,Chưa có bản dịch
hooped_ear_ring,7,20,,Chưa có bản dịch
checkered_headwear,7,20,,Chưa có bản dịch
shared_piercing,7,20,,Chưa có bản dịch
love_live!_fan_fun_festival,0,20,,Chưa có bản dịch
huge_hat,7,20,,Mũ khổng lồ
fox_mask_(silent_hill)_(cosplay),0,20,,Chưa có bản dịch
loki_mask,7,20,,Chưa có bản dịch
frame_handbag,0,20,,Chưa có bản dịch
skull_belt_buckle,7,20,,Chưa có bản dịch
white_purse,7,20,,Chưa có bản dịch
white_ear_ring,7,20,,Chưa có bản dịch
white_backpack,7,20,,Chưa có bản dịch
multicolored_backpack,7,20,multi_tone_backpack,Chưa có bản dịch
cock_ring_only,7,20,,Chưa có bản dịch
champion_belt,7,20,,Chưa có bản dịch
birthday_cake_hat,0,20,,Chưa có bản dịch
furgonomic_jewelry,7,20,,Chưa có bản dịch
cleaning_glasses,7,20,,Chưa có bản dịch
legendary_bow_(tate_no_yuusha_no_nariagari),0,20,,Chưa có bản dịch
