breasts,0,7309029,"/b,2_breasts,average_breasts,boob,boobie,boobies,boobs,bosom,breast,breast_outline,breasts_outline,breasts_outside,breats,brest,brests,chest_breasts,estrogenated_breasts,front_breasts,inherited_breasts,massive_breasts,nockers,oppai,pechos,tetas,tiddie,tiddies,tiddy,tits,tits_out,tittie,titties,titty,torpedo_tits,wandering_boob",Ngực
long_hair,0,6657377,"/lh,longhair",Tóc dài
looking_at_viewer,0,6184244,"/lav,/pec,lav,lookign_at_viewer,looking-at-viewer,looking_at_camera,looking_at_the_viewer,looking_at_viewers,looking_at_you,pov_eye_contact,staring_at_viewer,staring_at_you,viewer",Nhìn người xem
open_mouth,0,4781534,"maw,maws,mouth_open,open-mouth,open_maw,open_moth,open_muzzle,opened_mouth",Miệng mở
short_hair,0,3327190,"short-hair,short_haircut",Tóc ngắn
tail,0,3249004,"animal_tails,autotomy,furred_tail,shippo,tail_tip,tailed,tails",Đuôi
blue_eyes,0,3150645,"blue_eye,blue_iris,blue_irises,blueeyes,cyan_eyes,dark_blue_eyes,eyes_blues,indigo_eyes,light_blue_eyes,turquoise_eyes",Mắt xanh dương
genitals,7,2957293,"copy-paste_genitalia,copy_paste_genitalia,exposed_genital,exposed_genitalia,exposed_genitals,external_sex_organ,external_sex_organs,female_genital,female_genitalia,female_genitals,genetalia,genita,genital,genitalia,genitals.,gentials,gonads,human/animal_genitalia,male_genetalia,male_genital,male_genitalia,male_genitals,private_part,private_parts,privates,reasonably_sized_genitals",Bộ phận sinh dục
nipples,0,2820675,"male_nipples,monotone_nipples,niples,nippel,nippels,nippes,nipple,nippls,nupples,wandering_nipple",Núm vú
penis,0,2649254,"alien_cock,alien_dick,alien_dong,alien_penis,avian_penis,beautiful_penis,big_black_cock,cock,cocks,custom_penis,cute_penis,dick,dicks,dong,draconic_cock,draconic_penis,dragon_cock,dragon_penis,epnis,exposed_penis,inherited_penis,insect_penis,lizard_penis,massive_cock,massive_penis,member,neon_penis,peen,peins,pene,penes,peni,penii,penises,pennis,pensi,penus,phallus,pneis,pênis,reptile_penis,schlong,shaft",Dương vật
black_hair,0,2519220,"/blackh,black)hair,black_hairs,black_mohawk,blackhair,blakc_hair,long_black_hair,short_black_hair",Tóc đen
blonde_hair,0,2464664,"/blondeh,blond,blond_hair,blonde,blonde-hair,blonde_short_hair,blondehair,dirty_blonde,dirty_blonde_hair,gold_hair,golden_hair,long_blond_hair,long_blonde_hair,long_yellow_hair,short_blond_hair,short_blonde_hair,short_yellow_hair,yellow-hair,yellow_hair",Tóc vàng
brown_hair,0,2401431,"/brownh,bronw_hair,brown)hair,brown-hair,brownhair,brunette,brunette_hair,chocolate_hair,dark_brown_hair,hair_brown,light_brown_hair,long_brown_hair,short_brown_hair",Tóc nâu
hair,7,2349506,"anime_hair,colorful_hair,gair,girly_hair,hair_style,hairdo,hairstyle,in_hair,neon_hair,stylish_hair",Tóc
fur,7,2338813,"furred,furred_marine,monochrome_fur,uncolored_fur",Lông thú
nude,0,2317902,"bareness,butt_naked,clothes_off,completely_naked,full_nudity,nacked,nake,naked,no_clothes,nude_student,nude_teacher,nudes,nudity,sfw_nudity,unclothed,wholesome_nudity",Khỏa thân
large_breasts,0,2280830,"/lb,large_boobs,large_breast,large_tits",Ngực lớn
navel,0,2241042,"belly-button,belly_button,bellybutton,exposed_navel,innie_navel,naevl,naval,navels,navl,navle,navles,nvael,nval,nvel,umbilici,umbilicus,umbilicuses",Rốn
red_eyes,0,2134789,"dark_red_eyes,red_eye,red_iris,red_irises,redeyes,scarlet_eyes",Mắt đỏ
closed_mouth,0,1993915,,Miệng khép
hair_between_eyes,0,1809789,bangs_between_eyes,Tóc giữa hai mắt
animal_ears,0,1789349,"kemonomimi,pokemon_ears",Tai động vật
teeth,0,1779834,"canine_teeth,canines_(teeth),teath,teeth_visible,teethy,teth,toothy,white_teeth,white_tooth,whtie_teeth",Răng
tongue,0,1687580,"monotone_tongue,tonge,tongues,tonque,tougue,tounge,toungue",Lưỡi
green_eyes,0,1624752,"emerald_eyes,green-eyes,green_eye,green_eys,green_iris,green_irises,greeneyes,light_green_eyes",Mắt xanh lá
cleavage,0,1612086,"absolute_cleavage,clevage,overboob,top_breast",Khe ngực
very_long_hair,0,1428129,"/vlh,hair_past_waist",Tóc rất dài
bare_shoulders,0,1423142,"bare_shoulder,bareshoulders",Vai trần
blue_hair,0,1421366,"/blueh,blue)hair,blue_hairs,bluehair,cyan_hair,dark_blue_hair,indigo_hair,light_blue_hair,long_blue_hair,short_blue_hair",Tóc xanh dương
purple_eyes,0,1406771,"lavender_eyes,light_purple_eyes,lilac_eyes,pruple_eyes,purple_eye,purple_iris,purple_irises,purpleeyes,violet_eyes",Mắt tím
multicolored_hair,0,1357170,"3-color_hair,3-colored_hair,3-tone_hair,3-toned_hair,3_color_hair,3_tone_hair,3_toned_hair,black_and_green_hair,black_and_red_hair,black_and_white_hair,four_color_hair,multi-color_hair,multi-colored_hair,multi-colour_hair,multi-coloured_hair,multi-tone_hair,multi-toned_hair,multi_color_hair,multi_colored_hair,multi_colour_hair,multi_coloured_hair,multi_tone_hair,multi_toned_hair,multicolor_hair,multicolored)hair,multicolour_hair,multicoloured_hair,multitone_hair,multitoned_hair,mutlicolored_hair,red_and_black_hair,three-color_hair,three-colored_hair,three-tone_hair,three-toned_hair,three_color_hair,three_tone_hair,three_toned_hair,tri-color_hair,tri-colored_hair,tri-tone_hair,tri-toned_hair,tri_color_hair,tri_tone_hair,tri_toned_hair,tricolor_hair,tricolored_hair,tritone_hair,tritoned_hair,white_and_black_hair,yellow_and_brown_hair",Tóc nhiều màu
genital_fluids,7,1353607,"genital_fluid,genitalia_fluid,genitalia_fluids",Dịch sinh dục
yellow_eyes,0,1306720,"gold_eyes,golden_eyes,hazel_eyes,hazeleyes,yellow_eye,yellow_iris,yellow_irises,yelloweyes",Mắt vàng
full_body,0,1297593,,Toàn thân
medium_breasts,0,1292434,"medium_boobs,medium_breast,medium_tits",Ngực vừa
white_hair,0,1290428,"long_white_hair,short_white_hair,white)hair,white-hair,whitehair,whtie_hair",Tóc trắng
twintails,0,1246807,"/tt,twin_tails,twintaiks,twintail",Tóc buộc hai bên
brown_eyes,0,1221247,"browneyes,caramel_eyes,hazel_eyes,light_brown_eyes",Mắt nâu
pink_hair,0,1218500,"/pinkh,dark_pink_hair,long_pink_hair,pink)hair,pinkhair,short_pink_hair",Tóc hồng
upper_body,0,1207929,bust,Nửa thân trên
tongue_out,0,1157533,"lolling,sticking_out_tongue,sticking_tongue,sticking_tongue_out,tonge_out,tongnue_out,tongue-out,tongue_sticking_out,tongues_out,tougue_out,tounge_out,toungue_out",Thè lưỡi
wings,0,1154875,"2_wings,wing,winged",Đôi cánh
big_breasts,7,1147922,"big-tits,big_boobies,big_boobs,big_breast,big_breats,big_tits,bigboob,bigboobs,bigbreast,bigbreasts,bigtits,busty,large_boobs,large_breast,large_tits",Ngực to
grey_hair,0,1122043,"dark_grey_hair,gray_hair,grey)hair,light_gray_hair,light_grey_hair,long_grey_hair,long_silver_hair,short_grey_hair,short_silver_hair,silver_hair",Tóc xám
feet,0,1121083,"bird_feet,feets,foot,unusual_feet",Bàn chân
closed_eyes,0,1069707,,Nhắm mắt
purple_hair,0,1068894,"/purpleh,dark_purple_hair,lavender_hair,lilac_hair,long_purple_hair,purple)hair,purple-hair,purplehair,short_purple_hair,violet_hair",Tóc tím
ponytail,0,1061299,"pony_tail,ponytail_(hair),ponytail_hair,ponytails",Tóc đuôi ngựa
ahoge,0,1000739,,Tóc chỉa
white_body,7,968572,"white_american_shepherd,white_bdoy,white_german_shepherd,white_jaguar,white_leopard,white_lion,white_panther,white_raccoon,white_shepherd,white_siberian_tiger,whtie_body",Cơ thể trắng
sidelocks,0,950593,"forelocks,payot",Tóc mai
braid,0,936678,"braids,hair_braid",Tóc tết
red_hair,0,917138,"/redh,long_red_hair,red)hair,red-hair,red_head,redhair,redhead,short_red_hair",Tóc đỏ
anus,0,896298,"animal_anus,anuses,ass_hole,asshole,butt_hole,butthole,canine_anus,drool_worthy_anus,exposed_anus,non-mammal_anus,pucker,rabbit_hole,tail_hole,tailhole,visible_anus",Hậu môn
horn,7,874851,"draconic_horn,draconic_horns,horm,horned,neon_horn,neon_horns",Sừng
:d,0,863147,open-mouth_smile,Biểu cảm :D
small_breasts,0,818570,"petanko,small_boobs,small_breast,small_tits,tiny_boobs,tiny_breast,tiny_breasts,tiny_tits",Ngực nhỏ
toes,0,817660,"monotone_toes,toe",Ngón chân
one_eye_closed,0,791855,"eye_closed,eye_open,one_closed_eye,one_eye_open,one_eye_shut,one_eyes_closed,open_eye",Nhắm một mắt
huge_breasts,0,790918,"/hb,breasts_bigger_than_head,breasts_bigger_than_torso,enormous_boobs,enormous_breast,enormous_breasts,enormous_tits,giant_boobs,giant_breast,giant_breasts,giant_tits,gigantic_boobs,gigantic_breast,gigantic_tits,huge_boobs,huge_breast,huge_tits",Ngực khổng lồ
white_fur,0,761388,"whitefur,whtie_fur",Lông trắng
looking_back,0,753987,"lookign_back,looking_behind,looking_over_shoulder,looks_back,over_the_shoulder",Ngoái nhìn
spread_legs,0,753806,"leg_spread,leg_spreading,legs_open,legs_spread,legs_spreading,legsapart,open_legs,separated_legs,spead_legs,spread_leg,spreading_legs,spreadlegs",Dạng chân
parted_lips,0,752995,,Môi hé
pointy_ears,0,734771,"elf_ears,elven_ears,point_ear,point_ears,pointed_ear,pointed_ears,pointy-ears,pointy_ear,pointy_eared",Tai nhọn
fingers,7,716106,"figers,figners,finger,monotone_fingers",Ngón tay
horns,0,697897,,Sừng
green_hair,0,687979,"/greenh,dark_green_hair,green)hair,greenhair,light_green_hair,long_green_hair,short_green_hair",Tóc xanh lá
eyelashes,0,681085,"black_eyelashes,eye_lashes,eyelash",Lông mi
medium_hair,0,659903,shoulder-length_hair,Tóc dài vừa
tuft,7,644419,"monotone_tuft,monotone_tufts",Chưa có bản dịch
animal_genitalia,7,637966,"animal_anatomy,animal_genetalia,animal_genital,animal_genitalita,animal_genitals,feral_genital,feral_genitalia,feral_genitals",Bộ phận sinh dục động vật
humanoid_penis,7,616160,"anthro_gynomorph_with_human_penis,anthro_herm_with_human_penis,anthro_intersex_with_human_penis,anthro_male_with_human_penis,anthro_maleherm_with_human_penis,humaanoid_penis,human_cock,human_dick,human_penis,human_penis_on_anthro,human_penis_on_feral,human_penis_on_humanoid,human_penis_on_non-human,human_penis_on_non-humanoid,human_penis_on_non_human,human_penis_on_non_humanoid,human_penis_on_nonhuman,human_penis_on_nonhumanoid,human_penis_on_taur,humaniod_penis,humanoid-penis,humanoid_cock,humanoid_dick,humanoid_peen,humanoid_penis_on_anthro,humanoid_penis_on_humanoid,humanoid_penis_on_non-human,humanoid_penis_on_non-humanoid,humanoid_penis_on_non_human,humanoid_penis_on_non_humanoid,humanoid_penis_on_nonhuman,humanoid_penis_on_nonhumanoid,humanoid_penis_on_taur,huminoid_penis,non-humanoid_humanoid_penis,non_humanoid_humanoid_penis,nonhumanoid_humanoid_penis",Dương vật dạng người
markings,0,600635,"body_makring,body_marking,body_marks,mark_(marking),mark_(markings),markigns,marking,marks,marks_(marking),marks_(markings),neon_marking,neon_markings,skin_marking,skin_markings",Dấu vết / hoa văn
hand_up,0,567575,"hand_raised,one_hand_raised",Giơ tay
brown_body,7,561337,"brown_fox,brown_skunk,dark_brown_body,light_brown_body",Cơ thể nâu
pink_eyes,0,517150,"pink_eye,pink_iris,pink_irises,rose_eyes",Mắt hồng
big_penis,7,503512,"big-penis,big_black_cock,big_cock,big_cocks,big_dick,bigpenis,comically_large_penis,hung,large_cock,large_dick,oversized_penis",Dương vật lớn
black_body,7,489302,"black_fox,black_jaguar,black_lab,black_labrador,black_leopard,black_lion,black_rabbit,black_tiger,black_wolf",Cơ thể đen
multicolored_body,7,473069,"black_and_white_body,black_and_yellow_body,four_color_body,multi-colored_body,multi_colored_body,multi_tone_body,multicoloured_body,red_and_white_body,three-tone_body,three-toned_body,three_color_body,three_tone_body,three_toned_body,white_and_pink_body",Cơ thể nhiều màu
grin,0,472486,"grinning,grins,shit_eating_grin",Cười toe toét
blue_body,7,467344,"blue_avian,blue_fox,blue_panda,cyan_body,dark_blue_body,indigo_body,light_blue_body",Cơ thể xanh dương
brown_fur,0,460543,"brown-fur,brownfur,dark_brown_fur,grown_fur,light_brown_fur",Lông nâu
black_eyes,0,454843,"black_iris,black_irises",Mắt đen
animal_penis,0,452994,"animal_dick,feral_penis,reptile_penis",Dương vật động vật
eyes_closed,7,449266,"both_eyes_closed,close_eyes,closed_eye,eyes-closed,eyes_shut",Nhắm mắt
dark_skin,0,447052,"dark-skinned_futanari,dark_skin_female,dark_skinned,dark_skinned_female,dark_skinned_human,dark_skinned_male,darkskin",Da sẫm
streaked_hair,0,443872,highlights,Tóc có lọn màu khác
narrowed_eyes,0,443331,"eye_narrow,eye_narrowed,eye_narrowing,eye_partially_closed,eye_partly_closed,eye_slightly_closed,eyes_narrow,eyes_narrowed,eyes_narrowing,eyes_partially_closed,eyes_partly_closed,eyes_slightly_closed,narrow_eye,narrow_eyes,narrowed_eye,narrowing_eye,narrowing_eyes,partially_closed_eye,partially_closed_eyes,partly_closed_eye,partly_closed_eyes,slightly_closed_eye,slightly_closed_eyes",Nheo mắt
grey_body,7,442399,"brey_body,dark_grey_body,gray_body,gray_dragon,grey_dragon,light_grey_body",Cơ thể xám
blunt_bangs,0,435640,,Tóc mái ngang
orange_hair,0,425693,"ginger_hair,long_orange_hair,prange_hair,short_orange_hair",Tóc cam
cat_ears,0,412472,"/cat,catears,nekomimi",Tai mèo
belly,0,409193,"bellies,chubby_belly,crotch_belly,crotchbelly,gut,pudgy_belly,round_belly,tummy",Bụng
two-tone_hair,0,406684,"/tth,two-tone-hair",Tóc hai màu
legwear,7,405840,leg_wear,Trang phục chân
hair_flower,0,404628,"/hflower,flower_hair_ornament,hair_flowers,hairflower",Hoa cài tóc
hair_bun,0,388630,"bun,bun_(hairstyle),hair_buns,hairbun,hairbuns,man_bun,manbun,sock_bun",Tóc búi
half-closed_eyes,0,382192,"eye_half_opened,eyes_half-closed,eyes_half_closed,eyes_half_open,eyes_half_opened,eyes_half_shut,half-closed-eyes,half-lidded_eyes,half-open_eye,half-open_eyes,half-opened_eye,half-opened_eyes,half_closed,half_closed_eye,half_closed_eyes,half_lidded_eyes,half_open_eye,half_open_eyes,half_opened_eye,half_opened_eyes,halfclosed_eyes,halflid_eyes",Mắt lim dim
hair_over_one_eye,0,375784,"/hooe,eye_covering_bang",Tóc che một mắt
ejaculation,0,374759,"cuming,cumming,ejaculate,ejaculating,ejaculating_cum,ejaculation_between_breasts",Xuất tinh
5_fingers,7,370966,"5_figner,5_fignered,5_figners,5_finger,5_fingered,5f,5fingers,five_figner,five_fignered,five_figners,five_finger,five_fingered,five_fingers",Năm ngón tay
animal_ear_fluff,0,370856,,Lông viền tai động vật
eyebrows,7,367426,"eybrows,eye_brow,eye_brows,eyebrow,monotone_eyebrows",Lông mày
pawpads,0,366724,"foot-pad,foot-pads,foot_pad,foot_pads,footpad,footpads,monotone_fingerpads,monotone_paw_pad,monotone_paw_pads,monotone_pawpad,monotone_pawpads,padpads,paw-pad,paw-pads,paw_beans,paw_pad,paw_pads,pawapds,pawbeans,pawpad,pawpawds,pawpaws,pawspad,pawspads,toe-bean,toe-beans,toe-been,toe-beens,toe_bean,toe_beans,toe_been,toe_beens,toebean,toebeans,toebeen,toebeens",Đệm chân thú
off_shoulder,0,358161,"off-shoulder,off_shoulders",Trễ vai
nail_polish,0,348144,"nail_varnish,painted_nails",Sơn móng
black_nose,0,346565,"back_nose,black-nose,blacknose,blakc_nose,blck_nose",Mũi đen
black_fur,0,344285,"black-fur,blackfur,blakc_fur",Lông đen
orange_eyes,0,344025,"orange_eye,orange_iris,orange_irises",Mắt cam
rabbit_ears,0,336459,"bunny_ear,bunny_ears,rabbit_ear",Tai thỏ
grey_fur,0,324750,"dark_grey_fur,gray_fur,grey-fur,greyfur,light_gray_fur,light_grey_fur,silver_fur",Lông xám
multicolored_fur,0,324605,"black_and_red_and_gold_fur,black_and_white_fur,blue_and_white_fur,brown_and_tan_fur,brown_and_white_fur,grey_and_white_fur,multi-colored_fur,multi_colored_fur,multi_tone_fur,multicolor_fur,multicolour_fur,multicoloured_fur,mutlicolored_fur,red_and_black_fur,red_and_white_fur,three-tone_fur,three_tone_fur,three_toned_fur,white_and_black_fur,white_and_tan_fur",Lông nhiều màu
grey_eyes,0,320101,"gray_eyes,silver_eyes",Mắt xám
parted_bangs,0,316308,,Tóc mái rẽ
yellow_body,7,314697,"golden_laborador,golden_labrador,yellow_dragon,yellow_fox,yellow_lab,yellow_labrador",Cơ thể vàng
arm_up,0,308969,"arm_raised,one_arm_up",Giơ tay
fellatio,0,300596,"bj,blow,blow_job,blow_jobs,blowjob,cock_sucking,cocksucking,dick_sucking,dicksucking,felatio,felation,fellation,fellato,muzzle_docking,penis_sucking,sucking_cock,sucking_dick,sucking_penis",Quan hệ bằng miệng
sharp_teeth,0,298830,"needle-like_teeth,pointed_teeth,pointy_teeth,spiked_teeth,spiky_teeth",Răng nhọn
completely_nude,0,296688,completely_naked,Hoàn toàn khỏa thân
fingernails,0,294986,"finger_nail,finger_nails,fingernail",Móng tay
facial_hair,0,293822,,Râu
knot,7,291615,"bulbus_glandis,knott,knotted_cock,knotted_dragon_penis",Nút thắt
tan_body,7,290683,"beige_body,burlywood_body,cream_body,light_tan_body,tanbody",Cơ thể rám nắng
scar,0,289965,"body_scar,body_scars,scar_on_body,scarred,scars",Sẹo
handwear,7,283458,"hand_clothes,hand_clothing,hand_wear",Găng tay
hands_up,0,282533,hands_raised,Giơ hai tay
orange_body,7,280720,orange_dragon,Cơ thể cam
lips,0,273117,"human_lip,human_lips,lip,monotone_lips",Môi
hair_intakes,0,271108,hair_vents,Lọn tóc cuộn vào trong
v-shaped_eyebrows,0,268393,,Lông mày chữ V
arms_up,0,266097,"arms_above,arms_raised",Giơ tay lên
veiny_penis,0,264527,"cock_vein,penis_blood_vein,penis_vein,vainly_penis,veiny_cock,vieny_penis",Dương vật nổi gân
feathered_wings,0,263896,"avian_wings,feather_wing,feather_wings,feathered_wing,feathery_wings",Cánh lông vũ
upper_teeth_only,0,263590,,Chỉ thấy răng trên
aqua_eyes,0,258260,"cyan_eyes,turquoise_eyes",Mắt xanh ngọc
symbol-shaped_pupils,0,256880,symbol_shaped_pupils,Đồng tử hình biểu tượng
mole_under_eye,0,255763,,Nốt ruồi dưới mắt
two_tone_body,7,254367,"two-tone-body,two-tone_body,two_color_body",Cơ thể hai màu
twin_braids,0,252904,"double_braid,twin_braid,twinbraid,twinbraids",Hai bím tóc
blue_fur,0,248577,"bluefur,cyan_fur,dark_blue_fur,indigo_fur,light_blue_fur,turquoise_fur",Lông xanh dương
huge_penis,0,244286,"giant_penis,huge_cock,huge_dick",Dương vật rất lớn
feet_out_of_frame,0,242092,,Bàn chân ngoài khung hình
horse_ears,0,240259,,Tai ngựa
fake_animal_ears,0,239836,,Tai động vật giả
hand_on_own_hip,0,239317,hand_on_waist,Tay chống hông
flat_chest,0,238967,"flatchest,titty_buds,tsurupeta",Ngực phẳng
side_ponytail,0,238039,"side_tail,sidetail",Tóc đuôi ngựa lệch bên
fur_trim,0,237643,fur_lining,Viền lông
foreskin,0,235827,"uncircumcised,uncircumcised_penis,uncircumsized,uncircumsized_penis,uncut,uncut_cock,uncut_penis",Bao quy đầu
gradient_hair,0,234302,ombre_hair,Tóc chuyển sắc
canine_genitalia,7,233889,canine_genitals,Bộ phận sinh dục chó
cat_tail,0,233142,cat_tails,Đuôi mèo
penis_in_vagina,7,227135,penis_in_pussy,Dương vật trong âm đạo
fox_ears,0,222936,"/fox,kitsunemimi",Tai cáo
toe_claws,0,221727,"clawed_toes,feet_claws,foot_claws,toe_claw,toeclaws",Móng vuốt ở ngón chân
green_body,7,220628,"dark_green_body,green_dragon,green_panda",Cơ thể xanh lá
purple_body,7,219279,"dark_purple_body,lavender_body,light_purple_body,lilac_body,puple_body,purple_dragon,violet_body",Cơ thể tím
red_body,7,218481,"red_dragon,red_husky,red_raccoon",Cơ thể đỏ
embarrassed,0,217805,"ashamed,embarased_nude_female,embarassed,embarassed_nude_anthro,embarassed_nude_female,embarassed_nude_male,embarassing,embarassment,embarrased,embarrased_nude_female,embarrased_nude_male,embarrasing,embarrasment,embarrass,embarrassed_female,embarrassed_male,embarrassed_nude_andromorph,embarrassed_nude_anthro,embarrassed_nude_exposure,embarrassed_nude_female,embarrassed_nude_gynomorph,embarrassed_nude_herm,embarrassed_nude_male,embarrassed_nude_maleherm,embarrassing,embarrassment,enf,enm,looking_embarrassed,shame,shame_(embarassment)",Ngượng ngùng
colored_skin,0,216739,ishoku_hada,Da có màu
heterochromia,0,216600,"bi-colored_eyes,different_colored_eyes,heterochromia_iridum,hetrochromia,multi-color_eyes,multi_colour_eyes,odd_eye,two_colored_eyes",Mắt hai màu
orange_fur,0,215675,"apricot_fur,orangefur",Lông cam
yellow_fur,0,209894,"blond_fur,blonde_fur,gold_fur,golden_fur,yellow_ruff",Lông vàng
all_fours,0,209861,"all-fours,all_four,allfours,hands_and_knees,on_all_fours,on_fours,on_hands_and_knees",Tư thế chống bằng bốn chi
covered_nipples,0,206710,"covered_erect_nipples,erect_nipple,erect_nipplees,erect_nipples_under_clothes,errect_nipples,perky_nipples",Núm vú được che
canine_penis,7,204337,"canid_cock,canid_penis,canine-penis,canine_cock,canine_dick,dog_cock,dog_dick,dogcock,fox_cock,fox_dick,fox_penis,foxcock,k9_cock,k9_penis,wolf_cock,wolf_dick,wolf_penis,wolfcock",Dương vật chó
4_toes,7,201715,"4-toes,4_toe,4_toed,4t,4toed,4toes,four-toed,four-toes,four_toe,four_toed,four_toes,fourtoed,fourtoes",Bốn ngón chân
covered_navel,0,200367,clothed_navel,Rốn được che
cum_in_ass,0,199385,"anal_creampie,anal_cum,anal_cumshot,anal_nakadashi,creampied_anus,cum_in_anus,cum_in_butt,cum_inside_ass,semen_in_anus",Xuất tinh vào hậu môn
tan_fur,7,199297,"beige_fur,biege_fur,burlywood_fur,cream_fur,light_tan_fur,peach_fur,wheat_fur",Lông rám nắng
cum_in_vagina,7,197689,"cum_inside_pussy,implied_impregnation,vaginal_creampie,vaginal_cum,vaginal_cumshot",Xuất tinh vào âm đạo
floating_hair,0,196556,"hair_blowing,space_hair",Tóc bay
bare_arms,0,193542,,Cánh tay trần
pubic_hair,0,191042,"hairy_pussy,pubichair",Lông mu
pink_body,7,187280,"light_pink_body,pink_dragon,pink_fox,pink_leopard,pink_lion",Cơ thể hồng
single_braid,0,186187,,Một bím tóc
tail_markings,7,185354,"tail_markigns,tail_marking,tails_marking,tails_markings",Hoa văn trên đuôi
legs,0,184778,leg,Chưa có bản dịch
open_smile,7,183400,"open_mouth_smile,open_sile",Cười miệng mở
raised_tail,7,182549,"flagged_tail,lift_tail,lifted_tail,lifting_tail,lifts_tail,raise_tail,raised_tails,raising_tail,rasied_tail,tail-raised,tail_lift,tail_lifted,tail_lifting,tail_raise,tail_raising,tail_up",Đuôi dựng lên
bare_legs,0,182348,,Chân trần
double_bun,0,181353,"double_buns,double_hair_bun,hair_buns,space_buns,twin_bun",Hai búi tóc
big_belly,0,180800,"large_belly,pot_belly",Bụng lớn
aqua_hair,0,180728,cyan_hair,Tóc xanh ngọc
pupils,7,179019,"black_pupils,round_pupils",Đồng tử
chest_tuft,0,177759,"black_chest_tuft,blonde_chest_tuft,blue_chest_tuft,brown_chest_tuft,chest_fluff,chest_tuff,chest_tufts,cleavage_tuft,cleavage_tufts,dark_chest_tuft,green_chest_tuft,grey_chest_tuft,light_chest_tuft,monotone_chest_tuft,multicolored_chest_tuft,orange_chest_tuft,pink_chest_tuft,purple_chest_tuft,rainbow_chest_tuft,red_chest_tuft,tan_chest_tuft,two_tone_chest_tuft,white_chest_tuft",Chùm lông ngực
clenched_teeth,0,177331,"clecnhed_teeth,clenching_teeth,clentched_teeth,grit_teeth,gritted_teeth,gritting_teeth,teeth_clenched",Nghiến răng
partially_clothed,7,174856,"clothed_partially,mostly_clothed,mostly_dressed,partial_clothing,partially_dressed,partially_naked,partially_nude,partialy_clothed,partly_clothed,pulled_up_shirt,semi-naked,semi-nude,semi_naked,semi_nude",Mặc quần áo một phần
3_toes,7,174485,"3-toes,3_toe,3_toed,3t,3toed,3toes,three-toed,three-toes,three_toe,three_toed,three_toes,threetoed,threetoes,tridactyl",Ba ngón chân
equine_penis,7,171840,"equine_cock,equine_dick,equine_prick,equined_penis,horse-cock,horse-dick,horse-hung,horse-prick,horse_cock,horse_dick,horse_hung,horse_prick,horsecock,horsecocks,horsedick,horsehung,horseprick,inexplicable_horsecock",Dương vật ngựa
inner_ear_fluff,7,170064,"ear_fluff,fur_in_ears,ief,inner-ear_fluff,inner_ear_tuft,inner_ear_tufts",Lông tơ trong tai
eyeshadow,0,170029,"eye_shadow,eyeshadow_makeup,eyshadow",Phấn mắt
pubes,7,169653,"bushy_pubes,crotch_hair,furry_pubes,hairy_crotch,pubic_fluff,pubic_fur,pubic_hairs,pubic_tuft,pubichair,public_hair,public_tuft,pussy_hair",Lông mu
thick_eyebrows,0,168918,"big_eyebrows,bushy_eyebrows,fat_eyebrow,fat_eyebrows,large_eyebrow,large_eyebrows,thic_eyebrow,thic_eyebrows,thicc_eyebrow,thicc_eyebrows,thick_eyebrow",Lông mày rậm
cum_on_body,0,168752,"cum_in_armpit,cum_on_arms,cum_on_foot,cum_on_thigh,cum_on_thighs,cum_outside,semen_on_body,semen_on_lower_body,semen_on_upper_body",Tinh dịch trên cơ thể
two_tone_fur,7,167412,"two-tone-fur,two-toned_fur,two_toned_fur",Lông hai màu
non-mammal_breasts,7,166473,"boobsnake,nmb,non-mammal_breast,non-mammalian_breast,non-mammalian_breasts,non_mammal_breast,non_mammal_breasts,non_mammalian_breasts,snitties",Chưa có bản dịch
low_twintails,0,165969,,Chưa có bản dịch
mostly_nude,7,165666,"almost_naked,almost_nude,barely_dressed,functionally_naked,functionally_nude,moslty_nude,mostly_naked,nearly_naked,nearly_nude",Chưa có bản dịch
membrane_(anatomy),7,164717,"membrane_(feature),membranes,membranous,membranous_anatomy,membranous_skin,membranous_structure,membranus,syndactyly,webbing_(anatomy),webbing_(feature),webbing_anatomy",Chưa có bản dịch
4_fingers,7,164710,"4_figner,4_fignered,4_figners,4_finger,4_fingered,4f,4fingers,four_figner,four_fignered,four_figners,four_finger,four_fingered,four_fingers",Chưa có bản dịch
swept_bangs,0,164549,,Chưa có bản dịch
colored_inner_hair,0,163168,,Chưa có bản dịch
headphones,0,160261,"ear_phones,head_phones,headphone",Chưa có bản dịch
cum_in_mouth,0,160112,"cum_in_maw,cum_on_teeth,oral_creampie,oral_cumshot,semen_in_mouth",Chưa có bản dịch
fluffy_tail,0,159322,"bushy_tail,floofy_tail,poofy_tail,puffy_tail",Đuôi bồng bềnh
shiny_skin,0,158597,,Chưa có bản dịch
slit_pupils,0,156555,"cat_eyes,feline_eyes,reptile_eyes,slit_eyes,slit_pupil,slitted_eyes,slitted_pupils,vertical_pupil,vertical_pupils",Chưa có bản dịch
wavy_hair,0,155995,,Tóc gợn sóng
bright_pupils,0,155043,,Chưa có bản dịch
crossed_arms,0,154699,"arms_across_chest,arms_crosed,arms_crosse,arms_crossed,arms_folded,cross_arm,cross_arms,crossed_arm,crossing_arm,crossing_arms,folded_arms,folding_arms",Khoanh tay
pink_nipples,7,153202,pink_nipple,Chưa có bản dịch
fox_tail,0,151867,,Đuôi cáo
nose_blush,0,150954,,Chưa có bản dịch
alternate_hairstyle,0,149387,"/ahs,alternate_hair-style,alternate_hair_length,alternate_hair_style,alternate_haircut,alternative_hair-style,alternative_hair_style,alternative_hairstyle",Chưa có bản dịch
nude_anthro,7,147937,naked_anthro,Chưa có bản dịch
facial_tuft,7,147649,"face_tuft,face_tufts,facial_tufts",Chưa có bản dịch
holding_hands,0,147638,"handholding,holding_another's_hand",Chưa có bản dịch
glowing_eyes,0,146241,"eye_glow,eyes_glowing,glow_eyes,luminous_eyes",Chưa có bản dịch
membranous_wings,7,145974,"devil_wings,drake_wings,leather_wings,membrane_wings,membraneous_wings,membranous_wing,membranuous_wings,membranus_wings,succubus_wings,webbed_wings,wing_membrane,wing_membranes",Chưa có bản dịch
arm_support,0,145292,,Chưa có bản dịch
demon_horns,0,145080,devil_horns,Chưa có bản dịch
white_pupils,0,144052,white_pupil,Chưa có bản dịch
penis_in_ass,7,142881,"cock_in_ass,penile_in_ass,penis_in_anus,penis_in_butt",Chưa có bản dịch
eye_contact,0,140823,"eyecontact,looking_at_each_other,looking_each_other,staring_into_eyes",Chưa có bản dịch
horse_tail,0,140508,,Đuôi ngựa
humanoid_hands,7,140061,"huamnoid_hands,human_hand,human_hands,humanoid_fingers,humanoid_hand",Chưa có bản dịch
bedroom_eyes,7,139346,"bedroon_eyes,fuck_me_eyes,seducing_expression,seducing_eyes,seducing_face,seducing_gaze,seducing_look,seducing_smile,seducing_stare,seductive_expression,seductive_eyes,seductive_face,seductive_gaze,seductive_look,seductive_stare,sexy_eyes",Chưa có bản dịch
black_sclera,0,137753,"black_eye_membrane,black_eye_white,black_eye_whites,black_outer_eye,black_schlera,black_scleras,black_sclerotic_coat,black_slcera,black_white_of_the_eye,black_white_of_the_eyes,black_whites_of_the_eye,black_whites_of_the_eyes,blakc_sclera",Chưa có bản dịch
black_nails,0,136844,,Chưa có bản dịch
cheek_tuft,7,135675,"black_cheek_tuft,blonde_cheek_tuft,blue_cheek_tuft,brown_cheek_tuft,cheek_fluff,cheek_tufts,dark_cheek_tuft,fluffy_cheeks,green_cheek_tuft,grey_cheek_tuft,light_cheek_tuft,monotone_cheek_tuft,multicolored_cheek_tuft,orange_cheek_tuft,pink_cheek_tuft,purple_cheek_tuft,rainbow_cheek_tuft,red_cheek_tuft,tan_cheek_tuft,two_tone_cheek_tuft,white_cheek_tuft",Chưa có bản dịch
lipstick,0,134435,lip_stick,Chưa có bản dịch
cleavage_cutout,0,133944,"boob_cutout,boob_window,breast_cutout,breast_window,cleavage_window,heart_cleavage_cutout,keyhole_cutout,keyhole_window,tit_window",Chưa có bản dịch
drill_hair,0,132929,"doriru,drillhair",Chưa có bản dịch
pectorals,0,131704,male_chest,Chưa có bản dịch
antenna_hair,0,130826,"antennae_hair,double_ahoge,hair_antenna",Chưa có bản dịch
high_ponytail,0,129800,,Chưa có bản dịch
crossed_legs,0,129296,"cross_legged,crossed_legs_(lying),crossed_legs_(sitting),crossed_legs_(standing),crossing_legs,crosslegged,legs_crossed",Chưa có bản dịch
standing_on_one_leg,0,128818,"on_one_foot,standing_on_one_foot",Chưa có bản dịch
handjob,0,128418,"hand_job,tekoki",Chưa có bản dịch
female_pubic_hair,0,128410,pubic_hair_(female),Chưa có bản dịch
body_hair,0,126390,"bodily_hair,bodyhair",Chưa có bản dịch
arms_behind_back,0,126290,/abb,Hai tay ra sau lưng
hand_on_butt,7,122337,"hand_on_ass,hand_on_booty,hands_on_ass,hands_on_booty,hands_on_butt,hoof_on_ass,hoof_on_booty,hoof_on_butt,hooves_on_ass,hooves_on_booty,hooves_on_butt",Chưa có bản dịch
heart-shaped_pupils,0,122092,,Chưa có bản dịch
dipstick_tail,7,121559,"dipstick,dipstick_tails,tail_tip",Chưa có bản dịch
x_hair_ornament,0,120194,,Chưa có bản dịch
finger_claws,0,119861,"clawed_finger,clawed_fingers,fingerclaws,fingers_claws",Chưa có bản dịch
wolf_ears,0,117838,"coyote_ears,ookamimimi",Tai sói
own_hands_together,0,117794,,Chưa có bản dịch
hyper_genitalia,7,117602,"hyper_genital,hyper_genitals",Chưa có bản dịch
armwear,7,117539,arm_wear,Chưa có bản dịch
pointing,0,115683,"finger_pointing,point,pointing_finger",Chưa có bản dịch
leg_up,0,113197,one_leg_raised,Chưa có bản dịch
pink_nose,0,111923,pinknose,Mũi hồng
double-parted_bangs,0,110633,,Chưa có bản dịch
purple_fur,0,110395,"dark_purple_fur,lavender_fur,lilac_fur,purplefur,violet_fur",Lông tím
mouth_hold,0,110379,,Chưa có bản dịch
crossed_bangs,0,110144,,Chưa có bản dịch
fingering,0,109861,"finger_fucking,fingerfuck,fingers_in_pussy",Chưa có bản dịch
non-mammal_nipples,7,109473,non_mammal_nipples,Chưa có bản dịch
scar_on_face,0,109446,,Chưa có bản dịch
legs_up,0,109154,"legs_raised,raised_legs",Chưa có bản dịch
spiked_hair,0,108914,spikey_hair,Chưa có bản dịch
cum_on_face,7,108612,"cum_facial,cum_in_face,cum_on_another's_face,cum_on_mouth,cum_on_nose,facial_cumshot",Chưa có bản dịch
nude_female,7,107520,naked_female,Chưa có bản dịch
wavy_mouth,0,107230,,Miệng gợn sóng
red_fur,0,107218,"dark_red_fur,redfur",Lông đỏ
straight_hair,0,106793,,Tóc thẳng
skin_fang,0,106518,,Chưa có bản dịch
antlers,0,106453,"antler,deer_horn,deer_horns",Chưa có bản dịch
messy_hair,0,106338,"bed_head,disheveled_hair,frizzy_hair,morning_hair,unkempt_hair",Tóc rối
eyes_visible_through_hair,0,105578,,Mắt lộ qua tóc
hair_tubes,0,105238,hair_tube,Chưa có bản dịch
armband,0,105075,"arm_band,arm_bands,armbands",Chưa có bản dịch
pink_fur,0,104962,"light_pink_fur,pinkfur",Lông hồng
long_tail,7,103049,long-tail,Đuôi dài
nude_male,7,101888,"naked_male,nude_male_partially_clothed_female",Chưa có bản dịch
clothed_anthro,7,101798,"clothed_anthro_nude_andromorph,clothed_anthro_nude_anthro,clothed_anthro_nude_female,clothed_anthro_nude_gynomorph,clothed_anthro_nude_herm,clothed_anthro_nude_human,clothed_anthro_nude_humanoid,clothed_anthro_nude_intersex,clothed_anthro_nude_male,clothed_anthro_partially_clothed_anthro,clothed_anthro_partially_clothed_male",Chưa có bản dịch
floppy_ears,0,101674,"flopped_ear,flopped_ears,floppy_ear,flopy_ear,flopy_ears,v-shaped_ear,v-shaped_ears,v_shaped_ear,v_shaped_ears",Chưa có bản dịch
yellow_sclera,0,101357,"yellow_esclera,yellow_eye_membrane,yellow_eye_white,yellow_eye_whites,yellow_outer_eye,yellow_scleras,yellow_sclerotic_coat,yellow_slcera,yellow_white_of_the_eye,yellow_white_of_the_eyes,yellow_whites_of_the_eye,yellow_whites_of_the_eyes",Chưa có bản dịch
big_muscles,7,101298,"big_abs,big_brachioradialis,big_calves,big_carpi,big_extensor_carpi,big_flexor_carpi,big_infraspinatus,big_latissimus_dorsi,big_muscle,big_obliques,big_sartorius,big_scalenes,big_serratus,big_sternocleidomastoid,big_teres_major,big_trapezius,large_muscles",Chưa có bản dịch
dot_nose,0,101234,,Chưa có bản dịch
foot_focus,0,100926,"feet_focus,paw_focus,pov_feet,presenting_feet,presenting_paw,presenting_paws,sole_focus",Chưa có bản dịch
head_wings,0,100553,"ear_wing,hair_wing,head_wing,headwings,winged_ears",Chưa có bản dịch
alternate_breast_size_(larger),0,100549,larger_breasts_than_canon,Chưa có bản dịch
hyper_penis,7,99523,"hyper_cock,hyper_dick,hypercock,hyperdick,hyperphallic,impossibly_large_penis,unusually_hyper_penis",Chưa có bản dịch
long_ears,7,98893,"long_ear,longears",Tai dài
white_skin,0,98798,whtie_skin,Da màu trắng
hand_on_breast,7,98018,"hand_on_breasts,hands_on_breast,hands_on_breasts",Chưa có bản dịch
cum_on_penis,0,96418,"cum_on_cock,cum_on_dick",Chưa có bản dịch
grabbing_another's_breast,0,96327,"boob_grab,breasts_grab,grabbing_breasts",Chưa có bản dịch
outstretched_arm,0,96170,,Chưa có bản dịch
polearm,0,95284,pole_arm,Chưa có bản dịch
red_nails,0,95028,,Chưa có bản dịch
outstretched_arms,0,94612,,Chưa có bản dịch
bat_wings,0,94526,"bat_wing,batwing,batwings",Chưa có bản dịch
short_tail,0,94013,"stub_tail,stubby_tail",Đuôi ngắn
single_hair_bun,0,93896,"bun,hairbun",Chưa có bản dịch
cum_on_breasts,0,92949,"boob_cumshot,cum_on_boob,cum_on_boobs,cum_on_breast,cum_on_tits,semen_on_breasts",Chưa có bản dịch
dog_ears,0,92024,"/dog,african_wild_dog_ears,dog_ear,inumimi",Tai chó
neck_tuft,0,91993,"black_neck_tuft,blonde_neck_tuft,blue_neck_tuft,brown_neck_tuft,dark_neck_tuft,fluffy_neck,fluffy_neck_fur,green_neck_tuft,grey_neck_tuft,light_neck_tuft,monotone_neck_tuft,multicolored_neck_tuft,neck_fluff,neck_tufts,neckfluff,orange_neck_tuft,pink_neck_tuft,purple_neck_tuft,rainbow_neck_tuft,red_neck_tuft,tan_neck_tuft,two_tone_neck_tuft,white_neck_tuft,yellow_neck_tuft",Chưa có bản dịch
extra_ears,0,91446,,Chưa có bản dịch
hand_on_own_chest,0,91177,hand_to_own_chest,Chưa có bản dịch
demon_tail,0,90567,devil_tail,Chưa có bản dịch
breasts_out,0,89301,breasts_outside,Chưa có bản dịch
clothed_female,7,88890,"cfn?,cfnf,cfni,clothed_female_nude_ambiguous,clothed_female_nude_andromorph,clothed_female_nude_anthro,clothed_female_nude_cuntboy,clothed_female_nude_dickgirl,clothed_female_nude_gynomorph,clothed_female_nude_herm,clothed_female_nude_human,clothed_female_nude_intersex,clothed_female_nude_maleherm,clothed_female_partially_clothed_male,n?cf,nfcf,nicf,nmcf,nude_female_clothed_female,nude_intersex_clothed_female,nude_male_clothed_female",Chưa có bản dịch
clenched_hand,0,88638,"clenched_fist,closed_fist",Chưa có bản dịch
rabbit_tail,0,88401,bunny_tail,Đuôi thỏ
short_twintails,0,87714,,Chưa có bản dịch
side_braid,0,87380,,Chưa có bản dịch
on_front,7,87108,"belly_down,laying_on_belly,laying_on_front,laying_on_stomach,lying_on_belly,lying_on_front,lying_on_stomach,on-front,on_belly,prone",Chưa có bản dịch
wing_collar,0,86327,,Chưa có bản dịch
blue_skin,0,85433,"cyan_skin,indigo_skin",Da màu xanh dương
humanoid_pointy_ears,7,84801,"elf_ear,elf_ears,elven_ear,elven_ears,humanoid_pointed_ears,point_ear,point_ears,pointed_ear,pointed_ears,pointed_humanoid_ears,pointy_ear,pointy_eared_humanoid,pointy_humanoid_ears,spock_ear,spock_ears,vulcan_ear,vulcan_ears",Chưa có bản dịch
two_tone_hair,7,84723,"bi-color_hair,bi-colored_hair,bi-tone_hair,bi-toned_hair,bi_color_hair,bi_colored_hair,bi_tone_hair,bi_toned_hair,bicolor_hair,bicolored_hair,bitone_hair,bitoned_hair,double_color_hair,two-toned_hair,two_color_hair,two_colored_hair,two_toned_hair,two_tones_hair",Chưa có bản dịch
low_ponytail,0,83715,,Chưa có bản dịch
bouncing_breasts,0,83339,"bouncing_breast,bouncing_tits,bouncy_breast,breast_bounce,jiggling_breasts,swinging_breasts",Chưa có bản dịch
shaded_face,0,83258,"shaded_eyes,shadow_over_eyes",Chưa có bản dịch
pale_skin,0,83200,paleskin,Da nhạt
countershade_torso,7,83065,"countershade_chest,countershaded_torso",Chưa có bản dịch
disembodied_penis,0,82988,"disbodied_penis,disembodied_cock,disembodied_cocks,disembodied_dick,disembodied_dicks,disembodied_penises,floating_dicks,floating_penis",Chưa có bản dịch
heart_eyes,7,82716,"<3_eye,<3_eyes,heart_eye,heart_in_eyes,hearteyes,hearts_in_eyes",Chưa có bản dịch
toenails,0,82229,"toe_nail,toe_nails,toenail",Chưa có bản dịch
striped_body,7,81155,stripped_body,Chưa có bản dịch
nails,7,80941,"3_nails,4_nails,5_nails,monotone_nails",Chưa có bản dịch
blue_nails,0,80910,cyan_nails,Chưa có bản dịch
pink_nails,0,80552,,Chưa có bản dịch
pink_penis,7,80534,"pink-penis,pink_dick",Chưa có bản dịch
multicolored_tail,0,80506,"multi-colored_tail,multi_colored_tail,multi_tone_tail,mutli_colored_tail,pink_and_purple_tail,three-tone_tail,three-toned_tail,three_tone_tail,three_toned_tail,white_and_tan_tail",Đuôi nhiều màu
hand_on_hip,7,80440,"hand_on_hips,hand_on_waist",Tay chống hông
hair_over_shoulder,0,80423,,Chưa có bản dịch
mole_under_mouth,0,79859,,Chưa có bản dịch
glistening_body,7,79697,shiny_body,Chưa có bản dịch
disembodied_hand,0,79647,"diesmbodied_hand,disembodied_arms,disembodied_hands,disembodied_paw,floating_hand",Chưa có bản dịch
presenting_vulva,7,79633,"female_presenting_pussy,presenting_pussy,presenting_vagina",Chưa có bản dịch
humanoid_feet,7,79037,"human_feet,human_foot,humanoid_foot",Chưa có bản dịch
black_wings,0,77805,black_wing,Cánh đen
white_eyes,0,77769,"white_eye,white_iris,white_irises",Mắt trắng
nipple_outline,7,77748,"erect_nipples_under_clothes,nipple_bulge,nipple_bulges,nipple_bulging,nipple_bump,nipple_bumps,nipple_outlines,nipples_bulge,nipples_bulges,nipples_bulging,nipples_bump,nipples_bumps,nipples_outline,protruding_nipple,protruding_nipples",Chưa có bản dịch
dragon_horns,0,77401,,Sừng rồng
buckteeth,7,77287,"buck_tooth,bucked_teeth,bucktooth,bunny_teeth,hare_teeth,rabbit_teeth",Chưa có bản dịch
leg_markings,0,77163,"leg_(marking),leg_(markings),leg_markigns,leg_marking,legs_(marking),legs_(markings),legs_marking,legs_markings",Chưa có bản dịch
foot_fetish,7,76765,"feet_fetish,feet_worship,foot_animation,foot_fetishism,foot_partialism,foot_sex,foot_worshipping,footfetish,paw_fetish,paw_worship,podophile,podophilia",Chưa có bản dịch
white_wings,0,76706,,Cánh trắng
hand_gesture,7,76498,,Chưa có bản dịch
multicolored_eyes,0,76461,"blue_and_gold_eyes,multi_colored_eyes,multi_tone_eyes,multicolor_eyes,multicoloured_eyes",Mắt nhiều màu
5_toes,7,76311,"5_toe,5_toed,5t,5toes,five_toe,five_toed,five_toes",Chưa có bản dịch
armpit_hair,0,76121,"armpit_fur,hairy_armpit",Chưa có bản dịch
cropped_torso,0,75835,,Chưa có bản dịch
index_finger_raised,0,75792,finger_raised,Chưa có bản dịch
raised_leg,7,75520,"leg_lifted,leg_raised,lift_leg,lift_legs,lifted_leg,lifted_legs,lifting_leg,lifting_legs",Chưa có bản dịch
knotted_penis,0,75393,"canine_knot,canine_knotted_penis,knotted_canine_penis,knotted_cock,knotted_dragon_penis",Chưa có bản dịch
hand_on_own_face,0,75317,hand_to_own_face,Chưa có bản dịch
breast_play,7,75021,,Chưa có bản dịch
one_eye_covered,0,74946,,Chưa có bản dịch
licking_lips,0,74500,":9,licking_chops,licking_lip,lip_lick,lip_licking,lips_lick",Chưa có bản dịch
spotted_body,7,74432,,Chưa có bản dịch
mouth_closed,7,74170,closed_muzzle,Chưa có bản dịch
arms_behind_head,0,73482,,Chưa có bản dịch
armlet,0,73439,"arm_bracelet,arm_bracelets,armlets",Chưa có bản dịch
between_breasts,0,72819,object_in_cleavage,Chưa có bản dịch
cropped_legs,0,72771,cropped_feet,Chưa có bản dịch
facial_markings,7,72683,"face_marking,face_markings,facial_markigns,facial_marking,facial_marks",Chưa có bản dịch
faceless,0,72563,no_face,Chưa có bản dịch
multicolored_ears,0,72391,"black_and_white_ears,black_and_yellow_ears,multi_tone_ears,pink_and_blue_ears,red_and_white_ears",Tai nhiều màu
hyper_breasts,7,72370,"breasts_larger_than_person,hyper_boobs,hyper_breast,hyper_tits,hyperboob,oversized_boobs,oversized_breast,oversized_breasts,oversized_tits",Chưa có bản dịch
empty_eyes,0,72343,featureless_eyes,Chưa có bản dịch
interlocked_fingers,0,72243,"entwined_finger,entwined_fingers,entwining_finger,entwining_fingers,finger_entwined,finger_entwining,finger_interlaced,finger_interlacing,finger_interlinked,finger_interlinking,finger_interlocked,finger_interlocking,finger_intertwined,finger_intertwining,finger_twined,fingers_entwined,fingers_entwining,fingers_interlaced,fingers_interlacing,fingers_interlinked,fingers_interlinking,fingers_interlocked,fingers_interlocking,fingers_intertwined,fingers_intertwining,fingers_twined,interlaced_finger,interlaced_fingers,interlacing_finger,interlacing_fingers,interlinked_finger,interlinked_fingers,interlinking_finger,interlinking_fingers,interlocked_finger,interlocking_finger,interlocking_fingers,intertwined_finger,intertwined_fingers,intertwining_finger,intertwining_fingers,twined_finger,twined_fingers",Chưa có bản dịch
hands-free,7,71466,"hands_free,hands_free_cum,handsfree,handsfree_cum",Chưa có bản dịch
tail_tuft,0,71448,"cow's_tail,cow_tailed,cow_tails,leonine_tail,lion's_tail,lions_tail,tail_poof,tail_tufts,tailpoof,tuft_tail,tufted_tail",Chưa có bản dịch
hair_rings,0,71211,hair_loops,Chưa có bản dịch
green_skin,0,70985,,Da màu xanh lá
male_pubic_hair,0,69905,pubic_hair_(male),Chưa có bản dịch
short_hair_with_long_locks,0,69687,,Chưa có bản dịch
breast_press,0,69380,,Chưa có bản dịch
demon_wings,0,68845,devil_wings,Chưa có bản dịch
hair_bobbles,0,68831,"/hbobbles,ball_braids,hair_bobble",Chưa có bản dịch
black_horns,0,68808,,Sừng đen
black_penis,0,68430,"black_cock,black_dick,blakc_penis",Chưa có bản dịch
handgun,0,68273,hand_gun,Chưa có bản dịch
multiple_tails,0,68184,"animal_tails,multi_tails,multiple_tail,multitail,multitails,tails",Chưa có bản dịch
presenting_anus,7,67823,,Chưa có bản dịch
arm_at_side,0,66678,,Chưa có bản dịch
animal_vulva,7,66562,animal_vagina,Chưa có bản dịch
blood_on_face,0,65588,bloody_face,Chưa có bản dịch
puffy_nipples,0,65399,"puffy_areolae,puffy_areolas,puffy_nipple",Chưa có bản dịch
breasts_apart,0,65294,,Chưa có bản dịch
lactating,7,65129,"abitrary_lactation,arbitrary_lactation,lactacting,lactaction,lactate,lactating_nipples",Chưa có bản dịch
head_tuft,7,65093,"black_head_tuft,blonde_head_tuft,blue_head_tuft,brown_head_tuft,dark_head_tuft,green_head_tuft,grey_head_tuft,hair_tufts,head-tuft,head_tufts,light_head_tuft,monotone_head_tuft,multicolored_head_tuft,orange_head_tuft,pink_head_tuft,purple_head_tuft,rainbow_head_tuft,red_head_tuft,tan_head_tuft,two_tone_head_tuft,white_head_tuft",Chưa có bản dịch
puffy_anus,7,65015,"donut_anus,donut_asshole,donut_butthole,doughnut_anus,doughnut_asshole,doughnut_butthole,ponut,puffy_asshole,puffy_butthole,thick_anus,thick_asshole,thick_butthole",Chưa có bản dịch
ear_markings,7,64909,"ear_markigns,ear_marking,ears_marking,ears_markings",Chưa có bản dịch
erect_nipples,7,64634,"erect-niple,erect-niples,erect-nipple,erect-nipples,erect_niple,erect_niples,erect_nipple,errect-nipples,errect_nipples,nipple_erection,nipples_erection,perky,perky_nipples",Chưa có bản dịch
black_tail,0,64572,,Đuôi đen
wolf_tail,0,64051,coyote_tail,Đuôi sói
pink_tongue,0,63960,pink_tounge,Lưỡi hồng
clenched_hands,0,62640,"clenched_fists,closed_fists,fists",Chưa có bản dịch
striped_fur,0,62277,"fur_stripes,stripes_fur,stripped_fur",Chưa có bản dịch
eyeliner,0,62271,"eye-liner,eye_liner",Chưa có bản dịch
curly_hair,0,62113,"curled_hair,curlyhair",Tóc xoăn
green_fur,0,61670,"dark_green_fur,greenfur,light_green_fur,olive_fur",Lông xanh lá
big_nipples,7,61625,"big_nipple,bigtits,large_nipple,large_nipples",Chưa có bản dịch
hand_in_pocket,0,61528,hand_in_pockets,Chưa có bản dịch
breast_squish,7,61518,"boob_squish,boobsquish,breasts_squish,breasy_squish,squished_breasts,squishy_breasts",Chưa có bản dịch
spikes_(anatomy),7,61335,spikes_anatomy,Chưa có bản dịch
side_slit,0,61294,leg_slit,Chưa có bản dịch
mole_on_breast,0,61274,,Chưa có bản dịch
clothed_female_nude_male,0,60725,"/cfnm,/nmcf,clothed_female_naked_male,nmcf,nude_male_clothed_female",Chưa có bản dịch
colored_eyelashes,0,59670,"aqua_eyelashes,coloured_eyelashes,silver_eyelashes",Chưa có bản dịch
excessive_genital_fluids,7,59593,,Chưa có bản dịch
low-tied_long_hair,0,59447,long_hair_tied_low,Chưa có bản dịch
spotted_fur,0,59187,,Chưa có bản dịch
humanoid_vulva,7,58684,"human_cunt,human_labia,human_pussy,human_pussy_lips,human_twat,human_vag,human_vagina,human_vulva,humanoid_cunt,humanoid_labia,humanoid_pussy,humanoid_pussy_lips,humanoid_twat,humanoid_vag,humanoid_vagina",Chưa có bản dịch
angel_wings,0,58670,,Chưa có bản dịch
chest_hair,0,58214,"chesthair,hairy_chest",Chưa có bản dịch
dipstick_ears,7,58078,"dipstick_ear,tipped_ears",Chưa có bản dịch
white_tail,0,57981,whtie_tail,Đuôi trắng
striped_tail,0,57970,tail_stripes,Chưa có bản dịch
flat_chested,7,57552,"breastless,dfc,flat-chest,flat-chested,flat_breasts,flatchest,flatchested,no_breasts",Chưa có bản dịch
long_fingernails,0,57543,long_nails_(fingers),Chưa có bản dịch
arm_tattoo,0,57370,"arm_tattoos,tattoo_on_arm,tattoo_on_arms,tattooed_arm,tattooed_arms",Chưa có bản dịch
countershade_face,7,57172,,Chưa có bản dịch
@_@,0,57138,"al_bhed_eyes,swirly_eyes",Chưa có bản dịch
hair_flaps,0,57082,,Chưa có bản dịch
hair_scrunchie,0,56969,,Chưa có bản dịch
fake_tail,0,56642,fake_animal_tail,Chưa có bản dịch
arm_tuft,7,56584,arm_tufts,Chưa có bản dịch
big_ears,7,56405,,Tai to
crying_with_eyes_open,0,56294,,Chưa có bản dịch
hand_on_another's_head,0,55972,,Chưa có bản dịch
star_hair_ornament,0,55803,,Chưa có bản dịch
hair_over_eyes,0,55532,"eyes_behind_hair,hair_covering_eyes",Chưa có bản dịch
braided_ponytail,0,55321,,Chưa có bản dịch
translucent_hair,7,55316,transparent_hair,Chưa có bản dịch
arm_behind_back,0,55223,,Chưa có bản dịch
pink_lips,0,54802,,Chưa có bản dịch
side_boob,7,54661,"side-boob,side_boobs,side_breast",Chưa có bản dịch
wide-eyed,0,54210,"eyes_wide,shocked_eyes,wide_eyes",Chưa có bản dịch
between_legs,0,54140,,Chưa có bản dịch
tentacle_hair,0,54125,hair_tentacles,Chưa có bản dịch
finger_to_mouth,0,53864,"finger_on_lips,finger_to_lips",Chưa có bản dịch
waving,0,53806,waving_arm,Đang vẫy tay
breast_grab,7,53445,"boob_grab,boob_grope,breast_grope,breast_groping,breasts_grab,grab_breast,grabbing_breast,grabbing_breasts,grope_breast,groping_breast,groping_breasts,hand_on_boob_hands_on_boobs",Chưa có bản dịch
3_fingers,7,53367,"3-fingers,3_figner,3_fignered,3_figners,3_finger,3_fingered,3f,3fingers,three_figner,three_fignered,three_figners,three_finger,three_fingered,three_fingers",Chưa có bản dịch
long_tongue,0,53246,long_tongues,Lưỡi dài
camel_toe,7,53225,"horse_pussy_bulge,pussy_bulge,pussy_through_clothing,spade_bulge",Chưa có bản dịch
ear_covers,0,53220,,Chưa có bản dịch
arm_warmers,0,53217,"arm_sleeve,arm_sleeves,arm_warmer,armwarmer,armwarmers,fingerless_armwarmers",Chưa có bản dịch
pasties,0,53184,"nipple_pastie,nipple_pasties,nipple_pasty,nipple_pastys,nipple_sticker,nipple_stickers,nipples_sticker,nipples_stickers,pastie,pasty,pastys",Chưa có bản dịch
legs_together,0,52704,"closed_legs,knees_together,knees_together_feet_together",Chưa có bản dịch
arm_behind_head,0,52449,,Chưa có bản dịch
black_nipples,0,52284,"black_niples,black_nipple,blakc_nipples",Chưa có bản dịch
clothed_male,7,52239,"clothed_male_nude_ambiguous,clothed_male_nude_andromorph,clothed_male_nude_anthro,clothed_male_nude_cuntboy,clothed_male_nude_dickgirl,clothed_male_nude_gynomorph,clothed_male_nude_herm,clothed_male_nude_human,clothed_male_nude_humanoid,clothed_male_nude_intersex,clothed_male_nude_maleherm,clothed_male_partially_clothed_anthro,clothed_male_partially_clothed_female,clothed_male_partially_clothed_male,cmn?,cmnf,cmni,n?cm,nfcm,nicm,nmcm,nude_intersex_clothed_male,nude_male_clothed_male",Chưa có bản dịch
hair_behind_ear,0,52029,,Chưa có bản dịch
hair_over_eye,7,51961,hair_covering_eye,Chưa có bản dịch
single_horn,0,51928,,Chưa có bản dịch
pov_hands,0,51788,hand_pov,Chưa có bản dịch
colored_nails,7,51759,"colored_nail,coloured_nails,painted_nails,polished_nails",Chưa có bản dịch
huge_belly,7,51474,,Chưa có bản dịch
thick_tail,0,51434,fat_tail,Đuôi dày
dog_tail,0,51408,african_wild_dog_tail,Đuôi chó
raised_eyebrows,0,51400,"eyebrows_lift,eyebrows_lifted,eyebrows_lifting,eyebrows_raised,eyebrows_up,lift_eyebrows,lifted_eyebrows,lifting_eyebrows",Chưa có bản dịch
naughty_face,0,51387,,Chưa có bản dịch
cum_on_self,0,50812,cum_on_own_body,Chưa có bản dịch
dragon_tail,0,50672,,Đuôi rồng
tail_motion,7,50538,"tail_movement,tail_wave",Chưa có bản dịch
bandaged_arm,0,50303,bandage_on_arm,Chưa có bản dịch
shrug_(clothing),0,50099,naked_shrug,Chưa có bản dịch
2_horns,7,50097,"2-horn,2-horned,2-horns,2_horn,2_horned,double_horn,double_horned,double_horns,duo_horn,duo_horned,duo_horns,duohorn,duohorned,duohorns,two-horn,two-horned,two-horns,two_horn,two_horned,two_horns",Chưa có bản dịch
penis_in_mouth,7,49911,,Chưa có bản dịch
pivoted_ears,7,49724,"pivoted_ear,swivel_ear,swivel_ears,swiveled_ear,swiveled_ears",Chưa có bản dịch
short_ponytail,0,49324,,Chưa có bản dịch
big_tail,7,49157,,Đuôi to
disembodied_linked_eye,0,48762,"floating_linked_eye,third_eye_(touhou)",Chưa có bản dịch
long_bangs,0,48731,,Chưa có bản dịch
thick_penis,7,48556,thick_cock,Chưa có bản dịch
hair_spread_out,0,48555,,Chưa có bản dịch
asymmetrical_bangs,0,48543,asymmetric_bangs,Chưa có bản dịch
tapering_penis,7,48328,"cone_cock,cone_dick,cone_penis,tapered_cock,tapered_dick,tapered_penis",Chưa có bản dịch
red_sclera,0,48289,"red_eye_membrane,red_eye_white,red_eye_whites,red_outer_eye,red_scleras,red_sclerotic_coat,red_slcera,red_white_of_the_eye,red_white_of_the_eyes,red_whites_of_the_eye,red_whites_of_the_eyes",Chưa có bản dịch
grey_skin,0,48105,"dark_grey_skin,gray_skin",Da màu xám
hands_behind_back,7,47963,arms_in_back,Chưa có bản dịch
hand_in_own_hair,0,47798,,Chưa có bản dịch
animal_hands,0,47712,"animal_paws,paw",Bàn tay động vật
penis_lick,7,47556,"cock_licking,licking_cock,licking_shaft,penis_licking",Chưa có bản dịch
legs_apart,0,47271,,Chưa có bản dịch
multi_tail,7,47076,"many_tails,multi-tail,multi-tails,multi_tailed,multi_tails,multiple_tail,multiple_tailed,multitail,multitails",Chưa có bản dịch
large_penis,0,46986,,Chưa có bản dịch
light_body,7,46919,,Cơ thể nhạt
hands_on_own_hips,0,46749,,Chưa có bản dịch
heart_hair_ornament,0,46731,heart_hairpin,Chưa có bản dịch
low_wings,0,46431,lower_back_wings,Chưa có bản dịch
breastplate,0,46399,"breast_plate,chest_plate,chestplate",Chưa có bản dịch
glistening_eyes,7,46266,"catchlight,eye_shine,eye_shines,eye_shining,eyes_shining,eyeshine,reflective_eyes,shine_eyes,shiney_eye,shiney_eyes,shining_eye,shining_eyes,shiny_eye,tapeta_lucida,tapetum_lucidum",Chưa có bản dịch
purple_nails,0,46185,"lavender_nails,lilac_nails",Chưa có bản dịch
dark_body,7,46180,,Cơ thể sẫm
scut_tail,7,46079,"bunny's_tail,bunny_rabbit's_tail,bunny_rabbit_tail,bunny_rabbit_tails,bunny_rabbits_tail,bunny_tail,bunny_tailed,bunny_tails,bunnys_tail,cervid's_tail,cervid_tail,cervid_tailed,cervid_tails,cervids_tail,deer's_tail,deer_tailed,deer_tails,deers_tail,fluffbob_tail,hare's_tail,hare_tail,hare_tailed,hares_tail,rabbit's_tail,rabbit_tailed,rabbit_tails,rabbits_tail,scut_(tail),scut_tailed,scut_tails",Chưa có bản dịch
skinsuit,0,45955,skin_suit,Chưa có bản dịch
hanging_breasts,0,45649,"breasts_hang,hanging_boob,hanging_boobs,hangingboob",Chưa có bản dịch
red_lips,0,45580,,Chưa có bản dịch
tailwag,7,45495,"tail_swish,tail_wag,wagging,wagging_tail,wiggling_tail",Chưa có bản dịch
hair_down,0,45451,hairdown,Chưa có bản dịch
brown_tail,0,45422,dark_brown_tail,Đuôi nâu
one_eye_obstructed,7,45345,"cover_one_eye,covering_eye,eye_covered,one_eye_cover,over_one_eye",Chưa có bản dịch
hand_on_another's_shoulder,0,45165,grabbing_another's_shoulder,Chưa có bản dịch
hands_behind_head,7,45095,,Chưa có bản dịch
inverted_nipples,0,44839,"inverted_nipple,inverted_nipple_slits,sunken_nipples",Chưa có bản dịch
featureless_breasts,7,44791,featureless_breast,Chưa có bản dịch
milk,0,44700,"breast-milk,breast_milk",Chưa có bản dịch
genital_slit,7,44524,"cock_slit,dick_slit,genital_slits,genital_vent,genitalia_slit,penile_slit,penis_slit,slit",Chưa có bản dịch
steaming_body,0,44476,,Chưa có bản dịch
orgasm_face,7,44366,"o-face,o_face,oh_face",Chưa có bản dịch
blue_penis,0,44321,"blue_cock,blue_dick,cyan_penis,indigo_penis",Chưa có bản dịch
red_skin,0,44244,,Da màu đỏ
bags_under_eyes,0,44022,"dark_circles,eye_circles,eyebags",Chưa có bản dịch
foot_play,7,44005,"feet_play,footplay,paw_play,pawplay",Chưa có bản dịch
bangs,7,43688,"fringe,hair_bangs,hair_fringe",Tóc mái
eyebrow_through_hair,7,43656,"eyebrow_clipping_through_hair,eyebrow_visible_through_hair,eyebrows_clipping_through_hair,eyebrows_through_hair,eyebrows_visible_through_hair",Chưa có bản dịch
long_pointy_ears,0,43651,,Tai dài nhọn
fake_horns,0,43029,"fake_horn,hairband_with_horn,hairband_with_horns,hairbands_with_horn,hairbands_with_horns,headband_with_horn,headband_with_horns,headbands_with_horn,headbands_with_horns,horn_hair_ornament,horn_hairbands,horn_headband,horn_headbands,horns_hairband,horns_hairbands,horns_headband,horns_headbands",Chưa có bản dịch
flipped_hair,0,42928,soto-hane,Chưa có bản dịch
hand_on_leg,7,42879,,Chưa có bản dịch
foot_out_of_frame,0,42748,,Chưa có bản dịch
short_eyebrows,0,42577,round_eyebrows,Chưa có bản dịch
knees_together_feet_apart,0,42384,knees_touching,Chưa có bản dịch
blue_tail,0,42140,"cyan_tail,indigo_tail",Đuôi xanh dương
black_eyebrows,7,41868,,Chưa có bản dịch
heart_hands,0,41693,,Chưa có bản dịch
hand_on_head,7,41614,hands_on_head,Chưa có bản dịch
scar_across_eye,0,41368,,Chưa có bản dịch
two_tone_tail,7,41112,two-colored_tail,Chưa có bản dịch
split_mouth,0,41079,disconnected_mouth,Chưa có bản dịch
penis_size_difference,0,40891,"cock_size_difference,dick_size_difference,dong_size_difference,shaft_size_difference",Chưa có bản dịch
semi-anthro,7,40884,"anthro_on_semi-anthro,anthro_penetrating_semi-anthro,athletic_semi-anthro,chubby_semi-anthro,feral_penetrating_semi-anthro,human_on_semi-anthro,human_penetrating_semi-anthro,humanoid_on_semi-anthro,larger_semi-anthro,male_on_semi-anthro,mature_semi-anthro,micro_semi-anthro,morbidly_obese_semi-anthro,mostly_nude_semi-anthro,obese_semi-anthro,older_semi-anthro,overweight_semi-anthro,semi-anthro_domination,semi-anthro_focus,semi-anthro_male,semi-anthro_on_anthro,semi-anthro_on_feral,semi-anthro_on_semi-anthro,semi-anthro_on_top,semi-anthro_penetrated,semi-anthro_penetrating,semi-anthro_penetrating_anthro,semi-anthro_penetrating_feral,semi-anthro_penetrating_humanoid,semi-anthro_penetrating_semi-anthro,semi-anthro_pred,semi-anthro_prey,semi-feral,semi_anthro,semi_feral,semianthro,semiferal,smaller_semi-anthro,submissive_semi-anthro",Chưa có bản dịch
purple_skin,0,40730,"dark_purple_skin,lavender_skin,violet_skin",Da màu tím
pseudo_hair,7,40353,"pseudo-hair,pseudohair",Chưa có bản dịch
bandaid_on_face,0,40253,,Chưa có bản dịch
no_pupils,0,40094,"no_puils,no_pupil,pupiless,pupiless_eyes,pupilless,pupilless_eyes",Chưa có bản dịch
genital_outline,7,39882,"genital_bulge,genitalia_bulge,genitalia_outline",Chưa có bản dịch
arms_at_sides,0,39840,,Chưa có bản dịch
multi_genitalia,7,39811,"extra_genital,extra_genitals,multi_genital,multi_genitals,multigenital,multigenitals,multiple_genital,multiple_genitalia,multiple_genitals,mutliple_genitals",Chưa có bản dịch
long_eyelashes,0,39552,,Chưa có bản dịch
multicolored_skin,0,39412,"black_and_white_skin,multi-colored_skin,multi_colored_skin,multi_tone_skin,multicolor_skin,mutlicolored_skin,three-tone_skin,three-toned_skin,three_tone_skin,three_toned_skin",Da nhiều màu
spread_vulva,7,39083,"pussy_spread,pussy_spreading,spread_vagina,spreading_pussy,spreading_vagina,spreadpussy,visible_vagina",Chưa có bản dịch
very_short_hair,0,38864,,Tóc rất ngắn
tan_skin,7,38781,"beige_skin,burlywood_skin,cream_skin,light_tan_skin,peach_skin",Chưa có bản dịch
fur_collar,0,38712,,Chưa có bản dịch
food_in_mouth,0,38694,,Chưa có bản dịch
blue_nipples,0,38583,"blue_nipple,cyan_nipples,indigo_nipples,light_blue_nipples",Chưa có bản dịch
nipple_stimulation,0,38458,teasing_nipples,Chưa có bản dịch
hand_on_own_cheek,0,38386,hand_to_cheek,Chưa có bản dịch
small_penis,0,38330,"little_dick,little_penis,small_cock,small_dick,tiny_penis",Chưa có bản dịch
breasts_squeezed_together,0,38169,breasts_squeeze,Chưa có bản dịch
arm_under_breasts,0,38156,,Chưa có bản dịch
asymmetrical_hair,0,38120,,Chưa có bản dịch
braided_hair,7,37986,"braids,hair_braid,plaited_hair",Tóc tết
half_up_braid,0,37765,,Chưa có bản dịch
eye_roll,7,37572,"eye_rolling,eyeroll,eyes_rolled_and_eyes_rolled_up,eyes_rolled_back,eyes_rolling_back,rolled_eyes,rolleyes",Chưa có bản dịch
hand_behind_head,7,37473,,Chưa có bản dịch
shoulder_cutout,0,37404,,Chưa có bản dịch
butterfly_hair_ornament,0,37402,,Chưa có bản dịch
light_skin,7,37374,,Da nhạt
mouse_ears,0,37319,nezumimi,Tai chuột
crown_braid,0,37311,,Chưa có bản dịch
leg_grab,7,37117,"grabbing_leg,grabbing_legs",Chưa có bản dịch
looking_at_penis,0,37117,"looking_at_cock,looking_at_dick",Chưa có bản dịch
brown_nose,7,36995,dark_brown_nose,Mũi nâu
red_penis,0,36950,"red_cock,red_dick,redpenis",Chưa có bản dịch
hand_between_own_legs,0,36806,"arm_between_own_legs,hand_between_own_thighs,hand_between_thighs",Chưa có bản dịch
nipple_fetish,7,36805,,Chưa có bản dịch
covering_breasts,0,36777,"breast_cover,breast_covering,breasts_covering,covering_own_breasts,handbra",Chưa có bản dịch
single_bare_shoulder,0,36644,,Chưa có bản dịch
raised_inner_eyebrows,0,36627,"inner_eyebrow_lift,inner_eyebrow_lifted,inner_eyebrow_lifting,inner_eyebrow_raised,inner_eyebrow_up,inner_eyebrows_lift,inner_eyebrows_lifted,inner_eyebrows_lifting,inner_eyebrows_raised,inner_eyebrows_up,lift_inner_eyebrow,lift_inner_eyebrows,lifted_inner_eyebrow,lifted_inner_eyebrows,lifting_inner_eyebrow,lifting_inner_eyebrows,raised_inner_eyebrow",Chưa có bản dịch
multi_penis,7,36622,"multi-cock,multi-penis,multi_cock,multi_cocks,multi_dick,multicock,multipenis,multiple_cock,multiple_cocks,multiple_penis,multiple_penises,two_dicks",Chưa có bản dịch
anatomically_correct,7,36577,"anatomically,correct,correct_anatomy",Chưa có bản dịch
long_sidelocks,0,36425,,Chưa có bản dịch
body_fur,0,36391,,Chưa có bản dịch
ears_down,0,36199,"downcast_ears,ear_down,ear_facing_down,ear_facing_downward,ear_facing_downwards,ears_drooped,ears_facing_down,ears_facing_downward,ears_facing_downwards,ears_lowered,lowered_ears",Chưa có bản dịch
nipple_play,7,36104,"flicking_nipple,flicking_nipples,fondling_nipple,fondling_nipples,nipple_flicking,nipple_fondle,nipple_fondling,nipple_fuck,nipple_rubbing,nipple_tease,nipple_teasing,nipples_flick,nipples_flicking,nipples_fondle,nipples_fondling,nipples_rub,nipples_rubbing,nipples_stimulation,nipples_tease,nipples_teasing,rub_nipple,rub_nipples,rubbing_nipple,rubbing_nipples,stimulating_nipple,stimulating_nipples",Chưa có bản dịch
black_skin,0,35995,blakc_skin,Da màu đen
plump_labia,7,35782,"fat_labia,fat_pussy,fat_vag,fat_vagina,plmup_labia,plumb_labia,plump_pussy,plump_vag,plump_vagina,puffy_labia,puffy_pussy,puffy_vag,puffy_vagina,swollen_labia,swollen_pussy,swollen_vag,swollen_vagina",Chưa có bản dịch
symbol_in_eye,0,35506,,Chưa có bản dịch
nipple_slip,0,35425,"exposed_nipple,exposed_nipples,nip_slip,nipples_slip,nippleslip,nipslip",Chưa có bản dịch
eyebrows_hidden_by_hair,0,35311,eyebrows_behind_hair,Chưa có bản dịch
bald,0,35273,no_hair,Chưa có bản dịch
leg_warmers,0,34969,"leg_sleeve,leg_sleeves,leg_warmer,legwarmer,legwarmers",Chưa có bản dịch
huge_muscles,7,34908,"huge_abs,huge_brachioradialis,huge_calves,huge_carpi,huge_extensor_carpi,huge_flexor_carpi,huge_infraspinatus,huge_latissimus_dorsi,huge_obliques,huge_sartorius,huge_scalenes,huge_serratus,huge_sternocleidomastoid,huge_teres_major,huge_trapezius",Chưa có bản dịch
hands_in_pockets,0,34875,,Chưa có bản dịch
covering_own_mouth,0,34805,"hands_over_own_mouth,hiding_mouth",Chưa có bản dịch
wide_eyed,7,34532,"bug-eyed,bug_eyed,bugeyed,eye_wide,eye_widen,eye_widening,eyes_wide,eyes_wide_open,eyes_widen,eyes_widening,wide_eyes",Chưa có bản dịch
body_blush,0,34489,,Chưa có bản dịch
nose,0,34463,,Chưa có bản dịch
pink_vulva,7,34403,"pink_cunt,pink_labia,pink_pussy,pink_twat,pink_vag,pink_vagina",Chưa có bản dịch
pink_skin,0,34330,light_pink_skin,Da màu hồng
star-shaped_pupils,0,34258,,Chưa có bản dịch
presenting_penis,0,34111,presenting_foreskin,Chưa có bản dịch
insect_wings,0,34032,bug_wings,Chưa có bản dịch
ear_ornament,0,33940,,Chưa có bản dịch
spread_arms,0,33737,"arms_spread,open_arms,spreading_arms",Chưa có bản dịch
covered_eyes,0,33670,eyes_covered,Chưa có bản dịch
raised_arm,7,33607,"arm_lift,arm_lifted,arm_lifting,arm_raise,arm_raised,lift_arm,lifted_arm,lifting_arm,one_arm_raised,one_arm_up,raising_arm",Chưa có bản dịch
v_arms,0,33337,v-arms,Chưa có bản dịch
outstretched_hand,0,33052,"hands_outstretched,outstretched_hands",Chưa có bản dịch
hand_on_another's_face,0,32840,,Chưa có bản dịch
fish_tail,0,32837,fishtail,Chưa có bản dịch
reading,0,32741,"read,reading_while_nude",Chưa có bản dịch
breast_pocket,0,32650,chest_pocket,Chưa có bản dịch
fur_markings,7,32416,"fur_markigns,fur_marking,fur_marks,fur_pattern,marking_(fur),markings_(fur)",Chưa có bản dịch
hand_on_penis,7,32272,"hand_on_cock,hand_on_dick",Chưa có bản dịch
tail_ornament,0,32209,,Chưa có bản dịch
multi_arm,7,32123,"multi-arm,multi-arms,multi_arms,multiarm,multiarmed,multiarms,multiple_arm,multiple_arms",Chưa có bản dịch
notched_ear,0,32114,"bitten_ear,chipped_ear,damaged_ear,ear_notch,ripped_ear",Chưa có bản dịch
holding_penis,0,32112,"cock_grab,holding_cock",Chưa có bản dịch
hair_bell,0,32029,"bell_hair_ornament,hair_bells,hairbell,hairbells",Chưa có bản dịch
nipple_dip,7,32020,,Chưa có bản dịch
facial_scar,7,31993,"face_scar,face_scars,facial_scars,scarred_face",Chưa có bản dịch
split-color_hair,0,31791,split_hair_colors,Chưa có bản dịch
multi_eye,7,31779,"many_eyes,multi-eye,multi-eyes,multi_eyed,multi_eyes,multieye,multieyes,multiple_eye,multiple_eyed,multiple_eyes",Chưa có bản dịch
long_legs,0,31725,,Chân dài
black_lips,0,31583,"black_lip,blakc_lips",Chưa có bản dịch
full-face_blush,0,31428,full_face_blush,Chưa có bản dịch
covered_mouth,0,31424,mouth_covered,Chưa có bản dịch
arms_tied,7,31215,"arms_bound,tied_arms",Chưa có bản dịch
hand_on_belly,7,31213,"hand_on_stomach,hands_on_belly",Chưa có bản dịch
no_nose,0,31069,,Chưa có bản dịch
cum_on_tongue,0,31045,,Chưa có bản dịch
unusual_anatomy,7,31001,,Chưa có bản dịch
spread_anus,0,30965,"anus_spread,anus_spreading,speading_ass,spreading_anus",Chưa có bản dịch
freckled_face,7,30711,"face_freckles,facial_freckles,freckles_on_face",Chưa có bản dịch
exposed_breasts,7,30597,"breasts_exposed,exposed_breast,exposing_breasts,tits_out,uncovered_breasts",Chưa có bản dịch
blue_tongue,0,30472,"blue_tounge,cyan_tongue,indigo_tongue,light_blue_tongue",Lưỡi xanh dương
public_nudity,0,30421,"naked_in_public,nude_in_public",Chưa có bản dịch
body_writing,0,30397,"bodywriting,writing_on_body",Chưa có bản dịch
grey_tail,0,30342,"dark_grey_tail,gray_tail",Đuôi xám
handcuffs,0,30324,"hand_cuffs,handcuff,manacles",Chưa có bản dịch
countershade_fur,7,30278,,Chưa có bản dịch
collar_only,7,30259,"naked_collar,nude_collar",Chưa có bản dịch
tail_anus,0,30203,anus_on_tail,Chưa có bản dịch
absurdly_long_hair,0,30175,"extremely_long_hair,hair_past_feet",Chưa có bản dịch
hand_on_own_chin,0,30062,hand_to_chin,Chưa có bản dịch
cum_on_hair,0,30056,semen_on_hair,Chưa có bản dịch
glistening_breasts,7,30035,"shiny_boobs,shiny_breasts,shiny_tits",Chưa có bản dịch
biting_lip,7,29961,"bite_lip,biting_lips,biting_mouth,bitting_lip,lip_bite,lip_biting,lipbite",Chưa có bản dịch
food-themed_hair_ornament,0,29952,"food_hair_ornament,food_themed_hair_ornament",Chưa có bản dịch
gaping_anus,7,29918,"anal_gape,anal_gaping,gaped_anus,gaped_ass",Chưa có bản dịch
vaginal_fingering,7,29909,"finger_in_pussy,fingering_pussy,fingers_in_pussy,pussy_fingering",Chưa có bản dịch
glistening_genitalia,7,29895,"glistening_genital,glistening_genitals,shining_genital,shining_genitalia,shining_genitals,shiny_genital,shiny_genitalia,shiny_genitals",Chưa có bản dịch
amber_eyes,7,29891,,Chưa có bản dịch
cum_from_vagina,7,29876,"cum_dripping_out_of_pussy,cum_from_pussy",Chưa có bản dịch
tail_feathers,7,29814,"tail_feather,tailfeathers",Chưa có bản dịch
holding_breast,7,29698,"breast_hold,breast_lifting,holding_breasts,holding_own_breast,lifting_breast",Chưa có bản dịch
food_on_face,0,29615,food_on_cheek,Chưa có bản dịch
brown_nipples,7,29431,"brown_nipple,dark_brown_nipples",Chưa có bản dịch
hair_stick,0,29398,,Chưa có bản dịch
huge_nipples,0,29384,"huge_nipple,large_nipples",Chưa có bản dịch
hand_holding,7,29188,"hand_in_hand,handholding,holding_hand,holdinghands",Chưa có bản dịch
prick_ears,7,29109,"artificial_erect_ear,artificial_erect_ears,artificial_perked_ear,artificial_perked_ears,artificial_perky_ear,artificial_perky_ears,artificial_prick_ear,artificial_prick_ears,artificial_pricked_ear,artificial_pricked_ears,artificial_upright_ear,artificial_upright_ears,candle_flame_ear,candle_flame_ears,crop_ear,crop_ears,cropped_ear,ear_cropping,erect_ear,erect_ears,hooded_ear,hooded_ears,perked_ear,perked_ears,perky_ear,perky_ears,prick_ear,pricked_ear,pricked_ears,sharp_ear,sharp_ears,tapered_ear,tapered_ears,tapering_ear,tapering_ears,triangle_ears,upright_ear,upright_ears",Chưa có bản dịch
black_ears,0,29020,black_ear,Tai đen
butt_crack,0,28792,"ass_crack,buttcrack,posterior_cleavage",Chưa có bản dịch
french_kissing,7,28611,"frenchkiss,frenchkissing,snogging,tongue_kiss,tongue_kissing,tongue_to_tongue",Chưa có bản dịch
muscular_arms,0,28546,"big_biceps,big_forearm_muscles,big_triceps,huge_biceps,huge_triceps,muscular_biceps",Chưa có bản dịch
cow_ears,0,28327,"ox_ears,ushimimi",Chưa có bản dịch
saliva_on_tongue,7,28131,,Chưa có bản dịch
one_breast_out,0,28084,breast_outside,Chưa có bản dịch
shoulder_tattoo,0,28044,,Chưa có bản dịch
shark_tail,0,28023,,Chưa có bản dịch
eye_patch,7,27991,pirate_patch,Chưa có bản dịch
adjusting_hair,0,27958,,Chưa có bản dịch
pink_anus,7,27946,,Chưa có bản dịch
looking_at_genitalia,7,27929,looking_at_genitals,Chưa có bản dịch
forked_tongue,0,27889,"bifid_tongue,forked_tounge,snake_tongue,split_tongue",Chưa có bản dịch
elbow_tuft,7,27829,"elbow_tufts,fluffy_elbow,fluffy_elbows",Chưa có bản dịch
ear_tuft,7,27770,"black_ear_tuft,blonde_ear_tuft,blue_ear_tuft,brown_ear_tuft,dark_ear_tuft,green_ear_tuft,grey_ear_tuft,light_ear_tuft,monotone_ear_tuft,multicolored_ear_tuft,orange_ear_tuft,pink_ear_tuft,purple_ear_tuft,rainbow_ear_tuft,red_ear_tuft,tan_ear_tuft,tufted_ears,two_tone_ear_tuft,white_ear_tuft",Chưa có bản dịch
curled_horns,0,27660,,Chưa có bản dịch
red_horns,0,27562,,Sừng đỏ
facesitting,7,27313,"face_sitting,facesit",Chưa có bản dịch
long_penis,7,27241,"long_cock,long_dick",Chưa có bản dịch
red_pupils,0,27213,red_pupil,Chưa có bản dịch
shocked,7,27181,"looking_shocked,shock,shocked_expression,shocked_eyes,shocked_face",Chưa có bản dịch
hyper_belly,7,27127,"ginormous_belly,impossibly_large_belly",Chưa có bản dịch
feather_hair_ornament,0,27074,"hair_feather,hair_feathers",Chưa có bản dịch
yellow_tail,0,26894,blonde_tail,Đuôi vàng
eyeball,0,26879,"eye_ball,eyeballs",Chưa có bản dịch
pink_tail,0,26776,,Đuôi hồng
spade_tail,7,26750,"demon_tails,devil_tail,devil_tails,space_tail,spade_tails,spaded_tail,spaded_tails,succubus_tail,succubus_tails,tail_spade,tail_spades",Chưa có bản dịch
surrounded_by_penises,0,26716,surrounded_by_penis,Chưa có bản dịch
hands_on_own_face,0,26637,"hands_on_face,hands_to_face",Chưa có bản dịch
spread_wings,0,26568,"spread-wings,spread_wing,spreading_wing,spreading_wings,wing_spread,wings_spread",Chưa có bản dịch
parallel_hairclips,0,26564,=_hair_ornament,Chưa có bản dịch
pink_inner_ear,7,26513,pink_inner_ears,Chưa có bản dịch
cum_on_chest,0,26490,"cum_between_pecs,cum_on_pecs",Chưa có bản dịch
penis_outline,7,26472,"cock_outline,visible_penis_line,vpl",Chưa có bản dịch
grabbing_own_breast,0,26342,,Chưa có bản dịch
raised_eyebrow,0,26303,"brow_raised,eyebrow_lift,eyebrow_lifted,eyebrow_lifting,eyebrow_raise,eyebrow_raised,eyebrow_up,lift_eyebrow,lifted_eyebrow,lifting_eyebrow,one_eyebrow_raised,one_eyebrow_up,raised_brow,raising_brow,raising_eyebrow",Chưa có bản dịch
open_hand,0,26195,,Chưa có bản dịch
fairy_wings,0,26129,,Chưa có bản dịch
facial_tattoo,0,26105,"face_tattoo,face_tattoos,facial_tattoos,tattoo_on_face,tattooed_face",Chưa có bản dịch
folded_ponytail,0,26101,,Chưa có bản dịch
bent_legs,7,26058,"bent_knees,knees_bent,legs_bent",Chưa có bản dịch
shoulder_tuft,7,26028,"black_shoulder_tuft,blonde_shoulder_tuft,blue_shoulder_tuft,brown_shoulder_tuft,dark_shoulder_tuft,green_shoulder_tuft,grey_shoulder_tuft,light_shoulder_tuft,monotone_shoulder_tuft,multicolored_shoulder_tuft,orange_shoulder_tuft,pink_shoulder_tuft,purple_shoulder_tuft,rainbow_shoulder_tuft,red_shoulder_tuft,shoulder_tufts,tan_shoulder_tuft,two_tone_shoulder_tuft,white_shoulder_tuft",Chưa có bản dịch
arm_strap,0,25967,,Chưa có bản dịch
chest_tattoo,0,25779,"chest_tattoos,tattoo_on_chest,tattooed_chest",Chưa có bản dịch
cow_horns,0,25692,ox_horns,Chưa có bản dịch
tiger_ears,0,25661,,Tai hổ
green_nails,0,25660,,Chưa có bản dịch
animal_nose,0,25412,"bunny_nose,dog_nose,mouse_nose,rabbit_nose,raccoon_nose",Mũi động vật
thick_lips,0,25396,"big-lips,big_lip,big_lips,bimbo_lip,bimbo_lips,fat_lip,fat_lips,juicy_lips,large_lips,plump_lip,plump_lips,puffy_lips,thick_lip",Chưa có bản dịch
hand_on_own_head,0,25338,,Chưa có bản dịch
mechanical_arms,0,25308,,Chưa có bản dịch
cum_on_leg,7,25302,"cum_on_thigh,cum_on_thighs",Chưa có bản dịch
blue_nose,0,24848,"cyan_nose,dark_blue_nose,indigo_nose",Mũi xanh dương
rainbow_hair,0,24811,long_rainbow_hair,Chưa có bản dịch
mouse_tail,0,24779,,Đuôi chuột
low_twin_braids,0,24776,,Chưa có bản dịch
breast_expansion,0,24521,"be,breast_inflation,breastexpansion,growing_breasts",Chưa có bản dịch
bandaid_on_leg,0,24423,,Chưa có bản dịch
purple_tail,0,24411,"lavender_tail,lilac_tail",Đuôi tím
nipple_tweak,0,24281,,Chưa có bản dịch
constricted_pupils,0,24279,"constricted_pupil,contracted_pupils,miosis,myosis,pin_point_pupil,pin_point_pupils,pinpoint_pupil,pinpoint_pupils,pupil_constricted,pupil_constriction,pupil_constricts,pupil_shrink,pupil_shrinks,pupils_constrict,pupils_constricted,pupils_shrink,pupils_shrinks,shrunk_eyes,shrunk_pupil,shrunk_pupils,shrunken_pupil,shrunken_pupils",Chưa có bản dịch
bandaged_leg,0,24181,,Chưa có bản dịch
circumcised,7,24127,"circumcised_penis,circumsised,circumsized,circumsized_penis,cut_penis",Chưa có bản dịch
long_hair_between_eyes,0,23913,,Chưa có bản dịch
hand_on_own_thigh,0,23872,,Chưa có bản dịch
french_kiss,0,23836,tongue_kiss,Chưa có bản dịch
penises_touching,0,23836,penis_on_penis,Chưa có bản dịch
wet_hair,0,23757,,Chưa có bản dịch
huge_ahoge,0,23664,,Chưa có bản dịch
orange_tail,0,23611,,Đuôi cam
rolling_eyes,0,23499,"rolled_eyes,rolleyes",Chưa có bản dịch
shoulder_blades,0,23449,"scapula,scapulae,scapulas,shoulder_blade,shoulderblade,shoulderblades",Chưa có bản dịch
winged_arms,0,23437,"arm_wings,wing_arms,wing_hands",Chưa có bản dịch
brown_ears,7,23403,brown_ear,Tai nâu
frilled_hair_tubes,0,23364,,Chưa có bản dịch
hair_slicked_back,0,23286,,Chưa có bản dịch
biting_own_lip,0,23278,"biting_own_lips,lip_bite,lip_biting,self_biting_lip,self_biting_lips,self_lip_bite,self_lip_biting",Chưa có bản dịch
bound_arms,0,23168,"arms_bound,tied_arms",Chưa có bản dịch
triangle_mouth,0,23085,,Chưa có bản dịch
ball_tuft,7,23054,balls_tuft,Chưa có bản dịch
hand_on_thigh,7,23047,,Chưa có bản dịch
purple_nipples,0,22978,"lavender_nipples,purple_nipple,violet_nipples",Chưa có bản dịch
bird_wings,0,22956,,Cánh chim
mohawk,0,22909,"black_mohawk,blue_mohawk,brown_mohawk,green_mohawk,mo_hawk,moa_hawk,moahawk,moe_hawk,moehawk,mohawk_(hair),mohawk_(hair_style),mohawk_(hairstyle),mohawk_hair,mohawk_hair_style,mohawk_hairstyle,mohican,mohican_(hairstyle),mow_hawk,mowhawk,mowhawk_(hairstyle),pink_mohawk,purple_mohawk,red_mohawk,white_mohawk",Chưa có bản dịch
hand_to_own_mouth,0,22770,"hand_on_lips,hand_to_lip,hands_to_mouth,hands_to_own_mouth",Chưa có bản dịch
aqua_nails,0,22760,aqua_fingernails,Chưa có bản dịch
own_hands_clasped,0,22726,"hands_clasped,locked_fingers",Chưa có bản dịch
frog_hair_ornament,0,22695,,Chưa có bản dịch
big_eyes,7,22678,large_eyes,Mắt to
ear_blush,0,22661,blushing_ears,Chưa có bản dịch
brown_skin,7,22596,"brown_skinned_female,dark_brown_skin",Da màu nâu
grabbing_another's_arm,0,22547,,Chưa có bản dịch
equine_anus,7,22533,,Chưa có bản dịch
throbbing_penis,7,22414,"penile_twitch,penile_twitching,penis_throb,penis_throbbing,penis_twitch,penis_twitching,twitching_cock",Chưa có bản dịch
hand_on_own_arm,0,22334,grabbing_own_arm,Chưa có bản dịch
pigtails,7,22331,"pig_tails,pigtail,twin_ponytails",Chưa có bản dịch
no_mouth,0,22321,,Chưa có bản dịch
fur_tuft,7,22092,fur_tufts,Chưa có bản dịch
red_nose,0,22091,,Mũi đỏ
chest_jewel,0,22077,gem_on_chest,Chưa có bản dịch
rabbit_hair_ornament,0,22034,bunny_hair_ornament,Chưa có bản dịch
yellow_skin,0,21961,dark_yellow_skin,Da màu vàng
ears_back,0,21901,"ear_back,ears_backs,ears_flicked_back,ears_laid_back",Chưa có bản dịch
tail_raised,0,21800,"tail_lifted,tail_up",Chưa có bản dịch
sparkling_eyes,0,21740,"eye_sparkle,eye_sparkles,eye_sparkling,eyes_sparkle,eyes_sparkling,sparkle_eye,sparkle_eyes,sparkling_eye,sparkly_eyes",Chưa có bản dịch
presenting_own_body,0,21684,,Chưa có bản dịch
face-to-face,0,21604,,Chưa có bản dịch
leg_lift,0,21587,"leg_raise,leg_raised",Chưa có bản dịch
cone_hair_bun,0,21551,hair_cones,Chưa có bản dịch
glistening_penis,7,21507,"glistening_cock,glistening_dick,glistening_member,glistening_phallus,glistening_shaft,shining_cock,shining_dick,shining_member,shining_penis,shining_phallus,shining_shaft,shiny_cock,shiny_dick,shiny_member,shiny_penis,shiny_phallus,shiny_shaft",Chưa có bản dịch
navel_cutout,0,21494,heart_navel_cutout,Chưa có bản dịch
penis_tip,7,21471,"cocktip,partially_sheathed,tip_of_penis",Chưa có bản dịch
breast_rest,0,21468,"boob_rest,resting_breasts",Chưa có bản dịch
big_anus,7,21466,"large_anus,large_asshole",Chưa có bản dịch
skin-covered_horns,0,21439,,Chưa có bản dịch
sweaty_breasts,0,21357,"sweaty_boob,sweaty_boobs,sweaty_breast",Chưa có bản dịch
sagging_breasts,0,21347,saggy_breasts,Chưa có bản dịch
averting_eyes,0,21292,,Chưa có bản dịch
hands_on_own_chest,0,21224,"hands_on_chest,hands_to_chest",Chưa có bản dịch
legless,7,21169,no_legs,Chưa có bản dịch
multi_nipple,7,21156,"multi-nipple,multi-nipples,multi_nipples,multinip,multinipple,multinipples,multiple_nipples,polythelia",Chưa có bản dịch
purple_penis,0,21152,"lilac_penis,purple_cock,purple_dick",Chưa có bản dịch
legs_tied,7,21138,"legs_bound,tied_legs",Chưa có bản dịch
blood_on_hand,0,21133,"blood_on_fingers,blood_on_hands,bloody_fingers,bloody_hands",Chưa có bản dịch
monotone_body,7,21063,"mono_tone_body,one_color_body,one_colored_body,single_color_body,single_colored_body",Chưa có bản dịch
white_ears,7,21051,white_ear,Tai trắng
blue_sclera,0,21050,"aqua_eye_membrane,aqua_eye_white,aqua_eye_whites,aqua_outer_eye,aqua_sclerotic_coat,aqua_white_of_the_eye,aqua_white_of_the_eyes,aqua_whites_of_the_eye,aqua_whites_of_the_eyes,blue_eye_membrane,blue_eye_white,blue_eye_whites,blue_outer_eye,blue_scleras,blue_sclerotic_coat,blue_slcera,blue_white_of_the_eye,blue_white_of_the_eyes,blue_whites_of_the_eye,blue_whites_of_the_eyes,cyan_eye_membrane,cyan_eye_white,cyan_eye_whites,cyan_outer_eye,cyan_sclera,cyan_sclerotic_coat,cyan_white_of_the_eye,cyan_white_of_the_eyes,cyan_whites_of_the_eye,cyan_whites_of_the_eyes,light_blue_eye_membrane,light_blue_eye_white,light_blue_eye_whites,light_blue_outer_eye,light_blue_sclerotic_coat,light_blue_white_of_the_eye,light_blue_white_of_the_eyes,light_blue_whites_of_the_eye,light_blue_whites_of_the_eyes,turquoise_eye_membrane,turquoise_eye_white,turquoise_eye_whites,turquoise_outer_eye,turquoise_sclerotic_coat,turquoise_white_of_the_eye,turquoise_white_of_the_eyes,turquoise_whites_of_the_eye,turquoise_whites_of_the_eyes",Chưa có bản dịch
hybrid_penis,7,21024,,Chưa có bản dịch
alternate_eye_color,0,20943,"/aec,alternative_eye_color",Chưa có bản dịch
horn_ornament,0,20892,,Chưa có bản dịch
raccoon_ears,0,20839,"tanuki_ears,tanukimimi",Tai gấu mèo
cum_on_belly,7,20807,,Chưa có bản dịch
leaf_hair_ornament,0,20795,hair_leaf,Chưa có bản dịch
bodypaint,0,20733,"body_paint,body_painting,bodypainting",Chưa có bản dịch
leg_tattoo,0,20666,"leg_tattoos,tattoo_on_leg,tattoo_on_legs,tattooed_leg,tattooed_legs",Chưa có bản dịch
countershade_tail,7,20566,,Chưa có bản dịch
holding_own_hair,0,20277,,Chưa có bản dịch
anal_fingering,0,20273,"finger_in_ass,fingering_anus,fingering_ass,fingering_asshole,fingers_in_ass",Chưa có bản dịch
pectoral_cleavage,0,20216,cleavage_(male),Chưa có bản dịch
tail_grab,0,20164,"grab_tail,grabbing_tail",Chưa có bản dịch
two-tone_eyes,0,20139,,Chưa có bản dịch
teeth_showing,7,20138,,Chưa có bản dịch
round_teeth,0,20134,,Răng tròn
deep_skin,0,20112,,Chưa có bản dịch
saliva_on_penis,0,20049,"drool_on_penis,spit_on_penis",Chưa có bản dịch
4_arms,7,19925,"4_armed,four_armed,four_arms",Chưa có bản dịch
ears_up,0,19894,"ear_perk,ear_perked,ear_raised,ears_perked,ears_raised,raised_ears",Chưa có bản dịch
two_tails,0,19893,,Chưa có bản dịch
randoseru,0,19851,naked_randoseru,Chưa có bản dịch
spiked_tail,0,19846,"spikes_on_tail,spikes_tail,spiky_tail,tail_spike,tail_spikes,tailspike,tailspikes",Chưa có bản dịch
hugging_own_legs,0,19810,knee_hug,Chưa có bản dịch
rumbling_stomach,7,19532,"belly_groan,belly_growl,belly_noises,borborygmi,borborygmus,bowel_growl,bowel_growling,bowel_gurgle,bowel_gurgling,bowel_noise,bowel_noises,bowel_rumble,bowel_rumbling,bowel_sound,growling_bowel,growling_stomach,growling_tummy,gurgle,gurgling,gurgling_bowel,gurgling_stomach,gurgling_tummy,noisey_bowel,noisey_stomach,noisey_tummy,peristaltic_sound,peristaltic_sounds,rumbling_bowel,rumbling_tummy,stomach_growl,stomach_gurgle,stomach_gurgling,stomach_noise,stomach_noises,stomach_rumble,stomach_rumbling,tummy_growl,tummy_growling,tummy_gurgle,tummy_gurgling,tummy_noise,tummy_noises,tummy_rumble,tummy_rumbling",Chưa có bản dịch
shoulder_pads,0,19513,"shoulder-pad,shoulder-pads,shoulder_pad,shoulderpad,shoulderpads",Chưa có bản dịch
hand_on_own_knee,0,19454,,Chưa có bản dịch
cross-shaped_pupils,0,19437,,Chưa có bản dịch
arm_hair,0,19274,hairy_arms,Chưa có bản dịch
lower_teeth_only,0,19259,lower_teeth,Chưa có bản dịch
full_cleavage,0,19169,,Chưa có bản dịch
heart_ahoge,0,19137,,Chưa có bản dịch
blank_eyes,0,19129,,Chưa có bản dịch
hands_tied,7,19063,"bound_hands,hands_bound,tied_hands,tied_wrists,wrists_bound,wrists_tied",Chưa có bản dịch
sweaty_genitalia,7,19001,sweaty_genitals,Chưa có bản dịch
cross_hair_ornament,0,18968,,Chưa có bản dịch
unguligrade,7,18883,"unguilgrade,ungulate_anthro,unguligrade_anthro,unguligrade_feet,unguligrade_humanoid,unguligrade_legs",Chưa có bản dịch
two-tone_skin,0,18877,,Chưa có bản dịch
ventral_scales,7,18765,"belly_scales,breast_scales,chest_scales,gastrosteges,pec_scales,scaled_belly,scaled_underbelly",Chưa có bản dịch
alternate_hair_length_(longer),0,18702,,Chưa có bản dịch
chestnut_mouth,0,18691,,Chưa có bản dịch
snake_hair_ornament,0,18684,,Chưa có bản dịch
earmuffs,0,18658,"ear_muffs,earmuff",Chưa có bản dịch
big_hair,0,18575,,Tóc to
avian_feet,7,18558,bird_feet,Chưa có bản dịch
naked_towel,0,18529,nude_towel,Chưa có bản dịch
ice_wings,0,18524,,Chưa có bản dịch
licking_penis,0,18361,penis_licking,Chưa có bản dịch
bad_anatomy,0,18334,,Chưa có bản dịch
very_dark_skin,0,18319,ebony,Da rất sẫm
crescent_hair_ornament,0,18282,,Chưa có bản dịch
crotch_tuft,7,18258,"crotch_fluff,crotch_tufts",Chưa có bản dịch
side_braids,0,18166,,Chưa có bản dịch
dark_nipples,0,18154,,Chưa có bản dịch
braided_bangs,0,18139,,Chưa có bản dịch
colored_extremities,0,18101,"darker_arms,darker_hands",Chưa có bản dịch
red_tail,0,18093,,Đuôi đỏ
simple_eyes,7,18060,,Chưa có bản dịch
multiple_hair_bows,0,18013,,Chưa có bản dịch
object_in_mouth,7,17980,item_in_mouth,Chưa có bản dịch
breast_sucking,0,17913,"nipple_sucking,sucking_breasts,sucking_nipples",Chưa có bản dịch
m_legs,0,17858,,Chưa có bản dịch
eye_scar,7,17855,"eye_scars,eyes_scar,eyes_scars,eyescar,scar_over_eye,scarred_eye,scarred_eyes",Chưa có bản dịch
white_horn,7,17812,,Chưa có bản dịch
one-eyed,0,17735,"one_eye,one_eyed,single_eye",Chưa có bản dịch
alternate_hair_color,0,17723,"/ahc,alternate_haircolor,alternative_hair_color",Chưa có bản dịch
sphere_hair_ornament,0,17680,,Chưa có bản dịch
blue_wings,0,17638,,Cánh xanh dương
hands_on_hips,7,17497,hands_on_hip,Hai tay chống hông
red_tongue,0,17405,,Lưỡi đỏ
black_horn,7,17398,,Chưa có bản dịch
curling_toes,7,17393,"clenched_toes,clenching_toes,curled_toes,scrunched_toes,toe_curl,toe_curling,toes_curled",Chưa có bản dịch
ear_tag,0,17387,"ear_tags,eartag,eartags,tagged_ear,tagged_ears",Chưa có bản dịch
white_inner_ear,7,17387,white_inner_ears,Chưa có bản dịch
white_inner_ear_fluff,7,17344,white_ear_fluff,Chưa có bản dịch
licking_own_lips,7,17271,,Chưa có bản dịch
penis_grab,7,17266,"cock_grab,grabbing_penis",Chưa có bản dịch
penis_on_face,0,17235,"cock_on_face,dick_on_face,face_on_penis",Chưa có bản dịch
cum_on_feet,0,17223,"cum_on_foot,cum_on_paws,cum_on_toes",Chưa có bản dịch
over_shoulder,0,17191,,Chưa có bản dịch
blue_ears,7,17160,"blue_ear,indigo_ears",Tai xanh dương
flared_penis,7,17114,"flared,flared_head,flared_horsecock,flared_tip",Chưa có bản dịch
diamond-shaped_pupils,0,17103,,Chưa có bản dịch
holding_another's_hair,0,17046,,Chưa có bản dịch
body_markings,0,17016,,Chưa có bản dịch
hair_up,0,16997,,Chưa có bản dịch
green_nipples,0,16969,green_nipple,Chưa có bản dịch
detached_wings,0,16931,,Chưa có bản dịch
glistening_skin,7,16830,"shiney_skin,shining_skin,skin_shine,skin_shining",Chưa có bản dịch
sex_toy_in_vagina,7,16799,"sex_toy_in_pussy,sextoy_in_pussy",Chưa có bản dịch
goat_horns,0,16761,,Chưa có bản dịch
flower_in_hair,7,16751,"flowers_in_hair,hair_flowers,hairflower",Chưa có bản dịch
cum_on_own_face,7,16747,"self-facial,self_facial",Chưa có bản dịch
feet_up,0,16735,,Chưa có bản dịch
yellow_nails,0,16710,,Chưa có bản dịch
bear_ears,0,16657,,Tai gấu
gigantic_breasts,0,16643,gigantic_breast,Chưa có bản dịch
wet_body,7,16632,,Chưa có bản dịch
green_tail,0,16596,,Đuôi xanh lá
tiger_tail,0,16561,,Đuôi hổ
horizontal_pupils,0,16507,"caprine_eyes,cephalopod_eye,cephalopod_eyed,cephalopod_pupil,cephalopod_pupils,frog_eye,frog_eyed,frog_eyes,frog_pupil,frog_pupils,goat_eye,goat_eyed,goat_eyes,goat_pupil,goat_pupils,horizontal_pupil,octopus_eye,octopus_eyed,octopus_eyes,octopus_pupil,octopus_pupils,sheep_eyes,sheep_pupils,sideways_pupils,squid_eye,squid_eyed,squid_eyes,squid_pupil,squid_pupils",Chưa có bản dịch
leg_tuft,7,16495,leg_tufts,Chưa có bản dịch
torso_grab,0,16452,,Chưa có bản dịch
sweaty_legs,7,16450,sweaty_leg,Chưa có bản dịch
green_penis,0,16366,"green_cock,green_dick,palegreen_penis",Chưa có bản dịch
raccoon_tail,0,16316,,Đuôi gấu mèo
muzzle_(object),7,16305,face_harness,Chưa có bản dịch
2_toes,7,16254,"2-toes,2_toe,2_toed,2toed,2toes,two-toed,two-toes,two_toe,two_toed,two_toes,twotoed,twotoes",Chưa có bản dịch
red_wings,0,16200,,Cánh đỏ
very_long_braid,0,16182,,Chưa có bản dịch
lidded_eyes,7,16138,eyes_lidded,Chưa có bản dịch
animal_ear_headphones,0,16130,,Chưa có bản dịch
extra_arms,0,16108,"four_arms,multiple_arms,polymelia",Chưa có bản dịch
braided_hair_rings,0,16034,looped_braids,Chưa có bản dịch
cube_hair_ornament,0,16030,hair_cubes,Chưa có bản dịch
fur-trimmed_capelet,0,16026,,Chưa có bản dịch
spiral_eyes,7,15927,"@.@,al_bhed_eyes,swirly_eyes",Chưa có bản dịch
arm_cannon,0,15913,"arm_canon,mega_buster,x_buster,z_buster,zero_buster",Chưa có bản dịch
mostly_nude_anthro,7,15751,,Chưa có bản dịch
on_one_leg,7,15738,"on_one_foot,standing_on_one_foot",Chưa có bản dịch
glowing_eye,0,15693,,Chưa có bản dịch
multi_ear,7,15683,"multi-ear,multi-ears,multi_ears,multiple_ear,multiple_ears",Chưa có bản dịch
breast_size_difference,0,15682,"boob_size_difference,boobie_size_difference,boobies_size_difference,boobs_size_difference,breasts_size_difference,tit_size_difference,tits_size_difference,tittie_size_difference,titties_size_difference,titty_size_difference,tittys_size_difference",Chưa có bản dịch
wing_hair_ornament,0,15606,angel_wings_hair_ornament,Chưa có bản dịch
one_leg_up,7,15575,one_leg_raised,Chưa có bản dịch
hand_on_chest,7,15526,hands_on_chest,Chưa có bản dịch
purple_lips,0,15468,lavender_lipstick,Chưa có bản dịch
heart_in_eye,0,15464,,Chưa có bản dịch
spread_toes,0,15428,"splayed_toes,spreading_toes,toe-spread,toe_spread,toe_spreading,toes_splayed,toes_spread,toes_spreading",Chưa có bản dịch
white_penis,7,15350,white_dick,Chưa có bản dịch
lion_ears,0,15279,,Tai sư tử
middle_finger,0,15245,"f-finger,flipping_off,flipping_the_bird,the_finger",Chưa có bản dịch
body_worship,7,15243,,Chưa có bản dịch
monotone_hair,7,15225,"mono-tone_hair,mono_tone_hair",Chưa có bản dịch
pigeon-toed,0,15111,"intoed,pigeon_toes",Chưa có bản dịch
curved_horn,7,15109,"bent_horn,bent_horns,sinuous_horn",Chưa có bản dịch
2_tails,7,15093,"2_tailed,double_tail,two_tailed",Chưa có bản dịch
white_belly,7,15080,white_underbelly,Chưa có bản dịch
worm's-eye_view,7,15035,worms_eye_view,Chưa có bản dịch
mouth_drool,0,15025,,Chưa có bản dịch
prosthetic_arm,0,14998,"arm_prostheses,arm_prosthesis,arm_prosthetic,arm_prosthetics,prostethic_arms,prosthetic_arms",Chưa có bản dịch
arms_under_breasts,0,14955,,Chưa có bản dịch
unusual_tail,7,14934,exotic_tail,Chưa có bản dịch
arms_bent,7,14919,bent_arms,Chưa có bản dịch
single_hair_intake,0,14901,single_hair_vent,Chưa có bản dịch
anatomically_correct_penis,7,14808,,Chưa có bản dịch
chest_sarashi,0,14759,"bandage_bra,sarashi_(chest)",Chưa có bản dịch
multi_breast,7,14748,"20_breasts,26_breasts,multi-breast,multi-breasts,multi_boob,multi_boobs,multi_breasts,multiboob,multibreast,multibreasts,multiple-breast,multiple-breasts,multiple_breasts,multiplebreasts,multitits",Chưa có bản dịch
covering_face,0,14668,hiding_face,Chưa có bản dịch
teal_eyes,7,14666,,Chưa có bản dịch
pink_pupils,0,14654,,Chưa có bản dịch
countershade_feet,7,14625,"countershade_foot,countershade_sole,countershade_soles",Chưa có bản dịch
dragon_wings,0,14606,,Cánh rồng
feather_hair,0,14572,,Chưa có bản dịch
extra_eyes,0,14542,multiple_eyes,Chưa có bản dịch
blood_from_mouth,0,14531,"bleeding_from_mouth,blood_drool,bloody_mouth,mouthbleed",Chưa có bản dịch
eyes_out_of_frame,0,14522,cutting_out_below_the_eyes_is_hot_(meme),Chưa có bản dịch
no_eyes,0,14497,,Chưa có bản dịch
arm_guards,0,14489,arm_guard,Chưa có bản dịch
bandaid_on_nose,0,14477,,Chưa có bản dịch
tail_wagging,0,14440,"tail_wag,wagging,wagging_tail",Chưa có bản dịch
asymmetrical_wings,0,14398,,Chưa có bản dịch
brown_penis,7,14342,"brown_dick,light_brown_penis",Chưa có bản dịch
solid_oval_eyes,0,14340,,Chưa có bản dịch
hands_on_own_cheeks,0,14326,"hands_on_cheek,hands_on_cheeks,hands_to_cheek,hands_to_cheeks",Chưa có bản dịch
fluffy_hair,0,14311,bushy_hair,Tóc bồng bềnh
non-mammal_navel,7,14272,,Chưa có bản dịch
penis_poking_out,7,14266,"cock_slip,dick_slip,poking_out",Chưa có bản dịch
gradient_eyes,0,14221,,Chưa có bản dịch
mismatched_pupils,0,14195,asymmetrical_pupils,Chưa có bản dịch
curled_tail,0,14139,curly_tail,Chưa có bản dịch
two-tone_fur,0,14134,,Chưa có bản dịch
scar_on_arm,0,14083,,Chưa có bản dịch
symmetrical_docking,0,14045,"/sd,breast_to_breast",Chưa có bản dịch
multicolored_nails,0,14007,"mismatched_nail_polish,multicolored_fingernails,multicolored_nail_polish",Chưa có bản dịch
bouncing_penis,0,13997,waving_penis,Chưa có bản dịch
back_muscles,0,13993,muscular_back,Chưa có bản dịch
see-through_cleavage,0,13963,transparent_cleavage,Chưa có bản dịch
tan_tail,7,13943,"beige_tail,burlywood_tail,cream_tail",Chưa có bản dịch
bound_legs,0,13933,,Chưa có bản dịch
multicolored_wings,0,13899,"multi-colored_wings,multi_tone_wings",Cánh nhiều màu
single_wing,0,13890,,Chưa có bản dịch
star_in_eye,0,13861,stars_in_eye,Chưa có bản dịch
cum_on_hand,7,13836,"cum_in_hand,cum_in_hands,cum_on_finger",Chưa có bản dịch
hyper_muscles,7,13778,"hyper_abs,hyper_brachioradialis,hyper_calves,hyper_carpi,hyper_extensor_carpi,hyper_flexor_carpi,hyper_infraspinatus,hyper_latissimus_dorsi,hyper_muscle,hyper_muscular,hyper_muscules,hyper_obliques,hyper_sartorius,hyper_scalenes,hyper_serratus,hyper_sternocleidomastoid,hyper_teres_major,hyper_trapezius",Chưa có bản dịch
alternate_hair_length_(shorter),0,13772,,Chưa có bản dịch
arm_markings,0,13746,"arm_markigns,arm_marking,arms_marking,arms_markings",Chưa có bản dịch
mouth_shot,7,13740,"maw_focus,maw_shot,mawshot,mouthshot",Chưa có bản dịch
lop_ears,7,13726,"drop_ear,drop_ears,lop_ear,lop_eared,pendant_ear,pendant_ears",Chưa có bản dịch
veiny_muscles,7,13714,"muscle_vein,veiny_muscle",Chưa có bản dịch
sheep_horns,0,13706,ram_horns,Chưa có bản dịch
hand_on_another's_cheek,0,13677,,Chưa có bản dịch
raised_arms,7,13668,arms_raised,Chưa có bản dịch
third_eye,0,13641,3rd_eye,Chưa có bản dịch
orange_skin,0,13562,,Da màu cam
deep_navel,7,13456,"deep_naval,navel_depth",Chưa có bản dịch
tying_hair,0,13409,,Chưa có bản dịch
bent_arm,7,13382,"arm_bent,bent_arms",Chưa có bản dịch
feline_penis,7,13377,feline_dick,Chưa có bản dịch
bandaged_hand,0,13368,,Chưa có bản dịch
smug_face,7,13368,,Chưa có bản dịch
arm_grab,7,13315,"arms_grab,grabbing_arm,grabbing_arms",Chưa có bản dịch
tail_fetish,7,13308,,Chưa có bản dịch
green_sclera,0,13267,"green_eye_membrane,green_eye_white,green_eye_whites,green_outer_eye,green_scleras,green_sclerotic_coat,green_slcera,green_white_of_the_eye,green_white_of_the_eyes,green_whites_of_the_eye,green_whites_of_the_eyes",Chưa có bản dịch
monotone_fur,7,13263,"mono-tone_fur,mono_tone_fur,monochrome_fur",Chưa có bản dịch
solid_circle_eyes,0,13240,•_•,Chưa có bản dịch
grey_ears,7,13206,"gray_ears,grey_ear",Tai xám
tail_play,7,13186,tailplay,Chưa có bản dịch
blue_pupils,0,13147,,Chưa có bản dịch
arms_above_head,7,13106,arms_over_head,Chưa có bản dịch
breast_suck,7,13103,"breast_suckling,breasts_suck,breasts_sucking,sucking_breast,sucking_breasts,sucking_tits",Chưa có bản dịch
single_off_shoulder,0,13064,,Chưa có bản dịch
hand_on_own_stomach,0,13021,hand_on_stomach,Chưa có bản dịch
eye_through_hair,7,12989,"eye_clipping_through_hair,eye_visible_through_hair,eyes_clipping_through_hair,eyes_through_hair",Chưa có bản dịch
holding_leg,7,12966,,Chưa có bản dịch
wool_(fur),7,12944,"alpaca_wool,angora_wool,cashmere_wool,llama_wool,natural_wool,sheep_wool,whool,wool_(anatomy),wool_(feature),wool_fiber,wool_fur",Chưa có bản dịch
soaking_feet,0,12937,,Chưa có bản dịch
tail_fin,7,12910,"caudal_fin,finned_tail,tail-fin,tail_fins,tailfin",Chưa có bản dịch
between_fingers,0,12859,,Chưa có bản dịch
vaginal_fluids_on_penis,7,12850,,Chưa có bản dịch
foot_lick,7,12839,"feet_lick,feet_licking,foot_licking,licking_feet,licking_hindpaw,paw_lick,paw_licking",Chưa có bản dịch
scar_on_chest,0,12834,,Chưa có bản dịch
weapon_over_shoulder,0,12830,,Chưa có bản dịch
darkened_genitalia,7,12826,"dark_genital,dark_genitalia,dark_genitals,darkened_genital,darkened_genitals",Chưa có bản dịch
arms_around_neck,0,12824,,Chưa có bản dịch
multiple_wings,0,12815,extra_wings,Chưa có bản dịch
translucent_body,7,12765,"see_through_body,seethrough_body,transparent_body",Chưa có bản dịch
cum_from_mouth,7,12751,"cum_out_mouth,cum_out_of_mouth",Chưa có bản dịch
purple_wings,0,12743,,Cánh tím
outie_navel,0,12712,"inverted_belly_button,outie_belly_button,outie_bellybutton,outie_naval,popped_navel",Chưa có bản dịch
hand_on_shoulder,7,12654,,Chưa có bản dịch
skull_hair_ornament,0,12627,,Chưa có bản dịch
unusual_genital_fluids,7,12611,,Chưa có bản dịch
grabbing_another's_hair,0,12583,"hair_pull,pulling_another's_hair",Chưa có bản dịch
tassel_hair_ornament,0,12580,hair_tassel,Chưa có bản dịch
purple_tongue,0,12580,purple_tounge,Lưỡi tím
flower-shaped_pupils,0,12560,"flower_shaped_pupils,kagan",Chưa có bản dịch
penis_awe,0,12539,cock_shock,Chưa có bản dịch
hand_on_another's_chin,0,12490,finger_to_another's_chin,Chưa có bản dịch
center-flap_bangs,0,12475,centre-flap_bangs,Chưa có bản dịch
fox_shadow_puppet,0,12415,fox_hand_sign,Chưa có bản dịch
fluffy_ears,7,12329,,Tai bồng bềnh
cat_ear_headphones,0,12329,,Chưa có bản dịch
grey_nipples,0,12214,"gray_nipples,grey_nipple",Chưa có bản dịch
pom_pom_hair_ornament,0,12204,hair_pom_pom,Chưa có bản dịch
convenient_hair,0,12197,,Chưa có bản dịch
hand_on_own_leg,0,12193,,Chưa có bản dịch
yellow_pupils,0,12191,,Chưa có bản dịch
thick_eyelashes,0,12186,"big_eyelashes,bushy_eyelashes,fluffy_eyelashes,large_eyelashes",Chưa có bản dịch
penis_backwards,7,12182,"180_penis,dangleback,penis_backward",Chưa có bản dịch
single_ear_cover,0,12181,,Chưa có bản dịch
red_nipples,0,12086,red_nipple,Chưa có bản dịch
unicorn_horn,0,12071,,Chưa có bản dịch
open_hands,0,12053,,Bàn tay mở
towel_around_neck,0,11980,towel_on_shoulders,Chưa có bản dịch
belly_overhang,7,11973,,Chưa có bản dịch
hand_on_face,7,11968,hands_on_face,Chưa có bản dịch
big_feet,7,11952,"big_paw,big_paws,oversized_feet",Bàn chân to
leg_hair,0,11905,,Chưa có bản dịch
breasts_frottage,7,11883,"breast_docking,breast_frottage,breast_frotting,breast_on_breasts,breast_to_breast,breasts_frotting,nipples_crossing",Chưa có bản dịch
ringed_tail,7,11875,,Chưa có bản dịch
hair_pulled_back,0,11834,,Chưa có bản dịch
autofellatio,0,11812,"auto_fellatio,licking_own_penis,self_fellatio,self_service,self_suck,selfsuck,sucking_own_penis",Chưa có bản dịch
animal_on_shoulder,0,11727,,Chưa có bản dịch
clothed_male_nude_female,0,11718,"/cmnf,/nfcm,clothed_male_naked_female,cmnf,nfcm",Chưa có bản dịch
corpse,0,11691,"corpses,dead_body",Chưa có bản dịch
bandage_on_face,0,11679,,Chưa có bản dịch
parted_hair,0,11645,center_part,Chưa có bản dịch
cow_tail,0,11636,ox_tail,Chưa có bản dịch
barely_visible_vulva,7,11599,"barely_visible_pussy,barely_visible_vagina,subtle_pussy,subtle_vagina",Chưa có bản dịch
multi-tied_hair,0,11573,bubble_braid,Chưa có bản dịch
through_wall,0,11550,"full_body_glory_hole,in_wall,inside_wall,kabeshiri,stuck_in_a_wall,stuck_in_wall,stuck_through_wall,through_the_wall,wall_stuck",Chưa có bản dịch
hair_over_breasts,0,11547,,Chưa có bản dịch
single_mechanical_arm,0,11505,,Chưa có bản dịch
nude_humanoid,7,11493,,Chưa có bản dịch
broken_horn,0,11484,"amputated_horn,amputated_horns,clipped_horn,clipped_horns,severed_horn,severed_horns",Chưa có bản dịch
tan_inner_ear,7,11462,"burlywood_inner_ear,tan_inner_ears",Chưa có bản dịch
breastfeeding,0,11447,"breast_feed,breast_feeding,drinking_breast_milk,suckle",Chưa có bản dịch
face_fucking,7,11423,"face_fuck,facefuck,facefucking",Chưa có bản dịch
half-closed_eye,0,11404,one_eye_narrowed,Chưa có bản dịch
glistening_hair,7,11382,"bright_hair,hair_shine,shiny_hair",Chưa có bản dịch
blue_lips,0,11378,"cyan_lips,light_blue_lipstick",Chưa có bản dịch
eyeless,7,11368,eyeless_face,Chưa có bản dịch
steepled_fingers,0,11317,"finger-tenting,finger_tenting",Chưa có bản dịch
multiple_horns,0,11303,,Chưa có bản dịch
kiss_on_lips,7,11290,kissing_on_lips,Chưa có bản dịch
tan_hair,7,11215,"beige_hair,burlywood_hair,short_tan_hair,tan)hair",Chưa có bản dịch
sweaty_body,7,11175,,Chưa có bản dịch
finger_in_mouth,7,11173,"fingering_mouth,fingers_in_mouth",Chưa có bản dịch
sideways_mouth,0,11147,cheek_mouth,Chưa có bản dịch
low-braided_long_hair,0,11108,,Chưa có bản dịch
hand_on_another's_back,0,11082,,Chưa có bản dịch
dot_mouth,0,11062,,Chưa có bản dịch
breast_curtains,0,11024,,Chưa có bản dịch
dildo_in_vagina,7,10994,dildo_in_pussy,Chưa có bản dịch
cum_in_hair,7,10993,,Chưa có bản dịch
gauged_ear,7,10981,"ear_gauge,ear_gauged,ear_gauges,ear_plugs,gauged_ears",Chưa có bản dịch
arm_around_shoulder,0,10851,,Chưa có bản dịch
two_tone_ears,7,10848,,Chưa có bản dịch
loose_hair_strand,0,10847,,Chưa có bản dịch
hands_on_own_knees,0,10833,,Chưa có bản dịch
turn_pale,0,10827,pale_face,Chưa có bản dịch
white_horns,0,10820,,Sừng trắng
4_ears,7,10789,"four_ears,quad_eard",Chưa có bản dịch
hand_on_own_ass,0,10779,hand_on_ass,Chưa có bản dịch
armchair,0,10744,arm_chair,Chưa có bản dịch
mismatched_penis,7,10739,"incorrect_animal_penis,incorrect_penis",Chưa có bản dịch
tentacle_in_mouth,0,10735,tentacles_in_mouth,Chưa có bản dịch
countershade_legs,7,10718,,Chưa có bản dịch
pear-shaped_figure,0,10702,"pear-bodied,pear-bodied-figure,pear-bodied_figure,pear-body,pear-body-figure,pear-body_figure,pear-shape,pear-shape-figure,pear-shape_figure,pear-shaped,pear-shaped-figure,pear_bodied,pear_bodied-figure,pear_bodied_figure,pear_body,pear_body-figure,pear_body_figure,pear_shape,pear_shape-figure,pear_shape_figure,pear_shaped,pear_shaped-figure,pear_shaped_figure,pearbodied,pearbody,pearshape,pearshaped",Chưa có bản dịch
gaping_vagina,7,10686,"gaped_pussy,gaped_vagina,gaping_pussy,pussy_gaping,vaginal_gaping",Chưa có bản dịch
bird_ears,0,10664,,Tai chim
crystal_wings,0,10649,,Chưa có bản dịch
thin_legs,7,10638,,Chân mỏng
belly_expansion,7,10622,belly_growth,Chưa có bản dịch
multicolored_penis,0,10607,"black_and_white_penis,colorful_penis,multi-colored_penis,multi_tone_penis,multicolor_penis,multicolour_penis,multicoloured_penis,muticolor_penis,pink_and_white_penis",Chưa có bản dịch
earpiece,0,10600,ear_piece,Chưa có bản dịch
featureless_chest,7,10593,,Chưa có bản dịch
four-finger_heart_hands,0,10574,"4-finger_heart_hands,4-fingers_heart_hands",Chưa có bản dịch
touching_hair,7,10531,,Chưa có bản dịch
colored_inner_animal_ears,0,10515,,Chưa có bản dịch
presenting_breasts,7,10431,presenting_breast,Chưa có bản dịch
hand_on_another's_arm,0,10430,,Chưa có bản dịch
choppy_bangs,0,10429,temporary_tag_2,Chưa có bản dịch
animal_dildo,0,10385,"feral_dildo,feral_penis_dildo",Chưa có bản dịch
1_eye,7,10381,"1_eyed,1_eyes,mono_eyed,one_eye,one_eyed,one_eyes,single_eye",Chưa có bản dịch
v_over_eye,0,10366,,Chưa có bản dịch
hair_beads,0,10364,"hairbead,hairbeads",Chưa có bản dịch
white_eyebrows,7,10301,,Chưa có bản dịch
mostly_nude_female,7,10266,,Chưa có bản dịch
small_tail,0,10256,,Đuôi nhỏ
dot_eyes,7,10246,,Chưa có bản dịch
blue_anus,0,10240,"cyan_anus,indigo_anus",Chưa có bản dịch
wispy_bangs,0,10233,"sparse_bangs,temporary_tag_1",Chưa có bản dịch
navel_hair,0,10203,,Chưa có bản dịch
twisted_torso,0,10199,,Chưa có bản dịch
cat_hair_ornament,0,10197,,Chưa có bản dịch
musical_note_hair_ornament,0,10186,"bass_clef_hair_ornament,fortissimo_hair_ornament,treble_clef_hair_ornament",Chưa có bản dịch
wing_ornament,0,10169,wing_decorations,Chưa có bản dịch
breast_milking,7,10168,"breasts_milking,milking,milking_breasts",Chưa có bản dịch
genital_focus,7,10158,"genitalia_focus,genitals_focus",Chưa có bản dịch
condom_in_mouth,0,10069,,Chưa có bản dịch
drill_sidelocks,0,10061,drill_locks,Chưa có bản dịch
breast_tattoo,0,10024,"boob_tattoo,breast_tattoos,breasts_tattoo,breasts_tattoos,cleavage_tattoo,cleavage_tattoos,tattoo_on_breast,tattoo_on_breasts,tattooed_breast,tattooed_breasts",Chưa có bản dịch
uneven_eyes,0,10017,,Chưa có bản dịch
hands_on_legs,7,10012,,Chưa có bản dịch
hand_on_another's_waist,0,9987,,Chưa có bản dịch
cum_on_own_penis,7,9976,,Chưa có bản dịch
nipple_pinch,7,9971,"nipple_pinching,nipple_squeeze,nipple_squeezing,nipple_twist,nipple_twisting,nipples_pinch,nipples_squeezing,nipples_twist,nipples_twisting,pinch_nipple,pinching_nipple,pinching_nipples,purple_nurple,purple_nurples,squeezing_nipple,squeezing_nipples,tweaking_nipple,twisting_nipple,twisting_nipples",Chưa có bản dịch
single_hair_streak,0,9971,,Chưa có bản dịch
asymmetrical_horns,0,9964,,Chưa có bản dịch
brown_eyebrows,7,9950,,Chưa có bản dịch
anus_peek,0,9929,,Chưa có bản dịch
hand_in_another's_hair,0,9922,,Chưa có bản dịch
\m/,0,9906,ily_hand_sign,Chưa có bản dịch
crazy_eyes,0,9892,,Chưa có bản dịch
hand_on_another's_thigh,0,9878,,Chưa có bản dịch
pink_ears,7,9873,pink_ear,Tai hồng
cum_in_nose,0,9843,cum_in_nostrils,Chưa có bản dịch
robot_ears,0,9831,,Chưa có bản dịch
white_breasts,7,9804,,Ngực trắng
genital_torture,7,9778,"genital_abuse,genital_trauma,genitalia_torture,genitalia_trauma",Chưa có bản dịch
tan_penis,7,9772,"beige_penis,burlywood_penis",Chưa có bản dịch
grey_penis,7,9738,"gray_dick,gray_penis,grey_dick",Chưa có bản dịch
thick_bottom_lip,7,9735,"big_bottom_lip,big_bottom_lips,bottom_lip,bottom_lips,thick_bottom_lips",Chưa có bản dịch
convenient_leg,0,9733,,Chưa có bản dịch
animal_feet,0,9727,,Bàn chân động vật
white_eyelashes,0,9710,,Chưa có bản dịch
arm_around_neck,0,9685,,Chưa có bản dịch
yellow_ears,7,9668,yellow_ear,Tai vàng
thick_arms,0,9660,,Cánh tay dày
hand_on_another's_chest,0,9649,,Chưa có bản dịch
diagonal_bangs,0,9614,,Chưa có bản dịch
two_tone_skin,7,9606,"duo_tone_skin,two_toned_skin",Chưa có bản dịch
colored_tongue,0,9598,,Chưa có bản dịch
pubic_hair_peek,0,9528,,Chưa có bản dịch
mini_wings,0,9493,tiny_wings,Chưa có bản dịch
worgen,0,9489,worgen_with_tail,Chưa có bản dịch
featureless_feet,7,9486,toeless_feet,Chưa có bản dịch
yellow_penis,0,9474,yellow_dick,Chưa có bản dịch
leg_wrap,0,9456,"leg_locked,leglock,legwrap",Chưa có bản dịch
scar_on_nose,0,9428,,Chưa có bản dịch
purple_nose,7,9403,"lavender_nose,lilac_nose",Mũi tím
bird_tail,0,9372,,Đuôi chim
holding_another's_arm,0,9369,,Chưa có bản dịch
arm_rest,0,9360,,Chưa có bản dịch
facial_horn,7,9357,"face_horn,face_horns,facial_horns",Chưa có bản dịch
tied_hair,7,9349,hair_tied,Chưa có bản dịch
front_ponytail,0,9332,,Chưa có bản dịch
breast_envy,0,9328,,Chưa có bản dịch
flaming_tail,7,9318,"fire_tail,flame_tail,tail_fire,tail_flame",Chưa có bản dịch
breast_fondling,7,9311,"boob_fondling,breast_fondle,breasts_fondle,breasts_fondling,fondling_breast,fondling_breasts",Chưa có bản dịch
fluffy_chest,7,9309,"chest_floof,chest_fluff",Chưa có bản dịch
tail_coil,7,9304,tail_wrapped,Chưa có bản dịch
glowing_penis,0,9304,"glowcock,glowing_cock,glowing_dick",Chưa có bản dịch
tongue_out_fellatio,7,9295,tongue_out_blowjob,Chưa có bản dịch
orange_nails,0,9272,,Chưa có bản dịch
mechanical_wings,0,9222,,Chưa có bản dịch
orange_ears,7,9220,orange_ear,Tai cam
breast_lift,0,9178,,Chưa có bản dịch
green_tongue,0,9148,green_tounge,Lưỡi xanh lá
hands_on_another's_shoulders,0,9127,grabbing_another's_shoulders,Chưa có bản dịch
prehensile_feet,0,9107,"prehensile_foot,prehensile_paw,prehensile_paws",Chưa có bản dịch
monotone_tail,7,9102,"mono-tone_tail,mono-tone_tails,mono_tone_tail,mono_tone_tails,monotone_tail_feathers,monotone_tail_tuft,monotone_tails",Chưa có bản dịch
genital_expansion,7,9098,,Chưa có bản dịch
cropped_shoulders,0,9059,,Chưa có bản dịch
cybernetic_arm,7,9054,"augmented_arm,cyber_arm,cyberarm,cybernetic_arms,cyborg_arm",Chưa có bản dịch
finger_gun,0,9051,"finger_guns,fingerguns",Chưa có bản dịch
anchor_hair_ornament,0,9027,,Chưa có bản dịch
bandage_over_one_eye,0,9022,"/booe,bandages_over_one_eye",Chưa có bản dịch
cum_on_tail,0,8997,,Chưa có bản dịch
hands_on_another's_face,0,8995,,Chưa có bản dịch
brown_horns,0,8941,,Sừng nâu
pointy_hair,0,8906,,Tóc nhọn
hands_in_own_hair,0,8879,,Chưa có bản dịch
footprint,7,8878,"foot-print,foot-prints,foot_print,foot_prints",Chưa có bản dịch
white_tail_tip,7,8872,white_tip_tail,Chưa có bản dịch
breast_squeeze,7,8834,"boob_squeeze,squeezing_breast,squeezing_breasts",Chưa có bản dịch
freckled_shoulders,7,8815,freckles_on_shoulders,Chưa có bản dịch
forked_eyebrows,0,8812,,Chưa có bản dịch
x-shaped_pupils,0,8800,,Chưa có bản dịch
unusual_genitalia,7,8741,"exotic_genital,exotic_genitalia,exotic_genitals,strange_genital,strange_genitalia,strange_genitals,unusual_genital,unusual_genitals,weird_genital,weird_genitalia,weird_genitals",Chưa có bản dịch
bursting_breasts,0,8720,,Chưa có bản dịch
blue_horn,7,8696,"cyan_horn,cyan_horns",Chưa có bản dịch
multi_horn,7,8603,"many_horns,multiple_horn",Chưa có bản dịch
shoulder_spikes,0,8555,,Chưa có bản dịch
nude_human,7,8554,,Chưa có bản dịch
no_nipples,0,8532,nippleless,Chưa có bản dịch
colored_pubic_hair,0,8514,,Chưa có bản dịch
penis_milking,0,8467,"cock_milking,milking_penis,semen_extraction",Chưa có bản dịch
breast_suppress,0,8466,,Chưa có bản dịch
eye_markings,7,8466,"eye_markigns,eye_marking,eyes_marking,eyes_markings",Chưa có bản dịch
fake_rabbit_ears,7,8461,"bunny_ears_(cosmetic),fake_bunny_ears",Chưa có bản dịch
black_anus,7,8445,blakc_anus,Chưa có bản dịch
nude_gynomorph,7,8431,,Chưa có bản dịch
muscular_legs,0,8388,,Chưa có bản dịch
deer_ears,0,8384,reindeer_ears,Tai nai
butterfly_wings,0,8378,,Chưa có bản dịch
locked_arms,0,8376,"arm_around_another's_arm,arms_linked,interlocked_arms,linked_arms",Chưa có bản dịch
prehensile_tail,0,8365,,Chưa có bản dịch
legband,0,8356,"leg_band,leg_bands,legbands",Chưa có bản dịch
back_boob,7,8325,breasts_from_behind,Chưa có bản dịch
large_tail,0,8317,,Đuôi lớn
lower_body,0,8311,legs_only,Chưa có bản dịch
anal_tail,0,8304,butt_plug_tail,Chưa có bản dịch
lion_tail,0,8227,,Đuôi sư tử
hairy_balls,7,8190,"ball_hair,balls_hair",Chưa có bản dịch
nipple_suck,7,8144,"nipple_sucking,nipples_suck,sucking_nipple,sucking_nipples",Chưa có bản dịch
snake_tail,0,8142,,Chưa có bản dịch
bird's-eye_view,7,8141,"birds_eye_view,overhead",Chưa có bản dịch
censored_penis,7,8124,"penis_censor,penis_censored",Chưa có bản dịch
food_on_body,0,8123,,Chưa có bản dịch
veiny_arms,0,8117,,Chưa có bản dịch
pointy_nose,0,8107,pointed_nose,Mũi nhọn
mechanical_tail,0,8103,,Chưa có bản dịch
arm_hug,0,8086,,Chưa có bản dịch
rainbow_tail,7,8084,,Chưa có bản dịch
veiny_breasts,0,8052,breast_veins,Chưa có bản dịch
puckered_lips,0,8044,,Chưa có bản dịch
white_nails,0,8040,white_nail,Chưa có bản dịch
quad_tails,0,7969,,Chưa có bản dịch
triangle_hair_ornament,0,7965,,Chưa có bản dịch
genital_worship,7,7921,,Chưa có bản dịch
freckled_breasts,7,7910,"boob_freckles,freckles_on_breasts",Chưa có bản dịch
low-tied_sidelocks,0,7896,low_tied_sidelocks,Chưa có bản dịch
bangs_pinned_back,0,7858,,Chưa có bản dịch
cyclops,0,7838,mono-eye,Chưa có bản dịch
webbed_hands,0,7828,"webbed-hands,webbed_finger,webbed_fingers,webbed_hand",Chưa có bản dịch
cracked_skin,0,7816,,Chưa có bản dịch
mechanical_legs,0,7795,,Chưa có bản dịch
arm_around_another's_waist,0,7795,,Chưa có bản dịch
raised_hand,7,7792,"hand_lift,hand_lifted,hand_lifting,hand_raised,hands_lift,hands_lifted,hands_lifting,hands_raised,lift_hand,lift_hands,lifted_hand,lifted_hands,lifting_hand,lifting_hands",Chưa có bản dịch
horned_helmet,0,7761,"helmet_horn,helmet_horns",Chưa có bản dịch
grabbing_another's_penis,0,7746,,Chưa có bản dịch
nose_horn,0,7734,"nose_horns,snout_horn,snout_horns",Chưa có bản dịch
precum_on_penis,7,7729,,Chưa có bản dịch
webbed_feet,0,7698,"webbed_foot,webbed_paw,webbed_paws,webbed_toe,webbed_toes",Chưa có bản dịch
w_arms,0,7698,,Chưa có bản dịch
screen_face,7,7692,"digital_face,digitized_face",Chưa có bản dịch
head_between_breasts,0,7686,head_in_cleavage,Chưa có bản dịch
hand_behind_back,7,7683,,Chưa có bản dịch
yellow_horns,0,7672,,Sừng vàng
multicolored_horns,0,7671,,Sừng nhiều màu
carrot_hair_ornament,0,7669,,Chưa có bản dịch
two_tone_penis,7,7664,two-tone_penis,Chưa có bản dịch
belly_inflation,7,7640,,Chưa có bản dịch
covered_face,0,7637,,Chưa có bản dịch
hair_flowing_over,0,7614,,Chưa có bản dịch
bone_hair_ornament,0,7608,,Chưa có bản dịch
back_wings,7,7604,wings_on_back,Chưa có bản dịch
hand_on_another's_hip,0,7604,,Chưa có bản dịch
short_bangs,0,7576,,Chưa có bản dịch
pocky_in_mouth,0,7569,,Chưa có bản dịch
pink_sclera,0,7565,"pink_eye_membrane,pink_eye_white,pink_eye_whites,pink_outer_eye,pink_scleras,pink_sclerotic_coat,pink_slcera,pink_white_of_the_eye,pink_white_of_the_eyes,pink_whites_of_the_eye,pink_whites_of_the_eyes",Chưa có bản dịch
tail_growth,7,7532,,Chưa có bản dịch
red_horn,7,7530,,Chưa có bản dịch
sheep_ears,0,7519,,Chưa có bản dịch
4_eyes,7,7516,"4_eyed,four_eyed,quadruple_eyed,quadruple_eyes",Chưa có bản dịch
breasts_on_glass,0,7511,breasts_against_glass,Chưa có bản dịch
knees_to_chest,0,7509,"knees-on-chest,knees_on_chest",Chưa có bản dịch
round_ears,7,7493,,Tai tròn
mostly_nude_male,7,7485,,Chưa có bản dịch
tickling_feet,0,7481,"feet_tickling,foot_tickle,foot_tickling,tickling_foot",Chưa có bản dịch
hair_horns,0,7477,horn-shaped_hair,Chưa có bản dịch
big_hands,7,7471,big_hand,Bàn tay to
small_horns,0,7448,short_horns,Sừng nhỏ
popsicle_in_mouth,0,7442,,Chưa có bản dịch
knock-kneed,7,7437,"genu_valgum,knee_together,knee_together_feet_apart,knees_together,knock-knee,knock_knee,knock_kneed",Chưa có bản dịch
mismatched_animal_penis,7,7436,,Chưa có bản dịch
framed_breasts,0,7424,,Chưa có bản dịch
bent_leg,7,7416,"bent_knee,knee_bent,leg_bent",Chưa có bản dịch
handpaw,7,7398,"hand_paw,hand_paws,handpaws,paw_hand,paw_hands,pawhand,pawhands",Chưa có bản dịch
orange_sclera,0,7396,"orange_eye_membrane,orange_eye_white,orange_eye_whites,orange_outer_eye,orange_scleras,orange_sclerotic_coat,orange_slcera,orange_white_of_the_eye,orange_white_of_the_eyes,orange_whites_of_the_eye,orange_whites_of_the_eyes",Chưa có bản dịch
shallow_penetration,7,7361,penis_tip_in,Chưa có bản dịch
earbuds,0,7359,ear_buds,Chưa có bản dịch
genital_raphe,7,7337,,Chưa có bản dịch
glistening_nipples,7,7332,"glistening_nipple,shiny_nipple,shiny_nipples",Chưa có bản dịch
heart_pupils,7,7324,<3_pupils,Chưa có bản dịch
grey_nose,7,7320,gray_nose,Mũi xám
squirrel_tail,0,7314,,Chưa có bản dịch
tapering_tail,7,7293,tapered_tail,Chưa có bản dịch
bandaids_on_nipples,0,7291,"bandaid_on_nipple,bandaid_on_nipples,bandaids_on_nipple",Chưa có bản dịch
black_hands,0,7287,,Bàn tay đen
finger_to_cheek,0,7280,,Chưa có bản dịch
hooved_fingers,7,7203,"finger_hooves,fingerhooves,hoof-tipped_fingers,hoof_fingers,hoof_nails,hooved_fingertips",Chưa có bản dịch
yellow_horn,7,7190,"gold_horn,golden_horn,golden_horns",Chưa có bản dịch
white_leg_warmers,0,7179,,Chưa có bản dịch
fur-trimmed_hood,0,7163,,Chưa có bản dịch
sweaty_feet,0,7152,sweaty_foot,Chưa có bản dịch
tan_ears,7,7146,"beige_ears,burlywood_ears,tan_ear",Chưa có bản dịch
sparse_pubic_hair,0,7128,,Chưa có bản dịch
on_shoulder,0,7127,,Chưa có bản dịch
cum_from_nose,7,7118,"angry_dragon,cum_from_nostrils,cum_out_nose,cum_through_nose,nose_cum",Chưa có bản dịch
unusual_wing_placement,7,7109,,Chưa có bản dịch
uneven_horns,0,7092,,Chưa có bản dịch
wet_fur,0,7077,,Chưa có bản dịch
blue_inner_ear,7,7075,blue_inner_ears,Chưa có bản dịch
bat_ears,0,7070,,Chưa có bản dịch
cum_on_legs,0,7066,cum_on_thighs,Chưa có bản dịch
breast_growth,7,7063,,Chưa có bản dịch
yellow_nipples,0,7061,yellow_nipple,Chưa có bản dịch
spotted_tail,0,7050,,Chưa có bản dịch
3_eyes,7,7048,"3_eyed,three_eyed,three_eyes,triple_eyed,triple_eyes",Chưa có bản dịch
toe_scrunch,0,7032,"clenched_toes,curled_toes,toe-scrunch,toe_curl",Chưa có bản dịch
skin_fangs,0,7015,lip_fangs,Chưa có bản dịch
light_fur,7,7013,,Lông nhạt
bovid_horn,7,7006,bovid_horns,Chưa có bản dịch
unaligned_breasts,0,6969,,Chưa có bản dịch
hand_grab,0,6951,holding_hand,Chưa có bản dịch
yellow_wings,0,6943,,Cánh vàng
unusual_penis,7,6940,"exotic_cock,exotic_dick,exotic_dong,exotic_penis,fantasy_penis,strange_cock,strange_dick,strange_dong,strange_penis,unique_penis,unusual_cock,unusual_dick,unusual_dong,weird_cock,weird_dick,weird_dong,weird_penis",Chưa có bản dịch
very_long_tail,0,6935,,Đuôi rất dài
hand_over_own_mouth,0,6921,,Chưa có bản dịch
upturned_eyes,0,6888,,Chưa có bản dịch
finger_in_another's_mouth,0,6879,,Chưa có bản dịch
wide_spread_legs,0,6878,,Chưa có bản dịch
goat_ears,0,6849,,Chưa có bản dịch
orange_nipples,0,6825,orange_nipple,Chưa có bản dịch
blue_horns,0,6771,,Sừng xanh dương
flame-tipped_tail,0,6768,"fire-tipped_tail,flame_tipped_tail,flaming_tip_tail,tail-tip_fire",Chưa có bản dịch
multiple_braids,0,6768,,Chưa có bản dịch
sweaty_face,7,6756,,Chưa có bản dịch
multiple_hairclips,0,6740,"multiple_hair_clips,multiple_hairpins",Chưa có bản dịch
white_face,7,6731,,Khuôn mặt trắng
holding_both_legs,7,6726,"double_leg_hold,holding_legs",Chưa có bản dịch
musky_penis,7,6719,musky_cock,Chưa có bản dịch
dark_fur,7,6699,,Lông sẫm
restrained_arms,7,6697,arms_restrained,Chưa có bản dịch
huge_anus,7,6691,,Chưa có bản dịch
nipple_tape,7,6688,taped_nipples,Chưa có bản dịch
mechanical_horns,0,6684,,Chưa có bản dịch
green_lips,0,6684,,Chưa có bản dịch
nude_cover,0,6664,,Chưa có bản dịch
proboscis_(anatomy),7,6660,"elongated_mouth_part,elongated_mouthpart,tubular_mouth,tubular_mouth_part,tubular_mouthpart",Chưa có bản dịch
hand_on_another's_neck,0,6659,,Chưa có bản dịch
holding_another's_leg,0,6657,grabbing_another's_leg,Chưa có bản dịch
nude_intersex,7,6638,,Chưa có bản dịch
cum_in_own_mouth,7,6613,,Chưa có bản dịch
ridged_penis,7,6603,"ridge_penis,ridged_cock",Chưa có bản dịch
purple_sclera,0,6583,"lavender_sclera,magenta_eye_membrane,magenta_eye_white,magenta_eye_whites,magenta_outer_eye,magenta_sclera,magenta_sclerotic_coat,magenta_white_of_the_eye,magenta_white_of_the_eyes,magenta_whites_of_the_eye,magenta_whites_of_the_eyes,purple_eye_membrane,purple_eye_white,purple_eye_whites,purple_outer_eye,purple_scleras,purple_sclerotic_coat,purple_slcera,purple_white_of_the_eye,purple_white_of_the_eyes,purple_whites_of_the_eye,purple_whites_of_the_eyes,violet_eye_membrane,violet_eye_white,violet_eye_whites,violet_outer_eye,violet_sclera,violet_sclerotic_coat,violet_white_of_the_eye,violet_white_of_the_eyes,violet_whites_of_the_eye,violet_whites_of_the_eyes",Chưa có bản dịch
tail_sex,0,6576,"tail-sex,tail_fuck,tail_fucking,tail_pegging,tailfuck,tailsex",Chưa có bản dịch
y_anus,7,6576,"traingular_anus,y_butt",Chưa có bản dịch
official_alternate_hair_color,0,6568,,Chưa có bản dịch
grey_horn,7,6568,"gray_horn,gray_horns,silver_horn",Chưa có bản dịch
muscle_growth,0,6566,,Chưa có bản dịch
ear_fins,7,6566,"ear_fin,fin_ears,finned_ears",Chưa có bản dịch
dirty_face,0,6561,dirt_on_face,Chưa có bản dịch
finger_on_trigger,0,6543,,Chưa có bản dịch
shark_hair_ornament,0,6541,,Chưa có bản dịch
circle_eyebrows,7,6539,"circle_eyebrow,circular_eyebrows,dot_eyebrows,eyebrow_dot,eyebrow_dots,round_eyebrows",Chưa có bản dịch
energy_wings,0,6520,,Chưa có bản dịch
pink_wings,0,6509,,Cánh hồng
metallic_body,7,6491,metal_body,Chưa có bản dịch
squirrel_ears,0,6484,,Chưa có bản dịch
tail_aside,7,6482,"moving_tail_aside,tail_on_the_side,tail_to_the_side",Chưa có bản dịch
ghost_tail,0,6470,,Chưa có bản dịch
hypnotic_eyes,7,6470,hypno_eyes,Chưa có bản dịch
glistening_fur,7,6460,shiny_fur,Chưa có bản dịch
belly_hair,7,6457,"hairy_belly,hairy_stomach",Chưa có bản dịch
black_tongue,0,6453,blakc_tongue,Lưỡi đen
equine_dildo,7,6438,"equine_penis_dildo,horse_penis_dildo,horsecock_dildo",Chưa có bản dịch
body_freckles,0,6436,,Chưa có bản dịch
dark_hair,7,6425,,Tóc sẫm
cone_horns,0,6415,,Chưa có bản dịch
bandaid_hair_ornament,0,6414,,Chưa có bản dịch
clover_hair_ornament,0,6411,,Chưa có bản dịch
unbirthing,0,6404,"body_in_pussy,pussy_vore,unbirth,vagina_vore,vaginal_vore,vore_pussy",Chưa có bản dịch
leg_lock,0,6384,legs_lock,Chưa có bản dịch
body_size_growth,7,6361,size_growth,Chưa có bản dịch
penis_expansion,0,6352,"cock_expansion,penile_expansion",Chưa có bản dịch
yellow_teeth,0,6345,,Răng vàng
hand_on_back,7,6343,,Chưa có bản dịch
nipple_rings,0,6326,,Chưa có bản dịch
colored_bangs,0,6310,dyed_bangs,Chưa có bản dịch
fewer_digits,0,6299,3finger_hand,Chưa có bản dịch
prosthetic_leg,0,6296,"leg_prostheses,leg_prosthesis,leg_prosthetic,leg_prosthetics,prosthetic_legs",Chưa có bản dịch
beady_eyes,7,6287,,Chưa có bản dịch
monkey_tail,0,6271,,Chưa có bản dịch
glistening_legs,7,6256,shiny_legs,Chưa có bản dịch
unusually_open_eyes,0,6246,,Chưa có bản dịch
penis_base,0,6222,,Chưa có bản dịch
shoulder_boards,0,6219,,Chưa có bản dịch
purple_ears,0,6213,"dark_purple_ears,lilac_ears,purple_ear",Tai tím
presenting_own_foot,0,6189,presenting_feet,Chưa có bản dịch
stretched_anus,7,6183,stretching_anus,Chưa có bản dịch
arm_wraps,7,6182,,Chưa có bản dịch
tucking_hair,0,6168,hair_tucking,Chưa có bản dịch
red_hands,0,6162,,Bàn tay đỏ
fisting,0,6150,hand_penetration,Chưa có bản dịch
teal_body,7,6150,,Chưa có bản dịch
censored_nipples,0,6143,"nipple_censor,nipple_censored,nipples_censored",Chưa có bản dịch
chest_strap,0,6139,,Chưa có bản dịch
strap_between_breasts,0,6130,"paisura,strap_cleavage",Chưa có bản dịch
breast_bondage,0,6107,,Chưa có bản dịch
partially_shaded_face,0,6101,,Chưa có bản dịch
hands_on_own_thighs,0,6083,,Chưa có bản dịch
hands_on_own_head,0,6071,,Chưa có bản dịch
looking_at_breasts,0,6066,staring_at_breasts,Chưa có bản dịch
stray_pubic_hair,0,6060,,Chưa có bản dịch
wrinkled_feet,7,6055,"wrinkled_soles,wrinkly_feet,wrinkly_soles",Chưa có bản dịch
breast_focus,0,6048,,Chưa có bản dịch
orange_penis,0,6030,orange_dick,Chưa có bản dịch
mane_hair,7,6029,,Chưa có bản dịch
small_pupils,7,6027,,Chưa có bản dịch
spread_fingers,0,6025,"fingers_spread,spreading_fingers",Chưa có bản dịch
bandaid_on_arm,0,6016,bandaid_on_elbow,Chưa có bản dịch
stitched_face,0,6014,,Chưa có bản dịch
hand_on_another's_ass,0,5974,,Chưa có bản dịch
nipple_bar,0,5953,,Chưa có bản dịch
fanny_pack,0,5939,"belly-bag,belly_bag,bellybag,belt-bag,beltbag,bum-bag,bum_bag,bumbag,fanny-pack,fannypack,moon-bag,moon_bag,moonbag",Chưa có bản dịch
holding_belly,0,5939,,Chưa có bản dịch
yellow_inner_ear,7,5933,yellow_inner_ears,Chưa có bản dịch
twirling_hair,0,5926,hair_twirling,Chưa có bản dịch
cleavage_overflow,7,5923,cleavage_spill,Chưa có bản dịch
chest_spike,0,5921,chest_spikes,Chưa có bản dịch
twitching_penis,0,5912,,Chưa có bản dịch
grey_horns,0,5905,,Sừng xám
thin_tail,7,5901,"narrow_tail,skinny_tail",Đuôi mỏng
plantar_flexion,0,5858,"toe-point,toe-point_down",Chưa có bản dịch
hand_on_own_butt,7,5856,"hand_on_own_booty,hands_on_own_booty,hands_on_own_butt",Chưa có bản dịch
plant_hair,0,5856,,Chưa có bản dịch
heart_hands_duo,0,5855,,Chưa có bản dịch
forked_tail,0,5847,"pronged_tail,split_tail",Chưa có bản dịch
striped_horns,0,5840,,Chưa có bản dịch
fake_wings,0,5838,faux_wings,Chưa có bản dịch
bat_hair_ornament,0,5824,,Chưa có bản dịch
huge_tail,7,5810,,Đuôi khổng lồ
black_pubic_hair,0,5800,,Chưa có bản dịch
finger_fetish,7,5785,,Chưa có bản dịch
arched_bangs,0,5777,,Chưa có bản dịch
curled_fingers,0,5754,,Chưa có bản dịch
arm_held_back,0,5747,,Chưa có bản dịch
belly_chain,0,5744,,Chưa có bản dịch
purple_horns,0,5738,,Sừng tím
eastern_dragon_horns,0,5729,,Chưa có bản dịch
navel_outline,7,5712,,Chưa có bản dịch
wing_claws,7,5710,"wing_talons,wingclaws",Chưa có bản dịch
rubbing_eyes,0,5699,"eye_rub,wiping_eyes",Chưa có bản dịch
spiked_penis,0,5694,"barbed_penis,penile_spikes,penis_spikes,spike_penis,spiked_cock,spikey_penis,spiky_penis,studded_penis",Chưa có bản dịch
heart_in_mouth,0,5693,,Chưa có bản dịch
penis_tuck,7,5688,"goating,tucking",Chưa có bản dịch
hand_on_another's_butt,7,5673,"hand_on_another's_booty,hand_on_anothers_ass,hand_on_anothers_booty,hand_on_anothers_butt,hands_on_another's_booty,hands_on_another's_butt,hands_on_anothers_ass,hands_on_anothers_booty,hands_on_anothers_butt",Chưa có bản dịch
leg_glider_position,7,5671,leg_glider,Chưa có bản dịch
hand_on_knee,7,5667,,Chưa có bản dịch
high_side_ponytail,0,5665,,Chưa có bản dịch
grey_wings,0,5653,gray_wings,Cánh xám
eyelashes_through_hair,0,5653,"eyelash_clipping_through_hair,eyelash_through_hair,eyelash_visible_through_hair,eyelashes_clipping_through_hair,eyelashes_visible_through_hair",Chưa có bản dịch
clothed_gynomorph,7,5650,"clothed_dickgirl_nude_dickgirl,clothed_dickgirl_nude_female,clothed_dickgirl_nude_male,clothed_gynomorph_nude_ambiguous,clothed_gynomorph_nude_andromorph,clothed_gynomorph_nude_anthro,clothed_gynomorph_nude_female,clothed_gynomorph_nude_gynomorph,clothed_gynomorph_nude_herm,clothed_gynomorph_nude_intersex,clothed_gynomorph_nude_male,clothed_gynomorph_nude_maleherm",Chưa có bản dịch
ghost_hand,7,5645,spectral_hands,Chưa có bản dịch
face_in_ass,0,5635,head_between_ass,Chưa có bản dịch
character_hair_ornament,0,5634,,Chưa có bản dịch
brown_wings,0,5633,,Cánh nâu
condom_on_penis,0,5626,,Chưa có bản dịch
thin_eyebrows,7,5626,,Chưa có bản dịch
single_hair_tube,0,5622,,Chưa có bản dịch
mouth_veil,0,5620,,Chưa có bản dịch
squint,7,5615,eyes_squinted,Chưa có bản dịch
tentacle_in_vagina,7,5615,"tentacle_in_pussy,tentacles_in_pussy",Chưa có bản dịch
alternate_skin_color,0,5614,,Chưa có bản dịch
sharp_nails,7,5594,,Chưa có bản dịch
rabbit_hood,0,5591,rabbit-ear_hood,Chưa có bản dịch
chest_markings,0,5591,"chest_markigns,chest_marking,chests_marking,chests_markings",Chưa có bản dịch
knotted_equine_penis,7,5554,"equiknot,equine_knotted_penis,knotted_horse_cock,knotted_horse_penis,knotted_horsecock",Chưa có bản dịch
nipple_chain,0,5523,nipple_chains,Chưa có bản dịch
belly_tuft,7,5519,"belly_tufts,stomach_tuft,stomach_tufts",Chưa có bản dịch
furrowed_eyebrows,7,5514,frown_eyebrows,Chưa có bản dịch
hands_on_another's_head,0,5507,,Chưa có bản dịch
unusual_pupils,7,5495,"exotic_pupils,unusual_pupil",Chưa có bản dịch
nude_beach,0,5489,nudist_beach,Chưa có bản dịch
green_nose,7,5485,,Mũi xanh lá
entwined_tails,7,5481,"entwine_tail,entwine_tails,entwined_tail,entwinedtail,entwinedtails,entwinetail,entwinetails,entwining_tail,entwining_tails,entwiningtail,entwiningtails,interlaced_tail,interlaced_tails,interlacing_tail,interlacing_tails,interlinked_tail,interlinked_tails,interlinking_tail,interlinking_tails,interlocked_tail,interlocked_tails,interlocking_tail,interlocking_tails,intertwine_tail,intertwine_tails,intertwined_tail,intertwinedtail,intertwinedtails,intertwinetail,intertwinetails,intertwining_tail,intertwining_tails,intertwiningtail,intertwiningtails,tail_around_tail,tail_entwine,tail_entwined,tail_entwining,tail_interlaced,tail_interlacing,tail_interlinked,tail_interlinking,tail_interlocked,tail_interlocking,tail_intertwine,tail_intertwined,tail_intertwining,tail_twine,tail_twined,tail_twining,tailentwine,tailentwined,tailentwining,tailintertwine,tailintertwined,tailintertwining,tails_entwine,tails_entwined,tails_entwining,tails_interlaced,tails_interlacing,tails_interlinked,tails_interlinking,tails_interlocked,tails_interlocking,tails_intertwine,tails_intertwined,tails_intertwining,tails_twine,tails_twined,tails_twining,tailsentwine,tailsentwined,tailsentwining,tailsintertwine,tailsintertwined,tailsintertwining,tailstwine,tailstwined,tailstwining,tailtwine,tailtwined,tailtwining,twine_tail,twine_tails,twined_tail,twined_tails,twinedtail,twinedtails,twinetail,twinetails,twining_tail,twining_tails,twiningtail,twiningtails",Chưa có bản dịch
perky_breasts,0,5480,,Chưa có bản dịch
foot_on_face,7,5478,"feet_in_face,feet_on_face",Chưa có bản dịch
panther_ears,0,5472,,Chưa có bản dịch
finger_play,7,5454,"fingerplay,fingers_play,fingersplay",Chưa có bản dịch
foot_grab,0,5447,"feet_grab,grabbing_feet,grabbing_foot,hindpaw_grab,holding_foot,holding_hindpaw",Chưa có bản dịch
dark_penis,0,5438,black_cock,Chưa có bản dịch
stretched_vagina,7,5436,stretched_pussy,Chưa có bản dịch
surrounded_by_hands,0,5428,swarming_hands,Chưa có bản dịch
hands_above_head,7,5424,hands_over_head,Chưa có bản dịch
sticker_on_face,0,5421,"cheek_ornament,cheek_sticker,sticker_on_cheek",Chưa có bản dịch
belly_grab,7,5415,"belly_grope,grabbing_belly,stomach_grab",Chưa có bản dịch
busty_feral,7,5414,"breasted_feral,breasts_on_feral,feral_breast,feral_breasts,feral_with_breasts",Chưa có bản dịch
treasure_chest,0,5414,,Chưa có bản dịch
covering_own_eyes,0,5410,,Chưa có bản dịch
penis_worship,7,5400,cock_worship,Chưa có bản dịch
green_wings,0,5396,,Cánh xanh lá
fish_hair_ornament,0,5395,,Chưa có bản dịch
green_pupils,0,5384,,Chưa có bản dịch
snowflake_hair_ornament,0,5375,,Chưa có bản dịch
facial_spikes,7,5373,face_spikes,Chưa có bản dịch
hair_ears,0,5373,,Chưa có bản dịch
head_on_hand,0,5362,,Chưa có bản dịch
head_on_another's_shoulder,0,5355,,Chưa có bản dịch
sitting_on_face,0,5355,"face_sitting,sit_on_face",Chưa có bản dịch
braided_twintails,0,5328,,Chưa có bản dịch
cum_on_arm,7,5326,cum_on_arms,Chưa có bản dịch
halter,7,5318,"face_harness,headcollar",Chưa có bản dịch
fingerpads,7,5312,"finger_pad,finger_pads,fingerpad",Chưa có bản dịch
clothed_intersex,7,5304,"cin?,cini,clothed_intersex_nude_ambiguous,clothed_intersex_nude_andromorph,clothed_intersex_nude_anthro,clothed_intersex_nude_female,clothed_intersex_nude_gynomorph,clothed_intersex_nude_herm,clothed_intersex_nude_intersex,clothed_intersex_nude_male,clothed_intersex_nude_maleherm,n?ci,nfci,nici,nmci,nude_intersex_clothed_intersex",Chưa có bản dịch
tail_insertion,0,5304,tail_penetrating,Chưa có bản dịch
tailband,7,5300,"tail_band,tail_bands,tail_binding,tailbands",Chưa có bản dịch
big_vulva,7,5295,"big_pussy,big_vagina,huge_pussy,huge_vagina,large_pussy,large_vagina",Chưa có bản dịch
countershade_arms,7,5290,,Chưa có bản dịch
shoulder_carry,0,5282,,Chưa có bản dịch
folded_ears,7,5279,"button_ear,button_ears,cocked_ear,cocked_ears",Chưa có bản dịch
holding_tail,7,5279,,Chưa có bản dịch
long_nails,7,5274,,Chưa có bản dịch
caprine_horn,7,5262,caprine_horns,Chưa có bản dịch
smiley_face,0,5258,,Chưa có bản dịch
stuffing,0,5251,"belly_stuffing,stuffed",Chưa có bản dịch
brown_horn,7,5235,,Chưa có bản dịch
glowing_body,7,5219,,Chưa có bản dịch
nipple_penetration,0,5211,"breast_penetration,nipple_fuck,nipple_insertion",Chưa có bản dịch
bared_teeth,7,5209,"baring_teeth,bearing_teeth,teeth_bared",Chưa có bản dịch
darkened_penis,7,5193,"dark_cock,dark_dick,dark_dicks,dark_dong,dark_member,dark_penes,dark_penii,dark_pennis,dark_phallus,dark_shaft,darkened_cock,darkened_dick,darkened_dicks,darkened_dong,darkened_member,darkened_penes,darkened_penii,darkened_pennis,darkened_phallus,darkened_shaft",Chưa có bản dịch
you_gonna_get_raped,0,5189,"/yggr,rape_eyes",Chưa có bản dịch
clothed_female_nude_female,0,5182,"/cfnf,cfnf,clothed_female_naked_female,nude_female_clothed_female",Chưa có bản dịch
striped_arm_warmers,0,5177,,Chưa có bản dịch
non-mammal_hair,7,5173,,Chưa có bản dịch
curled_horn,7,5162,"curly_horn,curly_horns",Chưa có bản dịch
drinking_straw_in_mouth,0,5158,straw_in_mouth_(drinking),Chưa có bản dịch
butt_hair,7,5151,"hairy_ass,hairy_butt",Chưa có bản dịch
tail_mouth,0,5150,"mouth_tail,tail_maw,tailmaw,tailmouth",Chưa có bản dịch
monotone_genitals,7,5142,,Chưa có bản dịch
buck_teeth,0,5137,,Chưa có bản dịch
1_horn,7,5128,"one_horn,singular_horn,unihorn",Chưa có bản dịch
barely_visible_penis,7,5125,subtle_penis,Chưa có bản dịch
penis_focus,0,5101,cock_focus,Chưa có bản dịch
glistening_nose,7,5097,shiny_nose,Chưa có bản dịch
bird_legs,0,5091,,Chân chim
wide_ponytail,0,5082,,Chưa có bản dịch
tail_between_legs,0,5081,,Chưa có bản dịch
playing_with_own_hair,0,5068,,Chưa có bản dịch
hand_on_ground,0,5065,,Chưa có bản dịch
natural_breasts,7,5062,droopy_breasts,Chưa có bản dịch
eyebrow_cut,0,5059,scar_through_eyebrow,Chưa có bản dịch
striped_arms,7,5054,,Chưa có bản dịch
blood_from_eyes,0,5047,,Chưa có bản dịch
finger_to_own_chin,0,5045,finger_to_chin,Chưa có bản dịch
countershade_hands,7,5041,"countershade_hand,countershade_palm,countershade_palms",Chưa có bản dịch
eye_bags,7,5036,"baggy_eyes,dark_circles,eyebag,eyebags",Chưa có bản dịch
jackal_ears,0,5014,,Chưa có bản dịch
hands_together,7,5008,,Chưa có bản dịch
hand_on_another's_stomach,0,5008,,Chưa có bản dịch
licking_finger,0,5000,"finger_licking,licking_fingers",Chưa có bản dịch
red_ears,7,4993,red_ear,Tai đỏ
big_nose,7,4991,,Mũi to
freckled_legs,7,4990,"freckles_on_leg,freckles_on_legs,leg_freckles",Chưa có bản dịch
breast_smother,0,4979,"breast_smothering,breasts_smother",Chưa có bản dịch
tail_wraps,7,4950,"tailwrap,tailwraps",Chưa có bản dịch
mechanical_hands,0,4932,robot_hands,Chưa có bản dịch
head_horn,7,4926,,Chưa có bản dịch
mole_under_each_eye,0,4914,,Chưa có bản dịch
striped_legs,7,4902,,Chưa có bản dịch
tan_nipples,7,4900,"beige_nipples,tan_nipple",Chưa có bản dịch
hand_on_own_breast,7,4896,hand_on_own_breasts,Chưa có bản dịch
winged_helmet,0,4876,wing_helmet,Chưa có bản dịch
tan_belly,7,4847,"beige_belly,burlywood_belly",Chưa có bản dịch
bird_on_hand,0,4843,"bird_in_hand,bird_on_finger",Chưa có bản dịch
anal_hair,0,4841,hairy_anus,Chưa có bản dịch
black_inner_ear,7,4831,black_inner_ears,Chưa có bản dịch
wrinkled_skin,0,4831,,Chưa có bản dịch
hand_tattoo,0,4828,,Chưa có bản dịch
tonguejob,0,4826,"tongue-job,tongue_job",Chưa có bản dịch
girthy_penis,0,4822,,Chưa có bản dịch
twintails_(hairstyle),7,4821,,Chưa có bản dịch
dirty_feet,0,4812,dirty_foot,Chưa có bản dịch
hand_on_cheek,7,4812,hands_on_cheeks,Chưa có bản dịch
asymmetrical_sidelocks,0,4792,,Chưa có bản dịch
hands_on_thighs,7,4790,,Chưa có bản dịch
cloacal_penis,7,4786,,Chưa có bản dịch
face_paint,7,4774,"face_painting,face_paintings,face_paints,facepainting,facepaintings,facepaints",Chưa có bản dịch
tail_tied,7,4771,tied_tail,Chưa có bản dịch
tail_pull,0,4758,tail_pulling,Chưa có bản dịch
purple_horn,7,4742,,Chưa có bản dịch
hyper_nipples,7,4738,,Chưa có bản dịch
feet_first,7,4734,,Chưa có bản dịch
nose_bubble,0,4702,,Chưa có bản dịch
compound_eyes,0,4701,"bug_eye,bug_eyes,compound_eye,insect_eye,insect_eyes",Chưa có bản dịch
lizard_tail,0,4699,,Chưa có bản dịch
covering_mouth,7,4699,hand_over_mouth,Chưa có bản dịch
licking_nipple,0,4666,"licking_nipples,nipple_licking",Chưa có bản dịch
green_ears,7,4665,green_ear,Tai xanh lá
chin_tuft,7,4665,chin_tufts,Chưa có bản dịch
heart_tail,0,4659,"<3_tail,heart_tails,tail_<3",Chưa có bản dịch
grey_inner_ear,7,4652,"gray_inner_ear,grey_inner_ears",Chưa có bản dịch
bloodshot_eyes,0,4649,"eye_veins,strained_eyes,veiny_eye",Chưa có bản dịch
fiery_hair,0,4648,fire_hair,Chưa có bản dịch
tail_bell,0,4644,"tail_bells,tailbell,tailbells",Chưa có bản dịch
purple_pupils,0,4631,,Chưa có bản dịch
brushing_hair,0,4620,"combing,combing_hair,hair_brushing,hairbrushing",Chưa có bản dịch
arm_wrap,0,4619,,Chưa có bản dịch
white_tuft,7,4611,white_tufts,Chưa có bản dịch
towel_only,7,4609,nude_towel,Chưa có bản dịch
white_mouth,0,4607,,Miệng trắng
puckered_anus,0,4596,,Chưa có bản dịch
green_vulva,7,4579,"green_cunt,green_labia,green_twat,green_vag,green_vagina",Chưa có bản dịch
no_feet,0,4565,,Chưa có bản dịch
horse_penis,0,4564,"horse_cock,horsecock",Chưa có bản dịch
breasts_and_teats,7,4552,,Chưa có bản dịch
hands_on_lap,0,4547,,Chưa có bản dịch
shading_eyes,0,4543,shielding_eyes_from_sun,Chưa có bản dịch
brown_inner_ear,7,4538,"brown_inner_ears,dark_brown_inner_ear",Chưa có bản dịch
body_horror,0,4534,,Chưa có bản dịch
dark_anus,0,4522,,Chưa có bản dịch
button_eyes,0,4518,,Chưa có bản dịch
hand_on_own_belly,7,4506,grabbing_own_belly,Chưa có bản dịch
broad_shoulders,0,4505,wide_shoulders,Chưa có bản dịch
holding_own_penis,7,4504,,Chưa có bản dịch
hand_on_another's_leg,0,4493,,Chưa có bản dịch
tail_wrap,0,4485,hugging_with_tail,Chưa có bản dịch
hollow_eyes,0,4477,,Chưa có bản dịch
genital_scar,7,4472,"genitalia_scar,scar_on_genital,scar_on_genitalia,scar_on_genitals,scarred_genital,scarred_genitalia,scarred_genitals",Chưa có bản dịch
neck_fur,0,4468,,Chưa có bản dịch
vibrator_on_penis,0,4463,,Chưa có bản dịch
balls_on_face,7,4460,,Chưa có bản dịch
butt_cleavage,7,4458,"ass_cleavage,ass_crack",Chưa có bản dịch
floating_hands,7,4456,floating_hand,Chưa có bản dịch
featureless_hands,7,4454,,Chưa có bản dịch
anatomically_correct_anus,7,4450,,Chưa có bản dịch
face_lick,7,4448,"face_licking,facelick,facelicking,lick_face,licking_face",Chưa có bản dịch
carrying_over_shoulder,0,4443,,Chưa có bản dịch
eye_trail,0,4440,,Chưa có bản dịch
belly_rub,0,4432,"belly_massage,belly_rubs,bellyrub,bellyrubs,rubbing_belly,rubbing_stomach,tummy_rubs",Chưa có bản dịch
group_nudity,0,4427,naked_group,Chưa có bản dịch
hand_on_hilt,0,4417,,Chưa có bản dịch
looking_through_legs,7,4408,looking_between_legs,Chưa có bản dịch
derp_eyes,7,4407,"<_>,derp,derp_face,strabismus,wall-eyes,wall_eyed,wall_eyes",Chưa có bản dịch
folded_wings,0,4393,"fold_wings,wings_folded",Chưa có bản dịch
shoulder_strap,0,4388,shoulder_straps,Chưa có bản dịch
braided_sidelocks,0,4386,,Chưa có bản dịch
fur_growth,7,4384,,Chưa có bản dịch
knee_tuft,7,4373,knee_tufts,Chưa có bản dịch
holding_own_leg,0,4371,,Chưa có bản dịch
obscured_eyes,7,4370,eyes_obscured,Chưa có bản dịch
bear_hair_ornament,0,4367,,Chưa có bản dịch
penis_out,0,4356,penis_outside,Chưa có bản dịch
blood_in_mouth,0,4354,,Chưa có bản dịch
prehensile_hair,0,4353,,Chưa có bản dịch
flashing_breasts,7,4348,,Chưa có bản dịch
armless,7,4348,no_arms,Chưa có bản dịch
purple_anus,0,4345,,Chưa có bản dịch
flaming_eye,0,4341,"burning_eye,fiery_eye",Chưa có bản dịch
covering_nipples,0,4338,,Chưa có bản dịch
jewel_under_eye,0,4336,,Chưa có bản dịch
chest_fur,0,4329,,Chưa có bản dịch
rape_face,0,4325,rapeface,Chưa có bản dịch
belly_squish,7,4324,"belly_squished,gut_squished,squish_belly,squish_gut,squish_tummy,squished_belly,squished_gut,squished_tummy,squishing_belly,tummy_squished",Chưa có bản dịch
eye_focus,0,4322,eyes_focus,Chưa có bản dịch
pulling_hair,7,4315,"hair_pull,hair_pulling,hair_tugging,hairpulling,pull_hair",Chưa có bản dịch
stare,7,4309,staring_into_eyes,Chưa có bản dịch
blood_in_hair,0,4305,bloody_hair,Chưa có bản dịch
pink_horn,7,4292,,Chưa có bản dịch
scuted_arms,7,4291,"arm_scutes,scuted_arm",Chưa có bản dịch
bruise_on_face,0,4290,,Chưa có bản dịch
drop-shaped_pupils,0,4287,,Chưa có bản dịch
two_tone_face,7,4286,,Chưa có bản dịch
censored_identity,0,4283,"eye_censor,identity_censor",Chưa có bản dịch
arm_above_head,0,4268,,Chưa có bản dịch
bandaid_on_hand,0,4260,,Chưa có bản dịch
no_eyebrows,0,4260,,Chưa có bản dịch
gaping_mouth,7,4259,wide-open_mouth,Chưa có bản dịch
between_toes,0,4258,,Chưa có bản dịch
blood_on_arm,0,4252,bloody_arm,Chưa có bản dịch
side_ahoge,0,4247,,Chưa có bản dịch
knees_apart_feet_together,0,4247,,Chưa có bản dịch
flaming_hair,7,4247,"fire_hair,flame_hair",Chưa có bản dịch
hand_on_arm,7,4239,,Chưa có bản dịch
extended_arm,7,4236,,Chưa có bản dịch
index_fingers_together,0,4220,,Chưa có bản dịch
butterfly_on_hand,0,4211,,Chưa có bản dịch
bandage_on_nose,0,4206,nose_bandage,Chưa có bản dịch
hand_puppet,0,4196,"hand_puppets,handpuppet",Chưa có bản dịch
hands_on_another's_cheeks,0,4195,,Chưa có bản dịch
arm_blade,0,4173,,Chưa có bản dịch
black_arm_warmers,0,4169,,Chưa có bản dịch
humanoid_face,7,4168,"human_face,humanesque_face,humanoid_head",Chưa có bản dịch
cetacean_penis,7,4165,"orca_penis,whale_penis",Chưa có bản dịch
knotted_humanoid_penis,7,4158,"humanoid_knotted_penis,humanoid_penis_with_knot,knotted_human_penis,uncut_with_knot",Chưa có bản dịch
nail_(hardware),0,4153,,Chưa có bản dịch
foot_on_balls,7,4149,feet_on_balls,Chưa có bản dịch
mismatched_pubic_hair,0,4136,,Chưa có bản dịch
hair_grab,7,4124,"grabbing_hair,hair_grabbing",Chưa có bản dịch
nape_braid,0,4122,,Chưa có bản dịch
arm_pull,7,4118,,Chưa có bản dịch
cutout_above_navel,0,4118,,Chưa có bản dịch
cetacean_tail,0,4114,"narwhal_tail,orca_tail,whale_tail_(animal_tail)",Chưa có bản dịch
4_breasts,7,4112,"4_breast,4_breasted,four_breast,four_breasted,four_breasts",Chưa có bản dịch
scar_on_leg,0,4099,,Chưa có bản dịch
barely_visible_anus,7,4093,subtle_anus,Chưa có bản dịch
bulging_breasts,7,4093,,Chưa có bản dịch
curly_eyebrows,0,4089,,Chưa có bản dịch
brother_penetrating_sister,7,4085,brother's_penis_in_sister's_vagina,Chưa có bản dịch
patchwork_skin,0,4084,,Chưa có bản dịch
naked_bandage,0,4083,nude_bandage,Chưa có bản dịch
bandaged_chest,0,4080,,Chưa có bản dịch
comb,0,4073,hair_comb,Chưa có bản dịch
finger_heart,0,4071,,Chưa có bản dịch
black_ear_tips,7,4068,"black_eartips,black_tipped_ears",Chưa có bản dịch
fur-trimmed_collar,0,4050,,Chưa có bản dịch
hand_on_own_penis,0,4048,,Chưa có bản dịch
pacifier_in_mouth,7,4012,,Chưa có bản dịch
long_nose,0,4003,,Mũi dài
see-through_body,0,4003,"see-through_skin,transparent_skin",Chưa có bản dịch
translucent_penis,7,4001,"ghost_dicks,ghost_penis,transparent_penis",Chưa có bản dịch
solid_eyes,0,3986,,Chưa có bản dịch
small_nose,7,3983,,Mũi nhỏ
blue_eyebrows,7,3976,dark_blue_eyebrows,Chưa có bản dịch
grey_nails,0,3970,gray_nails,Chưa có bản dịch
animal_ear_hood,0,3970,,Chưa có bản dịch
sweaty_penis,7,3970,sweaty_cock,Chưa có bản dịch
arm_cutout,0,3968,,Chưa có bản dịch
yellow_tongue,0,3958,yellow_tounge,Lưỡi vàng
gold_tooth,7,3942,golden_teeth,Chưa có bản dịch
tail_around_penis,7,3939,,Chưa có bản dịch
orange_nose,7,3938,,Mũi cam
penis_on_tongue,0,3937,,Chưa có bản dịch
hand_on_wall,0,3935,hand_against_wall,Chưa có bản dịch
nose_to_anus,7,3935,,Chưa có bản dịch
red_eyebrows,7,3931,,Chưa có bản dịch
hair_extensions,0,3929,,Chưa có bản dịch
breast_slip,0,3909,boob_slip,Chưa có bản dịch
bad_feet,0,3908,,Chưa có bản dịch
ram_horn,7,3907,ram_horns,Chưa có bản dịch
shoulder_sash,0,3895,,Chưa có bản dịch
urine_in_mouth,7,3894,"pee_in_mouth,piss_in_mouth",Chưa có bản dịch
spiky_hair,7,3885,spikey_hair,Tóc dựng
finger_in_own_mouth,0,3881,"finger_inside_mouth,fingers_in_mouth,fingers_inside_mouth",Chưa có bản dịch
panther_tail,0,3867,,Chưa có bản dịch
teal_hair,7,3865,teal)hair,Chưa có bản dịch
glistening_arms,7,3864,shiny_arms,Chưa có bản dịch
blonde_eyebrows,7,3860,"blond_eyebrows,yellow_eyebrows",Chưa có bản dịch
tailjob,0,3860,tail_job,Chưa có bản dịch
saliva_on_face,7,3860,,Chưa có bản dịch
brushing_teeth,0,3858,"brushing_tooth,teeth_brushing,tooth_brushing",Chưa có bản dịch
shoulder_peek,0,3854,,Chưa có bản dịch
crotch_breasts,7,3848,"crotch_boob,crotch_boobs,crotch_breast,crotch_tits,crotchboob,crotchboobs,crotchbreast,crotchbreasts,crotchtits",Chưa có bản dịch
mechanical_ears,0,3848,,Chưa có bản dịch
hip_tuft,7,3847,hip_tufts,Chưa có bản dịch
pink_horns,0,3843,,Sừng hồng
donut_hair_bun,0,3834,doughnut_hair_bun,Chưa có bản dịch
hair_brush,0,3805,,Chưa có bản dịch
hair_lift,0,3798,,Chưa có bản dịch
hands_on_own_legs,0,3791,,Chưa có bản dịch
snake_hair,0,3790,,Chưa có bản dịch
aroused_face,7,3768,,Chưa có bản dịch
glowing_hair,0,3766,,Chưa có bản dịch
face_to_breasts,0,3749,,Chưa có bản dịch
anus_focus,7,3749,,Chưa có bản dịch
rat_tail,7,3747,,Chưa có bản dịch
shadow_face,7,3746,,Chưa có bản dịch
hair_on_horn,0,3727,,Chưa có bản dịch
breast_lick,7,3726,"boob_licking,breast_licking,licking_breasts",Chưa có bản dịch
v-shaped_eyes,0,3724,,Chưa có bản dịch
cum_dripping_from_penis,7,3713,,Chưa có bản dịch
penis_through_fly,7,3698,"out_of_fly,penis_through_zipper",Chưa có bản dịch
forearm_muscles,7,3692,"brachioradialis,carpi,extensor_carpi,flexor_carpi",Chưa có bản dịch
letter_hair_ornament,0,3691,,Chưa có bản dịch
excessive_pubic_hair,0,3686,,Chưa có bản dịch
hyper_anus,7,3685,,Chưa có bản dịch
penis_tentacles,7,3683,"cock_tentacles,tentacle_dick,tentacle_penis",Chưa có bản dịch
black_legs,7,3678,,Chân đen
bird_on_shoulder,0,3676,,Chưa có bản dịch
hand_on_own_shoulder,0,3665,,Chưa có bản dịch
holding_own_tail,0,3655,,Chưa có bản dịch
ear_stud,7,3649,"ear_studs,earstud,earstuds",Chưa có bản dịch
hand_on_own_neck,0,3647,hand_on_own_throat,Chưa có bản dịch
chocolate_on_body,0,3635,,Chưa có bản dịch
nail_art,0,3630,,Chưa có bản dịch
horn_grab,7,3629,"grabbing_horn,grabbing_horns",Chưa có bản dịch
4_horns,7,3625,"4-horn,4-horned,4-horns,4_horn,4_horned,four-horn,four-horned,four-horns,four_horn,four_horned,four_horns,quad_horn,quad_horned,quad_horns,quadhorn,quadhorned,quadhorns,quadruple_horn,quadruple_horned,quadruple_horns",Chưa có bản dịch
hand_wraps,0,3623,"hand_wrap,hand_wrappings,handwrap,handwraps",Chưa có bản dịch
cum_on_hands,0,3619,cum_in_hands,Chưa có bản dịch
fake_facial_hair,0,3613,,Chưa có bản dịch
red_vulva,7,3581,"red_cunt,red_labia,red_pussy,red_twat,red_vag,red_vagina",Chưa có bản dịch
nipple_lick,7,3563,"lick_nipple,licking_nipples,nipple_licking,nipples_lick,nipples_licking",Chưa có bản dịch
feather_hands,7,3560,"feather_finger,feather_hand,feathered_finger,feathered_fingers,feathered_hand,feathered_hands,fwingers,wing_hands",Chưa có bản dịch
black_facial_hair,0,3560,,Chưa có bản dịch
arm_around_shoulders,7,3550,,Chưa có bản dịch
anal_fisting,0,3550,hand_in_ass,Chưa có bản dịch
leaf_hair,7,3543,,Chưa có bản dịch
sunflower_hair_ornament,0,3539,,Chưa có bản dịch
tail_around_own_leg,0,3514,,Chưa có bản dịch
hook_hand,0,3513,,Chưa có bản dịch
chest_scar,7,3512,"chest_scars,torso_scar",Chưa có bản dịch
kinky_hair,0,3509,very_curly_hair,Chưa có bản dịch
micropenis,7,3507,micro_penis,Chưa có bản dịch
hand_on_neck,7,3507,,Chưa có bản dịch
glowing_nipples,0,3498,,Chưa có bản dịch
mimikaki,0,3486,"ear_cleaner,japanese_ear_pick",Chưa có bản dịch
belly_blush,7,3484,blushing_stomach,Chưa có bản dịch
holding_arm,7,3483,,Chưa có bản dịch
floating_headgear,0,3478,floating_hair_ornament,Chưa có bản dịch
ethereal_hair,7,3476,,Chưa có bản dịch
raised_foot,7,3474,"feet_lift,feet_lifted,feet_lifting,feet_raised,foot_lift,foot_lifted,foot_lifting,foot_raised,foot_up,lift_feet,lift_foot,lifted_feet,lifted_foot,lifting_feet,lifting_foot,raised_feet",Chưa có bản dịch
shoulder_blush,0,3466,,Chưa có bản dịch
glistening_belly,7,3465,shiny_belly,Chưa có bản dịch
hearts_around_body,7,3459,,Chưa có bản dịch
lop_rabbit_ears,0,3459,,Chưa có bản dịch
half_up_half_down_braid,0,3453,,Chưa có bản dịch
armbinder,0,3452,"arm_binder,arm_binders,armbinders",Chưa có bản dịch
white_hands,0,3451,,Bàn tay trắng
patterned_hair,0,3447,"print_hair,textured_hair",Chưa có bản dịch
hairdressing,0,3442,"hair_dressing,hair_styling",Chưa có bản dịch
eastern_dragon_tail,0,3434,,Chưa có bản dịch
countershade_genitalia,7,3431,countershade_genitals,Chưa có bản dịch
handstand,0,3429,hand_stand,Chưa có bản dịch
alternate_breast_size_(smaller),0,3422,smaller_breasts_than_canon,Chưa có bản dịch
breast_jiggle,7,3420,breast_jiggling,Chưa có bản dịch
sword_over_shoulder,0,3419,,Chưa có bản dịch
sloshing_belly,7,3417,,Chưa có bản dịch
rectangular_mouth,0,3409,":[],square_mouth",Chưa có bản dịch
flesh_tunnel,7,3402,"ear_gauges,gauges",Chưa có bản dịch
hand_on_balls,7,3399,hands_on_balls,Chưa có bản dịch
hands_on_ground,0,3391,,Chưa có bản dịch
cigarette_in_mouth,7,3388,,Chưa có bản dịch
restrained_legs,7,3383,,Chưa có bản dịch
stroking_penis,7,3381,,Chưa có bản dịch
bad_hands,0,3373,,Chưa có bản dịch
scar_on_mouth,0,3367,,Chưa có bản dịch
licking_another's_face,0,3366,"face_licking,licking_face",Chưa có bản dịch
cable_tail,0,3364,,Chưa có bản dịch
d-pad_hair_ornament,0,3364,,Chưa có bản dịch
yellow_nose,7,3361,,Mũi vàng
small_horn,7,3358,,Chưa có bản dịch
low_side_ponytail,0,3354,,Chưa có bản dịch
straight_legs,7,3351,,Chân thẳng
convenient_arm,0,3350,,Chưa có bản dịch
diamond_hair_ornament,0,3341,,Chưa có bản dịch
missing_wings,0,3340,no_wings,Chưa có bản dịch
6_breasts,7,3338,"6_breast,6_breasted,six_breast,six_breasted,six_breasts",Chưa có bản dịch
split_ponytail,0,3327,,Chưa có bản dịch
in_mouth,7,3322,,Chưa có bản dịch
panda_ears,0,3317,,Chưa có bản dịch
missing_arm,7,3313,"amputated_arm,amputee_arm",Chưa có bản dịch
multicolored_face,7,3312,"multi_tone_face,red_and_white_face",Khuôn mặt nhiều màu
severed_body_part,7,3302,,Chưa có bản dịch
small_penis_humiliation,0,3300,small_penis_shaming,Chưa có bản dịch
snow_leopard_ears,0,3289,,Chưa có bản dịch
metal_skin,0,3287,metallic_skin,Chưa có bản dịch
rabbit-shaped_pupils,0,3282,bunny-shaped_pupils,Chưa có bản dịch
two-tone_horns,0,3279,,Chưa có bản dịch
small_wings,7,3278,tiny_wings,Cánh nhỏ
official_alternate_eye_color,0,3271,,Chưa có bản dịch
striped_hair,0,3268,,Chưa có bản dịch
leaking_vagina,7,3265,"leaking_pussy,pussy_leak,pussy_leakage",Chưa có bản dịch
orange_wings,0,3264,,Cánh cam
arms_around_another's_waist,0,3260,,Chưa có bản dịch
ear_frill,7,3258,"ear_frills,membranous_ears",Chưa có bản dịch
drill_ponytail,0,3249,,Chưa có bản dịch
grabbing_both_legs,7,3249,"double_leg_grab,grabbing_legs",Chưa có bản dịch
muscle_tone,7,3249,,Chưa có bản dịch
band-aid_on_face,7,3246,,Chưa có bản dịch
purple_inner_ear,7,3246,"lilac_inner_ear,purple_inner_ears",Chưa có bản dịch
offering_hand,0,3239,,Chưa có bản dịch
guiding_hand,0,3234,,Chưa có bản dịch
chest_wraps,7,3212,"breast_wrap,breast_wraps,chest_wrap",Chưa có bản dịch
tail_masturbation,0,3211,,Chưa có bản dịch
lipstick_on_penis,7,3210,,Chưa có bản dịch
kiss_on_penis,7,3208,"cock_kiss,penis_kiss,penis_kissing",Chưa có bản dịch
glistening_tail,7,3206,shiny_tail,Chưa có bản dịch
arthropod_limbs,0,3206,"arthropod_legs,insect_arms,spider_arms",Chưa có bản dịch
mark_under_eye,0,3193,,Chưa có bản dịch
chinese_hairpin,0,3190,chinese_hair_stick,Chưa có bản dịch
guided_breast_grab,0,3190,,Chưa có bản dịch
ear_penetration,7,3186,"aural_insertion,aural_penetration,aural_sex,ear_fuck,earfuck,earsex",Chưa có bản dịch
blue_mouth,7,3184,,Miệng xanh dương
expressive_hair,0,3177,,Chưa có bản dịch
foot_on_penis,7,3176,stepping_on_penis,Chưa có bản dịch
mottled_penis,7,3176,"mottle_cock,mottle_penis,mottled_cock",Chưa có bản dịch
tired_eyes,7,3176,,Chưa có bản dịch
small_head,0,3174,big_body_small_head,Chưa có bản dịch
flower_in_mouth,0,3173,,Chưa có bản dịch
missing_tail,0,3166,no_tail,Chưa có bản dịch
tongue_penetration,7,3166,deep_tongue,Chưa có bản dịch
mark_under_both_eyes,0,3161,,Chưa có bản dịch
nipple_pull,0,3159,"nipple_pulling,nipple_tug,nipple_tugging,nipples_pull,nipples_pulling,nipples_tug,nipples_tugging,pulling_nipple,pulling_nipples,tug_nipple,tug_nipples,tugging_nipple,tugging_nipples",Chưa có bản dịch
gradient_penis,0,3157,,Chưa có bản dịch
belly_rolls,7,3154,,Chưa có bản dịch
large_nose,0,3151,,Mũi lớn
wiping_face,0,3150,,Chưa có bản dịch
single_breast_curtain,0,3144,"breast_curtain,breast_veil",Chưa có bản dịch
prehensile_penis,7,3142,prehensile_cock,Chưa có bản dịch
grey_eyebrows,7,3136,gray_eyebrows,Chưa có bản dịch
forward_arm_support,7,3130,forwards_arm_support,Chưa có bản dịch
invisible_penis,0,3129,invisicock,Chưa có bản dịch
spotted_legs,7,3121,,Chưa có bản dịch
hand_rest,0,3121,,Chưa có bản dịch
smelly_feet,7,3120,stinky_feet,Chưa có bản dịch
extended_arms,7,3117,,Chưa có bản dịch
mechanical_eyes,0,3114,"artificial_eye,artificial_mechanical_eyes",Chưa có bản dịch
fur-trimmed_legwear,0,3112,,Chưa có bản dịch
orange_pupils,0,3111,,Chưa có bản dịch
living_tail,7,3108,"live_tail,sentient_tail",Chưa có bản dịch
brown_nails,0,3100,,Chưa có bản dịch
oversized_wings,0,3099,,Chưa có bản dịch
covered_penis,0,3099,,Chưa có bản dịch
hand_on_another's_hand,0,3097,,Chưa có bản dịch
blonde_pubic_hair,0,3087,,Chưa có bản dịch
blunt_sidelocks,0,3087,,Chưa có bản dịch
flower_in_eye,0,3087,,Chưa có bản dịch
hands_on_own_ass,0,3087,,Chưa có bản dịch
armpit_tuft,7,3083,,Chưa có bản dịch
body_outline,7,3080,prey_shaped_bulge,Chưa có bản dịch
on_hind_legs,7,3080,"rearing_up,standing_on_hind_legs",Chưa có bản dịch
naked_sheet,0,3076,nude_sheet,Chưa có bản dịch
penis_on_head,0,3076,,Chưa có bản dịch
red_inner_ear,7,3073,red_inner_ears,Chưa có bản dịch
farting_on_face,7,3058,face_farting,Chưa có bản dịch
one_ear_up,7,3055,"1_cocked_ear,1_ear_down,1_ear_downward,1_ear_downwards,1_ear_up,1_ear_upward,1_ear_upwards,1_lowered_ear,1_raised_ear,lopsided_ear,lopsided_ears,one_cocked_ear,one_ear_downward,one_ear_downwards,one_ear_upward,one_ear_upwards,one_lowered_ear,one_raised_ear,raised_ear,single_cocked_ear,single_ear_down,single_ear_downward,single_ear_downwards,single_ear_up,single_ear_upward,single_ear_upwards,single_lowered_ear,single_raised_ear",Chưa có bản dịch
arm_scar,7,3050,"arm_scars,scar_on_arms",Chưa có bản dịch
x_anus,0,3047,x_butt,Chưa có bản dịch
wrist_tuft,7,3046,wrist_tufts,Chưa có bản dịch
big_tongue,7,3043,,Lưỡi to
lepidopteran_wings,7,3041,"butterfly_furry,butterfly_wing,moth_wing",Chưa có bản dịch
brown_vulva,7,3039,"brown_cunt,brown_labia,brown_pussy,brown_twat,brown_vag,brown_vagina",Chưa có bản dịch
strawberry_hair_ornament,0,3037,,Chưa có bản dịch
bruised_eye,0,3035,"black_eye,black_eye_(injury)",Chưa có bản dịch
breasts_on_head,0,3032,headboob,Chưa có bản dịch
detailed_fur,7,3028,,Chưa có bản dịch
transparent_wings,0,3021,see-through_wings,Chưa có bản dịch
facepalm,0,3021,"face_palm,facehoof,facepaw",Chưa có bản dịch
ear_wiggle,0,2993,ears_wagging,Chưa có bản dịch
looking_at_hand,0,2991,,Chưa có bản dịch
hand_focus,0,2987,hands_focus,Chưa có bản dịch
cupping_hands,0,2986,,Chưa có bản dịch
cumdrip_from_penis,0,2983,,Chưa có bản dịch
lollipop_in_mouth,0,2981,,Chưa có bản dịch
arm_spikes,0,2981,,Chưa có bản dịch
pearl_hair_ornament,0,2977,,Chưa có bản dịch
touching_penis,7,2972,,Chưa có bản dịch
extra_mouth,0,2971,multiple_mouths,Chưa có bản dịch
multi_wing,7,2964,"many_wings,multi-wing,multi-wings,multi_wings,multiple_wing",Chưa có bản dịch
pink_arm_warmers,0,2958,,Chưa có bản dịch
tan_inner_ear_fluff,7,2955,burlywood_inner_ear_fluff,Chưa có bản dịch
single_bare_foot,0,2952,single_barefoot,Chưa có bản dịch
legs_behind_head,0,2951,,Chưa có bản dịch
curved_eyebrows,7,2947,,Chưa có bản dịch
cotton_tail,7,2944,,Chưa có bản dịch
red_anus,7,2943,,Chưa có bản dịch
grid_teeth,0,2935,,Chưa có bản dịch
large_hands,0,2926,yaoi_hands,Bàn tay lớn
power_symbol-shaped_pupils,0,2925,,Chưa có bản dịch
bare_breasts,7,2925,,Chưa có bản dịch
carrying_under_arm,0,2924,,Chưa có bản dịch
detailed_anus,7,2923,,Chưa có bản dịch
holding_another's_penis,7,2922,,Chưa có bản dịch
hair_in_own_mouth,0,2921,,Chưa có bản dịch
face_imprint,7,2912,,Chưa có bản dịch
colored_nipples,0,2907,,Chưa có bản dịch
convenient_tail,0,2907,tail_censor,Chưa có bản dịch
vibrator_in_vagina,7,2903,"vaginal_vibrator,vibrator_in_pussy",Chưa có bản dịch
brown_facial_hair,0,2902,,Chưa có bản dịch
green_anus,0,2901,green_asshole,Chưa có bản dịch
hand_on_own_forehead,0,2897,,Chưa có bản dịch
black_leg_warmers,0,2895,,Chưa có bản dịch
one_eye_half-closed,7,2893,,Chưa có bản dịch
v_over_mouth,0,2893,,Chưa có bản dịch
half_naked,7,2883,"half-nude,half_nude",Chưa có bản dịch
ribbed_penis,7,2881,,Chưa có bản dịch
white_nose,7,2877,,Mũi trắng
nude_ambiguous,7,2874,,Chưa có bản dịch
glowing_vulva,7,2870,"glowing_cunt,glowing_labia,glowing_twat,glowing_vag,glowing_vagina",Chưa có bản dịch
droopy_ears,0,2866,,Chưa có bản dịch
double_fox_shadow_puppet,0,2864,double_fox_hand_sign,Chưa có bản dịch
shoulder_markings,7,2859,"shoulder_markigns,shoulder_marking,shoulders_marking,shoulders_markings",Chưa có bản dịch
leg_wraps,7,2857,,Chưa có bản dịch
genital_growth,7,2845,,Chưa có bản dịch
belly_tattoo,7,2844,"belly_tattoos,stomach_tattoos,tattoo_on_belly,tattoo_on_stomach,tattooed_belly,tattooed_stomach",Chưa có bản dịch
pokemon_on_shoulder,0,2836,,Chưa có bản dịch
black_breasts,7,2834,,Ngực đen
hand_on_chin,7,2834,,Chưa có bản dịch
hand_on_glass,0,2830,,Chưa có bản dịch
arms_between_legs,0,2827,,Chưa có bản dịch
candy_hair_ornament,0,2824,,Chưa có bản dịch
2_fingers,7,2821,"2_figner,2_fignered,2_figners,2_finger,2_fingered,2fingers,two_figner,two_fignered,two_figners,two_finger,two_fingered,two_fingers",Chưa có bản dịch
hands_on_own_stomach,0,2820,,Chưa có bản dịch
star_eyes,7,2820,,Chưa có bản dịch
mismatched_eyebrows,0,2810,,Chưa có bản dịch
cum_on_anus,7,2809,,Chưa có bản dịch
sharp_tail,0,2809,,Chưa có bản dịch
x_mouth,0,2802,:x,Chưa có bản dịch
pointy_breasts,0,2801,"torpedo_breasts,very_perky_breasts",Ngực nhọn
penis_shaped_bulge,7,2798,,Chưa có bản dịch
glowing_horn,7,2797,,Chưa có bản dịch
feather_tuft,7,2797,feather_tufts,Chưa có bản dịch
penis_humiliation,7,2796,penis_shaming,Chưa có bản dịch
arm_on_knee,0,2787,,Chưa có bản dịch
orange_horn,7,2780,,Chưa có bản dịch
tri_tails,0,2768,triple-tails,Chưa có bản dịch
monotone_face,7,2768,,Chưa có bản dịch
belly_nipples,7,2759,,Chưa có bản dịch
kissing_hand,0,2759,hand_kiss,Chưa có bản dịch
hand_spike,7,2756,hand_spikes,Chưa có bản dịch
fat_arms,7,2753,,Chưa có bản dịch
black_tail_tip,7,2753,black_tip_tail,Chưa có bản dịch
blood_on_leg,0,2752,bloody_leg,Chưa có bản dịch
penis_in_penis,7,2749,"cock_fucking,cockfucking",Chưa có bản dịch
drawn_ears,0,2748,,Chưa có bản dịch
black_mouth,0,2747,,Miệng đen
hands_on_another's_thighs,0,2741,,Chưa có bản dịch
gauze_on_face,0,2740,,Chưa có bản dịch
genital_shot,7,2738,,Chưa có bản dịch
hand_net,0,2737,,Chưa có bản dịch
lone_nape_hair,0,2735,,Chưa có bản dịch
nipple_indents,0,2735,innie_nipples,Chưa có bản dịch
freckled_chest,7,2730,freckles_on_chest,Chưa có bản dịch
leaf_tail,0,2727,,Chưa có bản dịch
unusual_penis_placement,7,2721,,Chưa có bản dịch
leaking_anus,7,2712,anal_leakage,Chưa có bản dịch
full-body_tattoo,0,2709,,Chưa có bản dịch
drying_hair,0,2706,,Chưa có bản dịch
tan_breasts,7,2705,"beige_breasts,burlywood_breasts",Chưa có bản dịch
orange_tongue,0,2700,,Lưỡi cam
6_arms,7,2700,"6_armed,six_armed,six_arms",Chưa có bản dịch
clown_nose,0,2699,,Chưa có bản dịch
scuted_legs,7,2696,"leg_scutes,scuted_leg",Chưa có bản dịch
glowing_mouth,0,2688,,Chưa có bản dịch
black_feet,0,2687,,Bàn chân đen
chest_of_drawers,0,2681,,Chưa có bản dịch
cherry_hair_ornament,0,2678,,Chưa có bản dịch
large_ears,0,2677,,Tai lớn
glistening_anus,7,2676,shiny_anus,Chưa có bản dịch
hooved_toes,7,2675,hooffoots,Chưa có bản dịch
black_arms,7,2675,,Cánh tay đen
arm_between_breasts,0,2674,,Chưa có bản dịch
hugging_penis,7,2674,"cock_hug,embracing_penis",Chưa có bản dịch
licking_tongue,7,2672,,Chưa có bản dịch
comparing_penis,7,2670,,Chưa có bản dịch
hand_on_lap,0,2670,,Chưa có bản dịch
head_on_chest,0,2665,head_on_another's_chest,Chưa có bản dịch
ear_grab,7,2664,grabbing_ear,Chưa có bản dịch
ear_chain,0,2660,,Chưa có bản dịch
heart_nose,7,2658,"<3-shaped_nose,<3_nose,<3_shaped_nose,heart_shaped_nose,hearts-shaped_nose,hearts_nose,hearts_shaped_nose",Chưa có bản dịch
legs_in_water,7,2657,,Chưa có bản dịch
utensil_in_mouth,0,2657,fork_in_mouth,Chưa có bản dịch
holding_legs_up,7,2655,,Chưa có bản dịch
white_vulva,7,2654,"white_cunt,white_labia,white_pussy,white_twat,white_vag,white_vagina",Chưa có bản dịch
flower_over_eye,0,2653,,Chưa có bản dịch
leg_scar,7,2653,"leg_scars,scar_on_legs",Chưa có bản dịch
nubbed_penis,7,2644,"bumped_penis,bumpy_penis",Chưa có bản dịch
dark_nose,7,2641,,Mũi sẫm
animal_tail,7,2641,,Đuôi động vật
monotone_breasts,7,2640,"mono-tone_boob,mono-tone_boobs,mono-tone_breast,mono-tone_breasts,mono-tone_tit,mono-tone_tits,mono_tone_boob,mono_tone_boobs,mono_tone_breast,mono_tone_breasts,mono_tone_tit,mono_tone_tits,monotone_boob,monotone_boobs,monotone_breast,monotone_tit,monotone_tits",Chưa có bản dịch
resting_on_belly,7,2637,,Chưa có bản dịch
hands_on_another's_hips,0,2635,,Chưa có bản dịch
brown_hands,0,2629,,Bàn tay nâu
cumshot_in_mouth,7,2627,cumshot_into_mouth,Chưa có bản dịch
chocolate_on_breasts,0,2627,,Chưa có bản dịch
presenting_own_breasts,0,2623,,Chưa có bản dịch
two_tone_eyes,7,2622,,Chưa có bản dịch
scar_on_shoulder,0,2620,,Chưa có bản dịch
hand_on_table,0,2619,,Chưa có bản dịch
genital_close-up,7,2618,genital_close_up,Chưa có bản dịch
scar_on_hand,0,2615,,Chưa có bản dịch
multi_leg,7,2612,"many_legs,multi-leg,multi-legs,multi_legs,multileg,multilegs,multiple_leg",Chưa có bản dịch
legs_folded,0,2611,,Chưa có bản dịch
tail_bondage,0,2608,,Chưa có bản dịch
in_the_face,0,2607,,Chưa có bản dịch
liquid_hair,0,2607,"fluid_hair,water_hair",Chưa có bản dịch
hairpin,7,2606,"hair_barrette,hair_pin,hair_pins,hairpins",Chưa có bản dịch
animal_ear_legwear,0,2606,animal_band_legwear,Chưa có bản dịch
cephalopod_eyes,0,2603,octopus_eyes,Chưa có bản dịch
multicolored_horn,7,2601,"multi-color_horn,multi-color_horns,multi-colored_horn,multi-colour_horn,multi-colour_horns,multi_color_horn,multi_color_horns,multi_colored_horns,multi_colour_horn,multi_colour_horns,multi_tone_horn,multicoloured_horn,multicoloured_horns",Chưa có bản dịch
glistening_tongue,7,2600,shiny_tongue,Chưa có bản dịch
tentacle_around_leg,7,2600,,Chưa có bản dịch
yellow_vulva,7,2597,"yellow_cunt,yellow_labia,yellow_twat,yellow_vag,yellow_vagina",Chưa có bản dịch
legs_in_air,7,2590,,Chưa có bản dịch
glowing_tongue,0,2586,,Chưa có bản dịch
sweaty_belly,7,2582,sweaty_stomach,Chưa có bản dịch
dashed_eyes,0,2578,"dash_eyes,line_in_eye",Chưa có bản dịch
penis_peek,0,2578,,Chưa có bản dịch
green_horns,0,2577,,Sừng xanh lá
short_side_ponytail,0,2574,short_sidetail,Chưa có bản dịch
cleft_tail,7,2573,,Chưa có bản dịch
white_feet,7,2572,,Bàn chân trắng
white_arm_warmers,0,2571,,Chưa có bản dịch
two_tone_wings,7,2564,,Chưa có bản dịch
tail_in_ass,0,2564,,Chưa có bản dịch
submerged_legs,7,2563,,Chưa có bản dịch
dice_hair_ornament,0,2560,,Chưa có bản dịch
covering_another's_mouth,0,2557,,Chưa có bản dịch
open_frown,7,2556,open_mouth_frown,Chưa có bản dịch
green_horn,7,2556,teal_horns,Chưa có bản dịch
monotone_penis,7,2554,"mono-tone_cock,mono-tone_cocks,mono-tone_dick,mono-tone_dicks,mono-tone_dong,mono-tone_member,mono-tone_peen,mono-tone_penes,mono-tone_penii,mono-tone_penis,mono-tone_penises,mono-tone_phallus,mono-tone_shaft,mono_tone_cock,mono_tone_cocks,mono_tone_dick,mono_tone_dicks,mono_tone_dong,mono_tone_member,mono_tone_peen,mono_tone_penes,mono_tone_penii,mono_tone_penis,mono_tone_penises,mono_tone_phallus,mono_tone_shaft,monotone_cock,monotone_cocks,monotone_dick,monotone_dicks,monotone_dong,monotone_member,monotone_peen,monotone_penes,monotone_penii,monotone_penises,monotone_phallus,monotone_shaft,one-tone_penis,one_tone_penis",Chưa có bản dịch
robotic_arm,7,2550,,Chưa có bản dịch
single_shoulder_pad,0,2544,,Chưa có bản dịch
jaguar_ears,0,2542,,Chưa có bản dịch
sweaty_anus,7,2535,,Chưa có bản dịch
peanut_mouth,0,2532,,Chưa có bản dịch
sweaty_arms,7,2531,sweaty_arm,Chưa có bản dịch
holding_another's_legs,0,2521,grabbing_another's_legs,Chưa có bản dịch
shoulder_cannon,0,2516,,Chưa có bản dịch
mole_above_mouth,0,2516,,Chưa có bản dịch
hand_on_own_elbow,0,2514,elbow_on_own_hand,Chưa có bản dịch
pecs_with_breasts,7,2514,,Chưa có bản dịch
fiery_horns,0,2512,"burning_horns,fiery_horn,fire_horns",Chưa có bản dịch
leg_between_thighs,0,2511,,Chưa có bản dịch
brown_anus,7,2504,,Chưa có bản dịch
clothed_ambiguous,7,2498,"c?n?,c?nf,c?ni,c?nm,clothed_ambiguous_nude_ambiguous,clothed_ambiguous_nude_andromorph,clothed_ambiguous_nude_female,clothed_ambiguous_nude_gynomorph,clothed_ambiguous_nude_herm,clothed_ambiguous_nude_intersex,clothed_ambiguous_nude_male,clothed_ambiguous_nude_maleherm,n?c?,nfc?,nic?,nmc?",Chưa có bản dịch
tan_face,7,2495,"burlywood_face,light_tan_face",Chưa có bản dịch
bare_chest,7,2474,,Chưa có bản dịch
weasel_ears,0,2467,stoat_ears,Chưa có bản dịch
feathered_tail,7,2463,feathery_tail,Chưa có bản dịch
nipple_clamp,7,2457,,Chưa có bản dịch
eye_of_horus,0,2457,"eye_of_wadjet,eye_of_wdjat,eye_of_wedjat,udjat_eye",Chưa có bản dịch
brown_lips,0,2455,,Chưa có bản dịch
penis_shadow,0,2455,,Chưa có bản dịch
mechanical_arm,7,2454,,Chưa có bản dịch
fanged_bangs,0,2454,,Chưa có bản dịch
ear_bite,7,2452,"bite_ear,ear_biting,earbite,earbiting",Chưa có bản dịch
cum_on_own_tongue,7,2447,,Chưa có bản dịch
more_muscular_than_canon,0,2444,alternate_body_size_(more_muscle),Chưa có bản dịch
cum_between_breasts,7,2443,"cum_in_cleavage,ejaculation_between_breasts",Chưa có bản dịch
ponytail_with_braided_base,0,2441,,Chưa có bản dịch
cybernetic_leg,7,2441,"augmented_leg,cybernetic_legs,cyborg_legs",Chưa có bản dịch
heart_in_heart_hands,0,2436,,Chưa có bản dịch
spotted_arms,7,2434,,Chưa có bản dịch
hand_on_floor,0,2432,,Chưa có bản dịch
mismatched_humanoid_penis,7,2422,,Chưa có bản dịch
penis_towards_viewer,7,2419,"cock_pointing_towards_viewer,penis_pointing_towards_viewer,penis_toward_viewer",Chưa có bản dịch
shell_hair_ornament,0,2417,seashell_hair_ornament,Chưa có bản dịch
outstretched_leg,0,2413,leg_outstretched,Chưa có bản dịch
vaginal_oviposition,7,2411,"egg_from_pussy,egg_from_vagina",Chưa có bản dịch
object_in_tail,7,2398,,Chưa có bản dịch
raised_finger,7,2396,"finger_lift,finger_lifted,finger_lifting,finger_raised,finger_up,lift_finger,lifted_finger,lifting_finger",Chưa có bản dịch
breast_blush,7,2394,blushing_breasts,Chưa có bản dịch
lower_eyelashes_only,0,2393,,Chưa có bản dịch
arm_around_another's_back,0,2392,arm_behind_another's_back,Chưa có bản dịch
mouth_pull,0,2392,,Chưa có bản dịch
arm_cuffs,0,2389,,Chưa có bản dịch
white_nipples,0,2385,white_nipple,Chưa có bản dịch
finger_frame,0,2382,"finger_camera,finger_framing",Chưa có bản dịch
brushing_another's_hair,0,2378,,Chưa có bản dịch
hair_dryer,0,2377,"blo-dry,blo-dryer,blo_dry,blo_dryer,blodry,blodryer,blow-dry,blow-dryer,blow_drier,blow_dry,blow_dryer,blowdrier,blowdry,blowdryer,hair_drier,hairdrier,hairdryer",Chưa có bản dịch
face_between_breasts,0,2376,,Chưa có bản dịch
hyena_ears,0,2371,,Chưa có bản dịch
stalk_in_mouth,0,2369,straw_in_mouth,Chưa có bản dịch
light_hair,7,2365,,Tóc nhạt
mostly_nude_gynomorph,7,2365,,Chưa có bản dịch
heart_gesture,7,2359,"<3_hand,<3_hands,hand_<3,hand_<3s,hand_heart,hand_hearts,heart_hand",Chưa có bản dịch
hairy_legs,7,2359,,Chưa có bản dịch
ankle_tuft,7,2358,ankle_tufts,Chưa có bản dịch
toe_restraints,7,2356,toe_ties,Chưa có bản dịch
tongue_showing,7,2356,,Chưa có bản dịch
ridged_knotted_penis,7,2355,,Chưa có bản dịch
breast_conscious,0,2351,,Chưa có bản dịch
shared_food,0,2351,"mouth-to-mouth_feeding,mouth_to_mouth_feeding",Chưa có bản dịch
white_facial_hair,0,2350,,Chưa có bản dịch
feces_in_mouth,7,2346,,Chưa có bản dịch
cutting_hair,0,2340,,Chưa có bản dịch
autofootjob,0,2335,"auto_foot_job,auto_footjob,feet_masturbating,feet_masturbation,foot_job_on_self,foot_masturbating,foot_masturbation,footjob_on_self,masturbating_with_feet,masturbating_with_foot,masturbation_with_feet,masturbation_with_foot,self-footjob,self_foot_job,self_footjob",Chưa có bản dịch
mostly_nude_intersex,7,2332,,Chưa có bản dịch
long_body,0,2326,,Cơ thể dài
single_arm_warmer,0,2324,,Chưa có bản dịch
finger_to_face,0,2322,,Chưa có bản dịch
monotone_skin,7,2320,"mono-tone_skin,mono_tone_skin",Chưa có bản dịch
freckled_arms,7,2320,freckles_on_arms,Chưa có bản dịch
monkey_ears,0,2319,,Chưa có bản dịch
gradient_horns,0,2316,,Chưa có bản dịch
goo-connected_lips,7,2316,,Chưa có bản dịch
shoulder_holster,0,2315,armpit_holster,Chưa có bản dịch
fur_trim_(clothing),7,2313,,Chưa có bản dịch
missing_eye,0,2311,,Chưa có bản dịch
snow_leopard_tail,0,2306,,Chưa có bản dịch
ponytail_ears,7,2302,,Chưa có bản dịch
glistening_face,7,2300,,Chưa có bản dịch
mouth_play,7,2300,mouthplay,Chưa có bản dịch
blood_on_chest,0,2299,bloody_chest,Chưa có bản dịch
body_inflation,7,2298,,Chưa có bản dịch
anus_only,7,2297,,Chưa có bản dịch
v-cut,7,2297,"adonis_belt,apollo's_belt,appolo's_belt,iliac_furrow,inguinal_crease,v-muscle,v_cut,v_muscle",Chưa có bản dịch
penis_between_breasts,7,2296,,Chưa có bản dịch
hoof_hands,7,2290,"hoof_hand,hoofed_hands,hoofhands,hooved_hands,unguligrade_hands",Chưa có bản dịch
tan_horn,7,2287,"burlywood_horn,tan_horns",Chưa có bản dịch
ear_scrunchie,0,2282,,Chưa có bản dịch
hand_mirror,0,2277,,Chưa có bản dịch
human_and_animal_ears,7,2274,"animal/human_ear,animal/human_ears,animal_and_human_ear,animal_and_human_ears,human/animal_ear,human/animal_ears,human_and_animal_ear",Chưa có bản dịch
four-leaf_clover_hair_ornament,0,2273,,Chưa có bản dịch
spotted_face,7,2265,,Chưa có bản dịch
ass_to_mouth,7,2264,,Chưa có bản dịch
latex_body,7,2263,rubber_body,Chưa có bản dịch
saliva_on_anus,7,2261,,Chưa có bản dịch
food_on_breasts,0,2250,,Chưa có bản dịch
precum_on_own_penis,7,2250,,Chưa có bản dịch
grey_inner_ear_fluff,7,2246,"gray_inner_ear_fluff,silver_inner_ear_fluff",Chưa có bản dịch
mole_on_shoulder,0,2238,,Chưa có bản dịch
brown_face,7,2238,dark_brown_face,Khuôn mặt nâu
hole_on_body,0,2236,,Chưa có bản dịch
cosmic_hair,7,2235,"galaxy_hair,space_hair,star_hair",Chưa có bản dịch
kuji-in,0,2232,"hand_seal,ninja_hand_gesture",Chưa có bản dịch
blue_hands,0,2231,,Bàn tay xanh dương
cut_bangs,0,2230,,Chưa có bản dịch
body_pillow,0,2229,bodypillow,Chưa có bản dịch
darkened_anus,7,2226,,Chưa có bản dịch
cropped_arms,0,2224,,Chưa có bản dịch
stitched_arm,0,2222,,Chưa có bản dịch
wavy_eyes,0,2222,,Mắt gợn sóng
belly_riding,0,2221,"belly_ride,belly_rider,bellyriding",Chưa có bản dịch
pursed_lips,0,2220,,Chưa có bản dịch
detached_ahoge,0,2216,,Chưa có bản dịch
vaginal_fluids_on_hand,7,2214,"pussy_juice_on_finger,pussy_juice_on_hand,pussy_juice_on_hands,vaginal_fluids_on_finger,vaginal_fluids_on_fingers,vaginal_fluids_on_hands",Chưa có bản dịch
green_inner_ear,7,2213,green_inner_ears,Chưa có bản dịch
crystal_hair,0,2207,,Chưa có bản dịch
long_horn,7,2207,,Chưa có bản dịch
penis_in_face,7,2205,dick_in_face,Chưa có bản dịch
teal_fur,7,2202,,Chưa có bản dịch
supernumerary_breasts,7,2201,,Chưa có bản dịch
greek_toe,0,2201,,Chưa có bản dịch
bulging_eyes,0,2198,"eye_bulge,protruding_eyes",Chưa có bản dịch
penis_everywhere,7,2194,dicks_everywhere,Chưa có bản dịch
countershade_breasts,7,2185,countershade_breast,Chưa có bản dịch
medial_ringed_hybrid_penis,7,2183,,Chưa có bản dịch
white_arms,7,2181,,Cánh tay trắng
sparse_chest_hair,0,2179,,Chưa có bản dịch
gigantic_penis,0,2179,,Chưa có bản dịch
realistic_penis_size,7,2175,,Chưa có bản dịch
white_pubes,7,2172,white_public_hair,Chưa có bản dịch
mottled_body,7,2170,mottle_body,Chưa có bản dịch
wet_penis,7,2169,,Chưa có bản dịch
full-length_mirror,0,2168,full-body_mirror,Chưa có bản dịch
scene_haircut,7,2168,scene_hair,Chưa có bản dịch
undersized_breast_cup,0,2165,,Chưa có bản dịch
paint_splatter_on_face,0,2165,,Chưa có bản dịch
wing_boner,7,2162,wingboner,Chưa có bản dịch
covering_one_eye,0,2160,covering_eye,Chưa có bản dịch
gradient_tail,0,2160,,Chưa có bản dịch
tan_eyebrows,7,2160,"beige_eyebrow,beige_eyebrows,burlywood_eyebrows,cream_eyebrow,cream_eyebrows,peach_eyebrow,peach_eyebrows,tan_eyebrow",Chưa có bản dịch
cum_on_own_chest,7,2156,,Chưa có bản dịch
breasts_on_table,0,2156,,Chưa có bản dịch
white_legs,7,2156,,Chân trắng
glowing_wings,0,2153,,Chưa có bản dịch
mole_on_arm,0,2147,,Chưa có bản dịch
chest_guard,0,2143,,Chưa có bản dịch
cum_from_penis,7,2141,,Chưa có bản dịch
hung_bottom,7,2141,big_penis_penetrated,Chưa có bản dịch
void_face,0,2139,,Chưa có bản dịch
nipple_rub,0,2133,,Chưa có bản dịch
egg_hair_ornament,0,2130,,Chưa có bản dịch
unusual_wings,7,2120,,Chưa có bản dịch
hand_imprint,7,2120,,Chưa có bản dịch
tongue_wrap,0,2119,,Chưa có bản dịch
foot_blush,0,2119,"blushing_feet,feet_blush_blushing_feet",Chưa có bản dịch
penis_growth,0,2115,"cock_growth,dick_growth",Chưa có bản dịch
anal_wink,0,2111,"anal_contraction,anal_contractions,anal_dilation,anal_reflex,anal_winking,anocutaneous_reflex,anus_contraction,anus_contractions,anus_dilation,anus_reflex,anus_wink,anus_winking,perineal_reflex,reflex_anal_dilation,reflex_anus_dilation,twitching_anus,winking_anus",Chưa có bản dịch
\n/,0,2108,"rock_on_(gesture),sign_of_the_horns",Chưa có bản dịch
bottomwear_around_one_leg,7,2107,,Chưa có bản dịch
5_eyes,7,2106,"5_eyed,five_eyed,five_eyes",Chưa có bản dịch
gradient_wings,0,2105,,Chưa có bản dịch
aqua_skin,0,2099,,Chưa có bản dịch
striped_horn,7,2099,"horn_stripe,horn_stripes",Chưa có bản dịch
face_squish,7,2097,"cheek_squish,face_squished,squish_cheek,squish_cheeks,squish_face,squished_cheek,squished_cheeks,squished_face,squishy_cheek,squishy_cheeks,squishy_face",Chưa có bản dịch
colored_teeth,0,2094,,Chưa có bản dịch
tail_gesture,7,2091,,Chưa có bản dịch
mostly_nude_humanoid,7,2091,,Chưa có bản dịch
huge_eyebrows,0,2091,,Chưa có bản dịch
horn_flower,0,2090,,Chưa có bản dịch
vibrator_on_nipple,0,2089,,Chưa có bản dịch
feet_together,7,2089,,Chưa có bản dịch
half_crown_braid,0,2085,,Chưa có bản dịch
cat_smile,7,2083,cat_mouth,Chưa có bản dịch
open_mouth_gag,7,2083,,Chưa có bản dịch
dragon_ears,0,2082,,Tai rồng
tapir_tail,0,2080,,Chưa có bản dịch
face_in_breasts,7,2079,,Chưa có bản dịch
hands_on_knees,7,2078,,Chưa có bản dịch
arm_shield,0,2074,,Chưa có bản dịch
fur_shawl,0,2073,,Chưa có bản dịch
gradient_fur,0,2072,,Chưa có bản dịch
hair_color_connection,0,2072,,Chưa có bản dịch
blue_breasts,7,2069,,Ngực xanh dương
genitals_shrinking,7,2069,shrinking_genitalia,Chưa có bản dịch
lipstick_mark_on_penis,0,2068,,Chưa có bản dịch
eye_reflection,0,2068,reflective_eyes,Chưa có bản dịch
genital_mutilation,7,2067,,Chưa có bản dịch
butt_tuft,7,2064,butt_tufts,Chưa có bản dịch
disembodied_eye,0,2063,,Chưa có bản dịch
deer_tail,0,2060,reindeer_tail,Đuôi nai
kissing_penis,0,2059,penis_kiss,Chưa có bản dịch
arm_across_waist,0,2057,,Chưa có bản dịch
hair_vines,0,2056,,Chưa có bản dịch
foot_wraps,0,2051,"foot_wrap,footwraps",Chưa có bản dịch
belly_markings,7,2050,"belly_markigns,belly_marking,belly_symbol,belly_symbols,stomach_marking,stomach_markings,stomach_symbol,stomach_symbols,tummy_marking,tummy_markings,tummy_symbol,tummy_symbols",Chưa có bản dịch
infinite_genital_fluids,7,2049,"infinite_genital_fluid,infinite_genitalia_fluid,infinite_genitalia_fluids",Chưa có bản dịch
bite_mark_on_breast,0,2045,bite_mark_breast,Chưa có bản dịch
lipstick_mark_on_face,0,2044,lipstick_mark_on_cheek,Chưa có bản dịch
lifebuoy_hair_ornament,0,2043,,Chưa có bản dịch
brown_sclera,0,2042,"brown_eye_membrane,brown_eye_white,brown_eye_whites,brown_outer_eye,brown_scleras,brown_sclerotic_coat,brown_slcera,brown_white_of_the_eye,brown_white_of_the_eyes,brown_whites_of_the_eye,brown_whites_of_the_eyes",Chưa có bản dịch
bound_torso,0,2035,,Chưa có bản dịch
bear_tail,0,2035,,Đuôi gấu
arm_on_another's_shoulder,0,2029,,Chưa có bản dịch
white_fingers,7,2029,,Ngón tay trắng
shoulder_grab,7,2026,,Chưa có bản dịch
penis_shrinking,7,2024,"cock_shrinking,shrinking_penis",Chưa có bản dịch
handshake,0,2021,"hand_shake,hand_shaking,handshaking,shaking_hand,shaking_hands",Chưa có bản dịch
kishimen_hair,0,2016,,Chưa có bản dịch
ridged_horn,7,2016,ridged_horns,Chưa có bản dịch
mimic_chest,0,2016,,Chưa có bản dịch
dorsiflexion,0,2013,toe-point_up,Chưa có bản dịch
cat_ear_legwear,0,2012,cat_band_legwear,Chưa có bản dịch
big_pupils,7,2009,large_pupils,Chưa có bản dịch
long_horns,0,2006,,Sừng dài
floating_eyebrows,7,2003,eyebrows_off_head,Chưa có bản dịch
looking_through_own_legs,0,2002,,Chưa có bản dịch
long_arms,0,2001,,Cánh tay dài
penis_over_eyes,0,2001,,Chưa có bản dịch
crocodilian_tail,0,2001,alligator_tail,Chưa có bản dịch
nipple_tuft,7,2000,"furred_nipple,furred_nipples,nipple_fur,nipple_tufts",Chưa có bản dịch
x_eyes,7,1999,,Chưa có bản dịch
index_fingers_raised,0,1999,,Chưa có bản dịch
wings_tied,7,1998,"tied_wings,wings_bound",Chưa có bản dịch
penis_milking_machine,7,1993,cock_milker,Chưa có bản dịch
slit_penis,7,1992,,Chưa có bản dịch
band-aid_on_nose,7,1992,,Chưa có bản dịch
short_horn,7,1989,short_horns,Chưa có bản dịch
pink_eyebrows,7,1986,,Chưa có bản dịch
segmented_body,7,1986,,Chưa có bản dịch
legs_over_head,0,1985,,Chưa có bản dịch
eyes_mostly_closed,7,1983,"eye_mostly_closed,eye_mostly_shut,eyes_mostly_shut,mostly_closed_eye,mostly_closed_eyes,mostly_shut_eye,mostly_shut_eyes",Chưa có bản dịch
penis_on_ass,0,1979,,Chưa có bản dịch
hands_on_feet,0,1979,,Chưa có bản dịch
starfish_hair_ornament,0,1979,,Chưa có bản dịch
text_on_body,7,1978,,Chưa có bản dịch
hand_print,7,1977,handprints,Chưa có bản dịch
white_ear_tips,7,1976,white_tipped_ears,Chưa có bản dịch
striped_skin,0,1975,stripped_skin,Chưa có bản dịch
legs_back,0,1973,,Chưa có bản dịch
starry_hair,0,1970,,Chưa có bản dịch
hands_in_both_pockets,7,1966,,Chưa có bản dịch
urine_on_face,7,1966,,Chưa có bản dịch
ear_protection,0,1966,,Chưa có bản dịch
otter_tail,0,1964,,Chưa có bản dịch
tongue_on_penis,7,1962,,Chưa có bản dịch
multiple_legs,0,1961,,Chưa có bản dịch
brown_legs,7,1956,,Chân nâu
devil_horns_(gesture),7,1955,"devil_horns_gesture,finger_horns,hand-horns,hand_horns,hook_em_horns,sign_of_the_horns",Chưa có bản dịch
skunk_tail,0,1951,,Chưa có bản dịch
brown_feet,7,1950,,Bàn chân nâu
tufted_fur,7,1949,,Chưa có bản dịch
curved_penis,0,1948,"bending_penis,bent_penis",Chưa có bản dịch
living_hair,0,1946,,Chưa có bản dịch
long_nipples,0,1945,long_nipple,Chưa có bản dịch
3_horns,7,1944,"3-horn,3-horned,3-horns,3_horn,3_horned,three-horn,three-horned,three-horns,three_horn,three_horned,three_horns,tri_horn,tri_horned,tri_horns,trihorn,trihorned,trihorns,triple_horn,triple_horned,triple_horns",Chưa có bản dịch
uneven_twintails,0,1942,asymmetrical_twintails,Chưa có bản dịch
white_chest,7,1941,,Chưa có bản dịch
grey_face,7,1941,gray_face,Khuôn mặt xám
nipple_clamps,0,1940,,Chưa có bản dịch
butterfly-shaped_pupils,0,1939,,Chưa có bản dịch
9_tails,7,1939,"9_tailed,nine_tailed,nine_tails",Chưa có bản dịch
eye_print,0,1938,,Chưa có bản dịch
blind_eye,0,1929,,Chưa có bản dịch
tail_hug,7,1929,tail_hugging,Chưa có bản dịch
brown_arms,7,1926,dark_brown_arms,Cánh tay nâu
sparkle_hair_ornament,0,1926,,Chưa có bản dịch
spotted_shoulders,7,1926,,Chưa có bản dịch
foot_sniffing,7,1923,"feet_smelling,feet_sniffing,foot_smelling,foot_sniff,smelling_foot,sniffing_feet,sniffing_foot",Chưa có bản dịch
stitched_mouth,0,1921,,Chưa có bản dịch
neutral_expression,7,1916,neutral_face,Chưa có bản dịch
looking_at_own_penis,7,1916,,Chưa có bản dịch
weapon_tail,7,1913,,Chưa có bản dịch
pink_mouth,7,1913,,Miệng hồng
exposed_muscle,0,1913,,Chưa có bản dịch
tapir_ears,0,1910,,Chưa có bản dịch
toast_in_mouth,0,1909,,Chưa có bản dịch
mouth_insertion,0,1907,,Chưa có bản dịch
hand_over_eye,0,1907,,Chưa có bản dịch
purple_eyebrows,7,1905,,Chưa có bản dịch
looking_at_belly,7,1903,,Chưa có bản dịch
nub_tail,7,1901,,Chưa có bản dịch
back_tuft,7,1899,back_tufts,Chưa có bản dịch
nose_to_nose,7,1898,"eskimo_kiss,nose_touching,snouts_touching,touching_noses",Chưa có bản dịch
veiny_hands,0,1898,,Chưa có bản dịch
human_scabbard,0,1897,sword_out_of_chest,Chưa có bản dịch
writing_on_belly,7,1896,,Chưa có bản dịch
showing_teeth,7,1895,,Chưa có bản dịch
black_face,7,1894,,Khuôn mặt đen
auto_penis_lick,7,1893,auto_penis_licking,Chưa có bản dịch
covering_another's_eyes,0,1890,,Chưa có bản dịch
claw_fingers,7,1889,,Chưa có bản dịch
shoulder_guards,7,1888,,Chưa có bản dịch
two-finger_salute,0,1887,,Chưa có bản dịch
loosely_tucked_bangs,0,1886,,Chưa có bản dịch
leash_in_mouth,0,1885,,Chưa có bản dịch
3_tails,7,1884,"3_tailed,three_tailed,three_tails",Chưa có bản dịch
furry_tail,7,1882,"fur_tail,furred_tail",Chưa có bản dịch
tail_in_mouth,7,1879,,Chưa có bản dịch
dog_penis,0,1879,,Chưa có bản dịch
big_horn,7,1878,"big_horns,large_horn",Chưa có bản dịch
prehensile_tongue,0,1878,,Chưa có bản dịch
brown_tail_tip,7,1874,,Chưa có bản dịch
sheathed_humanoid_penis,7,1874,,Chưa có bản dịch
animal_on_arm,0,1871,,Chưa có bản dịch
orange_inner_ear,7,1871,orange_inner_ears,Chưa có bản dịch
hand_on_own_ear,0,1870,touching_own_ear,Chưa có bản dịch
yellow_anus,7,1870,gold_anus,Chưa có bản dịch
biting_ear,0,1867,ear_biting,Chưa có bản dịch
long_eyebrows,0,1864,,Chưa có bản dịch
hand_on_tail,7,1862,,Chưa có bản dịch
brown_pupils,0,1861,,Chưa có bản dịch
smokestack_hair_ornament,0,1861,,Chưa có bản dịch
blue_face,7,1857,,Khuôn mặt xanh dương
body_in_mouth,7,1857,,Chưa có bản dịch
single_bare_leg,0,1855,,Chưa có bản dịch
silver_skin,0,1854,,Da màu bạc
hole_in_chest,0,1851,,Chưa có bản dịch
licking_foot,0,1851,foot_licking,Chưa có bản dịch
square_pupils,0,1845,,Chưa có bản dịch
tentacle_around_arm,7,1844,,Chưa có bản dịch
mob_face,0,1844,,Chưa có bản dịch
scaly_tail,7,1843,"scaled_tail,scalie_tail",Chưa có bản dịch
hand_on_another's_ear,0,1839,touching_another's_ear,Chưa có bản dịch
foot_on_table,0,1838,,Chưa có bản dịch
belly_dancer,7,1834,"belly_dance,bellydance,bellydancer",Chưa có bản dịch
very_long_sidelocks,0,1834,,Chưa có bản dịch
one_ear_down,0,1833,"single_ear_down,unaligned_ears",Chưa có bản dịch
x_navel,0,1833,"belly-button_x,x_naval",Chưa có bản dịch
foot_on_head,7,1831,feet_on_head,Chưa có bản dịch
rubbing_penis,7,1831,,Chưa có bản dịch
navel_fetish,7,1831,,Chưa có bản dịch
yellow_lips,0,1828,,Chưa có bản dịch
half-heart_hands,0,1827,,Chưa có bản dịch
belly_on_ground,7,1824,,Chưa có bản dịch
6_nipples,7,1819,six_nipples,Chưa có bản dịch
foot_in_mouth,7,1819,feet_in_mouth,Chưa có bản dịch
dilated_pupils,0,1817,,Chưa có bản dịch
object_floating_above_hand,0,1814,,Chưa có bản dịch
balls_on_tail,7,1814,,Chưa có bản dịch
sex_toy_in_mouth,7,1814,sextoy_in_mouth,Chưa có bản dịch
striped_face,7,1809,,Chưa có bản dịch
shoulder_hair,0,1808,,Chưa có bản dịch
vaginal_fluids_on_leg,7,1808,"pussy_juice_on_leg,pussy_juice_on_legs,vaginal_fluids_on_legs",Chưa có bản dịch
blue_arms,7,1807,,Cánh tay xanh dương
triangle_nose,0,1803,,Chưa có bản dịch
pointed_tail,7,1802,pointy_tail,Chưa có bản dịch
pectoral_bulge,7,1799,chest_bulge,Chưa có bản dịch
spreading_own_anus,0,1794,,Chưa có bản dịch
finger_to_another's_mouth,0,1794,finger_on_another's_lips,Chưa có bản dịch
drooling_tongue,7,1792,,Chưa có bản dịch
feral_with_hair,7,1790,hair_on_feral,Chưa có bản dịch
oversized_breast_cup,0,1790,,Chưa có bản dịch
hyper_vulva,7,1789,"hyper_labia,hyper_pussy,hyper_vagina",Chưa có bản dịch
smooth_skin,7,1789,,Chưa có bản dịch
penis_shot,7,1787,,Chưa có bản dịch
single_head_wing,0,1785,,Chưa có bản dịch
brown_ear_tips,7,1785,brown_eartips,Chưa có bản dịch
striped_ears,7,1785,,Chưa có bản dịch
4_legs,7,1784,four_legs,Chưa có bản dịch
serious_face,7,1781,,Chưa có bản dịch
arm_pouch,0,1781,,Chưa có bản dịch
hidden_eyes,7,1780,"eyes_hidden,obscured_eyes_eyes_hidden",Chưa có bản dịch
tweaking_own_nipple,0,1776,,Chưa có bản dịch
linked_nipples,7,1768,,Chưa có bản dịch
hand_grip,0,1768,,Chưa có bản dịch
presenting_foot,0,1768,,Chưa có bản dịch
pleading_eyes,0,1767,"begging_eyes,puppy_dog_eyes,puppy_eyes",Chưa có bản dịch
shaking_legs,7,1766,,Chưa có bản dịch
arm_fin,7,1765,,Chưa có bản dịch
holding_own_legs_back,0,1764,,Chưa có bản dịch
ruffling_hair,0,1764,"hair_tousle,hair_tussle",Chưa có bản dịch
orange_eyebrows,7,1759,,Chưa có bản dịch
ghost_hair_ornament,0,1758,,Chưa có bản dịch
solid_circle_pupils,0,1758,(o)_(o),Chưa có bản dịch
handjob_gesture,0,1755,"jerking_off_hand_motion,wanking_gesture",Chưa có bản dịch
nude_andromorph,7,1754,,Chưa có bản dịch
hairless_tail,7,1754,,Chưa có bản dịch
penis_through_leghole,7,1754,,Chưa có bản dịch
shoulder_bite,7,1753,,Chưa có bản dịch
cat_on_shoulder,0,1750,,Chưa có bản dịch
owl_ears,0,1748,,Chưa có bản dịch
hands_on_another's_waist,0,1748,,Chưa có bản dịch
two-tone_wings,0,1743,,Chưa có bản dịch
inside_mouth,7,1742,,Chưa có bản dịch
heart-shaped_eyes,0,1742,"heart_eye,♥_♥",Chưa có bản dịch
bite_mark_on_shoulder,0,1741,,Chưa có bản dịch
tail_around_leg,7,1738,"tail_around_legs,tails_around_leg,tails_around_legs",Chưa có bản dịch
hand_on_headphones,0,1736,,Chưa có bản dịch
gem_hair_ornament,0,1732,,Chưa có bản dịch
white_pubic_hair,0,1729,,Chưa có bản dịch
hand_on_another's_breast,7,1729,,Chưa có bản dịch
glowing_horns,0,1728,,Chưa có bản dịch
helmet_over_eyes,0,1727,,Chưa có bản dịch
hand_on_railing,0,1727,,Chưa có bản dịch
drying_own_hair,0,1726,,Chưa có bản dịch
tail_in_vagina,7,1725,tail_in_pussy,Chưa có bản dịch
hands_on_another's_chest,0,1724,,Chưa có bản dịch
holding_with_tail,0,1722,,Chưa có bản dịch
hands_on_another's_ass,0,1718,,Chưa có bản dịch
thigh_tuft,7,1717,thigh_tufts,Chưa có bản dịch
green_hands,0,1714,,Bàn tay xanh lá
teeth_hold,0,1714,,Chưa có bản dịch
bandaged_foot,0,1711,bandaged_feet,Chưa có bản dịch
backward_arm_support,7,1708,backwards_arm_support,Chưa có bản dịch
yellow_belly,7,1707,,Chưa có bản dịch
tail_heart,7,1707,,Chưa có bản dịch
hexagon_hair_ornament,0,1705,,Chưa có bản dịch
lightning_bolt_hair_ornament,0,1701,,Chưa có bản dịch
cervine_penis,7,1699,"caribou_penis,cervid_penis,deer_penis,elk_penis,moose_penis,reindeer_penis,stag_penis",Chưa có bản dịch
goat_tail,0,1699,,Chưa có bản dịch
green_eyebrows,7,1697,,Chưa có bản dịch
blue_pubic_hair,0,1696,,Chưa có bản dịch
handles_on_body,7,1690,,Chưa có bản dịch
nipple_cutout,0,1690,,Chưa có bản dịch
cum_on_ear,7,1686,,Chưa có bản dịch
featureless_face,7,1684,,Chưa có bản dịch
pink_leg_warmers,0,1683,,Chưa có bản dịch
cumshot_on_face,7,1682,,Chưa có bản dịch
jaguar_tail,0,1680,,Chưa có bản dịch
above-cleavage_cutout,0,1676,above_cleavage_cutout,Chưa có bản dịch
spotted_skin,0,1676,,Chưa có bản dịch
bunching_hair,0,1675,,Chưa có bản dịch
head_in_mouth,0,1670,,Chưa có bản dịch
obscured_face,7,1670,,Chưa có bản dịch
huge_feet,7,1669,"huge_foot,huge_paw,huge_paws",Bàn chân khổng lồ
hand_on_own_crotch,0,1668,,Chưa có bản dịch
foot_crush,7,1667,crushed_underfoot,Chưa có bản dịch
chest_eye,0,1665,third_eye_on_chest,Chưa có bản dịch
huge_ears,0,1664,,Tai khổng lồ
naturally_detached_hair,0,1663,"detached_floating_hair,detached_hair",Chưa có bản dịch
blue_legs,7,1660,,Chân xanh dương
hands_tied_behind_back,7,1660,,Chưa có bản dịch
musky_feet,7,1660,,Chưa có bản dịch
hugging_tail,0,1656,,Chưa có bản dịch
hand_on_hand,7,1656,,Chưa có bản dịch
hair_flip,0,1652,,Chưa có bản dịch
short_fur,7,1652,,Lông ngắn
naked_overalls,0,1645,nude_overalls,Chưa có bản dịch
black_toe_claws,7,1643,,Chưa có bản dịch
teary_eyes,7,1642,,Chưa có bản dịch
twintails_with_hair_base,0,1639,,Chưa có bản dịch
braiding_hair,0,1633,,Chưa có bản dịch
nail_bat,0,1632,nailbat,Chưa có bản dịch
orange_vulva,7,1629,"orange_cunt,orange_labia,orange_pussy,orange_twat,orange_vag,orange_vagina",Chưa có bản dịch
corsage,0,1626,flower_in_breast_pocket,Chưa có bản dịch
leaking_penis,7,1626,,Chưa có bản dịch
orange_face,7,1625,,Khuôn mặt cam
blowjob_face,7,1619,,Chưa có bản dịch
talon_hands,7,1616,taloned_hands,Chưa có bản dịch
torn_wings,0,1615,injured_wings,Chưa có bản dịch
tan_vulva,7,1614,"beige_cunt,beige_labia,beige_pussy,beige_twat,beige_vag,beige_vagina,beige_vulva,burlywood_labia,burlywood_pussy,tan_cunt,tan_labia,tan_pussy,tan_twat,tan_vag,tan_vagina",Chưa có bản dịch
grey_tongue,0,1614,gray_tongue,Lưỡi xám
face_mounting,7,1610,,Chưa có bản dịch
sheathed_tapering_penis,7,1610,,Chưa có bản dịch
smoke_from_mouth,0,1609,,Chưa có bản dịch
licking_ear,0,1609,ear_licking,Chưa có bản dịch
hair_floating_upwards,0,1609,,Chưa có bản dịch
tail_around_partner,7,1609,,Chưa có bản dịch
long_fingers,0,1608,,Ngón tay dài
darkened_nipples,7,1605,,Chưa có bản dịch
cream_on_face,0,1605,,Chưa có bản dịch
pig_nose,0,1601,,Chưa có bản dịch
very_long_tongue,0,1599,,Lưỡi rất dài
small_ears,7,1596,,Tai nhỏ
hand_on_vulva,7,1595,"hand_on_pussy,pussy_grab",Chưa có bản dịch
finger_counting,0,1591,finger_number,Chưa có bản dịch
weasel_tail,0,1590,stoat_tail,Chưa có bản dịch
l_hand,0,1589,,Chưa có bản dịch
curling_tail,7,1587,"tail_curl,tail_curled",Chưa có bản dịch
knives_between_fingers,0,1586,,Chưa có bản dịch
red-eye_(modeler),9,1586,,Người đóng góp
holding_another's_horns,0,1585,"grabbing_another's_horn,grabbing_another's_horns,hand_on_another's_horn,holding_another's_horn",Chưa có bản dịch
runny_nose,0,1579,"nose_drip,nosedrip",Chưa có bản dịch
finger_lick,7,1576,"licking_fingers,tongue_around_finger",Chưa có bản dịch
wool_hair,7,1575,,Chưa có bản dịch
small_nipples,0,1571,,Chưa có bản dịch
tucked_penis,0,1571,"cock-tail,penis_tucking",Chưa có bản dịch
only_one_nude,7,1570,,Chưa có bản dịch
grey_belly,7,1570,gray_belly,Chưa có bản dịch
ear_pull,7,1569,"ear_pulling,pulling_ear,pulling_ears",Chưa có bản dịch
coin_hair_ornament,0,1568,,Chưa có bản dịch
clothed_male_nude_male,0,1567,"/cmnm,clothed_male_naked_male,nude_male_clothed_male",Chưa có bản dịch
holding_with_feet,0,1566,,Chưa có bản dịch
short_ears,7,1566,,Tai ngắn
breast_implants,0,1566,augmented_breasts,Chưa có bản dịch
blood_on_mouth,0,1561,bloody_mouth,Chưa có bản dịch
downturned_eyes,0,1561,,Chưa có bản dịch
bandaged_fingers,0,1560,,Chưa có bản dịch
used_condom_on_penis,0,1557,condom_filling,Chưa có bản dịch
on_tongue,7,1555,,Chưa có bản dịch
straight_arm,7,1554,,Chưa có bản dịch
ofuda_between_fingers,0,1551,,Chưa có bản dịch
penis_on_butt,7,1551,,Chưa có bản dịch
stitched_torso,0,1551,,Chưa có bản dịch
eyeball_hair_ornament,0,1550,,Chưa có bản dịch
deep_cunnilingus,7,1550,tongue_in_pussy,Chưa có bản dịch
sidelocks_tied_back,0,1549,,Chưa có bản dịch
monotone_belly,7,1546,,Chưa có bản dịch
two-tone_tail,0,1545,,Chưa có bản dịch
multicolored_hair_bobbles,0,1544,,Chưa có bản dịch
neck_muscles,7,1544,"muscular_neck,scalenes,sternocleidomastoid",Chưa có bản dịch
folded_hair,0,1541,,Chưa có bản dịch
screw_hair_ornament,0,1541,,Chưa có bản dịch
lion_mane,0,1540,lion_hair,Chưa có bản dịch
countershade_body,7,1539,,Chưa có bản dịch
looking_at_anus,7,1537,,Chưa có bản dịch
sitting_on_shoulder,0,1537,,Chưa có bản dịch
handsfree_breast_squeeze,0,1536,,Chưa có bản dịch
white_toes,7,1536,,Ngón chân trắng
glistening_lips,7,1536,"glistening_lip,lip_shine,shining_lip,shining_lips,shiny_lip",Chưa có bản dịch
fire_on_chest,0,1535,,Chưa có bản dịch
wrapped_arms,7,1534,,Chưa có bản dịch
big_wings,7,1532,,Cánh to
tan_tail_tip,7,1530,,Chưa có bản dịch
striped_leg_warmers,0,1527,,Chưa có bản dịch
hand_to_head,0,1523,,Chưa có bản dịch
pig_ears,0,1519,,Chưa có bản dịch
tied_ears,0,1516,,Chưa có bản dịch
red_panda_ears,0,1516,,Chưa có bản dịch
brown_breasts,7,1513,,Ngực nâu
orange_inner_ear_fluff,7,1513,,Chưa có bản dịch
smooth_horn,7,1513,smooth_horns,Chưa có bản dịch
face_in_pillow,0,1508,,Chưa có bản dịch
cock_gag,7,1508,penis_gag,Chưa có bản dịch
animal_with_hair,0,1507,,Chưa có bản dịch
4_wings,7,1506,"4_wing,4_winged,four_wing,four_winged,four_wings",Chưa có bản dịch
orange_horns,0,1506,,Sừng cam
blood_on_breasts,0,1505,bloody_breasts,Chưa có bản dịch
covering_one_breast,0,1505,covering_breast,Chưa có bản dịch
pie_cut_eyes,7,1504,pac_man_eyes,Chưa có bản dịch
view_between_legs,0,1502,,Chưa có bản dịch
feather_in_hair,7,1499,"feathers_in_hair,hair_feather",Chưa có bản dịch
fiery_wings,0,1494,fire_wings,Chưa có bản dịch
6_eyes,7,1493,"6_eyed,six_eyed,six_eyes",Chưa có bản dịch
anus_outline,7,1492,"anal_outline,anus_bulge",Chưa có bản dịch
ears_visible_through_hair,0,1492,,Chưa có bản dịch
stick_in_tail,7,1489,,Chưa có bản dịch
pinching_own_belly,0,1485,"grabbing_own_belly,grabbing_own_stomach,grabbing_own_tummy,pinching_own_tummy",Chưa có bản dịch
striped_penis,7,1484,,Chưa có bản dịch
biting_own_finger,0,1483,,Chưa có bản dịch
grey_breasts,7,1483,gray_breasts,Ngực xám
star_pupils,7,1483,,Chưa có bản dịch
bovine_horn,7,1481,bovine_horns,Chưa có bản dịch
stinger_tail,7,1480,,Chưa có bản dịch
scuted_hands,7,1479,hand_scutes,Chưa có bản dịch
hair_between_horns,0,1477,,Chưa có bản dịch
missing_leg,7,1477,,Chưa có bản dịch
shush,7,1475,"finger_hush,finger_hushing,finger_shh,finger_shhh,finger_shush,finger_shushing,hush,hushing,shh,shhh",Chưa có bản dịch
red_feet,0,1474,,Bàn chân đỏ
featureless_legs,7,1473,,Chưa có bản dịch
tan_arms,7,1470,burlywood_arms,Chưa có bản dịch
straight_leg,7,1468,,Chưa có bản dịch
dildo_in_mouth,0,1467,,Chưa có bản dịch
penis_blush,7,1466,,Chưa có bản dịch
glistening_legwear,7,1463,"glistening_leg_wear,shiny_leg_wear",Chưa có bản dịch
green_arms,7,1462,,Cánh tay xanh lá
musky_anus,7,1462,,Chưa có bản dịch
yellow_breasts,7,1460,,Ngực vàng
grabbing_another's_twintails,0,1459,,Chưa có bản dịch
blood_on_body,0,1457,,Chưa có bản dịch
yellow_face,7,1457,,Khuôn mặt vàng
rice_on_face,0,1457,rice_on_cheek,Chưa có bản dịch
purple_arm_warmers,0,1456,,Chưa có bản dịch
body_switch,0,1456,,Chưa có bản dịch
two_tone_horn,7,1454,"two-tone_horn,two-toned_horn,two-toned_horns,two_tone_horns,two_toned_horn,two_toned_horns,twotone_horn,twotone_horns,twotoned_horn,twotoned_horns",Chưa có bản dịch
shoulder_guard,0,1447,,Chưa có bản dịch
ears_through_hood,0,1446,,Chưa có bản dịch
ahoge_wag,0,1445,,Chưa có bản dịch
hand_on_crotch,7,1443,,Chưa có bản dịch
evil_face,7,1442,,Chưa có bản dịch
long_inner_labia,7,1442,"big_labia,enlarged_labia,giant_labia,large_inner_labia,large_labia,long_labia_minora,outie_labia,outie_pussy,outie_vagina,outie_vulva,roastie,roastie_labia,roastie_pussy,roastie_vagina,roasty_labia,roasty_pussy,roasty_vagina",Chưa có bản dịch
blue_tail_tip,7,1438,,Chưa có bản dịch
tail_genitals,7,1437,tail_genitalia,Chưa có bản dịch
exposed_belly,7,1434,,Chưa có bản dịch
feces_on_body,7,1434,,Chưa có bản dịch
grey_pupils,0,1433,"gray_pupils,silver_pupils",Chưa có bản dịch
holly_hair_ornament,0,1428,,Chưa có bản dịch
waving_arms,0,1428,,Chưa có bản dịch
mismatched_ear_covers,0,1427,,Chưa có bản dịch
arm_feathers,7,1425,,Chưa có bản dịch
hands_in_pocket,0,1424,,Chưa có bản dịch
hands_on_hilt,0,1424,,Chưa có bản dịch
snapping_fingers,0,1423,"clicking_fingers,finger_snap",Chưa có bản dịch
face_down,0,1420,"face_on_floor,face_on_ground",Chưa có bản dịch
red_inner_ear_fluff,7,1418,,Chưa có bản dịch
penis_on_pussy,0,1417,,Chưa có bản dịch
blue_inner_ear_fluff,7,1416,,Chưa có bản dịch
shadowed_eyes,7,1414,,Chưa có bản dịch
jagged_mouth,7,1414,"beak_maw,beaked_maw",Chưa có bản dịch
paint_on_body,0,1413,,Chưa có bản dịch
tail_cuff,7,1412,tail_cuffs,Chưa có bản dịch
saliva_on_breasts,0,1411,,Chưa có bản dịch
horn_growth,7,1411,,Chưa có bản dịch
wiping_mouth,0,1409,,Chưa có bản dịch
leopard_ears,0,1404,,Chưa có bản dịch
holding_face,7,1404,,Chưa có bản dịch
tan_nose,7,1400,"beige_nose,burlywood_nose",Chưa có bản dịch
deep_cleavage,7,1400,,Chưa có bản dịch
buttplug_tail,7,1400,"plug_tail,tail_buttplug,tail_plug,tailplug",Chưa có bản dịch
green_face,7,1400,,Khuôn mặt xanh lá
glowing_hand,0,1399,,Chưa có bản dịch
purple_mouth,0,1398,,Miệng tím
red_face,7,1398,,Khuôn mặt đỏ
hands_on_shoulders,7,1396,,Chưa có bản dịch
toe_cleavage,0,1395,,Chưa có bản dịch
otter_ears,0,1395,,Chưa có bản dịch
alpaca_ears,0,1390,,Chưa có bản dịch
cum_on_fingers,0,1390,semen_on_fingers,Chưa có bản dịch
light_face,7,1388,,Khuôn mặt nhạt
grey_anus,7,1388,gray_anus,Chưa có bản dịch
long_mouth,0,1387,,Miệng dài
hand_on_foot,7,1384,"hand_on_feet,hands_on_foot",Chưa có bản dịch
yellow_hands,0,1383,,Bàn tay vàng
arm_on_table,0,1382,,Chưa có bản dịch
silly_face,7,1381,,Chưa có bản dịch
unworn_hair_ornament,0,1380,hair_ornament_removed,Chưa có bản dịch
translucent_wings,7,1378,,Chưa có bản dịch
large_horns,0,1377,,Sừng lớn
yellow_feet,7,1372,,Bàn chân vàng
blue_feet,7,1371,,Bàn chân xanh dương
tail_mane,7,1369,,Chưa có bản dịch
multi_mouth,7,1368,"multi-mouth,multiple_mouths",Chưa có bản dịch
humanoid_penis_on_feral,7,1367,feral_with_humanoid_penis,Chưa có bản dịch
ear_flower,0,1366,,Chưa có bản dịch
cum_on_shoulder,7,1363,,Chưa có bản dịch
white_anus,7,1362,,Chưa có bản dịch
wide_oval_eyes,0,1361,,Chưa có bản dịch
extended_leg,7,1361,,Chưa có bản dịch
planet_hair_ornament,0,1360,,Chưa có bản dịch
glowing_anus,0,1358,,Chưa có bản dịch
lifted_by_tail,0,1357,"hoist_by_tail,hoisted_by_tail,lift_by_tail,tail_lift",Chưa có bản dịch
penis_sniffing,7,1353,"cock_sniffing,sniffing_cock,sniffing_penis",Chưa có bản dịch
scar_on_tail,0,1353,,Chưa có bản dịch
sharp_horn,7,1352,"pointed_horn,pointy_horn,sharp_horns",Chưa có bản dịch
anatomy,0,1349,,Chưa có bản dịch
brown_tuft,7,1349,"brown_tufts,dark_brown_tuft",Chưa có bản dịch
grey_hands,7,1348,gray_hands,Bàn tay xám
red_mouth,7,1348,,Miệng đỏ
weapon_arm,7,1348,arm_weapon,Chưa có bản dịch
eyes_in_shadow,0,1347,,Chưa có bản dịch
black_finger_claws,7,1347,,Chưa có bản dịch
creature_on_shoulder,0,1346,,Chưa có bản dịch
hand_in_hair,7,1345,,Chưa có bản dịch
countershade_belly,7,1344,,Chưa có bản dịch
animal_legs,0,1344,,Chân động vật
genital_markings,7,1342,"genital_markigns,genital_marking,genitalia_marking,genitalia_markings,genitals_marking,genitals_markings,groin_marking,groin_markings",Chưa có bản dịch
tail_blade,0,1342,"bladed_tail,bladed_tailtip",Chưa có bản dịch
grey_legs,7,1340,gray_legs,Chân xám
hair_wings,0,1340,wing-shaped_hair,Chưa có bản dịch
full_foot_pawpads,7,1340,,Chưa có bản dịch
severed_arm,0,1339,,Chưa có bản dịch
covering_eyes,7,1336,,Chưa có bản dịch
hands_on_own_chin,0,1335,,Chưa có bản dịch
urine_on_chest,7,1334,,Chưa có bản dịch
heart_ear_ornament,0,1334,,Chưa có bản dịch
cum_on_own_belly,7,1334,cum_on_own_stomach,Chưa có bản dịch
fingers_to_cheeks,0,1334,,Chưa có bản dịch
long_torso,0,1333,,Chưa có bản dịch
tan_chest,7,1332,burlywood_chest,Chưa có bản dịch
blade_arm,0,1331,"blade_arms,scythe_arm,scythe_arms",Chưa có bản dịch
6_legs,7,1329,"6_legged,six_legged,six_legs",Chưa có bản dịch
spreading_another's_anus,0,1329,,Chưa có bản dịch
pinching_another's_belly,0,1329,"grabbing_another's_belly,grabbing_another's_stomach,grabbing_another's_tummy,pinching_another's_tummy",Chưa có bản dịch
censored_anus,0,1326,"anus_censor,anus_censored",Chưa có bản dịch
mole_above_eye,0,1326,,Chưa có bản dịch
toes_tied,7,1325,tied_toes,Chưa có bản dịch
pseudo-penis,7,1324,"pseudo_penis,pseudopenis",Chưa có bản dịch
blue_belly,7,1324,blue_stomach,Chưa có bản dịch
arms_tied_behind_back,7,1324,,Chưa có bản dịch
claw_foot_bathtub,0,1322,,Chưa có bản dịch
mismatched_wings,0,1320,,Chưa có bản dịch
electric_plug_tail,0,1318,,Chưa có bản dịch
hand_on_another's_penis,7,1318,,Chưa có bản dịch
disembodied_tongue,0,1316,"floating_tongue,magic_tongue",Chưa có bản dịch
goo_hair,7,1315,,Chưa có bản dịch
holding_another's_foot,0,1313,,Chưa có bản dịch
slim_legs,0,1310,,Chưa có bản dịch
chest_grab,7,1310,,Chưa có bản dịch
hand_on_mouth,7,1310,,Chưa có bản dịch
scuted_feet,7,1308,foot_scutes,Chưa có bản dịch
hands_on_another's_back,0,1304,,Chưa có bản dịch
light_ears,7,1304,,Tai nhạt
writing_on_chest,7,1304,,Chưa có bản dịch
alternate_hair_ornament,0,1303,,Chưa có bản dịch
creepy_face,7,1302,scary_face,Chưa có bản dịch
cum_on_own_leg,7,1301,,Chưa có bản dịch
tentacle_tail,0,1300,,Chưa có bản dịch
skeletal_wings,0,1300,,Chưa có bản dịch
small_feet,7,1300,tiny_feet,Bàn chân nhỏ
tri_braids,0,1298,,Chưa có bản dịch
bat_nose,7,1297,,Chưa có bản dịch
hand_over_another's_mouth,0,1297,,Chưa có bản dịch
tree_horns,0,1296,"branch_antlers,branch_horns,tree_antlers",Chưa có bản dịch
red_pubic_hair,0,1295,,Chưa có bản dịch
purple_breasts,7,1294,lavender_breasts,Ngực tím
tail_spines,7,1294,"barbed_tail,tail_barb",Chưa có bản dịch
clock_eyes,0,1293,clock_eyed,Chưa có bản dịch
flaming_eyes,0,1292,,Chưa có bản dịch
lazy_eye,0,1292,lazy_eyes,Chưa có bản dịch
extra_pupils,0,1289,"extra_irises,polycoria",Chưa có bản dịch
green_legs,7,1289,,Chân xanh lá
pink_breasts,7,1289,,Ngực hồng
crown_hair_ornament,0,1289,,Chưa có bản dịch
orange_legs,7,1286,,Chân cam
tan_tuft,7,1286,tan_tufts,Chưa có bản dịch
purple_pubic_hair,0,1285,,Chưa có bản dịch
curved_horns,0,1285,,Chưa có bản dịch
black_belly,7,1284,,Chưa có bản dịch
arms_on_knees,0,1283,,Chưa có bản dịch
single_mechanical_eye,0,1282,mechanical_eye,Chưa có bản dịch
penis_to_breast,0,1282,penis_to_nipple,Chưa có bản dịch
heart_hands_failure,0,1282,heart_hand_thumb_up_duo,Chưa có bản dịch
monotone_hands,7,1281,,Chưa có bản dịch
big_teeth,7,1280,,Răng to
black_tuft,7,1280,black_tufts,Chưa có bản dịch
asymmetrical_breast_frottage,7,1279,"asymmetrical_breast_docking,asymmetrical_breasts_frottage",Chưa có bản dịch
long_toenails,0,1279,long_nails_(toes),Chưa có bản dịch
navel_pendant,7,1279,,Chưa có bản dịch
grey_lips,0,1279,gray_lips,Chưa có bản dịch
face_punch,0,1278,"face_punching,punch_to_face,punched_in_face,punching_face",Chưa có bản dịch
twin_hair_bows,7,1278,"twin_hair_bow,twin_hairbow,twin_hairbows",Chưa có bản dịch
thick_chest_hair,0,1277,,Chưa có bản dịch
flipped_bangs,0,1277,,Chưa có bản dịch
monotone_horn,7,1275,,Chưa có bản dịch
skin_seams,0,1275,cyborg_skin,Chưa có bản dịch
hair_over_face,0,1275,,Chưa có bản dịch
ear_birthmark,0,1272,,Chưa có bản dịch
weapon_on_shoulder,7,1272,,Chưa có bản dịch
breast_strap,0,1272,,Chưa có bản dịch
pink_hands,7,1270,,Bàn tay hồng
penis_in_tentacle,7,1270,,Chưa có bản dịch
grey_tuft,7,1269,"gray_tuft,gray_tufts,grey_tufts",Chưa có bản dịch
sentient_penis,7,1267,,Chưa có bản dịch
head_on_arm,0,1267,,Chưa có bản dịch
grey_arms,7,1266,gray_arms,Cánh tay xám
body_control,0,1266,,Chưa có bản dịch
toe_seam,0,1264,,Chưa có bản dịch
bird_hair_ornament,0,1263,,Chưa có bản dịch
heart-shaped_hair,0,1262,,Chưa có bản dịch
sheep_tail,0,1260,,Chưa có bản dịch
ursine_penis,7,1258,"bear_penis,panda_penis,polar_bear_penis,ursid_penis",Chưa có bản dịch
curved_tail,7,1258,,Chưa có bản dịch
glistening_feet,7,1258,shiny_feet,Chưa có bản dịch
face_tentacles,7,1256,,Chưa có bản dịch
pink_feet,7,1256,,Bàn chân hồng
cross_pupils,7,1255,plus_pupils,Chưa có bản dịch
worried_face,7,1254,,Chưa có bản dịch
spade_hair_ornament,0,1251,,Chưa có bản dịch
countershade_ears,7,1251,,Chưa có bản dịch
pinned_arms,7,1248,,Chưa có bản dịch
hand_under_leg,7,1245,,Chưa có bản dịch
red_facial_hair,0,1245,,Chưa có bản dịch
animal_skin,7,1243,"animal_hide,pelts",Da động vật
stitched_leg,0,1243,,Chưa có bản dịch
bird_on_arm,0,1242,,Chưa có bản dịch
breast_milk_in_container,0,1242,breast_milk,Chưa có bản dịch
brown_pubic_hair,0,1241,,Chưa có bản dịch
panda_hair_ornament,0,1241,,Chưa có bản dịch
penis_in_cloaca,7,1241,,Chưa có bản dịch
fox_hair_ornament,0,1240,,Chưa có bản dịch
armpit_hair_peek,0,1240,,Chưa có bản dịch
chest_gem,7,1239,,Chưa có bản dịch
whispering_in_ear,0,1239,,Chưa có bản dịch
threaded_by_penis,7,1239,,Chưa có bản dịch
arm_around_partner,7,1237,,Chưa có bản dịch
navel_penetration,0,1236,,Chưa có bản dịch
clasped_hands,7,1235,"folded_hands,hands_clasped",Chưa có bản dịch
genital_danger_play,7,1234,,Chưa có bản dịch
narrowed_eyebrows,7,1234,,Chưa có bản dịch
barely_visible_nipples,7,1234,"barely_visible_nipple,subtle_nipple,subtle_nipples",Chưa có bản dịch
dark_eyebrows,7,1234,,Chưa có bản dịch
foot_worship,0,1234,,Chưa có bản dịch
pussy_juice_on_fingers,0,1234,,Chưa có bản dịch
holding_hair_brush,0,1232,,Chưa có bản dịch
dark_pupils,7,1231,,Chưa có bản dịch
hand_in_mouth,0,1230,,Chưa có bản dịch
leopard_tail,0,1230,,Chưa có bản dịch
genital_tattoo,7,1230,"genital_tattoos,tattoo_on_genitals,tattooed_genitals",Chưa có bản dịch
foot_tuft,7,1229,"feet_tuft,feet_tufts,foot_tufts",Chưa có bản dịch
glowing_tail,0,1228,,Chưa có bản dịch
flowing_hair,7,1226,,Chưa có bản dịch
fiery_tail,0,1225,fire_tail,Chưa có bản dịch
pov_breasts,0,1225,,Chưa có bản dịch
mermaid_tail,7,1224,merman_tail,Chưa có bản dịch
average_penis,7,1223,,Chưa có bản dịch
shoulder_stand,7,1222,,Chưa có bản dịch
shoulder_plates,0,1221,,Chưa có bản dịch
heart_on_chest,0,1221,,Chưa có bản dịch
blonde_facial_hair,0,1219,yellow_facial_hair,Chưa có bản dịch
wavy_sidelocks,0,1219,,Chưa có bản dịch
animal_on_hand,0,1215,,Chưa có bản dịch
body_swap,7,1215,"body_swapped,body_switched,mind_swap,mind_swapped,mind_switch,mind_switched,swap_minds,swapped_bodies,swapped_minds,switch_bodies,switched_bodies,switched_minds",Chưa có bản dịch
smoke_from_nose,0,1214,smoke_through_nose,Chưa có bản dịch
fur-tipped_tail,0,1213,,Chưa có bản dịch
fluffy_fur,7,1212,,Lông bồng bềnh
monotone_anus,7,1211,,Chưa có bản dịch
cloud_hair_ornament,0,1208,,Chưa có bản dịch
face_grab,7,1207,,Chưa có bản dịch
mismatched_nipples,7,1207,,Chưa có bản dịch
fingersmile,0,1207,finger_smile,Chưa có bản dịch
arms_on_table,0,1206,,Chưa có bản dịch
light_tail,7,1206,,Đuôi nhạt
torso_shot,7,1205,,Chưa có bản dịch
object_on_breast,0,1204,,Chưa có bản dịch
bandaged_tail,0,1204,,Chưa có bản dịch
arms_around_another's_back,0,1202,"arms_around_back,arms_behind_another's_back",Chưa có bản dịch
wet_face,0,1201,,Chưa có bản dịch
arm_wrapping,7,1200,,Chưa có bản dịch
legs_around_partner,7,1200,,Chưa có bản dịch
washing_hair,0,1198,,Chưa có bản dịch
eye_symbol,0,1198,,Chưa có bản dịch
triangle-shaped_pupils,0,1197,,Chưa có bản dịch
dark_eyes,7,1196,,Mắt sẫm
toe_in_mouth,7,1195,toes_in_mouth,Chưa có bản dịch
body_part_growth,7,1194,,Chưa có bản dịch
wing_growth,7,1194,,Chưa có bản dịch
orange_tail_tip,7,1194,,Chưa có bản dịch
hand_on_another's_knee,0,1193,,Chưa có bản dịch
implied_extra_ears,0,1190,pointless_headphones,Chưa có bản dịch
hose_in_mouth,7,1187,,Chưa có bản dịch
arms_across_body,0,1185,,Chưa có bản dịch
dangling_legs,7,1185,,Chưa có bản dịch
rainbow_eyes,0,1184,,Chưa có bản dịch
sitting_on_penis,0,1183,,Chưa có bản dịch
foot_shot,7,1182,,Chưa có bản dịch
crosshair_pupils,0,1182,,Chưa có bản dịch
calf_muscles,7,1181,,Chưa có bản dịch
yellow_legs,7,1181,,Chân vàng
purple_hands,0,1180,,Bàn tay tím
moth_antennae,0,1179,moth_ears,Chưa có bản dịch
big_mouth_(anatomy),7,1178,,Chưa có bản dịch
round_body,7,1176,,Cơ thể tròn
holding_hair_dryer,0,1176,,Chưa có bản dịch
covered_anus,0,1172,,Chưa có bản dịch
inconvenient_breasts,0,1170,,Chưa có bản dịch
simple_face,7,1169,,Chưa có bản dịch
tentacles_around_legs,7,1169,,Chưa có bản dịch
grabbing_another's_ear,0,1167,,Chưa có bản dịch
heart-shaped_boob_challenge,0,1167,heart-shaped_breast_challenge,Chưa có bản dịch
flower_over_mouth,0,1166,,Chưa có bản dịch
side_capelet,0,1166,"half_capelet,single-shoulder_capelet",Chưa có bản dịch
butt_wings,7,1165,buttwings,Chưa có bản dịch
looking_at_own_breasts,7,1164,,Chưa có bản dịch
holding_another's_tail,0,1163,,Chưa có bản dịch
dark_ears,7,1162,,Tai sẫm
quad_braids,0,1161,,Chưa có bản dịch
humanoid_dildo,7,1161,"human_dick_dildo,human_dildo,human_penis_dildo,humanoid_dick_dildo",Chưa có bản dịch
hand_blush,0,1159,,Chưa có bản dịch
naked_tabard,0,1159,nude_tabard,Chưa có bản dịch
belly_mouth,7,1158,belly_maw,Chưa có bản dịch
looking_down_at_penis,7,1157,,Chưa có bản dịch
foot_dangle,0,1155,,Chưa có bản dịch
barely_contained_penis,7,1155,,Chưa có bản dịch
non-mammal_ears,7,1155,,Chưa có bản dịch
leg_focus,0,1155,,Chưa có bản dịch
clothed_to_nude,7,1153,,Chưa có bản dịch
two_tone_feet,7,1153,two-tone_feet,Chưa có bản dịch
glowing_fur,7,1153,,Chưa có bản dịch
male_with_breasts,0,1152,,Chưa có bản dịch
cybernetic_eye,7,1152,"cyber_eye,cybernetic_eyes",Chưa có bản dịch
braiding_another's_hair,0,1149,,Chưa có bản dịch
very_long_ears,0,1147,,Tai rất dài
tail_censorship,7,1146,,Chưa có bản dịch
penis_measuring,0,1145,,Chưa có bản dịch
unusual_eyes,7,1145,,Chưa có bản dịch
curly_sidelocks,0,1142,,Chưa có bản dịch
green_breasts,7,1139,,Ngực xanh lá
wing_ears,0,1138,,Chưa có bản dịch
short_braid,0,1138,,Chưa có bản dịch
segmented_tail,0,1137,,Chưa có bản dịch
eyestalks,0,1137,"eye_stalk,eye_stalks,eyestalk,ommatophore",Chưa có bản dịch
grabbing_another's_face,0,1136,,Chưa có bản dịch
raised_leg_grab,7,1136,,Chưa có bản dịch
bouncing_belly,0,1136,,Chưa có bản dịch
black_fingers,7,1136,,Ngón tay đen
stretched_mouth,7,1136,,Chưa có bản dịch
skeletal_hand,0,1135,,Chưa có bản dịch
single_mechanical_hand,0,1135,,Chưa có bản dịch
pumpkin_hair_ornament,0,1133,,Chưa có bản dịch
face_to_face,7,1133,,Chưa có bản dịch
feet_only,0,1133,,Chưa có bản dịch
aqua_pupils,0,1132,,Chưa có bản dịch
darkened_skin,0,1131,alternate_skin_color_(darker),Chưa có bản dịch
cutout_eyelashes,0,1129,,Chưa có bản dịch
breast_pillow,0,1129,boob_pillow,Chưa có bản dịch
arm_across_chest,0,1126,,Chưa có bản dịch
cum_on_fur,7,1126,cum_in_fur,Chưa có bản dịch
glowing_nose,7,1125,,Chưa có bản dịch
dinosaur_tail,0,1123,,Chưa có bản dịch
troll_face,0,1123,,Chưa có bản dịch
hyena_tail,0,1122,,Chưa có bản dịch
rainbow_body,7,1121,,Chưa có bản dịch
foot_suck,7,1120,"feet_suck,feet_sucking,foot_sucking,suck_feet,suck_foot,sucking_feet,sucking_foot",Chưa có bản dịch
holding_own_foot,0,1118,,Chưa có bản dịch
googly_eyes,0,1118,,Chưa có bản dịch
abdominal_scar,7,1116,"belly_scar,scar_on_belly,stomach_scar",Chưa có bản dịch
chicken-wing_tied,7,1116,,Chưa có bản dịch
finger_tattoo,0,1115,,Chưa có bản dịch
object_between_breasts,7,1115,,Chưa có bản dịch
ear_twitch,7,1114,,Chưa có bản dịch
green_mouth,7,1112,,Miệng xanh lá
flower_to_mouth,0,1112,,Chưa có bản dịch
farting_in_mouth,7,1109,fart_in_mouth,Chưa có bản dịch
hand_milking,0,1109,,Chưa có bản dịch
fur_cuffs,0,1107,,Chưa có bản dịch
penis_tentacle,0,1107,,Chưa có bản dịch
penis_nursing,7,1107,"cock_nursing,nursing_fellatio",Chưa có bản dịch
bandana_around_arm,0,1106,,Chưa có bản dịch
tape_on_nipples,0,1106,,Chưa có bản dịch
hugging_another's_leg,0,1106,"hugging_another's_legs,leg_cling",Chưa có bản dịch
licking_breast,0,1104,breast_licking,Chưa có bản dịch
playing_with_another's_hair,0,1103,,Chưa có bản dịch
feline_ears,7,1103,,Chưa có bản dịch
aquiline_nose,0,1102,,Chưa có bản dịch
red_panda_tail,0,1101,,Chưa có bản dịch
fatter_than_canon,0,1098,alternate_body_size_(fatter),Chưa có bản dịch
magenta_body,7,1098,,Chưa có bản dịch
no_hair_ornament,0,1097,,Chưa có bản dịch
severed_hair,0,1096,,Chưa có bản dịch
covering_own_ears,0,1095,hands_over_ears,Chưa có bản dịch
cross-body_stretch,0,1095,,Chưa có bản dịch
toothbrush_in_mouth,0,1092,,Chưa có bản dịch
alternate_wings,0,1092,"/awi,alternative_wings",Chưa có bản dịch
food_on_hand,0,1090,food_on_finger,Chưa có bản dịch
bandaged_torso,0,1089,,Chưa có bản dịch
leg_cutout,0,1089,,Chưa có bản dịch
single_bare_arm,0,1087,,Chưa có bản dịch
8_nipples,7,1087,eight_nipples,Chưa có bản dịch
nose_boop,7,1087,"boop_the_snoot,booping_the_snoot",Chưa có bản dịch
legs_over_edge,7,1087,,Chưa có bản dịch
mottled_fur,7,1085,mottle_fur,Chưa có bản dịch
spiral_pupils,7,1085,,Chưa có bản dịch
tail_penis,7,1084,"cock-tail,cock_tail,tail-cock,tail_cock,tailcock",Chưa có bản dịch
pink_pubic_hair,0,1084,,Chưa có bản dịch
brown_inner_ear_fluff,7,1083,,Chưa có bản dịch
gold_nails,0,1082,,Chưa có bản dịch
nose_hook,0,1081,,Chưa có bản dịch
asymmetrical_arms,0,1081,,Chưa có bản dịch
w_over_eye,0,1081,,Chưa có bản dịch
orange_lips,0,1079,,Chưa có bản dịch
wrong_foot,0,1078,wrong_feet,Chưa có bản dịch
fake_cat_ears,7,1078,,Chưa có bản dịch
hair_between_breasts,0,1078,,Chưa có bản dịch
smelling_penis,0,1076,,Chưa có bản dịch
thick_arm_hair,0,1074,,Chưa có bản dịch
drawing_on_another's_face,0,1073,"face_painting,writing_on_another's_face",Chưa có bản dịch
hand_on_another's_wrist,0,1070,,Chưa có bản dịch
legs_above_head,7,1070,,Chưa có bản dịch
heart_nipples,7,1069,"<3-shaped_nipple,<3-shaped_nipples,<3_nipple,<3_nipples,<3_shaped_nipple,<3_shaped_nipples,heart-shaped_nipple,heart-shaped_nipples,heart_nipple,heart_shaped_nipple,heart_shaped_nipples,hearts-shaped_nipple,hearts-shaped_nipples,hearts_nipple,hearts_nipples,hearts_shaped_nipple,hearts_shaped_nipples",Chưa có bản dịch
shark_teeth,7,1067,,Chưa có bản dịch
yellow_arms,7,1067,,Cánh tay vàng
puffy_chest,0,1066,,Chưa có bản dịch
heart_arms,0,1066,,Chưa có bản dịch
huge_horns,0,1066,,Sừng khổng lồ
sweaty_chest,7,1065,,Chưa có bản dịch
gradient_nails,0,1065,gradient_fingernails,Chưa có bản dịch
twintails_with_braided_base,0,1064,,Chưa có bản dịch
x_fingers,0,1064,,Chưa có bản dịch
pressing_breasts_together,7,1063,,Chưa có bản dịch
orange_anus,7,1063,orange_asshole,Chưa có bản dịch
poking_another's_breast,0,1062,,Chưa có bản dịch
paw_hair_ornament,0,1061,,Chưa có bản dịch
tentacle_tongue,0,1059,,Chưa có bản dịch
metal_hair_tubes,0,1058,,Chưa có bản dịch
monotone_arms,7,1058,,Chưa có bản dịch
weapon_in_mouth,0,1057,,Chưa có bản dịch
finger_sucking,0,1057,sucking_finger,Chưa có bản dịch
eyebrow_slit,7,1055,"eyebrow_slits,notched_eyebrow,split_eyebrow",Chưa có bản dịch
chicken_leg,0,1055,chicken_drumstick,Chưa có bản dịch
penis_close-up,7,1054,,Chưa có bản dịch
waving_hand,7,1054,,Chưa có bản dịch
skeletal_arm,0,1054,skeletal_arms,Chưa có bản dịch
broken_heart_hair_ornament,0,1053,,Chưa có bản dịch
ear_expansion,7,1051,,Chưa có bản dịch
scrunchy_face,7,1050,,Chưa có bản dịch
flexing_muscles,7,1049,,Chưa có bản dịch
breast_drop,0,1049,"boob_drop,titty_drop",Chưa có bản dịch
inflated_belly,7,1048,,Chưa có bản dịch
flabby_arms,7,1048,,Chưa có bản dịch
round_eyes,7,1047,,Mắt tròn
dipstick_fingers,7,1046,,Chưa có bản dịch
kiss_mark_on_penis,7,1045,,Chưa có bản dịch
tentacle_on_penis,0,1044,"tentacle_job,tentacles_on_penis",Chưa có bản dịch
nipple-to-nipple,0,1044,nipple_to_nipple,Chưa có bản dịch
wishbone_mouth,7,1042,,Chưa có bản dịch
urine_on_leg,7,1042,urine_on_legs,Chưa có bản dịch
holding_arms,7,1041,,Chưa có bản dịch
hair_over_one_breast,0,1041,,Chưa có bản dịch
partial_nudity,7,1040,partial_nude,Chưa có bản dịch
sergal_penis,7,1039,,Chưa có bản dịch
blood_from_vagina,0,1039,"bleeding_from_pussy,blood_from_pussy",Chưa có bản dịch
mature_eyes,0,1039,,Chưa có bản dịch
missing_all_arms,7,1038,,Chưa có bản dịch
tail_bite,7,1038,"bite_tail,biting_tail,tail_biting,tailbite",Chưa có bản dịch
razor_blade_hair_ornament,0,1037,,Chưa có bản dịch
looking_at_own_belly,7,1037,,Chưa có bản dịch
stuck_to_foot,7,1037,"stuck_on_feet,stuck_on_foot,stuck_to_feet",Chưa có bản dịch
nipples_touching,7,1036,,Chưa có bản dịch
moth_wings,0,1036,,Chưa có bản dịch
eye_black,0,1034,eyeblack,Chưa có bản dịch
apple_hair_ornament,0,1033,,Chưa có bản dịch
tail_ridge,7,1033,ridged_tail,Chưa có bản dịch
anal_juice_on_penis,7,1033,,Chưa có bản dịch
foot_rub,7,1033,"footrub,paw_massage,paw_rub,paws_rub",Chưa có bản dịch
hand_on_diaper,7,1032,,Chưa có bản dịch
spread_navel,0,1032,,Chưa có bản dịch
grey_pubic_hair,0,1032,,Chưa có bản dịch
feet_on_table,0,1032,,Chưa có bản dịch
lightning_ahoge,0,1031,,Chưa có bản dịch
monotone_feet,7,1031,,Chưa có bản dịch
belly_focus,7,1029,,Chưa có bản dịch
spiral-only_eyes,0,1028,,Chưa có bản dịch
outstretched_legs,0,1028,,Chưa có bản dịch
vaginal_fluids_on_face,7,1027,,Chưa có bản dịch
hands_on_another's_stomach,0,1027,,Chưa có bản dịch
prostate_milking,0,1025,"female_fingers_in_male_anus,prostate_massage",Chưa có bản dịch
drawn_wings,0,1025,,Chưa có bản dịch
faceplant,0,1024,face_plant,Chưa có bản dịch
big_chest,7,1024,,Chưa có bản dịch
hand_on_weapon,0,1024,,Chưa có bản dịch
eyebrow_barbell,7,1024,,Chưa có bản dịch
penis_tongue,7,1024,"cock-tongue,cock_tongue,cocktongue,tongue_cock,tongue_penis,tonguecock",Chưa có bản dịch
grinding_on_penis,7,1023,,Chưa có bản dịch
penis_on_stomach,0,1023,,Chưa có bản dịch
cum_in_ear,0,1022,cum_in_ears,Chưa có bản dịch
dipstick_hair,7,1021,,Chưa có bản dịch
cum_in_nipples,7,1021,"cum_in_breast,cum_in_breasts",Chưa có bản dịch
shoulder_patch,0,1021,arm_patch,Chưa có bản dịch
slutty_face,7,1021,,Chưa có bản dịch
hugging_own_tail,0,1021,,Chưa có bản dịch
black_inner_ear_fluff,7,1020,,Chưa có bản dịch
orange_arms,7,1019,,Cánh tay cam
grey_feet,7,1019,gray_feet,Bàn chân xám
claw_toes,7,1019,,Chưa có bản dịch
licking_own_finger,0,1018,,Chưa có bản dịch
light_nipples,0,1017,,Chưa có bản dịch
radar_hair_ornament,0,1017,,Chưa có bản dịch
nail_(weapon),7,1017,,Chưa có bản dịch
arm_on_own_head,0,1016,,Chưa có bản dịch
tail_vore,0,1015,,Chưa có bản dịch
face_shield,0,1015,,Chưa có bản dịch
hands_on_floor,0,1015,,Chưa có bản dịch
chocolate_on_face,0,1014,,Chưa có bản dịch
teasing_with_feet,7,1013,foot_tease,Chưa có bản dịch
short_legs,7,1012,,Chân ngắn
two-tone_nails,0,1009,,Chưa có bản dịch
silhouetted_body,7,1008,,Chưa có bản dịch
fat_legs,7,1006,,Chưa có bản dịch
mismatched_eyelashes,0,1005,,Chưa có bản dịch
v-bangs,0,1005,,Chưa có bản dịch
arms_together,7,1002,,Chưa có bản dịch
pink_face,7,1002,,Khuôn mặt hồng
hand_on_side,7,1002,,Chưa có bản dịch
shuriken_hair_ornament,0,1000,,Chưa có bản dịch
anterior_nasal_aperture,7,1000,"nasal_bone,nasal_hole,nose_hole,piriform_aperture,pyriform_aperture,skull_nasal_hole,skull_nose,skull_nose_hole",Chưa có bản dịch
eye_tattoo,0,999,,Chưa có bản dịch
orange_feet,7,999,,Bàn chân cam
pill_hair_ornament,0,998,,Chưa có bản dịch
steamy_feet,7,998,,Chưa có bản dịch
holding_leg_up,7,996,,Chưa có bản dịch
shiny_eyes,0,995,,Chưa có bản dịch
holding_feet,0,995,,Chưa có bản dịch
docked_tail,7,994,"bobbed_tail,cut_tail,tail_cutting_(docking)",Chưa có bản dịch
clawed_hands,0,993,,Chưa có bản dịch
spotted_hair,0,993,,Chưa có bản dịch
barbed_humanoid_penis,7,991,,Chưa có bản dịch
goat_horn,7,991,,Chưa có bản dịch
heart_on_body,7,991,,Chưa có bản dịch
flaming_hand,0,991,"burning_hand,burning_hands,fiery_hand,fire_fist",Chưa có bản dịch
mismatched_horns,0,991,,Chưa có bản dịch
looking_at_another's_penis,7,990,,Chưa có bản dịch
hands_on_another's_neck,0,990,,Chưa có bản dịch
aqua_horns,0,988,,Chưa có bản dịch
bodyjob,7,988,"body_job,hugjob",Chưa có bản dịch
zipper_mouth,7,987,mouth_zipper,Chưa có bản dịch
tan_eyes,7,985,beige_eyes,Chưa có bản dịch
breast_zipper,0,983,,Chưa có bản dịch
light_breasts,7,982,,Ngực nhạt
nail_polish_bottle,0,980,,Chưa có bản dịch
pattern_arm_warmers,7,979,,Chưa có bản dịch
balls_above_penis,7,979,marsupial_balls,Chưa có bản dịch
bandaid_on_shoulder,0,978,,Chưa có bản dịch
glistening_genital_fluids,7,978,"glistening_genital_fluid,shiny_genital_fluid,shiny_genital_fluids",Chưa có bản dịch
red_tail_tip,7,978,,Chưa có bản dịch
shaped_pubic_hair,0,978,,Chưa có bản dịch
side_bangs,7,978,,Chưa có bản dịch
tall_hair,0,977,,Chưa có bản dịch
tan_anus,7,977,beige_anus,Chưa có bản dịch
arrow_in_body,0,977,,Chưa có bản dịch
body_modification,0,976,,Chưa có bản dịch
mole_on_chest,0,976,,Chưa có bản dịch
extra_legs,0,973,,Chưa có bản dịch
eye_spots,7,973,eye_spot,Chưa có bản dịch
x_arms,0,972,,Chưa có bản dịch
thick_navel_hair,0,971,,Chưa có bản dịch
bandaid_on_finger,0,971,,Chưa có bản dịch
sparse_arm_hair,0,970,,Chưa có bản dịch
twintails_day,0,970,,Chưa có bản dịch
straight_arms,7,969,,Cánh tay thẳng
intertwined_tails,0,969,,Chưa có bản dịch
towel_on_shoulder,7,969,,Chưa có bản dịch
extended_legs,7,968,,Chưa có bản dịch
fur_wrist_cuffs,0,968,,Chưa có bản dịch
multi_tongue,7,966,"multi-tongue,multi_tongues",Chưa có bản dịch
hand_between_legs,7,965,,Chưa có bản dịch
tan_wings,7,965,,Chưa có bản dịch
hands_on_table,0,964,,Chưa có bản dịch
toe_suck,7,962,"sucking_toe,sucking_toes,toes_suck",Chưa có bản dịch
nude_taur,7,962,,Chưa có bản dịch
writing_on_breasts,7,961,,Chưa có bản dịch
auburn_hair,7,960,,Chưa có bản dịch
food_hair,7,959,,Chưa có bản dịch
tail_frill,7,959,,Chưa có bản dịch
freckled_tail,7,958,freckles_on_tail,Chưa có bản dịch
ball_hands,0,958,,Chưa có bản dịch
dog_hair_ornament,0,957,,Chưa có bản dịch
tan_hands,7,956,burlywood_hands,Chưa có bản dịch
sloshing_breasts,7,956,,Chưa có bản dịch
dyed_ahoge,0,955,,Chưa có bản dịch
holding_over_opposite_shoulder,0,955,,Chưa có bản dịch
ears_as_hair,7,953,,Chưa có bản dịch
braid_over_shoulder,0,953,,Chưa có bản dịch
arm_sling,0,952,sling_(medical),Chưa có bản dịch
carried_breast_rest,0,951,,Chưa có bản dịch
tail_upskirt,7,951,,Chưa có bản dịch
low_horns,0,950,,Chưa có bản dịch
grape_hair_ornament,0,950,,Chưa có bản dịch
stiff_tail,0,950,straightened_tail,Chưa có bản dịch
forearm_hair,7,949,forearms_hair,Chưa có bản dịch
barely_visible_breasts,7,948,"barely_visible_breast,subtle_breast,subtle_breasts",Chưa có bản dịch
tail_in_own_ass,7,947,,Chưa có bản dịch
swinging_penis,7,946,penis_sway,Chưa có bản dịch
tickling_genitalia,7,946,tickling_genitals,Chưa có bản dịch
animal_ear_helmet,0,945,animal_ears_helmet,Chưa có bản dịch
hair_mouth,7,945,,Chưa có bản dịch
hair_through_hood,0,944,,Chưa có bản dịch
magic_arm,0,943,,Chưa có bản dịch
caressing_face,7,942,,Chưa có bản dịch
whale_hair_ornament,0,941,,Chưa có bản dịch
arms_by_side,7,939,,Chưa có bản dịch
covering_penis,7,938,hiding_penis,Chưa có bản dịch
micro_legs,7,938,,Chưa có bản dịch
shoulder_freckles,0,937,,Chưa có bản dịch
hand_on_own_foot,0,936,,Chưa có bản dịch
dolphin_hair_ornament,0,936,,Chưa có bản dịch
face_in_crotch,0,935,,Chưa có bản dịch
flower_on_chest,0,934,,Chưa có bản dịch
presenting_mouth,7,932,,Chưa có bản dịch
muscle_size_difference,7,932,muscles_size_difference,Chưa có bản dịch
grabbing_another's_hand,0,932,,Chưa có bản dịch
cum_in_penis,7,929,cum_in_cock,Chưa có bản dịch
fanning_face,0,928,,Chưa có bản dịch
rose_in_mouth,7,927,,Chưa có bản dịch
styling_hair,7,926,"hair_styling,hairstyling",Chưa có bản dịch
breast_awe,0,925,,Chưa có bản dịch
pointing_at_penis,7,924,pointing_to_penis,Chưa có bản dịch
aqua_wings,0,924,,Chưa có bản dịch
green_pubic_hair,0,924,,Chưa có bản dịch
bent_over_with_legs_held_straight,7,924,,Chưa có bản dịch
vertical_bar_eyes,7,923,,Chưa có bản dịch
notched_wings,7,922,"bitten_wing,bitten_wings,chipped_wing,chipped_wings,damaged_wing,damaged_wings,notched_wing,tattered_wing,tattered_wings,wing_damage,wing_damaged,wing_notches,wings_damage,wings_damaged",Chưa có bản dịch
round_nose,0,922,,Mũi tròn
red_arms,7,918,,Cánh tay đỏ
yurie_mouth,0,917,,Chưa có bản dịch
braided_tail,0,916,,Đuôi tết
looking_through_legs_at_viewer,7,912,,Chưa có bản dịch
pleading_face_emoji,0,910,pien,Chưa có bản dịch
hands_everywhere,7,909,,Chưa có bản dịch
food_between_breasts,0,909,,Chưa có bản dịch
tongue_stud,7,909,"tongue_studs,tonguestud,tonguestuds",Chưa có bản dịch
flat_chest_grab,0,909,flat_grab,Chưa có bản dịch
navel_focus,0,907,,Chưa có bản dịch
hair_focus,0,907,,Chưa có bản dịch
fur_capelet,0,907,,Chưa có bản dịch
legs_bound_apart,0,906,separated_legs,Chưa có bản dịch
hand_on_another's_crotch,0,905,,Chưa có bản dịch
stuck_penis,7,905,,Chưa có bản dịch
penis_in_ear,7,905,,Chưa có bản dịch
propeller_hair_ornament,0,904,,Chưa có bản dịch
gradient_body,7,903,,Chưa có bản dịch
ascot_between_breasts,0,903,,Chưa có bản dịch
8_breasts,7,903,"8_breast,8_breasted,eight_breast,eight_breasted,eight_breasts",Chưa có bản dịch
countershade_penis,7,902,,Chưa có bản dịch
over_the_mouth_gag,0,901,over_the_mouth_gagged,Chưa có bản dịch
scorpion_tail,0,900,,Chưa có bản dịch
penis_chart,0,899,"cock_chart,penis_size_chart",Chưa có bản dịch
golden_arms,0,898,,Chưa có bản dịch
two_tone_arms,7,898,,Chưa có bản dịch
winged_hair_ornament,0,897,,Chưa có bản dịch
white_toe_claws,7,897,,Chưa có bản dịch
monotone_inner_ear,7,897,,Chưa có bản dịch
sparse_navel_hair,0,897,,Chưa có bản dịch
pink_inner_ear_fluff,7,897,,Chưa có bản dịch
blue_fingers,7,896,,Ngón tay xanh dương
teal_penis,7,895,,Chưa có bản dịch
tickling_belly,7,895,"belly_tickling,tickling_stomache",Chưa có bản dịch
lube_on_penis,7,894,,Chưa có bản dịch
hand_on_bulge,7,893,,Chưa có bản dịch
writing_on_genitals,7,893,,Chưa có bản dịch
describing_penis,7,893,,Chưa có bản dịch
string_around_finger,0,893,,Chưa có bản dịch
toony_eyes,7,893,,Chưa có bản dịch
hands_under_legs,0,891,,Chưa có bản dịch
hand_to_weapon,0,890,,Chưa có bản dịch
holding_hand_grip,0,889,,Chưa có bản dịch
feet_together_knees_apart,7,889,,Chưa có bản dịch
sucking_male_nipple,0,888,sucking_nipples_(male),Chưa có bản dịch
impossible_hair,0,888,,Chưa có bản dịch
forward-facing_horns,0,888,"forward_facing_horns,front-facing_horns",Chưa có bản dịch
scar_on_breast,0,887,scar_on_breasts,Chưa có bản dịch
vaginal_fluids_on_tongue,7,887,pussy_juice_on_tongue,Chưa có bản dịch
blue_arm_warmers,0,887,,Chưa có bản dịch
touching_face,7,886,,Chưa có bản dịch
feet_on_chair,0,886,,Chưa có bản dịch
back_hair,0,885,,Chưa có bản dịch
arms_around_partner,7,884,,Chưa có bản dịch
light_penis,7,884,,Chưa có bản dịch
spherical_breasts,7,884,,Chưa có bản dịch
leg_spreader,7,882,legspreader,Chưa có bản dịch
rabbit_ear_headphones,0,881,bunny_ear_headphones,Chưa có bản dịch
fish_in_mouth,0,881,,Chưa có bản dịch
spotted_ears,7,880,,Chưa có bản dịch
hand_hair,0,879,,Chưa có bản dịch
hand_on_blade,0,879,,Chưa có bản dịch
full_mouth,0,878,,Chưa có bản dịch
finger_bite,7,878,"bite_finger,biting_finger,finger_biting,fingerbite,fingerbiting",Chưa có bản dịch
on_shoulders,7,878,,Chưa có bản dịch
hand_above_head,7,877,,Chưa có bản dịch
hanging_legs,0,877,,Chưa có bản dịch
penis_in_nipple,7,876,,Chưa có bản dịch
colored_eyebrows,0,876,,Chưa có bản dịch
dizzy_eyes,7,874,,Chưa có bản dịch
nipple_sex,7,872,,Chưa có bản dịch
yellow_inner_ear_fluff,7,872,,Chưa có bản dịch
brown_tail_tuft,7,871,,Chưa có bản dịch
smug_eyes,7,868,,Chưa có bản dịch
ferret_ears,0,868,ferretmimi,Chưa có bản dịch
saliva_on_foot,7,868,,Chưa có bản dịch
dipstick_nose,7,867,,Chưa có bản dịch
dark_tail,7,867,,Đuôi sẫm
vaginal_fluids_on_tail,7,867,pussy_juice_on_tail,Chưa có bản dịch
living_penis,7,866,living_cock,Chưa có bản dịch
monotone_legs,7,866,,Chưa có bản dịch
blood_from_penis,7,865,,Chưa có bản dịch
cutting_own_hair,0,863,,Chưa có bản dịch
feces_on_face,7,862,scat_on_face,Chưa có bản dịch
poofy_hair,7,861,,Chưa có bản dịch
erect_tail,7,861,,Chưa có bản dịch
metal_wings,0,860,,Chưa có bản dịch
ankle_wings,0,859,foot_wings,Chưa có bản dịch
foot_in_water,7,859,feet_in_water,Chưa có bản dịch
marsupial_penis,7,859,"kangaroo_penis,oposssum_penis,opossum_penis,posssum_penis,possum_penis",Chưa có bản dịch
nude_pred,7,859,,Chưa có bản dịch
beakstick,7,858,"beak_lip_stick,beak_lipstick,beak_stick",Chưa có bản dịch
glistening_ears,7,858,shiny_ears,Chưa có bản dịch
bodily_fluids_on_penis,7,857,,Chưa có bản dịch
arm_around_waist,7,856,,Chưa có bản dịch
foot_on_chest,7,856,feet_on_chest,Chưa có bản dịch
beaver_tail,0,855,,Chưa có bản dịch
frontal_taur_genitals,7,855,tauric_chest_genitalia,Chưa có bản dịch
black_tail_tuft,7,854,,Chưa có bản dịch
hair_sticks,7,853,"chopsticks_in_hair,hair_chopsticks,hairstick,hairsticks",Chưa có bản dịch
scar_across_eyebrow,0,853,scar_through_eyebrow,Chưa có bản dịch
hand_on_another's_belly,7,852,,Chưa có bản dịch
hands_on_headphones,0,851,,Chưa có bản dịch
forced_spreading_legs,7,851,,Chưa có bản dịch
sparse_leg_hair,0,850,,Chưa có bản dịch
cum_on_nipples,7,848,cum_on_nipple,Chưa có bản dịch
monotone_wings,7,847,"mono-tone_wing,mono-tone_wings,mono_tone_wing,mono_tone_wings,monotone_wing",Chưa có bản dịch
moose_ears,0,847,,Chưa có bản dịch
tentacles_around_arms,7,846,,Chưa có bản dịch
finger_to_eye,0,845,,Chưa có bản dịch
evil_eyes,0,845,,Chưa có bản dịch
hand_pawpads,7,842,,Chưa có bản dịch
lemon_hair_ornament,0,842,,Chưa có bản dịch
shoulder_scar,7,842,shoulder_scars,Chưa có bản dịch
urine_on_belly,7,841,piss_on_belly,Chưa có bản dịch
dripping_penis,7,840,,Chưa có bản dịch
hand_on_own_wrist,0,839,,Chưa có bản dịch
purple_face,7,839,,Khuôn mặt tím
feathered_arms,0,837,,Chưa có bản dịch
tan_legs,7,834,burlywood_legs,Chưa có bản dịch
belly_jiggle,7,833,,Chưa có bản dịch
penis_over_one_eye,0,832,,Chưa có bản dịch
hands_between_legs,7,830,,Chưa có bản dịch
aqua_lips,0,829,aqua_lipstick,Chưa có bản dịch
long_toes,0,829,,Ngón chân dài
conjoined_eyes,7,825,sonic_eyes,Chưa có bản dịch
loose_anus,7,825,,Chưa có bản dịch
arm_pillow,0,825,,Chưa có bản dịch
drying_another's_hair,0,825,,Chưa có bản dịch
pov_legs,0,825,pov_feet,Chưa có bản dịch
dot_pupils,0,824,,Chưa có bản dịch
footsie,7,823,"foot_holding,footsy",Chưa có bản dịch
penis_squeeze,7,821,squeezing_penis,Chưa có bản dịch
yellow_tuft,7,820,"blonde_tuft,yellow_tufts",Chưa có bản dịch
hollow_body,0,820,,Chưa có bản dịch
white_tongue,0,819,,Lưỡi trắng
blue_tuft,7,818,blue_tufts,Chưa có bản dịch
wide_face,0,818,wideface,Khuôn mặt rộng
ofuda_on_nipples,0,818,,Chưa có bản dịch
raised_shoulders,7,817,,Chưa có bản dịch
breast_cutouts,0,816,breast_cutout,Chưa có bản dịch
breast_markings,7,816,"boob_marking,boob_markings,boobs_marking,boobs_markings,breast_markigns,breast_marking,breasts_marking,breasts_markings",Chưa có bản dịch
stretching_arms,7,814,,Chưa có bản dịch
severed_hand,0,814,,Chưa có bản dịch
brown_belly,7,813,,Chưa có bản dịch
arm_over_shoulder,0,812,,Chưa có bản dịch
precum_on_face,7,812,,Chưa có bản dịch
breast_imprints,7,812,,Chưa có bản dịch
glistening_skinsuit,7,811,"glistening_skin_suit,shiny_skin_suit,shiny_skinsuit",Chưa có bản dịch
tanned_skin,7,811,,Chưa có bản dịch
tentacle_around_penis,7,811,,Chưa có bản dịch
diamond_mouth,0,810,:<>,Chưa có bản dịch
raised_index_finger,7,809,"index_finger_lift,index_finger_lifted,index_finger_lifting,index_finger_up,lift_index_finger,lifted_index_finger,lifting_index_finger",Chưa có bản dịch
chipmunk_ears,0,808,,Chưa có bản dịch
orca_hair_ornament,0,808,,Chưa có bản dịch
chest_rig,0,807,,Chưa có bản dịch
hand_on_own_tail,0,807,,Chưa có bản dịch
hashitsuki_nata,0,806,nose_hatchet,Chưa có bản dịch
veiny_face,0,806,,Chưa có bản dịch
cum_inflated_belly,7,806,,Chưa có bản dịch
smoking_pipe_in_mouth,0,805,pipe_in_mouth,Chưa có bản dịch
holding_raised_leg,7,805,,Chưa có bản dịch
nipple_torture,0,803,nipple_pain,Chưa có bản dịch
glistening_horn,7,803,shiny_horn,Chưa có bản dịch
pokemon_tail,0,803,,Chưa có bản dịch
stuck_genitals,7,802,,Chưa có bản dịch
hand_markings,7,802,"hand_markigns,hand_marking,hands_marking,hands_markings",Chưa có bản dịch
suspended_by_penis,7,802,,Chưa có bản dịch
pocket_square,0,799,handkerchief_in_breast_pocket,Chưa có bản dịch
writing_on_face,7,799,,Chưa có bản dịch
face_in_shadow,0,798,,Chưa có bản dịch
naked_capelet,0,797,,Chưa có bản dịch
grabbing_own_hair,0,796,pulling_own_hair,Chưa có bản dịch
feet_tied,7,796,tied_feet,Chưa có bản dịch
penis_on_belly,7,795,,Chưa có bản dịch
grey_facial_hair,0,795,,Chưa có bản dịch
gun_arm,7,795,arm_gun,Chưa có bản dịch
hair_covering_breasts,7,794,,Chưa có bản dịch
teal_nipples,7,793,,Chưa có bản dịch
breast_freckles,0,792,,Chưa có bản dịch
navel_line,7,791,,Chưa có bản dịch
turquoise_hair,7,791,,Chưa có bản dịch
hands_on_own_knee,0,791,,Chưa có bản dịch
tan_feet,7,790,burlywood_feet,Chưa có bản dịch
red_legs,7,790,,Chân đỏ
brushing_own_hair,0,789,,Chưa có bản dịch
freckled_ears,7,789,"ear_freckles,freckles_on_ears",Chưa có bản dịch
brown_fingers,7,788,,Ngón tay nâu
pseudo_horn,7,788,,Chưa có bản dịch
orange_hands,7,787,,Bàn tay cam
arm_wrestling,0,786,arm-wrestling,Chưa có bản dịch
3_penises,7,785,triple_penis,Chưa có bản dịch
penis_covering_eyes,7,783,,Chưa có bản dịch
chain_around_arm,0,783,,Chưa có bản dịch
penis_snake,7,782,,Chưa có bản dịch
glistening_shoulders,7,782,,Chưa có bản dịch
calf_tuft,7,782,,Chưa có bản dịch
hyper_tongue,7,782,"absurdly_long_tongue,impossibly_long_tongue",Chưa có bản dịch
jackal_tail,0,782,,Chưa có bản dịch
nipple_mouth,7,781,"lip_nipples,lipples,mouth_nipples",Chưa có bản dịch
foot_pussy,0,779,,Chưa có bản dịch
crooked_tail,7,778,,Chưa có bản dịch
ass_hair,0,778,hairy_ass,Chưa có bản dịch
see-through_hair,0,777,transparent_hair,Chưa có bản dịch
green_feet,7,777,,Bàn chân xanh lá
penguin_tail,0,777,,Chưa có bản dịch
detailed_mouth,7,777,detailed_maw,Chưa có bản dịch
v_legs,0,776,,Chưa có bản dịch
detailed_navel,7,776,,Chưa có bản dịch
chocolate_on_nipples,0,776,,Chưa có bản dịch
arms_out,7,776,,Chưa có bản dịch
oiled_body,7,773,,Chưa có bản dịch
peeking_through_fingers,0,773,,Chưa có bản dịch
black_teeth,0,772,,Răng đen
hyper_tail,7,772,,Chưa có bản dịch
glowing_pupils,0,772,,Chưa có bản dịch
jack-o'-lantern_hair_ornament,0,772,,Chưa có bản dịch
feline_tail,7,771,,Chưa có bản dịch
ok_sign_over_eye,0,771,,Chưa có bản dịch
teal_skin,7,770,,Chưa có bản dịch
grabbing_both_ears,7,769,"double_ear_grab,grabbing_ears",Chưa có bản dịch
bad_leg,0,769,,Chưa có bản dịch
wavy_tail,7,768,,Đuôi gợn sóng
tongue_around_penis,7,768,,Chưa có bản dịch
tucked_arm,7,767,,Chưa có bản dịch
penis_drawing,7,767,,Chưa có bản dịch
2_finger_fingering,7,766,,Chưa có bản dịch
realistic_wings,7,765,handless_winged_arms,Chưa có bản dịch
long_fur,7,763,,Lông dài
starry_eyes,7,763,,Chưa có bản dịch
cum_in_navel,0,763,,Chưa có bản dịch
grabbing_another's_tongue,0,762,holding_another's_tongue,Chưa có bản dịch
blue_ear_tips,7,762,,Chưa có bản dịch
two_tone_legs,7,761,,Chưa có bản dịch
innie_anus,7,761,,Chưa có bản dịch
penis_riding,7,761,cock_riding,Chưa có bản dịch
single_arm_guard,0,761,,Chưa có bản dịch
steam_from_mouth,0,761,,Chưa có bản dịch
cocked_eyebrow,0,761,,Chưa có bản dịch
dicknipples,7,760,"dick_nipples,nipple_penis",Chưa có bản dịch
big_arms,7,760,,Cánh tay to
legbinder,0,759,"leg_binder,legbinders",Chưa có bản dịch
knotted_tapering_penis,7,759,tapering_knotted_penis,Chưa có bản dịch
hand_to_blade,0,758,,Chưa có bản dịch
hand_jewel,0,757,,Chưa có bản dịch
one_arm_handstand,0,757,"single_handstand,standing_on_one_hand",Chưa có bản dịch
tongue_bite,7,756,"bite_tongue,biting_tongue,tongue_biting,tonguebite",Chưa có bản dịch
drawn_tail,0,756,,Chưa có bản dịch
prosthetic_hand,0,755,,Chưa có bản dịch
barbed_canine_penis,7,755,,Chưa có bản dịch
dead_eyes,7,754,,Chưa có bản dịch
nipple_grab,7,754,,Chưa có bản dịch
blue_leg_warmers,0,753,,Chưa có bản dịch
coontail_hair,7,752,,Chưa có bản dịch
bandages_over_eyes,0,752,"bandage_over_eyes,bandaged_eyes",Chưa có bản dịch
horn_markings,7,751,"horn_marking,horns_marking,horns_markings",Chưa có bản dịch
adjusting_another's_hair,0,749,,Chưa có bản dịch
nipple_weights,0,749,nipple_weight,Chưa có bản dịch
eyebrow_scar,7,747,,Chưa có bản dịch
huge_lips,7,747,,Chưa có bản dịch
bad_arm,0,745,,Chưa có bản dịch
torso_flash,0,743,,Chưa có bản dịch
rear_naked_choke,0,743,,Chưa có bản dịch
hair_growth,0,742,"growing_hair,hair_growing",Chưa có bản dịch
horns_pose,0,742,"finger_horns,horn_pose",Chưa có bản dịch
double_finger_gun,0,741,"double_finger_guns,finger_guns,fingerguns",Chưa có bản dịch
nose_spike,7,741,,Chưa có bản dịch
mechanical_leg,7,741,,Chưa có bản dịch
spiral_horn,0,740,spiral_horns,Chưa có bản dịch
screen_eyes,7,740,,Chưa có bản dịch
standing_on_toes,7,740,,Chưa có bản dịch
crossed_feet,7,739,,Chưa có bản dịch
alternate_breast_size,7,739,,Chưa có bản dịch
hyper_lips,7,739,"giant_lip,giant_lips,gigantic_lip,gigantic_lips,hyper_lip",Chưa có bản dịch
tail_wrapped_around,7,738,,Chưa có bản dịch
double_middle_finger,0,736,,Chưa có bản dịch
white_lips,0,736,,Chưa có bản dịch
eye_of_providence,0,736,"all-seeing_eye,illuminati_symbol",Chưa có bản dịch
chipped_horns,0,735,,Chưa có bản dịch
eye_socket,0,735,eye_sockets,Chưa có bản dịch
latex_skin,7,735,rubber_skin,Chưa có bản dịch
covered_breasts,7,735,,Chưa có bản dịch
missing_all_legs,7,733,,Chưa có bản dịch
orange_tuft,7,732,orange_tufts,Chưa có bản dịch
cutting_another's_hair,0,732,,Chưa có bản dịch
presenting_own_anus,0,732,,Chưa có bản dịch
pegleg,7,732,peg-leg,Chưa có bản dịch
magatama_hair_ornament,0,728,,Chưa có bản dịch
anya's_heh_face_(meme),0,727,,Chưa có bản dịch
foot_on_another's_head,0,727,,Chưa có bản dịch
breast_tuft,7,727,breast_tufts,Chưa có bản dịch
genital_rope,7,726,"genitalia_rope,genitaliarope,genitalrope,genitals_rope,genitalsrope",Chưa có bản dịch
feces_on_penis,7,725,scat_on_penis,Chưa có bản dịch
pink_belly,7,724,,Chưa có bản dịch
obscured_genitals,7,724,,Chưa có bản dịch
gold_skin,0,723,golden_skin,Da màu vàng kim
disembodied_foot,0,722,disembodied_feet,Chưa có bản dịch
red_breasts,7,722,,Ngực đỏ
crystal_hair_ornament,0,722,,Chưa có bản dịch
leaf_arms,7,722,leaf_hands,Chưa có bản dịch
ears_outwards,7,722,"ear_facing_out,ear_facing_outward,ear_facing_outwards,ear_out,ear_outward,ear_outwards,ears_facing_out,ears_facing_outward,ears_facing_outwards,ears_flicked_outwards,ears_laid_outwards,ears_out,ears_outward",Chưa có bản dịch
blue_facial_hair,0,720,,Chưa có bản dịch
fingers_to_mouth,0,720,,Chưa có bản dịch
quill_hair,7,720,,Chưa có bản dịch
6_horns,7,720,"6-horn,6-horned,6-horns,6_horn,6_horned,six-horn,six-horned,six-horns,six_horn,six_horned,six_horns",Chưa có bản dịch
hiked_leg,7,720,,Chưa có bản dịch
eye_mist,7,720,,Chưa có bản dịch
leg_over_thigh,7,719,,Chưa có bản dịch
cum_on_own_hand,7,719,,Chưa có bản dịch
gold_horns,0,717,,Sừng vàng kim
inflatable_armbands,0,715,"floaties,water_wings_(swim_aid)",Chưa có bản dịch
genital_leash,7,712,leashed_genitals,Chưa có bản dịch
belly_lick,7,712,licking_belly,Chưa có bản dịch
pinwheel_hair_ornament,0,712,,Chưa có bản dịch
hand_on_own_ankle,0,711,,Chưa có bản dịch
small_eyes,7,710,,Mắt nhỏ
gear_hair_ornament,0,709,,Chưa có bản dịch
penis_markings,7,709,"cock_marking,cock_markings,dick_marking,dick_markings,penile_marking,penile_markings,penis_markigns,penis_marking",Chưa có bản dịch
cat_o'_nine_tails,0,707,"cat-o'-nine,cat-o'-nine-tails,cat-o'-nine_tails,cat-o'-ninetails,cat-o'_nine,cat-o'_nine-tails,cat-o'_nine_tails,cat-o'_ninetails,cat-o-nine,cat-o-nine-tails,cat-o-nine_tails,cat-o-ninetails,cat-o_nine,cat-o_nine-tails,cat-o_nine_tails,cat-o_ninetails,cat-of-nine,cat-of-nine-tails,cat-of-nine_tails,cat-of-ninetails,cat-of_nine,cat-of_nine-tails,cat-of_nine_tails,cat-of_ninetails,cat_o'-nine,cat_o'-nine-tails,cat_o'-nine_tails,cat_o'-ninetails,cat_o'_nine,cat_o'_nine-tails,cat_o'_ninetails,cat_o-nine,cat_o-nine-tails,cat_o-nine_tails,cat_o-ninetails,cat_o_nine,cat_o_nine-tails,cat_o_nine_tails,cat_o_ninetails,cat_of-nine,cat_of-nine-tails,cat_of-nine_tails,cat_of-ninetails,cat_of_nine,cat_of_nine-tails,cat_of_nine_tails,cat_of_ninetails",Chưa có bản dịch
cigar_in_mouth,7,707,,Chưa có bản dịch
naked_paint,0,706,,Chưa có bản dịch
breasts_on_tray,0,706,,Chưa có bản dịch
navel_peek,0,706,,Chưa có bản dịch
frilled_arm_warmers,0,706,,Chưa có bản dịch
glowing_hands,0,705,,Chưa có bản dịch
hands_on_another's_shoulder,0,704,,Chưa có bản dịch
genie_tail,7,704,,Chưa có bản dịch
clutching_chest,0,704,,Chưa có bản dịch
exposed_shoulder,7,704,exposed_shoulders,Chưa có bản dịch
sleeping_nude,7,703,sleeping_naked,Chưa có bản dịch
head_tail,0,702,head_tails,Chưa có bản dịch
mechanical_hair,0,702,,Chưa có bản dịch
coiling_around_body,7,701,,Chưa có bản dịch
rainbow_fur,7,701,,Chưa có bản dịch
folded_twintails,0,700,,Chưa có bản dịch
holding_legs_back,7,700,,Chưa có bản dịch
reverse_mouth_shot,7,699,,Chưa có bản dịch
big_balls_small_penis,7,699,big_balls_small_penis_(connected),Chưa có bản dịch
hand_on_pecs,7,698,,Chưa có bản dịch
heterochromatic_ears,7,697,,Chưa có bản dịch
eye_of_senri,0,697,,Chưa có bản dịch
mottled_nose,7,696,mottle_nose,Chưa có bản dịch
sitting_between_legs,0,696,sitting_between_lap,Chưa có bản dịch
soul_devouring_eyes,7,695,,Chưa có bản dịch
light_nose,7,695,,Mũi nhạt
belly_dancing,0,695,"belly_dance,bellydancing",Chưa có bản dịch
over_the_nose_gag,0,695,over_the_nose_gagged,Chưa có bản dịch
ear_cleaning,0,694,,Chưa có bản dịch
hair_branch,0,693,,Chưa có bản dịch
bite_mark_on_arm,0,692,,Chưa có bản dịch
tail_in_own_pussy,7,692,,Chưa có bản dịch
bulge_in_face,7,692,,Chưa có bản dịch
breasts_on_another's_back,0,692,breasts_on_back,Chưa có bản dịch
breasts_day,0,691,oppai_day,Chưa có bản dịch
magenta_hair,7,691,,Chưa có bản dịch
detailed_genitals,7,690,tv_dinner_art,Chưa có bản dịch
between_feet,0,690,,Chưa có bản dịch
fused_legs,7,689,,Chưa có bản dịch
stylized_pubes,7,688,"shaped_pubes,stylized_pubic_hair",Chưa có bản dịch
pac-man_eyes,0,687,pacman_eyes,Chưa có bản dịch
heart-shaped_pubic_hair,0,686,,Chưa có bản dịch
giraffe_ears,0,686,,Chưa có bản dịch
hand_on_partner,7,686,,Chưa có bản dịch
6_tails,7,686,"6_tailed,six_tailed,six_tails",Chưa có bản dịch
tentacle_in_ear,0,685,,Chưa có bản dịch
holding_eyeball,0,685,holding_eye,Chưa có bản dịch
floating_wings,7,684,,Chưa có bản dịch
genital_transformation,7,684,,Chưa có bản dịch
open_wings,7,683,,Cánh mở
alternate_facial_hair,0,682,,Chưa có bản dịch
absurdly_long_tail,0,681,,Chưa có bản dịch
blue_teeth,0,681,,Răng xanh dương
penis_in_own_mouth,7,681,,Chưa có bản dịch
teal_tongue,7,680,,Chưa có bản dịch
spotted_penis,7,680,,Chưa có bản dịch
too_many_eyes,0,680,,Chưa có bản dịch
wet_skin,7,680,,Chưa có bản dịch
arm_by_side,7,679,,Chưa có bản dịch
penis_in_slit,7,679,,Chưa có bản dịch
ovipositor_penis,7,678,,Chưa có bản dịch
whale_tail_(clothing),0,677,whale_tail,Chưa có bản dịch
text_in_eyes,0,676,,Chưa có bản dịch
messy_fur,7,676,"disheveled_fur,frizzy_fur,unkempt_fur",Lông rối
bat_tail,0,676,,Chưa có bản dịch
pale_body,7,675,,Cơ thể nhạt
cum_in_eye,0,675,cum_in_eyes,Chưa có bản dịch
huge_wings,7,675,,Cánh khổng lồ
arms_in_front,7,674,,Chưa có bản dịch
hands_on_waist,7,674,,Chưa có bản dịch
arm_mounted_weapon,0,673,,Chưa có bản dịch
gold_body,7,672,,Cơ thể vàng kim
4_nipples,7,672,four_nipples,Chưa có bản dịch
belly_folds,7,671,,Chưa có bản dịch
hanging_belly,7,671,,Chưa có bản dịch
punk_hair,7,671,,Chưa có bản dịch
breathing_on_hands,0,670,,Chưa có bản dịch
holding_hair,7,670,,Chưa có bản dịch
wing_bondage,7,667,,Chưa có bản dịch
multi_hand,7,667,,Chưa có bản dịch
artist's_hand_in_frame,0,667,,Chưa có bản dịch
planted_leg,7,666,,Chưa có bản dịch
tongue_wrapped_around_penis,7,665,,Chưa có bản dịch
4_tails,7,664,"4_tailed,four_tailed,four_tails",Chưa có bản dịch
hands_on_another's_arms,0,663,,Chưa có bản dịch
hands_on_own_breasts,7,663,,Chưa có bản dịch
toe_wiggle,7,663,,Chưa có bản dịch
thick_tongue,7,663,fat_tongue,Lưỡi dày
thin_penis,7,663,skinny_penis,Chưa có bản dịch
fur_(clothing),0,662,,Chưa có bản dịch
rectangular_pupils,0,662,,Chưa có bản dịch
raised_wings,7,662,"lift_wing,lift_wings,lifted_wing,lifted_wings,lifting_wing,lifting_wings,raised_wing,wing_lift,wing_lifted,wing_lifting,wing_raised,wing_up,wings_lift,wings_lifted,wings_lifting,wings_raised,wings_up",Chưa có bản dịch
ponytail_holder,0,662,,Chưa có bản dịch
single_mechanical_leg,0,661,single_robot_leg,Chưa có bản dịch
mystic_eyes_of_death_perception,0,661,,Chưa có bản dịch
body_in_anus,7,661,,Chưa có bản dịch
bionic_arm,7,661,,Chưa có bản dịch
light_inner_ear,7,660,,Chưa có bản dịch
front_vulva,7,660,"front_pussy,front_vagina",Chưa có bản dịch
lying_on_breasts,7,660,laying_on_breasts,Chưa có bản dịch
thick_leg_hair,0,658,,Chưa có bản dịch
chipmunk_tail,0,656,,Chưa có bản dịch
dildo_gag,0,654,penis_gag,Chưa có bản dịch
8_legs,7,654,"8_legged,eight_legged,eight_legs",Chưa có bản dịch
porcine_penis,7,653,boar_penis,Chưa có bản dịch
mismatched_animal_ear_colors,0,653,,Chưa có bản dịch
nude_herm,7,653,,Chưa có bản dịch
black_toes,7,652,,Ngón chân đen
face_jewel,0,652,,Chưa có bản dịch
naked_school_attendance,0,651,,Chưa có bản dịch
magenta_eyes,7,651,,Chưa có bản dịch
egg_in_vagina,7,651,egg_in_pussy,Chưa có bản dịch
tail_head,7,650,tailhead,Chưa có bản dịch
pink_legs,7,649,,Chân hồng
penis_bite,7,649,"cock_bite,cockbiting",Chưa có bản dịch
grey_tail_tip,7,647,,Chưa có bản dịch
nipple_bite,7,646,,Chưa có bản dịch
nipple_tassels,0,645,,Chưa có bản dịch
party_horn,0,645,party_blower,Chưa có bản dịch
sitting_on_tail,0,644,,Chưa có bản dịch
fist_in_hand,0,643,,Chưa có bản dịch
dipstick_toes,7,643,,Chưa có bản dịch
piebald_body,7,642,pied_body,Chưa có bản dịch
iridescent_hair,0,641,,Chưa có bản dịch
taped_hands,0,640,,Chưa có bản dịch
bodily_fluids_in_mouth,7,640,,Chưa có bản dịch
tail_around_neck,0,639,,Chưa có bản dịch
pale_fur,7,639,,Lông nhạt
naked_chocolate,0,638,nude_chocolate,Chưa có bản dịch
green_tail_tip,7,638,,Chưa có bản dịch
purple_tail_tip,7,638,,Chưa có bản dịch
heart_hair_bun,0,637,,Chưa có bản dịch
finger_suck,7,637,"sucking_finger,sucking_fingers",Chưa có bản dịch
nipple_plugs,7,637,nipple_plug,Chưa có bản dịch
belly_to_belly,7,637,,Chưa có bản dịch
arm_scrunchie,0,636,,Chưa có bản dịch
red_belly,7,635,,Chưa có bản dịch
portal_penis,7,635,,Chưa có bản dịch
grabbing_another's_tail,0,635,,Chưa có bản dịch
horn_(instrument),0,634,,Chưa có bản dịch
snaggle_teeth,7,634,,Chưa có bản dịch
veiny_belly,0,633,,Chưa có bản dịch
naked_dogeza,0,633,,Chưa có bản dịch
single_leg_warmer,0,633,,Chưa có bản dịch
submerged_tail,7,633,,Chưa có bản dịch
auto_foot_lick,7,633,"auto_footlick,autofootlick",Chưa có bản dịch
broken_arm,0,632,,Chưa có bản dịch
urine_on_penis,7,632,,Chưa có bản dịch
blood_on_penis,0,632,,Chưa có bản dịch
purple_belly,7,632,,Chưa có bản dịch
nail_(hollow_knight),0,631,,Chưa có bản dịch
biting_another's_finger,0,631,,Chưa có bản dịch
lipstick_mark_on_breast,0,631,,Chưa có bản dịch
mismatched_ears,7,630,,Chưa có bản dịch
hair_hand,7,630,,Chưa có bản dịch
mostly_nude_human,7,629,,Chưa có bản dịch
hand_lick,7,629,"hand_licking,licking_hands",Chưa có bản dịch
chest_lick,7,627,,Chưa có bản dịch
bound_toes,0,627,,Chưa có bản dịch
mechanical_penis,0,626,,Chưa có bản dịch
side_ponytail_with_braided_base,0,626,,Chưa có bản dịch
hand_behind_own_head,7,626,,Chưa có bản dịch
glowing_belly,7,626,glowing_stomach,Chưa có bản dịch
licking_hand,0,625,hand_licking,Chưa có bản dịch
green_fingers,7,624,,Ngón tay xanh lá
choking_on_penis,7,623,choking_on_cock,Chưa có bản dịch
protogen_face,7,622,,Chưa có bản dịch
nose_scar,7,622,scarred_nose,Chưa có bản dịch
orange_breasts,7,622,,Ngực cam
bandana_over_mouth,0,621,,Chưa có bản dịch
hand_under_chin,7,621,,Chưa có bản dịch
segmented_arms,7,621,,Chưa có bản dịch
featureless_arms,7,621,,Chưa có bản dịch
grey_leg_warmers,0,620,gray_leg_warmers,Chưa có bản dịch
nude_prey,7,620,,Chưa có bản dịch
red_armpit_hair,0,620,,Chưa có bản dịch
grey_fingers,7,619,,Ngón tay xám
barely_contained_breasts,7,617,,Chưa có bản dịch
uneven_bangs,0,617,,Chưa có bản dịch
mismatched_equine_penis,7,617,,Chưa có bản dịch
tongue_in_foreskin,7,616,,Chưa có bản dịch
fork_hair_ornament,0,616,,Chưa có bản dịch
giraffe_horns,0,615,,Chưa có bản dịch
cow_horn,7,615,,Chưa có bản dịch
heart_antenna_hair,0,615,,Chưa có bản dịch
blush_visible_through_hair,0,615,,Chưa có bản dịch
chestnut,0,615,"chest_nut,chestnuts",Chưa có bản dịch
blood_from_eye,7,613,"bleeding_eye,bleeding_eyes",Chưa có bản dịch
sucking_own_breasts,0,613,self_breast_sucking,Chưa có bản dịch
shiny_lips,0,613,,Chưa có bản dịch
cropped_ears,7,611,"crop_ear,crop_ears,cropped_ear,docked_ears",Chưa có bản dịch
metal_penis,7,611,,Chưa có bản dịch
toned_body,7,610,,Chưa có bản dịch
kiss_mark_on_face,7,610,,Chưa có bản dịch
nipple_tag,0,610,,Chưa có bản dịch
earplugs,0,609,ear_plugs,Chưa có bản dịch
colored_penis,0,609,,Chưa có bản dịch
nose_shade,0,608,,Chưa có bản dịch
purple_inner_ear_fluff,7,608,,Chưa có bản dịch
hamster_ears,0,607,,Chưa có bản dịch
touching_chest,7,607,,Chưa có bản dịch
detached_arm,0,606,detached_arms,Chưa có bản dịch
penis_on_breast,7,605,,Chưa có bản dịch
mouth_focus,0,604,,Chưa có bản dịch
breast_pump,0,603,,Chưa có bản dịch
wing_hug,0,603,wing_embrace,Chưa có bản dịch
foot_markings,7,602,"feet_marking,feet_markings,foot_markigns,foot_marking",Chưa có bản dịch
belly-to-belly,0,601,stomach-to-stomach,Chưa có bản dịch
pig_tail,0,601,,Chưa có bản dịch
tail_fluff,7,601,,Chưa có bản dịch
rodent_tail,7,601,,Chưa có bản dịch
speckled_body,7,600,,Chưa có bản dịch
white_finger_claws,7,600,,Chưa có bản dịch
nude_macro,7,600,,Chưa có bản dịch
navel_poke,0,599,,Chưa có bản dịch
dragonfly_wings,0,599,,Chưa có bản dịch
cream_on_body,0,598,,Chưa có bản dịch
realistic_fur,7,598,,Chưa có bản dịch
penis_between_hands,7,598,,Chưa có bản dịch
spiked_wings,0,597,,Chưa có bản dịch
stealth_flashing,0,597,"for_your_eyes_only,stealth_exhibitionism",Chưa có bản dịch
weapon_between_breasts,0,597,,Chưa có bản dịch
yellow_tail_tip,7,595,,Chưa có bản dịch
hand_on_hair,7,593,,Chưa có bản dịch
penis_on_vulva,7,593,,Chưa có bản dịch
hand_on_window,0,592,hands_on_window,Chưa có bản dịch
fish_skeleton_hair_ornament,0,591,fish_bone_hair_ornament,Chưa có bản dịch
thumb_in_mouth,7,591,,Chưa có bản dịch
wing_print,0,591,,Chưa có bản dịch
bruise_on_leg,0,591,,Chưa có bản dịch
foot_on_back,7,590,feet_on_back,Chưa có bản dịch
plump_camel_toe,7,590,plump_cameltoe,Chưa có bản dịch
big_legs,7,590,,Chân to
breast_contest,0,589,,Chưa có bản dịch
covering_own_face,0,589,,Chưa có bản dịch
hair_bun_ears,7,589,,Chưa có bản dịch
huge_hands,7,588,,Bàn tay khổng lồ
eye_hair_ornament,0,588,,Chưa có bản dịch
flower-shaped_hair,0,588,flower_by_hair,Chưa có bản dịch
peach_hair_ornament,0,587,,Chưa có bản dịch
round_tail,7,587,,Đuôi tròn
bottomwear_around_legs,7,587,,Chưa có bản dịch
wheat_in_mouth,7,586,,Chưa có bản dịch
leaf_ears,7,586,,Chưa có bản dịch
lipstick_on_face,7,586,,Chưa có bản dịch
cum_covered_penis,7,585,,Chưa có bản dịch
light_belly,7,584,,Chưa có bản dịch
hugging_another's_tail,0,584,,Chưa có bản dịch
foot_on_another's_face,0,583,foot_in_another's_face,Chưa có bản dịch
butt_in_face,7,583,,Chưa có bản dịch
unusual_navel,7,583,exotic_navel,Chưa có bản dịch
wrapped_legs,7,580,,Chưa có bản dịch
green_inner_ear_fluff,7,579,,Chưa có bản dịch
purple_legs,7,578,,Chân tím
tan_teeth,7,578,,Chưa có bản dịch
red_arm_warmers,0,577,,Chưa có bản dịch
breast_scar,7,577,"breasts_scar,scarred_breast,scarred_breasts",Chưa có bản dịch
tail_tattoo,7,576,"tail_tattoos,tattoo_on_tail,tattooed_tail",Chưa có bản dịch
leg_strap,7,576,,Chưa có bản dịch
cupping_hand,0,576,,Chưa có bản dịch
bruise_on_arm,0,576,,Chưa có bản dịch
towel_on_one_shoulder,0,575,,Chưa có bản dịch
tickling_penis,0,575,,Chưa có bản dịch
metal_arm_cuffs,0,574,,Chưa có bản dịch
foaming_at_the_mouth,0,574,,Chưa có bản dịch
avian_arms,7,573,,Chưa có bản dịch
band-aid_on_leg,7,573,,Chưa có bản dịch
fused_fingers,7,573,,Chưa có bản dịch
ethereal_tail,7,573,,Chưa có bản dịch
breast_physics,7,572,,Chưa có bản dịch
looking_at_hands,0,572,,Chưa có bản dịch
coral_hair_ornament,0,571,,Chưa có bản dịch
dyed_fur,7,571,,Chưa có bản dịch
urethral_tonguing,7,571,tongue_in_urethra,Chưa có bản dịch
eye_pop,0,569,,Chưa có bản dịch
chest_holster,0,569,,Chưa có bản dịch
light_eyes,7,569,,Mắt nhạt
hidden_face,7,569,,Chưa có bản dịch
phone_over_face,0,569,,Chưa có bản dịch
exposed_chest,7,568,,Chưa có bản dịch
tail_around_arm,0,568,,Chưa có bản dịch
squinted_eyes,7,567,,Chưa có bản dịch
canine_ears,7,567,,Chưa có bản dịch
5_tails,7,566,"5_tailed,five_tailed,five_tails",Chưa có bản dịch
flapping_wings,7,566,,Chưa có bản dịch
tickling_legs,0,565,,Chưa có bản dịch
penis_bondage,7,565,cock_bondage,Chưa có bản dịch
hair_over_mouth,0,564,,Chưa có bản dịch
extra_hands,0,564,,Chưa có bản dịch
hand_on_ankle,7,564,,Chưa có bản dịch
navel_tuft,7,563,navel_tufts,Chưa có bản dịch
eye_patch_(marking),7,563,,Chưa có bản dịch
micro_in_hand,7,563,,Chưa có bản dịch
hands_on_wall,7,562,,Chưa có bản dịch
arm_on_thigh,0,561,,Chưa có bản dịch
surprised_arms,0,561,,Chưa có bản dịch
tail_hand,7,561,"tail_hands,tailhand",Chưa có bản dịch
earhole,7,561,"ear_hole,ear_holes,earholes",Chưa có bản dịch
too_many_hair_ornaments,0,560,too_many_hairclips,Chưa có bản dịch
brown_toes,7,560,,Ngón chân nâu
expressive_tail,0,560,,Chưa có bản dịch
brown_tongue,7,559,,Lưỡi nâu
person_between_breasts,0,559,,Chưa có bản dịch
purple_arms,7,558,,Cánh tay tím
hands_in_another's_hair,0,557,,Chưa có bản dịch
?_face,7,557,,Chưa có bản dịch
groping_chest,7,556,,Chưa có bản dịch
tongue_in_mouth,7,556,,Chưa có bản dịch
fake_antennae,0,556,"antenna_hair_band,antenna_hairband,antennae_hair_band,antennae_hairband,fake_antenna,fake_antennaes,fake_antennas",Chưa có bản dịch
hyper_feet,7,554,"hyper_foot,hyper_paw,hyper_paws",Chưa có bản dịch
mole_on_leg,0,553,,Chưa có bản dịch
vagina_stretched_by_anal,7,553,,Chưa có bản dịch
body_in_urethra,7,553,,Chưa có bản dịch
wing_spikes,7,553,,Chưa có bản dịch
breast_mousepad,0,553,,Chưa có bản dịch
skin_folds,7,552,,Chưa có bản dịch
shaking_breasts,7,551,,Chưa có bản dịch
severed_genitals,7,551,,Chưa có bản dịch
mouth_full,7,550,,Chưa có bản dịch
side_eye,7,550,,Chưa có bản dịch
light_hands,7,549,,Bàn tay nhạt
cum_on_partner's_face,7,549,,Chưa có bản dịch
purple_feet,7,549,,Bàn chân tím
breasts_and_udders,7,549,,Chưa có bản dịch
penis_in_slime,7,548,,Chưa có bản dịch
hand_on_ear,7,548,,Chưa có bản dịch
sword_in_mouth,0,547,,Chưa có bản dịch
instruction_on_body,7,547,,Chưa có bản dịch
kissing_hair,0,546,hair_kiss,Chưa có bản dịch
furred_wings,7,546,,Chưa có bản dịch
presenting_belly,7,546,,Chưa có bản dịch
lagomorph_penis,7,546,"hare_penis,lapine_penis,rabbit_penis",Chưa có bản dịch
tentacle_around_breast,7,545,,Chưa có bản dịch
dipstick_horn,7,544,"dipstick_horned,dipstick_horns",Chưa có bản dịch
sewn_mouth,7,543,"lip_sewing,lip_stitched_shut,lips_sewed,lips_sewn,lips_sewn_shut,lips_stitched_shut,mouth_sewed,mouth_sewing,mouth_sewn,mouth_sewn_shut,mouth_stitched,mouth_stitched_shut,mouth_stitched_up,sewed_lips,sewed_mouth,sewn_lips",Chưa có bản dịch
crystal_horns,0,543,,Chưa có bản dịch
wing_markings,7,542,"wing_markigns,wing_marking,wings_marking,wings_markings",Chưa có bản dịch
gold_teeth,0,541,,Răng vàng kim
balls_in_mouth,7,541,,Chưa có bản dịch
penis_tattoo,0,541,"penis_tattoos,tattoo_on_penis,tattooed_penis",Chưa có bản dịch
multicolored_legs,7,540,"red_and_yellow_legs,white_and_tan_legs",Chân nhiều màu
reverse-jointed_legs,0,539,"mechanical_digitigrade,reverse_jointed_legs",Chưa có bản dịch
breast_vore,7,538,cleavage_vore,Chưa có bản dịch
heart_arms_duo,0,538,,Chưa có bản dịch
nipple_stimulation_(female_on_male),0,538,,Chưa có bản dịch
precum_on_hand,7,538,,Chưa có bản dịch
finger_gun_to_own_head,0,538,,Chưa có bản dịch
fur-trimmed_mittens,0,538,,Chưa có bản dịch
skeletal_tail,0,537,,Chưa có bản dịch
beaver_ears,0,537,,Chưa có bản dịch
naked_suspenders,0,537,nude_suspenders,Chưa có bản dịch
penis_on_cheek,0,536,,Chưa có bản dịch
cosmic_fur,7,536,,Chưa có bản dịch
multicolored_arms,7,536,"red_and_white_arms,white_and_tan_arms",Cánh tay nhiều màu
belly_peeking_out,7,536,,Chưa có bản dịch
foot_transformation,7,535,,Chưa có bản dịch
tail_flower,0,535,,Chưa có bản dịch
detailed_penis,7,535,,Chưa có bản dịch
arm_out_of_frame,0,535,,Chưa có bản dịch
exposed_teeth,0,535,,Chưa có bản dịch
hair_around_ear,0,535,,Chưa có bản dịch
stomach_hair,0,534,,Chưa có bản dịch
holding_horn,7,534,horn_holding,Chưa có bản dịch
robotic_leg,7,534,,Chưa có bản dịch
tongue_fetish,7,534,tounge_fetish,Chưa có bản dịch
body_invasion,7,534,,Chưa có bản dịch
horns_through_hood,0,534,antlers_through_hood,Chưa có bản dịch
glowing_ears,0,533,,Chưa có bản dịch
alpaca_tail,0,532,,Chưa có bản dịch
shoulder_length_hair,7,532,,Chưa có bản dịch
ferret_tail,0,532,,Chưa có bản dịch
symmetrical_hand_pose,0,531,,Chưa có bản dịch
no_navel,0,530,"no_belly_button,no_bellybutton",Chưa có bản dịch
pink_tail_tip,7,530,,Chưa có bản dịch
glistening_armwear,7,530,"glistening_arm_wear,shiny_arm_wear,shiny_armwear",Chưa có bản dịch
head_between_legs,0,530,,Chưa có bản dịch
tapering_tongue,7,529,tapered_tongue,Chưa có bản dịch
purple_facial_hair,0,529,,Chưa có bản dịch
glowing_skin,0,529,,Chưa có bản dịch
arms_bound_apart,0,529,separated_arms,Chưa có bản dịch
patting_belly,0,528,,Chưa có bản dịch
8_eyes,7,528,"8_eyed,eight_eyed,eight_eyes",Chưa có bản dịch
face_filter,0,528,,Chưa có bản dịch
green_belly,7,527,,Chưa có bản dịch
added_anatomy,7,527,,Chưa có bản dịch
horn_fetish,7,526,,Chưa có bản dịch
pokemon_on_arm,0,526,,Chưa có bản dịch
grabbing_one_of_another's_twintails,0,526,,Chưa có bản dịch
penis_out_of_frame,0,525,,Chưa có bản dịch
multicolored_tongue,7,524,"multi-colored_tongue,multi_tone_tongue,multicolor_tongue",Lưỡi nhiều màu
fluffy_body,7,524,,Cơ thể bồng bềnh
musky_body,7,524,,Chưa có bản dịch
pink_arms,7,523,,Cánh tay hồng
severed_leg,0,523,,Chưa có bản dịch
purple_leg_warmers,0,523,,Chưa có bản dịch
frontal_taur_penis,7,522,,Chưa có bản dịch
red_leg_warmers,0,522,,Chưa có bản dịch
red_tuft,7,522,red_tufts,Chưa có bản dịch
hair_tattoo,0,522,,Chưa có bản dịch
peacock_feathers_hair_ornament,0,521,,Chưa có bản dịch
balls_on_penis,7,520,,Chưa có bản dịch
hair_undone,0,520,,Chưa có bản dịch
tentacle_around_tail,7,520,,Chưa có bản dịch
horn_play,7,520,hornplay,Chưa có bản dịch
hand_shadow_covering_breasts_(meme),0,518,,Chưa có bản dịch
hippopotamus_ears,0,518,,Chưa có bản dịch
very_big_eyes,0,518,,Mắt rất to
nail,7,517,,Chưa có bản dịch
steamy_penis,7,517,,Chưa có bản dịch
paw-shaped_pupils,0,517,paw_print-shaped_pupils,Chưa có bản dịch
planted_legs,7,517,,Chưa có bản dịch
cum_on_eye,7,517,,Chưa có bản dịch
hands_on_own_leg,0,516,,Chưa có bản dịch
yin_yang_hair_ornament,0,516,,Chưa có bản dịch
pussy_juice_in_mouth,0,516,,Chưa có bản dịch
one_finger_selfie_challenge_(meme),0,516,one_finger_selfie_challenge,Chưa có bản dịch
shadow_hands,0,516,,Chưa có bản dịch
unusual_eye_placement,7,514,,Chưa có bản dịch
bandage_on_hair,0,513,,Chưa có bản dịch
leg_cuffs,7,513,,Chưa có bản dịch
hand_around_neck,7,513,,Chưa có bản dịch
visible_ears,0,513,,Chưa có bản dịch
worm's_eye_view,0,512,,Chưa có bản dịch
hand_on_sheath,0,512,,Chưa có bản dịch
torn_ear,7,511,torn_ears,Chưa có bản dịch
mickey_mouse_ears,0,510,,Chưa có bản dịch
ear_scar,7,509,,Chưa có bản dịch
arm_on_leg,7,508,,Chưa có bản dịch
blue_toes,7,507,,Ngón chân xanh dương
presenting_body,7,506,,Chưa có bản dịch
sparkling_hair,0,506,"glittering_hair,glittery_hair,sparkly_hair",Chưa có bản dịch
arm_fins,0,506,,Chưa có bản dịch
tail_around_another's_leg,0,506,,Chưa có bản dịch
fake_breasts,7,506,fake_boobs,Chưa có bản dịch
looking_down_at_belly,7,505,looking_down_at_stomach,Chưa có bản dịch
ear_growth,7,505,,Chưa có bản dịch
fake_hair_bun,0,505,,Chưa có bản dịch
spiral_penis,7,505,corkscrew_penis,Chưa có bản dịch
giant_hand,0,504,,Chưa có bản dịch
touching_leg,7,504,,Chưa có bản dịch
presenting_another's_body,0,503,,Chưa có bản dịch
side_mouth,7,503,,Chưa có bản dịch
face_on_butt,7,502,,Chưa có bản dịch
eye_beam,0,501,eyebeam,Chưa có bản dịch
tears_from_one_eye,0,501,crying_with_one_eye,Chưa có bản dịch
penis_between_thighs,7,501,,Chưa có bản dịch
monotone_chest,7,501,,Chưa có bản dịch
tic-tac-toe,0,501,,Chưa có bản dịch
naked_yoga,7,501,,Chưa có bản dịch
human_torso,7,500,,Chưa có bản dịch
shredded_muscles,0,500,,Chưa có bản dịch
upper_teeth,7,500,,Chưa có bản dịch
green_pseudo_hair,7,499,,Chưa có bản dịch
countershade_skin,7,499,,Chưa có bản dịch
bull_horn,7,499,bull_horns,Chưa có bản dịch
pink_genitals,7,498,,Chưa có bản dịch
upside_down_penis,7,498,"upside-down_penis,upsidedown_penis",Chưa có bản dịch
orange_pubic_hair,0,497,,Chưa có bản dịch
disgusted_face,7,496,,Chưa có bản dịch
covering_chest,7,496,hiding_nipple,Chưa có bản dịch
finger_to_tongue,0,496,,Chưa có bản dịch
wiggling_toes,0,495,,Chưa có bản dịch
anime_eyes,7,495,,Chưa có bản dịch
blissful_mouth,7,494,,Chưa có bản dịch
watermelon_hair_ornament,0,494,,Chưa có bản dịch
penis_leash,7,494,"cock_leash,leashed_penis",Chưa có bản dịch
body_between_breasts,7,493,,Chưa có bản dịch
freckled_belly,7,493,freckles_on_belly,Chưa có bản dịch
club_hair_ornament,0,492,,Chưa có bản dịch
bovine_penis,7,491,"bison_penis,buffalo_penis,bull_penis,cattle_penis,cow_penis,ox_penis,yak_penis",Chưa có bản dịch
tan_fingers,7,491,burlywood_fingers,Chưa có bản dịch
barbed_tongue,0,491,,Chưa có bản dịch
bandaged_ear,0,491,,Chưa có bản dịch
scissors_hair_ornament,0,490,,Chưa có bản dịch
dripping_eye,0,490,,Chưa có bản dịch
dragon_horn,7,490,,Chưa có bản dịch
arthropod_abdomen_penis,7,490,"abdomen_penis,insect_abdomen_penis,invertebrate_abdomen_penis",Chưa có bản dịch
tail_in_water,7,490,,Chưa có bản dịch
tongue_grab,7,489,,Chưa có bản dịch
leg_over_edge,7,489,,Chưa có bản dịch
raised_hands,7,489,,Chưa có bản dịch
eyes_on_wings,0,489,eyes_in_wings,Chưa có bản dịch
eyes_always_closed,7,489,"always_closed_eyes,eye_always_shut,eye_forever_closed,eye_forever_shut,eye_perma_closed,eye_perma_shut,eye_permanently_closed,eye_permanently_shut,eyes_always_shut,eyes_forever_closed,eyes_forever_shut,eyes_perma_closed,eyes_perma_shut,eyes_permanently_closed,eyes_permanently_shut,forever_squint,forever_squinting,fox_eye,fox_eyed,fox_eyes,kitsune_eye,kitsune_eyed,kitsune_eyes,kitsune_no_me,perma_squint,permanent_squint,permanent_squinting,shifty_eye,shifty_eyed,shifty_eyes,shifty_fox_eye,shifty_fox_eyed,shifty_fox_eyes,slant_eye,slant_eyed,slant_eyes,slanted_eye,slanted_eyed,slanted_eyes",Chưa có bản dịch
wide_mouth,0,489,,Miệng rộng
gauze_on_arm,0,487,,Chưa có bản dịch
magic_hands,7,487,,Chưa có bản dịch
yellow_mouth,7,486,,Miệng vàng
bone_in_mouth,0,486,,Chưa có bản dịch
drill_hand,0,486,,Chưa có bản dịch
bust_measuring,0,485,breast_measuring,Chưa có bản dịch
intravaginal_penis,7,484,,Chưa có bản dịch
nipple_bells,0,484,,Chưa có bản dịch
hair_half_undone,0,484,hair_half_down,Chưa có bản dịch
poking_belly,0,484,,Chưa có bản dịch
split-color_skin,0,484,,Chưa có bản dịch
chameleon_tail,0,484,,Chưa có bản dịch
scaled_penis,7,483,,Chưa có bản dịch
lightning_glare,0,483,electric_eye_contact,Chưa có bản dịch
slit_fingering,7,483,"finger_in_slit,fingering_slit",Chưa có bản dịch
shoulder-to-shoulder,0,483,,Chưa có bản dịch
teal_nose,7,482,,Chưa có bản dịch
nude_workout,7,482,,Chưa có bản dịch
big_navel,7,482,,Chưa có bản dịch
tail_hair,7,482,,Chưa có bản dịch
asymmetrical_breasts,0,482,lopsided_breasts,Chưa có bản dịch
lipstick_mark_on_leg,0,481,,Chưa có bản dịch
bovine_ears,7,481,,Chưa có bản dịch
weapon_between_legs,0,481,,Chưa có bản dịch
thin_arms,7,480,,Cánh tay mỏng
hand_wrapped_around_waist,0,479,,Chưa có bản dịch
lower_lip,7,479,,Chưa có bản dịch
fingers_between_toes,0,478,,Chưa có bản dịch
card_between_breasts,0,478,,Chưa có bản dịch
piebald_fur,7,476,pied_fur,Chưa có bản dịch
hand_on_wrist,7,476,,Chưa có bản dịch
eye_glint,7,476,,Chưa có bản dịch
navel_rim,7,475,naval_rim,Chưa có bản dịch
tying_another's_hair,0,475,,Chưa có bản dịch
toned_belly,7,475,toned_stomach,Chưa có bản dịch
light_arms,7,474,,Cánh tay nhạt
arm_across_neck,0,474,,Chưa có bản dịch
hands_on_another's_legs,0,473,,Chưa có bản dịch
silver_body,7,472,,Cơ thể bạc
bunny_ears_prank,0,472,"bunny_ears_gesture,v_(bunny_ears)",Chưa có bản dịch
symbol-shaped_eyes,0,472,,Chưa có bản dịch
girl_staring_at_guy's_chest_(meme),0,472,"girl_staring_at_guys_chest_(meme),pectoral_envy_(meme)",Chưa có bản dịch
ice_cream_hair_ornament,0,471,,Chưa có bản dịch
showing_off_muscles,7,471,,Chưa có bản dịch
restrained_feet,7,470,,Chưa có bản dịch
humanoid_penis_in_slit,7,470,,Chưa có bản dịch
leaf_wings,0,470,,Chưa có bản dịch
penis_nuzzling,7,470,nuzzling_penis,Chưa có bản dịch
foot_on_butt,7,470,feet_on_butt,Chưa có bản dịch
hind_legs,7,470,,Chưa có bản dịch
face_on_chest,7,469,face_in_chest,Chưa có bản dịch
balancing_on_tail,0,469,"tail_standing,tailstand,tailstanding",Chưa có bản dịch
thumb_to_mouth,0,468,,Chưa có bản dịch
measuring_penis,7,468,penis_measurement,Chưa có bản dịch
flat_chest_joke,0,468,,Chưa có bản dịch
hand_mouth,0,468,,Chưa có bản dịch
x_pupils,7,468,,Chưa có bản dịch
knife_in_mouth,0,467,,Chưa có bản dịch
warming_hands,0,467,,Chưa có bản dịch
hands_on_back,7,466,,Chưa có bản dịch
leg_rolls,7,466,,Chưa có bản dịch
mistletoe_on_tail,7,464,,Chưa có bản dịch
ovum_with_face,7,464,,Chưa có bản dịch
muscle_car,0,464,,Chưa có bản dịch
food-themed_hair,0,463,,Chưa có bản dịch
smelling_hair,0,463,,Chưa có bản dịch
leg_over_shoulder,7,463,,Chưa có bản dịch
gauze_on_leg,0,462,,Chưa có bản dịch
tickling_nipples,0,462,"nipple_tickle,nipple_tickles,nipple_tickling,nipples_tickle,nipples_tickles,nipples_tickling,tickle_nipple,tickle_nipples,tickling_nipple",Chưa có bản dịch
right-hand_drive,0,462,,Chưa có bản dịch
face_to_pecs,0,462,,Chưa có bản dịch
hanging_by_tail,7,462,,Chưa có bản dịch
grenade_hair_ornament,0,462,,Chưa có bản dịch
clock_hands,0,462,,Chưa có bản dịch
extra_tails,0,462,,Chưa có bản dịch
sea_slug_ears,0,461,,Chưa có bản dịch
hand_size_difference,0,460,,Chưa có bản dịch
penis_pump,7,460,cock_pump,Chưa có bản dịch
tail_tenting,7,460,,Chưa có bản dịch
no_horns,0,460,no_horn,Chưa có bản dịch
body_tattoo,7,459,,Chưa có bản dịch
nude_in_front_of_audience,7,458,,Chưa có bản dịch
hand_on_another's_balls,7,458,,Chưa có bản dịch
lightened_skin,0,458,alternate_skin_color_(lighter),Chưa có bản dịch
penis_on_ground,7,457,,Chưa có bản dịch
small_hands,0,457,,Bàn tay nhỏ
cum_dripping_from_mouth,7,457,,Chưa có bản dịch
orange_hair_ornament,0,457,,Chưa có bản dịch
stomach_mouth,0,456,,Chưa có bản dịch
jockstrap_on_face,7,456,,Chưa có bản dịch
card_between_fingers,0,456,,Chưa có bản dịch
bruised_face,7,456,,Chưa có bản dịch
blood_on_feet,0,455,bloody_feet,Chưa có bản dịch
balloon_with_face,7,455,,Chưa có bản dịch
penis_on_shoulder,0,455,,Chưa có bản dịch
grey_chest,7,454,,Chưa có bản dịch
holding_ear,0,454,,Chưa có bản dịch
peeing_in_mouth,0,453,,Chưa có bản dịch
tribadism_on_penis,7,453,,Chưa có bản dịch
long_ponytail,7,452,,Chưa có bản dịch
3_legs,7,452,three_legs,Chưa có bản dịch
tongue_tattoo,0,451,,Chưa có bản dịch
number_hair_ornament,0,450,,Chưa có bản dịch
larger_nude,7,450,,Chưa có bản dịch
hand_feet,7,449,,Chưa có bản dịch
lipstick_on_body,7,449,,Chưa có bản dịch
hand_print_on_butt,7,449,,Chưa có bản dịch
hands_together_elbows_apart,7,448,,Chưa có bản dịch
tickling_navel,0,448,"navel_tickling,tickling_belly_button",Chưa có bản dịch
green_teeth,0,448,,Răng xanh lá
greying_hair,7,448,graying_hair,Chưa có bản dịch
chinchilla_ears,0,448,,Chưa có bản dịch
penguin_hair_ornament,0,448,,Chưa có bản dịch
number_on_body,7,447,,Chưa có bản dịch
hand_on_throat,7,447,,Chưa có bản dịch
head_on_shoulder,7,446,,Chưa có bản dịch
blood_on_teeth,0,446,bloody_teeth,Chưa có bản dịch
hand_on_calf,7,446,,Chưa có bản dịch
peeing_on_face,7,445,,Chưa có bản dịch
orange_facial_hair,0,445,,Chưa có bản dịch
lighter_belly,7,444,,Chưa có bản dịch
1_toe,7,444,1toe,Chưa có bản dịch
taller_than_canon,0,444,"alternate_body_size_(taller),alternate_height_(taller),alternate_height_size_(taller)",Chưa có bản dịch
multiple_hair_ribbons,0,444,,Chưa có bản dịch
cropped_arm,0,443,,Chưa có bản dịch
crocodilian_penis,7,443,"aligator_penis,alligator_penis,caiman_penis,crocodile_penis,gator_penis",Chưa có bản dịch
raccoon_tail_hair,7,443,,Chưa có bản dịch
grabbing_both_breasts,7,443,,Chưa có bản dịch
hands_on_another's_arm,0,443,,Chưa có bản dịch
gaping_nipples,0,443,gaping_nipple,Chưa có bản dịch
cum_on_horn,7,443,,Chưa có bản dịch
6_fingers,7,443,"6_finger,6_fingered,6fingers,six_finger,six_fingered,six_fingers",Chưa có bản dịch
smelly_penis,0,442,,Chưa có bản dịch
tail_scar,7,442,,Chưa có bản dịch
bite_mark_on_leg,0,442,,Chưa có bản dịch
hanging_by_arms,7,442,,Chưa có bản dịch
white_tail_tuft,7,441,,Chưa có bản dịch
wet_tongue,7,440,,Chưa có bản dịch
ears_aside,7,440,,Chưa có bản dịch
saliva_on_hand,0,440,,Chưa có bản dịch
stick_legs,7,440,,Chưa có bản dịch
bee_wings,0,439,,Chưa có bản dịch
hand_around_waist,7,439,,Chưa có bản dịch
feet_on_penis,7,439,,Chưa có bản dịch
electrical_plug_tail,7,438,,Chưa có bản dịch
belly_play,7,438,,Chưa có bản dịch
dark_face,7,438,,Khuôn mặt sẫm
humanized_skin_color,0,438,,Chưa có bản dịch
card_in_mouth,0,438,,Chưa có bản dịch
belly_squeeze,7,438,,Chưa có bản dịch
knee_to_chest,0,438,,Chưa có bản dịch
mismatched_eyes,0,438,,Chưa có bản dịch
nose_leash,7,438,,Chưa có bản dịch
wavy_horn,7,438,,Chưa có bản dịch
sand_on_skin,0,437,,Chưa có bản dịch
translucent_belly,7,437,,Chưa có bản dịch
two_tone_inner_ear,7,437,,Chưa có bản dịch
segmented_legs,7,437,,Chưa có bản dịch
gold_nipples,7,436,,Chưa có bản dịch
hand_on_bed,0,436,,Chưa có bản dịch
paw_tuft,7,436,,Chưa có bản dịch
pink_fingers,7,436,,Ngón tay hồng
pointing_at_mouth,0,436,,Chưa có bản dịch
cum_on_own_breasts,7,436,,Chưa có bản dịch
sword_in_front_of_face,0,436,,Chưa có bản dịch
nipple_covers,7,435,,Chưa có bản dịch
notched_tail,0,435,,Chưa có bản dịch
writing_on_leg,7,435,,Chưa có bản dịch
hair_tuft,0,435,,Chưa có bản dịch
shield_module,0,435,"prosthetic_shield,shield_arm",Chưa có bản dịch
vibrator_in_anus,0,434,,Chưa có bản dịch
teal_tail,7,434,,Chưa có bản dịch
gauze_over_eye,0,434,,Chưa có bản dịch
ball_camel_toe,7,432,"ball_cameltoe,balls_camel_toe,balls_cameltoe,camel_toe_balls,cameltoe_balls",Chưa có bản dịch
tail_button_bottoms,7,432,,Chưa có bản dịch
penis_size_comparison,7,432,,Chưa có bản dịch
translucent_tail,7,431,,Chưa có bản dịch
ursine_ears,7,431,,Chưa có bản dịch
looking_at_partner's_penis,7,431,,Chưa có bản dịch
hair_dye,0,431,,Chưa có bản dịch
humanoid_ears,7,431,,Chưa có bản dịch
usb_tail,0,430,,Chưa có bản dịch
ear_tufts,0,430,,Chưa có bản dịch
translucent_hand,7,430,translucent_hands,Chưa có bản dịch
cum_on_lips,0,430,,Chưa có bản dịch
grabbing_multiple_others'_breasts,0,430,,Chưa có bản dịch
hand_to_forehead,0,430,,Chưa có bản dịch
sticker_on_arm,0,430,,Chưa có bản dịch
tail_wrapped_around_body,7,430,,Chưa có bản dịch
face_focus,7,430,,Chưa có bản dịch
flower_in_braid,0,429,flower_braid,Chưa có bản dịch
tail_over_edge,7,429,,Chưa có bản dịch
hanging_by_feet,7,428,,Chưa có bản dịch
death_by_penis,7,428,,Chưa có bản dịch
glowing_arm,0,428,,Chưa có bản dịch
clawed_feet,0,428,,Chưa có bản dịch
crossed_fingers,0,427,,Chưa có bản dịch
iced_latte_with_breast_milk_(meme),0,426,,Chưa có bản dịch
flipped_sidelocks,0,425,,Chưa có bản dịch
zebra_ears,0,425,,Chưa có bản dịch
chocolate_on_hand,0,425,chocolate_on_fingers,Chưa có bản dịch
toes_up,0,424,,Chưa có bản dịch
multicolored_tail_feathers,7,424,multi_tone_tail_feathers,Chưa có bản dịch
tail_bulge,7,423,,Chưa có bản dịch
squiggle_eyes,0,423,,Chưa có bản dịch
mouth_scar,7,423,,Chưa có bản dịch
leg_spikes,7,422,,Chưa có bản dịch
cybernetic_tail,7,422,augmented_tail,Chưa có bản dịch
dark_horn,7,422,,Chưa có bản dịch
realistic_teeth,0,421,,Chưa có bản dịch
aqua_tail,0,420,,Chưa có bản dịch
green_hair_ornament,0,420,,Chưa có bản dịch
hair_to_side,7,420,,Chưa có bản dịch
chest_(container),7,419,,Chưa có bản dịch
wavy_eyebrows,0,419,,Chưa có bản dịch
waving_hands,0,419,,Chưa có bản dịch
lens_eye,0,419,,Chưa có bản dịch
ears_front,7,419,"ear_facing_forward,ear_facing_forwards,ear_facing_front,ears_facing_forward,ears_facing_forwards,ears_facing_front,ears_flicked_forward,ears_flicked_front,ears_forward",Chưa có bản dịch
tube_in_mouth,7,419,,Chưa có bản dịch
long_pseudo_hair,7,418,,Chưa có bản dịch
one_nipple_pierced,7,418,,Chưa có bản dịch
arm_around_back,7,418,,Chưa có bản dịch
sword_between_breasts,0,417,,Chưa có bản dịch
fully_clothed_to_nude,7,417,,Chưa có bản dịch
eyes_of_grima,0,417,,Chưa có bản dịch
toe_play,7,417,,Chưa có bản dịch
belly_humping,7,417,"belly_hump,humping_belly",Chưa có bản dịch
breast_bite,7,417,bitting_breast,Chưa có bản dịch
light_legs,7,417,,Chân nhạt
nozzle_on_belly,7,417,,Chưa có bản dịch
tan_torso,7,416,,Chưa có bản dịch
meerkat_ears,0,416,,Chưa có bản dịch
ghost_hands,0,416,,Chưa có bản dịch
body_sushi,7,416,,Chưa có bản dịch
magenta_fur,7,416,,Chưa có bản dịch
two_tone_hands,7,416,,Chưa có bản dịch
penis_envy,0,415,,Chưa có bản dịch
neckerchief_between_breasts,0,415,,Chưa có bản dịch
robot_arm,7,415,,Chưa có bản dịch
double_nipple_penetration,7,415,,Chưa có bản dịch
pink_tuft,7,415,pink_tufts,Chưa có bản dịch
straddling_penis,7,415,,Chưa có bản dịch
hand_on_shin,7,414,,Chưa có bản dịch
bird's_eye_view,0,414,,Chưa có bản dịch
breasts_on_ground,7,413,breasts_on_floor,Chưa có bản dịch
cloud_hair,0,413,,Chưa có bản dịch
cream_on_breasts,0,413,,Chưa có bản dịch
alternate_body_hair,0,413,,Chưa có bản dịch
cable_hair,0,413,,Chưa có bản dịch
stickers_on_body,7,412,,Chưa có bản dịch
eating_hair,0,412,,Chưa có bản dịch
head_on_hands,0,412,,Chưa có bản dịch
ass_to_other_mouth,7,412,,Chưa có bản dịch
orange_fingers,7,411,,Ngón tay cam
foot_imprint,7,411,,Chưa có bản dịch
body_harness,7,410,,Chưa có bản dịch
wet_tail,0,410,,Chưa có bản dịch
key_hair_ornament,0,410,,Chưa có bản dịch
hand_on_partner's_butt,7,410,,Chưa có bản dịch
slime_hair,0,409,,Chưa có bản dịch
apple_in_mouth,7,409,,Chưa có bản dịch
leg_on_shoulder,7,408,,Chưa có bản dịch
red_fingers,7,408,,Ngón tay đỏ
lipstick_on_anus,7,408,,Chưa có bản dịch
footstool,0,408,foot_stool,Chưa có bản dịch
hand_on_legs,7,408,,Chưa có bản dịch
navel_fingering,0,408,finger_in_another's_navel,Chưa có bản dịch
gold_penis,7,407,golden_penis,Chưa có bản dịch
butterfly_on_nose,0,407,,Chưa có bản dịch
fiery_ears,0,406,,Chưa có bản dịch
nipple_orgasm,7,406,,Chưa có bản dịch
shoulder_massage,0,406,,Chưa có bản dịch
resting_bitch_face,7,406,,Chưa có bản dịch
white_tail_feathers,7,406,,Chưa có bản dịch
cum_on_wings,0,406,,Chưa có bản dịch
arm_in_front,7,405,,Chưa có bản dịch
club_arms,7,405,,Chưa có bản dịch
ear_wreath,0,404,,Chưa có bản dịch
plectrum_in_mouth,0,404,,Chưa có bản dịch
writing_on_penis,7,404,,Chưa có bản dịch
scar_on_lip,0,404,,Chưa có bản dịch
used_onahole,0,404,used_artificial_vagina,Chưa có bản dịch
nipple_suckers,7,403,,Chưa có bản dịch
hand_on_animal,0,403,,Chưa có bản dịch
subdermal_port,0,403,port_in_body,Chưa có bản dịch
hands_on_own_belly,7,403,,Chưa có bản dịch
aqua_fur,0,403,,Chưa có bản dịch
see-through_horns,0,403,"translucent_horns,transparent_horns",Chưa có bản dịch
spiked_hair_ornament,0,403,,Chưa có bản dịch
red_teeth,0,402,,Răng đỏ
bottle_between_breasts,0,402,,Chưa có bản dịch
precum_from_penis,7,401,,Chưa có bản dịch
3_arms,7,401,"3_armed,three_armed,three_arms",Chưa có bản dịch
3_breasts,7,401,"3_breast,3_breasted,three_breast,three_breasted,three_breasts",Chưa có bản dịch
dirty_hands,0,401,,Chưa có bản dịch
elephant_penis,7,400,,Chưa có bản dịch
peeing_on_penis,0,400,,Chưa có bản dịch
fruit_hair_ornament,0,399,,Chưa có bản dịch
crystal_tail,0,399,,Chưa có bản dịch
brown_chest,7,399,,Chưa có bản dịch
panda_tail,0,399,,Chưa có bản dịch
autotonguejob,7,399,"auto_tongue_job,auto_tonguejob,self_tongue_job,self_tonguejob",Chưa có bản dịch
finger_to_another's_cheek,0,399,,Chưa có bản dịch
grey_arm_warmers,0,398,,Chưa có bản dịch
tasmanian_devil_ears,0,398,,Chưa có bản dịch
phone_with_ears,0,398,,Chưa có bản dịch
foot_expansion,7,398,,Chưa có bản dịch
name_tag_hair_ornament,0,397,,Chưa có bản dịch
sweaty_skin,7,397,,Chưa có bản dịch
sword_fingers,0,397,,Chưa có bản dịch
looking_at_another's_breasts,7,397,,Chưa có bản dịch
light_fingers,7,397,,Ngón tay nhạt
flashing_penis,7,396,,Chưa có bản dịch
hair_size_difference,7,396,,Chưa có bản dịch
hand_on_object,7,396,,Chưa có bản dịch
masturbation_inside_body,7,396,,Chưa có bản dịch
tucked_arms,7,396,,Chưa có bản dịch
standing_on_three_legs,0,395,,Chưa có bản dịch
fondling_penis,7,395,,Chưa có bản dịch
humanoid_nose,7,395,,Chưa có bản dịch
metal_hair,0,395,,Chưa có bản dịch
light_chest,7,395,,Chưa có bản dịch
navel_stud,7,394,,Chưa có bản dịch
floating_arms,0,393,,Chưa có bản dịch
bone_tail,0,393,,Chưa có bản dịch
deformed_anus,0,393,,Chưa có bản dịch
censored_face,7,393,,Chưa có bản dịch
small_mouth,7,393,,Miệng nhỏ
writing_on_arm,7,392,,Chưa có bản dịch
censored_gesture,0,391,censored_finger,Chưa có bản dịch
arm_on_shoulder,7,391,,Chưa có bản dịch
purple_tuft,7,391,purple_tufts,Chưa có bản dịch
chest_height,0,390,,Chưa có bản dịch
hyper_ears,7,390,,Chưa có bản dịch
paintbrush_tail,7,390,,Chưa có bản dịch
braiding_own_hair,0,390,,Chưa có bản dịch
french_horn,0,390,,Chưa có bản dịch
finger_to_head,0,390,,Chưa có bản dịch
rainbow_penis,7,389,,Chưa có bản dịch
ear_through_crown,0,389,,Chưa có bản dịch
pattern_leg_warmers,7,389,,Chưa có bản dịch
face_covered,7,389,,Chưa có bản dịch
muscle_worship,7,389,,Chưa có bản dịch
line_tail,7,388,,Chưa có bản dịch
knotted_feline_penis,7,388,feline_knotted_penis,Chưa có bản dịch
hands_on_another's_knees,0,387,,Chưa có bản dịch
smaller_nude,7,387,,Chưa có bản dịch
head_in_anus,7,387,,Chưa có bản dịch
veiny_legs,0,387,,Chưa có bản dịch
backward-facing_horns,0,387,"back-facing_horns,backward_facing_horns",Chưa có bản dịch
latex_arm_warmers,7,387,"latex_armwarmers,rubber_arm_warmers",Chưa có bản dịch
penis_between_toes,7,386,,Chưa có bản dịch
hand_on_mirror,0,386,,Chưa có bản dịch
groaning_belly,7,385,,Chưa có bản dịch
cooperative_breast_sucking,0,385,double_breast_sucking,Chưa có bản dịch
beer_belly,7,385,,Chưa có bản dịch
hugging_legs,7,385,,Chưa có bản dịch
blood_on_tongue,0,384,,Chưa có bản dịch
hands_on_leg,7,384,,Chưa có bản dịch
touching_breast,7,384,,Chưa có bản dịch
using_wings,7,384,,Chưa có bản dịch
tapping_foot,0,384,,Chưa có bản dịch
dick_in_a_box,0,383,penis_in_box,Chưa có bản dịch
reptile_tail,7,383,,Chưa có bản dịch
rainbow_wings,0,383,,Chưa có bản dịch
wet_anus,7,383,,Chưa có bản dịch
pinned_by_foot,7,383,,Chưa có bản dịch
skunk_ears,0,383,,Chưa có bản dịch
nipple_press,0,383,,Chưa có bản dịch
wet_breasts,7,382,,Chưa có bản dịch
blue_tail_feathers,7,382,,Chưa có bản dịch
shrimp_hair_ornament,0,382,,Chưa có bản dịch
mole_on_nose,0,382,,Chưa có bản dịch
blood_from_ass,7,382,"bleeding_anus,blood_from_anus",Chưa có bản dịch
malleable_body,7,382,,Chưa có bản dịch
biting_own_tongue,0,382,,Chưa có bản dịch
buruma_around_one_leg,0,382,,Chưa có bản dịch
eye_twitch,0,381,,Chưa có bản dịch
palette_hair_ornament,0,381,,Chưa có bản dịch
floating_breasts,0,381,,Chưa có bản dịch
kissing_penis_tip,7,380,,Chưa có bản dịch
blue_genitals,7,380,,Chưa có bản dịch
official_alternate_skin_color,0,380,,Chưa có bản dịch
arm_rolls,7,380,,Chưa có bản dịch
breast_curtain_lift,0,379,,Chưa có bản dịch
asymmetrical_eyes,0,379,,Chưa có bản dịch
abdomen_tail,0,379,,Chưa có bản dịch
fur_leg_warmers,0,379,,Chưa có bản dịch
brushing_tail,0,379,tail_brushing,Chưa có bản dịch
arthropod_abdomen_anus,7,379,"abdomen_anus,insect_abdomen_anus,invertebrate_abdomen_anus",Chưa có bản dịch
straight_horn,7,378,"straight_horns,strait_horn",Chưa có bản dịch
saliva_trail_between_teeth,0,378,,Chưa có bản dịch
anus_cutout,0,378,,Chưa có bản dịch
leaf_in_mouth,0,378,,Chưa có bản dịch
cybernetic_hand,7,378,,Chưa có bản dịch
holding_nail,0,377,,Chưa có bản dịch
blue_hair_tips,7,377,,Chưa có bản dịch
holding_shoulder,7,377,,Chưa có bản dịch
penis_to_vagina_tf,7,376,,Chưa có bản dịch
biting_another's_tail,0,376,,Chưa có bản dịch
ofuda_on_breast,7,376,,Chưa có bản dịch
finger_cots,0,376,"finger_covers,finger_gloves,finger_protectors",Chưa có bản dịch
sun_hair_ornament,0,376,,Chưa có bản dịch
vulva_to_mouth,7,376,pussy_to_mouth,Chưa có bản dịch
double-stroke_eyebrows,0,376,,Chưa có bản dịch
kiss_on_nose,7,376,"nose_kiss,nose_kissing",Chưa có bản dịch
biting_nipple,0,375,nipple_biting,Chưa có bản dịch
black_chest,7,375,,Chưa có bản dịch
feet_cupped_balls,7,375,,Chưa có bản dịch
glistening_hands,7,373,shiny_hands,Chưa có bản dịch
chibi_on_shoulder,0,373,,Chưa có bản dịch
cumshot_on_chest,7,373,,Chưa có bản dịch
no_hands,0,373,,Chưa có bản dịch
nipples_pressed_together,0,373,,Chưa có bản dịch
breast_shot,7,373,"boob_shot,boobshot",Chưa có bản dịch
hand_over_head,7,373,,Chưa có bản dịch
dark_hands,7,372,,Bàn tay sẫm
severed_penis,0,372,,Chưa có bản dịch
looking_at_foot,0,372,,Chưa có bản dịch
multicolored_leg_warmers,0,372,multi_tone_leg_warmers,Chưa có bản dịch
precum_in_mouth,7,372,,Chưa có bản dịch
elephant_ears,0,372,,Chưa có bản dịch
hands_on_another's_leg,0,372,,Chưa có bản dịch
sitting_on_arm,0,371,,Chưa có bản dịch
flaming_wings,7,371,"fire_wings,flame_wings",Chưa có bản dịch
revealing_breasts,7,371,,Chưa có bản dịch
breast_torture,0,371,,Chưa có bản dịch
hair_rollers,0,370,,Chưa có bản dịch
slap_mark_on_face,0,370,face_slap_mark,Chưa có bản dịch
chest_binder,0,370,"binder_(clothing),boob_binder,breast_binder,breast_binding,chest_binding,trans_binder",Chưa có bản dịch
green_ear_tips,7,369,,Chưa có bản dịch
dark_lips,7,369,,Chưa có bản dịch
multi_anus,7,369,"multi-anus,multi_anuses,multiple_anus,multiple_anuses",Chưa có bản dịch
tail_expansion,7,369,,Chưa có bản dịch
posing_nude,7,368,,Chưa có bản dịch
bandaid_on_chest,0,368,,Chưa có bản dịch
drool_on_face,7,368,,Chưa có bản dịch
huge_tongue,7,368,,Lưỡi khổng lồ
puffy_hair,0,368,,Chưa có bản dịch
touching_belly,7,367,,Chưa có bản dịch
anus_blush,7,367,,Chưa có bản dịch
nose_pads,0,367,,Chưa có bản dịch
penis_in_navel,7,367,,Chưa có bản dịch
awesome_face,0,366,,Chưa có bản dịch
blonde_eyelashes,7,366,"blond_eyelashes,yellow_eyelashes",Chưa có bản dịch
heart-shaped_mouth,0,366,,Chưa có bản dịch
tan_tongue,7,366,,Chưa có bản dịch
lip_expansion,7,366,lips_expansion,Chưa có bản dịch
wide_tongue,7,366,,Lưỡi rộng
stitched_eye,0,365,,Chưa có bản dịch
convex_breasts,7,365,,Chưa có bản dịch
polka_dot_hair,0,365,,Chưa có bản dịch
leashed_to_penis,7,365,,Chưa có bản dịch
fluffy_breasts,7,364,,Ngực bồng bềnh
asymmetrical_ears,0,364,,Chưa có bản dịch
translucent_body_parts,7,364,,Chưa có bản dịch
full_body_suit,7,363,,Chưa có bản dịch
tentacle_mouth,7,363,,Chưa có bản dịch
lean_muscle,7,363,,Chưa có bản dịch
holding_partner's_leg,7,363,,Chưa có bản dịch
two_tone_breasts,7,363,,Chưa có bản dịch
chest_protector,0,363,,Chưa có bản dịch
red_ear_tips,7,363,,Chưa có bản dịch
fuse_tail,0,363,,Chưa có bản dịch
cake_hair_ornament,0,363,,Chưa có bản dịch
nose_art,0,363,,Chưa có bản dịch
sheath_tuft,7,363,,Chưa có bản dịch
knuckle_hair,0,362,,Chưa có bản dịch
disembodied_eyes,7,362,,Chưa có bản dịch
opening_eyes,0,362,,Chưa có bản dịch
arrow_hair_ornament,0,362,,Chưa có bản dịch
anteater_ears,0,362,,Chưa có bản dịch
arms_around_waist,7,361,,Chưa có bản dịch
down_the_leg_bulge,7,361,,Chưa có bản dịch
tail_vulva,7,360,"cunt_tail,tail_vagina",Chưa có bản dịch
spiked_shoulder_pads,7,360,spiked_shoulderpads,Chưa có bản dịch
macaron_hair_ornament,0,360,,Chưa có bản dịch
stick_arms,7,360,,Chưa có bản dịch
tail_down,7,360,,Chưa có bản dịch
paintbrush_hair_ornament,0,360,,Chưa có bản dịch
peg_leg,0,360,,Chưa có bản dịch
missing_ear,0,360,,Chưa có bản dịch
kissing_with_both_sets_of_lips,7,360,,Chưa có bản dịch
blue_chest,7,360,,Chưa có bản dịch
mystic_eyes,0,360,,Chưa có bản dịch
shaggy_hair,7,360,,Chưa có bản dịch
equine_tail,7,360,,Chưa có bản dịch
comparing_breasts,7,359,"battle_of_the_breasts,breast_comparison,breasts_comparison,comparing_breast",Chưa có bản dịch
sticker_on_leg,0,359,,Chưa có bản dịch
tail_warmer,7,359,,Chưa có bản dịch
aqua_tongue,0,359,,Chưa có bản dịch
pokeball_anal_beads,7,359,"poke_ball_anal_bead,poke_ball_anal_beads,poke_ball_anus_bead,poke_ball_anus_beads,poke_ball_pussy_bead,poke_ball_pussy_beads,poke_ball_sex_bead,poke_ball_sex_beads,poke_ball_urethra_bead,poke_ball_urethra_beads,poke_ball_urethral_bead,poke_ball_urethral_beads,poke_ball_vagina_bead,poke_ball_vagina_beads,poke_ball_vaginal_bead,poke_ball_vaginal_beads,poke_bead,poke_beads,pokeball_anal_bead,pokeball_anus_bead,pokeball_anus_beads,pokeball_pussy_bead,pokeball_pussy_beads,pokeball_sex_bead,pokeball_sex_beads,pokeball_urethra_bead,pokeball_urethra_beads,pokeball_urethral_bead,pokeball_urethral_beads,pokeball_vagina_bead,pokeball_vagina_beads,pokeball_vaginal_bead,pokeball_vaginal_beads,pokebead,pokebeads,poké_ball_anal_bead,poké_ball_anal_beads,poké_ball_anus_bead,poké_ball_anus_beads,poké_ball_pussy_bead,poké_ball_pussy_beads,poké_ball_sex_bead,poké_ball_sex_beads,poké_ball_urethra_bead,poké_ball_urethra_beads,poké_ball_urethral_bead,poké_ball_urethral_beads,poké_ball_vagina_bead,poké_ball_vagina_beads,poké_ball_vaginal_bead,poké_ball_vaginal_beads,poké_bead,poké_beads,pokéball_anal_bead,pokéball_anal_beads,pokéball_anus_bead,pokéball_anus_beads,pokéball_pussy_bead,pokéball_pussy_beads,pokéball_sex_bead,pokéball_sex_beads,pokéball_urethra_bead,pokéball_urethra_beads,pokéball_urethral_bead,pokéball_urethral_beads,pokéball_vagina_bead,pokéball_vagina_beads,pokéball_vaginal_bead,pokéball_vaginal_beads,pokébead,pokébeads",Chưa có bản dịch
light_horn,7,359,,Chưa có bản dịch
no_ahoge,0,359,,Chưa có bản dịch
leg_pouch,7,358,,Chưa có bản dịch
hands_on_arms,7,358,,Chưa có bản dịch
tail_hold,7,358,tail_holding,Chưa có bản dịch
hand_guard,0,357,,Chưa có bản dịch
one_eye_in_shadow,0,357,,Chưa có bản dịch
pikachu_ears,0,357,,Chưa có bản dịch
needles_between_fingers,0,357,,Chưa có bản dịch
towel_on_arm,0,357,,Chưa có bản dịch
extra_horns,0,357,,Chưa có bản dịch
bright_eyes,7,356,,Mắt sáng
finger_on_chin,7,356,,Chưa có bản dịch
in_one_ear_and_out_the_other,7,356,,Chưa có bản dịch
pale_eyes,7,356,,Mắt nhạt
peeking_penis,7,356,,Chưa có bản dịch
mostly_nude_ambiguous,7,355,,Chưa có bản dịch
tentacle_on_breast,7,355,tentacles_on_breasts,Chưa có bản dịch
nipple_fingering,7,355,,Chưa có bản dịch
taped_mouth,7,355,,Chưa có bản dịch
pinwheel_eyes,7,355,,Chưa có bản dịch
hands_on_own_neck,0,355,,Chưa có bản dịch
cumflated_belly,7,354,,Chưa có bản dịch
poking_penis,0,354,,Chưa có bản dịch
hair_hanging_down,0,354,,Chưa có bản dịch
phallic,7,354,"penis_lollipop,phallic_looking",Chưa có bản dịch
pencil_behind_ear,0,353,,Chưa có bản dịch
orange_belly,7,352,,Chưa có bản dịch
stylized_empty_eyes,7,352,,Chưa có bản dịch
hand_under_breast,7,352,,Chưa có bản dịch
hair_wagging,0,352,,Chưa có bản dịch
creepy_eyes,0,352,,Chưa có bản dịch
arm_on_another's_head,0,351,,Chưa có bản dịch
hands_clasped_in_delight,0,351,,Chưa có bản dịch
alternate_body_fluid,0,351,"alternate_blood,alternate_saliva",Chưa có bản dịch
precum_on_tongue,7,351,,Chưa có bản dịch
ear_threading,7,351,,Chưa có bản dịch
countershade_wings,7,350,,Chưa có bản dịch
gradient_horn,7,349,,Chưa có bản dịch
leaf_censor,0,349,"fig_leaf_(idiom),leaf_on_crotch,leaf_on_nipple",Chưa có bản dịch
funny_face,7,349,,Chưa có bản dịch
white_armpit_hair,0,349,,Chưa có bản dịch
yellow_fingers,7,349,,Ngón tay vàng
hand_to_face,7,348,,Chưa có bản dịch
tail_orb,7,348,,Chưa có bản dịch
tail_on_ground,7,347,,Chưa có bản dịch
foot_on_belly,7,347,feet_on_belly,Chưa có bản dịch
christmas_tree_hair_ornament,0,347,,Chưa có bản dịch
white_genital_slit,7,347,,Chưa có bản dịch
describing_breasts,7,347,,Chưa có bản dịch
light_tongue,7,347,,Lưỡi nhạt
breast-to-pectoral_docking,0,345,,Chưa có bản dịch
gem_eyes,0,345,,Chưa có bản dịch
holding_hair_ornament,0,345,,Chưa có bản dịch
condom_on_nipples,0,345,,Chưa có bản dịch
biting_own_tail,0,345,,Chưa có bản dịch
turquoise_body,7,345,,Chưa có bản dịch
belly_rest,7,345,,Chưa có bản dịch
folded_braid,0,345,,Chưa có bản dịch
shoulder_angel,0,345,angel_on_shoulder,Chưa có bản dịch
dolphin_tail,7,345,,Chưa có bản dịch
multicolored_breasts,7,344,multi_tone_breasts,Ngực nhiều màu
inverted_eyelashes,0,344,,Chưa có bản dịch
holding_ears,0,344,,Chưa có bản dịch
slicked_back_hair,7,343,,Chưa có bản dịch
nude_modelling,7,343,,Chưa có bản dịch
brown_arm_warmers,0,343,,Chưa có bản dịch
extra_breasts,0,343,"multibreast,multiple_breasts,polymastia",Chưa có bản dịch
bloody_wings,0,343,,Chưa có bản dịch
hands_on_own_shoulders,0,342,,Chưa có bản dịch
finger_touching,0,342,,Chưa có bản dịch
chest_freckles,0,342,,Chưa có bản dịch
yellow_chest,7,341,,Chưa có bản dịch
round_breasts,7,341,,Ngực tròn
cheek_horn,7,341,,Chưa có bản dịch
small_penis_appreciation,7,341,small_penis_adoration,Chưa có bản dịch
lipstick_mark_on_chest,0,341,,Chưa có bản dịch
painted_breasts,7,341,,Chưa có bản dịch
finger_on_penis,7,340,,Chưa có bản dịch
inside_penis,7,340,,Chưa có bản dịch
grey_ear_tips,7,340,,Chưa có bản dịch
side_belly,7,340,,Chưa có bản dịch
nasal_tube,7,339,nose_tubes,Chưa có bản dịch
realistic_anatomy,7,339,,Chưa có bản dịch
tentacle_in_nipple,7,339,tentacles_in_nipple,Chưa có bản dịch
shoulder_devil,0,339,"demon_on_shoulder,devil_on_shoulder",Chưa có bản dịch
mantis_arms,7,338,,Chưa có bản dịch
hairy_hands,7,338,,Chưa có bản dịch
horn_sex,7,338,"horns_sex,hornsex",Chưa có bản dịch
penis_rope,7,338,"cock_rope,cockrope,penisrope",Chưa có bản dịch
cum_from_ear,7,338,cum_from_ears,Chưa có bản dịch
swinging_legs,0,338,,Chưa có bản dịch
green_chest,7,338,,Chưa có bản dịch
double_finger_heart,0,337,,Chưa có bản dịch
ear_lick,7,337,licking_ears,Chưa có bản dịch
hair_loss,7,337,losing_hair,Chưa có bản dịch
fur_ridge,7,337,,Chưa có bản dịch
sweaty_tail,7,337,,Chưa có bản dịch
both_hands_on_penis,7,337,,Chưa có bản dịch
airplane_wing,0,337,,Chưa có bản dịch
candy_cane_in_mouth,7,336,,Chưa có bản dịch
hand_on_partner's_penis,7,336,,Chưa có bản dịch
no_animal_ears,0,336,,Chưa có bản dịch
leg_hug,7,336,,Chưa có bản dịch
dipstick_arms,7,336,,Chưa có bản dịch
spiked_horns,0,336,,Chưa có bản dịch
grabbed_breast_over_shoulder,0,336,,Chưa có bản dịch
toe_outline,7,335,,Chưa có bản dịch
maroon_fur,7,335,,Chưa có bản dịch
one_eye_visible,7,335,,Chưa có bản dịch
donkey_ears,0,335,,Chưa có bản dịch
genital_size_difference,7,335,,Chưa có bản dịch
cosmic_tail,7,334,,Chưa có bản dịch
clover-shaped_pupils,0,334,,Chưa có bản dịch
black_eye_patch,7,334,black_eyepatch,Chưa có bản dịch
finger_frame_over_eye,0,334,,Chưa có bản dịch
cum_on_own_feet,7,334,,Chưa có bản dịch
claw_hair_clip,0,334,,Chưa có bản dịch
orange_mouth,7,334,,Miệng cam
light_eyebrows,7,333,,Chưa có bản dịch
nipple_to_collar,7,333,,Chưa có bản dịch
diamond_in_eye,0,333,,Chưa có bản dịch
cum_on_lower_body,7,332,,Chưa có bản dịch
foot_on_crotch,7,332,feet_on_crotch,Chưa có bản dịch
4_hands,7,332,four_hands,Chưa có bản dịch
colored_anus,0,332,,Chưa có bản dịch
stepping_on_face,7,332,,Chưa có bản dịch
tail_collar,7,332,,Chưa có bản dịch
tail_around_waist,7,332,tails_around_waist,Chưa có bản dịch
hand_on_partner's_head,7,332,,Chưa có bản dịch
torn_skin,0,332,,Chưa có bản dịch
biting_shoulder,0,332,,Chưa có bản dịch
tail_wrapping,7,331,,Chưa có bản dịch
nipple_vore,7,331,vore_nipples,Chưa có bản dịch
haori_on_shoulders,0,331,,Chưa có bản dịch
holding_both_ears,7,331,double_ear_hold,Chưa có bản dịch
fur_hair,7,331,,Chưa có bản dịch
flaming_horn,7,330,fire_horns,Chưa có bản dịch
collaborative_footjob,7,330,"collaborative_foot_job,quadruple_foot_job,quadruple_footjob,triple_foot_job,triple_footjob",Chưa có bản dịch
dappled_fur,7,330,,Chưa có bản dịch
hands_on_own_feet,0,330,,Chưa có bản dịch
two-finger_handjob,0,329,,Chưa có bản dịch
bandaid_on_foot,0,329,,Chưa có bản dịch
fur_and_scales,7,329,,Chưa có bản dịch
ice_cream_on_face,0,329,,Chưa có bản dịch
nude_modeling,0,328,nude_model,Chưa có bản dịch
faux_gaping_anus,7,328,,Chưa có bản dịch
bouncing_hair,0,328,,Chưa có bản dịch
hands_behind_own_head,7,327,,Chưa có bản dịch
purple_ear_tips,7,327,,Chưa có bản dịch
spread_cleavage,0,327,,Chưa có bản dịch
food_on_penis,0,326,,Chưa có bản dịch
implied_breast_expansion,7,326,,Chưa có bản dịch
stubby_legs,7,326,,Chưa có bản dịch
holding_chest,7,326,,Chưa có bản dịch
mole_beside_mouth,0,326,,Chưa có bản dịch
egg_in_mouth,7,326,,Chưa có bản dịch
foot_smother,7,325,,Chưa có bản dịch
unlit_cigarette_in_mouth,0,325,,Chưa có bản dịch
arm_on_own_leg,0,325,,Chưa có bản dịch
cream_hair,7,325,,Chưa có bản dịch
forced_spreading_arms,7,325,,Chưa có bản dịch
lip_scar,7,325,,Chưa có bản dịch
straps_across_chest,7,324,,Chưa có bản dịch
eye_patch_only,7,324,,Chưa có bản dịch
fake_rabbit_tail,7,324,,Chưa có bản dịch
furry_ears,7,324,,Chưa có bản dịch
biting_hair,0,324,,Chưa có bản dịch
belly_slap,7,324,belly_slapping,Chưa có bản dịch
wrong_hand,0,324,wrong_hands,Chưa có bản dịch
light_feet,7,324,,Bàn chân nhạt
bouncing_tail,7,324,,Chưa có bản dịch
fur_hood,0,324,,Chưa có bản dịch
snake_wrapped_around_body,0,324,,Chưa có bản dịch
trembling_legs,0,324,,Chưa có bản dịch
restrained_tail,7,324,,Chưa có bản dịch
naked_raincoat,0,323,,Chưa có bản dịch
wilted_ahoge,0,323,,Chưa có bản dịch
leg_cropped_sex,7,323,,Chưa có bản dịch
animal_arms,7,323,,Cánh tay động vật
upwards_triangle_mouth,0,323,,Chưa có bản dịch
fingers_together,7,322,,Chưa có bản dịch
green_arm_warmers,0,322,,Chưa có bản dịch
goo_body,7,322,,Chưa có bản dịch
extra_teeth,0,322,,Chưa có bản dịch
band-aid_on_nipple,7,322,,Chưa có bản dịch
powerful_breasts,0,321,,Chưa có bản dịch
hand_on_torso,7,321,,Chưa có bản dịch
licking_own_nipple,0,321,,Chưa có bản dịch
reflective_body,7,321,,Chưa có bản dịch
blood_on_shoulder,0,321,,Chưa có bản dịch
bandage_on_leg,0,320,,Chưa có bản dịch
farting_on_penis,7,320,farting_on_dick,Chưa có bản dịch
wingding_eyes,7,320,,Chưa có bản dịch
glistening_muscles,7,320,,Chưa có bản dịch
ear_rub,7,319,ear_rubbing,Chưa có bản dịch
inward_tail_speech_bubble,7,319,,Chưa có bản dịch
hornjob,0,318,"horn_fellatio,horn_job",Chưa có bản dịch
finger_cannon,0,318,,Chưa có bản dịch
tail_dimple,7,318,,Chưa có bản dịch
pill_in_mouth,0,318,pill_on_tongue,Chưa có bản dịch
lean_body,7,317,,Chưa có bản dịch
sperm_cell_with_face,7,317,,Chưa có bản dịch
messy_tail,7,317,"disheveled_tail,frizzy_tail,unkempt_tail",Đuôi rối
wrapped_tail,7,317,,Chưa có bản dịch
detachable_penis,7,317,,Chưa có bản dịch
blue_eyelashes,7,316,,Chưa có bản dịch
no_prosthetic_arm,0,316,,Chưa có bản dịch
washing_hands,0,316,,Chưa có bản dịch
clothed_andromorph,7,316,"clothed_andromorph_nude_ambiguous,clothed_andromorph_nude_andromorph,clothed_andromorph_nude_anthro,clothed_andromorph_nude_female,clothed_andromorph_nude_gynomorph,clothed_andromorph_nude_herm,clothed_andromorph_nude_intersex,clothed_andromorph_nude_male,clothed_andromorph_nude_maleherm",Chưa có bản dịch
tentacle_in_penis,7,315,,Chưa có bản dịch
large_wings,7,315,,Cánh lớn
buried_penis,7,315,,Chưa có bản dịch
grey_toes,7,315,,Ngón chân xám
triangle_anus,7,315,traingular_anus,Chưa có bản dịch
tickling_breasts,0,315,breast_tickling,Chưa có bản dịch
square_eyes,0,315,,Chưa có bản dịch
teal_inner_ear,7,315,teal_inner_ears,Chưa có bản dịch
yellow_leg_warmers,0,314,,Chưa có bản dịch
squiggle_mouth,7,314,,Chưa có bản dịch
cartoon_eyes,7,314,,Chưa có bản dịch
tail_size_difference,7,313,,Chưa có bản dịch
pikachu_tail,0,313,,Chưa có bản dịch
rainbow_hair_ornament,0,312,,Chưa có bản dịch
bound_leg,0,312,,Chưa có bản dịch
leg_wings,0,312,,Chưa có bản dịch
legs_around_waist,7,312,,Chưa có bản dịch
body_bridge,0,312,back_bridge,Chưa có bản dịch
black_tail_feathers,7,312,,Chưa có bản dịch
broken_wing,7,312,,Chưa có bản dịch
tentacle_arms,7,311,,Chưa có bản dịch
head_on_belly,7,311,head_on_stomach,Chưa có bản dịch
leaves_on_body,7,311,,Chưa có bản dịch
female_footjob,0,311,foot_on_pussy,Chưa có bản dịch
nude_maleherm,7,311,,Chưa có bản dịch
beard_over_mouth,0,311,,Chưa có bản dịch
knife_hair_ornament,0,310,,Chưa có bản dịch
hand_sign,7,310,,Chưa có bản dịch
bound_breasts,0,310,,Chưa có bản dịch
camel_toe_from_behind,7,310,,Chưa có bản dịch
hands_on_ears,7,310,,Chưa có bản dịch
hand_on_another's_forehead,0,310,,Chưa có bản dịch
sitting_on_own_tail,0,309,,Chưa có bản dịch
chain_between_breasts,0,309,,Chưa có bản dịch
hand_behind_neck,7,309,,Chưa có bản dịch
side_ponytail_with_hair_base,0,309,,Chưa có bản dịch
watery_eyes,7,309,eyes_watering,Chưa có bản dịch
detailed_eyes,7,309,,Chưa có bản dịch
high_braided_ponytail,0,308,,Chưa có bản dịch
purple_fingers,7,308,,Ngón tay tím
striped_shoulders,7,308,,Chưa có bản dịch
blue_tail_tuft,7,308,,Chưa có bản dịch
left-hand_drive,0,308,,Chưa có bản dịch
cum_inflated_breasts,7,307,,Chưa có bản dịch
arrow_pointing_to_anus,7,307,,Chưa có bản dịch
penis_silhouette,7,307,,Chưa có bản dịch
genital_exploration,7,307,,Chưa có bản dịch
wheel_o_feet,0,307,,Chưa có bản dịch
sitting_on_leg,0,307,,Chưa có bản dịch
penis_against_cheek,7,307,,Chưa có bản dịch
hands_on_ankles,7,307,,Chưa có bản dịch
kiss_mark_on_anus,7,307,,Chưa có bản dịch
cosmic_wings,7,306,,Chưa có bản dịch
thick_fur,7,306,,Lông dày
cum_on_own_tail,7,306,,Chưa có bản dịch
brushing_another's_teeth,0,306,,Chưa có bản dịch
stars_in_hair,7,306,,Chưa có bản dịch
hand_eye,0,306,"eye_in_hand,eye_in_palm",Chưa có bản dịch
tan_toes,7,306,,Chưa có bản dịch
canine_nose,7,306,,Chưa có bản dịch
biting_another's_hand,0,305,,Chưa có bản dịch
eye_makeup,7,305,,Chưa có bản dịch
heart_tail_duo,0,305,,Chưa có bản dịch
penis_touching,7,305,,Chưa có bản dịch
simulated_facial,0,305,suggestive_fluid_on_face,Chưa có bản dịch
hexagram_hair_ornament,0,305,,Chưa có bản dịch
fake_nose,0,304,,Chưa có bản dịch
on_penis,7,304,,Chưa có bản dịch
drawn_horns,0,304,,Chưa có bản dịch
good_breasts_day,0,304,,Chưa có bản dịch
finger_in_sheath,7,304,,Chưa có bản dịch
giraffe_tail,0,304,,Chưa có bản dịch
bite_mark_on_chest,0,304,,Chưa có bản dịch
yellow_genital_slit,7,304,,Chưa có bản dịch
toe_lick,7,304,"licking_toe,licking_toes,toe_licked,toe_licking,toes_lick,toes_licked,toes_licking",Chưa có bản dịch
kissing_nose,0,303,nose_kiss,Chưa có bản dịch
unusual_nipples,7,303,,Chưa có bản dịch
purple_tail_tuft,7,303,,Chưa có bản dịch
foot_on_leg,7,302,,Chưa có bản dịch
hand_on_chair,0,302,,Chưa có bản dịch
boar_ears,0,302,,Chưa có bản dịch
outstretched_crossed_arms,0,302,,Chưa có bản dịch
forearm_tuft,7,302,"forearm_tufts,forearms_tuft,forearms_tufts",Chưa có bản dịch
strapon_over_penis,7,301,,Chưa có bản dịch
holding_own_hand,0,301,,Chưa có bản dịch
multicolored_arm_warmers,0,300,black_and_red_arm_warmers,Chưa có bản dịch
gazelle_ears,0,300,oryx_ears,Chưa có bản dịch
graded_penis,7,300,,Chưa có bản dịch
tail_boner,7,300,,Chưa có bản dịch
arm_spreader,7,300,armspreader,Chưa có bản dịch
cum_on_partner's_chest,7,299,,Chưa có bản dịch
mottled_skin,7,299,mottle_skin,Chưa có bản dịch
nose_picking,0,299,,Chưa có bản dịch
tongue_fucking,7,299,tounge_fucking,Chưa có bản dịch
drawn_eyes,0,299,drawn_on_eyes,Chưa có bản dịch
glistening_chest,7,298,,Chưa có bản dịch
loose_hair,7,297,,Chưa có bản dịch
hand_on_own_balls,7,297,,Chưa có bản dịch
detached_horns,0,297,,Chưa có bản dịch
feral_with_hands,7,297,,Chưa có bản dịch
mottled_vulva,7,296,"mottle_cunt,mottle_labia,mottle_pussy,mottle_twat,mottle_vag,mottle_vagina,mottle_vulva,mottled_cunt,mottled_labia,mottled_pussy,mottled_twat,mottled_vag,mottled_vagina",Chưa có bản dịch
gradient_ears,7,296,,Chưa có bản dịch
octopus_hair_ornament,0,296,,Chưa có bản dịch
penis_bigger_than_torso,7,296,,Chưa có bản dịch
glazed_penis,7,296,,Chưa có bản dịch
x_fingers_over_mouth,0,296,,Chưa có bản dịch
fish-shaped_pupils,0,296,,Chưa có bản dịch
small_eyebrows,7,296,,Chưa có bản dịch
green_leg_warmers,0,296,,Chưa có bản dịch
face_veil,7,296,,Chưa có bản dịch
eyes_popping_out,7,296,,Chưa có bản dịch
wide_nose,0,296,,Mũi rộng
foot_massage,0,295,,Chưa có bản dịch
hip_wings,7,295,,Chưa có bản dịch
arms_behind,7,295,,Chưa có bản dịch
hair_over_crotch,0,295,,Chưa có bản dịch
face_hugging,7,295,,Chưa có bản dịch
plant_in_anus,7,295,,Chưa có bản dịch
orange_toes,7,295,,Ngón chân cam
looking_over_shoulders,7,294,,Chưa có bản dịch
big_toes,7,294,large_toes,Ngón chân to
pushing_face,0,294,,Chưa có bản dịch
cut_ear,0,294,,Chưa có bản dịch
persona_eyes,0,294,,Chưa có bản dịch
multi_breast_growth,7,293,,Chưa có bản dịch
revealing_penis,7,293,,Chưa có bản dịch
fluffy_arms,7,293,,Cánh tay bồng bềnh
simple_nose,7,293,,Chưa có bản dịch
6_wings,7,293,"6_wing,6_winged,six_wing,six_winged,six_wings",Chưa có bản dịch
hand_on_knot,7,293,,Chưa có bản dịch
blood_on_breast,7,292,,Chưa có bản dịch
black_fur_markings,7,292,,Chưa có bản dịch
scale_eyebrows,7,292,"eyebrow_scales,scale_eyebrow,scaled_eyebrow,scaled_eyebrows",Chưa có bản dịch
severed_torso,0,292,,Chưa có bản dịch
supported_legs,7,291,,Chưa có bản dịch
hand_scar,7,291,scarred_hand,Chưa có bản dịch
feathered_ears,7,291,,Chưa có bản dịch
ink_on_face,0,291,,Chưa có bản dịch
black_genitals,7,291,,Chưa có bản dịch
arm_around_another,7,291,,Chưa có bản dịch
orange_ear_tips,7,291,,Chưa có bản dịch
hand_gagged,0,291,,Chưa có bản dịch
inconvenient_tail,0,290,,Chưa có bản dịch
jerboa_tail,0,290,,Chưa có bản dịch
hand_chains,0,290,,Chưa có bản dịch
pussy_juice_on_face,0,290,,Chưa có bản dịch
anteater_tail,0,290,,Chưa có bản dịch
multicolored_belly,7,290,,Chưa có bản dịch
belly_smother,7,290,belly_smothering,Chưa có bản dịch
titfuck_through_body,7,290,,Chưa có bản dịch
leg_lick,7,289,"leg_licking,lick_leg",Chưa có bản dịch
teal_ears,7,289,teal_ear,Chưa có bản dịch
sex_inside_body,7,289,,Chưa có bản dịch
hole_in_face,0,289,,Chưa có bản dịch
coiling_around_penis,7,289,,Chưa có bản dịch
body_exploration,0,289,,Chưa có bản dịch
green_facial_hair,0,289,,Chưa có bản dịch
smooth_anus,7,289,,Chưa có bản dịch
magic_penis,7,289,,Chưa có bản dịch
toe_sucking,0,288,,Chưa có bản dịch
body_chain,0,288,,Chưa có bản dịch
nipple_bell,7,288,,Chưa có bản dịch
standing_leg_lock,0,288,,Chưa có bản dịch
auto_breast_lick,7,287,"autobreast_lick,autobreast_licks,licking_own_breasts,self_breast_lick,self_breast_licks",Chưa có bản dịch
minnie_mouse_ears,0,287,,Chưa có bản dịch
no_ears,0,287,,Chưa có bản dịch
tail_out_of_water,7,287,,Chưa có bản dịch
snowman_hair_ornament,0,287,,Chưa có bản dịch
hairy_body,7,287,,Chưa có bản dịch
tan_nails,7,286,,Chưa có bản dịch
penis_on_glass,0,286,,Chưa có bản dịch
hair_blush,0,286,,Chưa có bản dịch
flat_belly,7,286,,Chưa có bản dịch
shooting_star_hair_ornament,0,286,,Chưa có bản dịch
face_of_the_people_who_sank_all_their_money_into_the_fx_(meme),0,286,face_of_the_people_who_sank_all_their_money_into_the_fx,Chưa có bản dịch
pink_toes,7,286,,Ngón chân hồng
green_tuft,7,286,green_tufts,Chưa có bản dịch
bandaid_on_breast,0,286,,Chưa có bản dịch
hair_on_shoulders,7,285,,Chưa có bản dịch
tongue_play,7,285,,Chưa có bản dịch
chest_hair_peek,0,285,,Chưa có bản dịch
red_tail_feathers,7,285,,Chưa có bản dịch
mustelid_penis,7,285,,Chưa có bản dịch
body_slider,7,285,,Chưa có bản dịch
animal_between_breasts,0,284,,Chưa có bản dịch
pie_in_face,0,284,cake_in_face,Chưa có bản dịch
licking_navel,0,284,navel_licking,Chưa có bản dịch
horizontal_vulva,7,284,"horizontal_pussy,horizontal_vagina",Chưa có bản dịch
tan_lips,7,284,,Chưa có bản dịch
broken_leg,0,283,,Chưa có bản dịch
white_pseudo_hair,7,283,,Chưa có bản dịch
penis_sheath,0,283,,Chưa có bản dịch
finger_wagging,0,283,,Chưa có bản dịch
patterned_fur,7,282,,Chưa có bản dịch
breast_on_breast,0,282,,Chưa có bản dịch
hands_on_penis,0,282,,Chưa có bản dịch
hover_hand,0,282,,Chưa có bản dịch
hair_visible_through_wig,0,282,,Chưa có bản dịch
hugging_own_leg,0,282,,Chưa có bản dịch
holding_nose,0,281,,Chưa có bản dịch
two_tone_chest,7,281,,Chưa có bản dịch
eyeshadow_under_eye,0,281,,Chưa có bản dịch
flabby_legs,7,281,,Chưa có bản dịch
bioluminescent_penis,7,281,,Chưa có bản dịch
clipped_ear,7,280,,Chưa có bản dịch
leg_holster,0,280,,Chưa có bản dịch
tail_sway,7,280,,Chưa có bản dịch
playing_with_hair,7,280,,Chưa có bản dịch
two_side_up_with_hair_base,0,280,,Chưa có bản dịch
thick_leg,7,280,,Chưa có bản dịch
long_feet,7,279,,Bàn chân dài
object_behind_ear,0,279,behind_ear,Chưa có bản dịch
severed_tail,0,279,,Chưa có bản dịch
black_nail_polish,7,278,,Chưa có bản dịch
missing_finger,0,278,,Chưa có bản dịch
towel_on_legs,0,278,,Chưa có bản dịch
tasmanian_devil_tail,0,278,,Chưa có bản dịch
golden_wings,0,278,,Chưa có bản dịch
saliva_on_finger,7,278,,Chưa có bản dịch
haircut,7,277,hair_cut,Chưa có bản dịch
rodent_penis,7,277,,Chưa có bản dịch
starry_skin,0,277,"cosmic_skin,space_skin",Chưa có bản dịch
body_pattern,7,277,,Chưa có bản dịch
bound_feet,0,277,,Chưa có bản dịch
grabbing_raised_legs,7,276,,Chưa có bản dịch
teal_wings,7,276,,Chưa có bản dịch
kissing_shoulder,0,276,shoulder_kiss,Chưa có bản dịch
hand_on_another's_foot,0,276,,Chưa có bản dịch
penis_mouth,7,276,penis_maw,Chưa có bản dịch
penis_in_urethra,7,276,,Chưa có bản dịch
crooked_teeth,0,276,,Chưa có bản dịch
nail_polish_brush,0,276,,Chưa có bản dịch
foaming_at_mouth,7,275,,Chưa có bản dịch
double_arm_hug,0,275,,Chưa có bản dịch
condom_in_hair,0,275,,Chưa có bản dịch
belly_worship,7,275,,Chưa có bản dịch
nose_beak,7,275,beak_nose,Chưa có bản dịch
leaf_in_hair,0,275,,Chưa có bản dịch
single_eyebrow,0,274,,Chưa có bản dịch
oral_fingering,7,274,fingering_mouth,Chưa có bản dịch
scared_eyes,7,274,,Chưa có bản dịch
head_on_breast,7,274,,Chưa có bản dịch
sagging_belly,7,274,,Chưa có bản dịch
hand_on_ears,7,273,,Chưa có bản dịch
alternate_ears,0,273,,Chưa có bản dịch
implied_tail_plug,0,273,,Chưa có bản dịch
tentacle_legs,0,273,,Chưa có bản dịch
dirty_anus,7,273,,Chưa có bản dịch
hidden_buxom,7,273,hammerspace_breasts,Chưa có bản dịch
hex_nail_(e.g.o),0,272,,Chưa có bản dịch
french_braided_twintails,0,272,,Chưa có bản dịch
thick_nipples,7,272,,Chưa có bản dịch
disembodied_mouth,0,272,,Chưa có bản dịch
dark_feet,7,272,,Bàn chân sẫm
penis_in_own_ass,7,272,,Chưa có bản dịch
pixel_eyes,0,272,,Chưa có bản dịch
blue_pseudo_hair,7,272,,Chưa có bản dịch
pubes_in_mouth,7,271,,Chưa có bản dịch
ear_nibble,7,271,ear_nibbling,Chưa có bản dịch
meme_face,7,271,,Chưa có bản dịch
alternate_animal_ears,0,271,,Chưa có bản dịch
on_tail,0,270,,Chưa có bản dịch
fake_cow_horns,7,270,,Chưa có bản dịch
nose_wrinkle,7,270,,Chưa có bản dịch
fluid_on_breasts,0,270,,Chưa có bản dịch
bandages_over_mouth,0,269,,Chưa có bản dịch
fluffy_legs,7,269,,Chân bồng bềnh
red_toes,7,269,,Ngón chân đỏ
small_upper_body,7,269,,Chưa có bản dịch
kissy_face,7,269,,Chưa có bản dịch
coiled_tail,7,269,,Chưa có bản dịch
arms_on_head,0,268,,Chưa có bản dịch
hands_on_own_arms,0,268,,Chưa có bản dịch
cum_on_own_arm,7,268,,Chưa có bản dịch
third_eye_closed,0,268,,Chưa có bản dịch
silver_nails,0,268,silver_fingernails,Chưa có bản dịch
white_body_hair,7,268,,Chưa có bản dịch
eye_waterline,7,268,,Chưa có bản dịch
straight_bangs,7,268,,Chưa có bản dịch
tail_holding_object,7,268,,Chưa có bản dịch
head_arms,0,267,,Chưa có bản dịch
visor_eyes,7,267,,Chưa có bản dịch
bruised_leg,7,267,,Chưa có bản dịch
legs_on_table,0,267,,Chưa có bản dịch
fox_hand_gesture,7,267,"fox_gesture,fox_hand_sign,kitsune_sign,silent_fox_gesture",Chưa có bản dịch
censored_by_face,7,267,,Chưa có bản dịch
nail_biting,0,267,nail_bite,Chưa có bản dịch
heart_in_pupils,7,266,,Chưa có bản dịch
blue_armpit_hair,0,266,,Chưa có bản dịch
tail_strap,0,266,,Chưa có bản dịch
head_hands,7,266,headhands,Chưa có bản dịch
long_inner_ear_fluff,7,266,,Chưa có bản dịch
chopsticks_in_mouth,0,266,,Chưa có bản dịch
nipple_band,7,266,,Chưa có bản dịch
diamond_pupils,7,265,,Chưa có bản dịch
aqua_pubic_hair,0,265,,Chưa có bản dịch
tail_covering_crotch,7,265,,Chưa có bản dịch
spoon_hair_ornament,0,265,,Chưa có bản dịch
glowing_teeth,0,265,,Chưa có bản dịch
humanoid_penis_outline,7,265,,Chưa có bản dịch
eye_injury,0,265,,Chưa có bản dịch
drool_on_feet,7,264,,Chưa có bản dịch
grabbing_shoulders,7,264,,Chưa có bản dịch
skin_suit_(stellar_blade),0,264,,Chưa có bản dịch
body_part_transformation,7,264,,Chưa có bản dịch
arm_over_head,7,264,,Chưa có bản dịch
anus_behind_thong,7,264,,Chưa có bản dịch
goat_legs,0,264,,Chưa có bản dịch
dark_legs,7,263,,Chân sẫm
glossy_body,7,263,,Chưa có bản dịch
graded_belly,7,263,,Chưa có bản dịch
tails_touching,0,263,,Chưa có bản dịch
scaled_legs,7,263,,Chưa có bản dịch
rabbit_ear_legwear,0,263,"bunny_band_legwear,bunny_ear_legwear",Chưa có bản dịch
burger_hair_ornament,0,263,,Chưa có bản dịch
rabbit_ear_smartphone_case,0,262,,Chưa có bản dịch
rat_ears,7,262,,Chưa có bản dịch
spread_mouth,7,262,,Chưa có bản dịch
pink_tail_tuft,7,262,,Chưa có bản dịch
colored_armpit_hair,0,262,,Chưa có bản dịch
imminent_hand_holding,0,262,,Chưa có bản dịch
nail_clippers,0,262,,Chưa có bản dịch
breast_out,7,262,,Chưa có bản dịch
breasts_on_face,7,262,,Chưa có bản dịch
hands_on_own_crotch,0,262,,Chưa có bản dịch
breasts_tied,7,261,,Chưa có bản dịch
grabbing_face,7,261,,Chưa có bản dịch
urine_in_own_mouth,7,261,,Chưa có bản dịch
ear_clip,7,261,,Chưa có bản dịch
grey_teeth,7,261,gray_teeth,Răng xám
fluffy_shoulders,7,261,,Chưa có bản dịch
large_tongue,7,260,,Lưỡi lớn
fire_hair_ornament,0,260,,Chưa có bản dịch
kissing_ear,0,260,ear_kiss,Chưa có bản dịch
hyaenid_penis,7,259,hyena_penis,Chưa có bản dịch
holding_finger,0,259,,Chưa có bản dịch
resting_arm,7,259,,Chưa có bản dịch
man_face,0,259,,Chưa có bản dịch
breast_pregnancy,7,259,"boob_pregnancy,boobs_pregnancy,breasts_pregnancy,pregnant_boob,pregnant_boobs,pregnant_breast,pregnant_breasts",Chưa có bản dịch
jellyfish_hair_ornament,0,259,,Chưa có bản dịch
navel_insertion,0,259,,Chưa có bản dịch
antelope_horns,0,259,,Chưa có bản dịch
crystal_horn,7,259,,Chưa có bản dịch
flower_hair,7,258,,Chưa có bản dịch
shaking_penis,7,258,"penis_shake,wagging_penis,waggling_penis",Chưa có bản dịch
excessive_armpit_hair,0,258,,Chưa có bản dịch
nobiiru_arm,0,258,,Chưa có bản dịch
black_genital_slit,7,258,,Chưa có bản dịch
entwined_toes,7,258,"entwined_toe,entwining_toe,entwining_toes,interlaced_toe,interlaced_toes,interlacing_toe,interlacing_toes,interlinked_toe,interlinked_toes,interlinking_toe,interlinking_toes,interlocked_toe,interlocking_toe,interlocking_toes,intertwined_toe,intertwined_toes,intertwining_toe,intertwining_toes,toe_entwined,toe_entwining,toe_interlaced,toe_interlacing,toe_interlinked,toe_interlinking,toe_interlocked,toe_interlocking,toe_intertwined,toe_intertwining,toe_twined,toes_entwined,toes_entwining,toes_interlaced,toes_interlacing,toes_interlinked,toes_interlinking,toes_interlocked,toes_interlocking,toes_intertwined,toes_intertwining,toes_twined,twined_toe,twined_toes",Chưa có bản dịch
heart_body_writing,7,257,,Chưa có bản dịch
hand_to_hand,0,257,,Chưa có bản dịch
pole_between_legs,7,257,,Chưa có bản dịch
ear_tails,7,257,,Chưa có bản dịch
floating_ears,7,257,,Chưa có bản dịch
raccoon_hair_ornament,0,257,,Chưa có bản dịch
fireman's_carry,0,257,"fireman_carry,firemans_carry,person_over_both_shoulders",Chưa có bản dịch
yoshi_and_toad_kissing_(meme),0,256,muppet_mouth_characters_making_out_(meme),Chưa có bản dịch
longer_spine_fur,7,256,,Chưa có bản dịch
eyes_rolled_up,7,256,,Chưa có bản dịch
mouth_beam,0,256,,Chưa có bản dịch
mouth_guard,0,256,,Chưa có bản dịch
bad_gun_anatomy,0,256,,Chưa có bản dịch
one_foot_raised,7,256,,Chưa có bản dịch
hand_on_nipple,7,255,,Chưa có bản dịch
bruise_on_chest,0,255,,Chưa có bản dịch
iridescent_body,7,255,,Chưa có bản dịch
two_tone_tail_feathers,7,255,,Chưa có bản dịch
bell_ear_ornament,0,255,,Chưa có bản dịch
tail_removed,0,255,,Chưa có bản dịch
looking_into_mouth,7,255,,Chưa có bản dịch
robotic_hand,7,254,,Chưa có bản dịch
foot_tattoo,0,254,,Chưa có bản dịch
nail_ornament,0,254,,Chưa có bản dịch
cookie_hair_ornament,0,254,,Chưa có bản dịch
tail_around_another's_waist,0,254,,Chưa có bản dịch
muzzle_in_anus,7,254,,Chưa có bản dịch
licking_body,7,254,,Chưa có bản dịch
cat_ear_headband,7,253,,Chưa có bản dịch
clenched_eyes,7,253,,Chưa có bản dịch
misplaced_mouth,0,253,,Chưa có bản dịch
blowing_in_ear,0,253,,Chưa có bản dịch
meerkat_tail,0,253,,Chưa có bản dịch
open_anus,7,253,,Chưa có bản dịch
mystic_eyes_of_enchantment,0,253,,Chưa có bản dịch
wing_censor,0,253,censor_wings,Chưa có bản dịch
tongue_hanging_out,7,252,,Chưa có bản dịch
belly_reduction,7,252,,Chưa có bản dịch
hand_over_heart,0,252,hands_over_heart,Chưa có bản dịch
no_anus,0,252,,Chưa có bản dịch
striped_tongue,7,251,,Chưa có bản dịch
hippopotamus_tail,0,251,,Chưa có bản dịch
belly_press,0,251,,Chưa có bản dịch
breast_reduction,0,251,shrinking_breasts,Chưa có bản dịch
chest_mouth,0,250,,Chưa có bản dịch
swollen_breasts,7,250,,Chưa có bản dịch
cord_tail,7,250,,Chưa có bản dịch
rauru's_arm,7,250,,Chưa có bản dịch
hand_tuft,7,249,,Chưa có bản dịch
eyes_on_the_prize,7,249,,Chưa có bản dịch
penis_conforming,7,249,,Chưa có bản dịch
grey_tail_feathers,7,249,gray_tail_feathers,Chưa có bản dịch
yellow_ear_tips,7,249,,Chưa có bản dịch
whistle_in_mouth,0,249,,Chưa có bản dịch
hand_on_snout,7,249,,Chưa có bản dịch
tentacle_between_breasts,0,248,,Chưa có bản dịch
bandaged_horn,0,248,bandaged_horns,Chưa có bản dịch
avian_legs,7,247,,Chưa có bản dịch
varied_multi_penis,7,247,,Chưa có bản dịch
holding_body,7,247,,Chưa có bản dịch
drying_body,0,247,,Chưa có bản dịch
airplane_arms,0,247,bu-n,Chưa có bản dịch
belly_on_glass,0,247,,Chưa có bản dịch
sitting_on_chest,0,247,,Chưa có bản dịch
false_arm,0,246,,Chưa có bản dịch
white_genitals,7,246,,Chưa có bản dịch
short_arms,7,246,,Cánh tay ngắn
dark_arms,7,246,,Cánh tay sẫm
feces_on_genitals,7,246,,Chưa có bản dịch
kiss_on_belly,7,246,"belly_kiss,belly_kissing,kissing_belly,stomach_kiss,stomach_kissing",Chưa có bản dịch
plant_wings,0,246,,Chưa có bản dịch
censored_eyes,7,246,,Chưa có bản dịch
collaborative_penis_lick,7,246,,Chưa có bản dịch
hairless_hands,7,245,,Chưa có bản dịch
hands_to_paws,7,245,,Chưa có bản dịch
rhinoceros_ears,0,245,rhino_ears,Chưa có bản dịch
bandaid_on_horn,0,245,,Chưa có bản dịch
snake_wrapped_around_arm,0,245,,Chưa có bản dịch
crow's_feet,0,245,,Chưa có bản dịch
dipstick_legs,7,245,,Chưa có bản dịch
countershade_toes,7,245,,Chưa có bản dịch
raccoon_penis,7,245,,Chưa có bản dịch
iridescent_fur,7,244,,Chưa có bản dịch
chin_horn,7,244,chin_horns,Chưa có bản dịch
tan_mouth,7,244,,Chưa có bản dịch
flapping_ears,0,244,,Chưa có bản dịch
penetrable_sex_toy_in_mouth,7,244,cocksleeve_in_mouth,Chưa có bản dịch
holding_own_legs_up,7,243,,Chưa có bản dịch
brown_leg_warmers,0,243,,Chưa có bản dịch
urine_on_body,7,243,,Chưa có bản dịch
band-aid_on_genitals,7,243,,Chưa có bản dịch
thermometer_in_mouth,0,243,,Chưa có bản dịch
musky_breasts,7,243,,Chưa có bản dịch
cum_from_navel,7,243,cum_out_navel,Chưa có bản dịch
tennis_ball_in_mouth,7,243,,Chưa có bản dịch
anal_foot_gulp,7,242,,Chưa có bản dịch
frilled_arm_strap,0,242,,Chưa có bản dịch
sex_toy_in_penis,7,242,sextoy_in_penis,Chưa có bản dịch
testicles_on_face,0,242,"teabagging,teabagging_(sexual)",Chưa có bản dịch
small_penis_penetrator,7,242,,Chưa có bản dịch
multicolored_pseudo_hair,7,242,,Chưa có bản dịch
antelope_ears,0,242,,Chưa có bản dịch
shaved_fur,7,242,,Chưa có bản dịch
leg_cast,0,242,,Chưa có bản dịch
downwards_triangle_mouth,0,241,,Chưa có bản dịch
two_tone_tongue,7,241,,Chưa có bản dịch
heart_tongue,0,241,,Chưa có bản dịch
penis_and_testicles_touching,0,241,testicles_and_penis_touching,Chưa có bản dịch
hand_on_body,7,241,,Chưa có bản dịch
unusual_tongue,7,241,,Chưa có bản dịch
arm_bite,7,241,biting_arm,Chưa có bản dịch
foot_grinding,7,241,foot_grind,Chưa có bản dịch
food_on_hair,0,241,,Chưa có bản dịch
blue_genital_slit,7,240,,Chưa có bản dịch
disembodied_leg,0,240,disembodied_legs,Chưa có bản dịch
stitched_fingers,0,240,,Chưa có bản dịch
hands_above_breasts,7,240,,Chưa có bản dịch
tentacles_as_hands,0,240,"tentacle_as_arm,tentacle_as_hand,tentacles_as_arms",Chưa có bản dịch
ear_transformation,7,240,,Chưa có bản dịch
ears_tied_back,7,240,,Chưa có bản dịch
veil_over_eyes,0,240,,Chưa có bản dịch
beverage_between_breasts,7,240,drink_between_breasts,Chưa có bản dịch
white_torso,7,240,,Chưa có bản dịch
canine_tail,7,239,,Chưa có bản dịch
shouting_with_hands,0,239,,Chưa có bản dịch
pink_eyelashes,7,239,,Chưa có bản dịch
multiple_animal_ears,0,239,,Chưa có bản dịch
ear_sex,0,239,ear_fuck,Chưa có bản dịch
pencil_as_mustache,0,238,"balancing_on_lips,pen_on_lips,pencil_on_lips",Chưa có bản dịch
furry_legs,7,238,,Chưa có bản dịch
on_hand,7,238,,Chưa có bản dịch
disembodied_torso,0,238,,Chưa có bản dịch
vagina_dentata,0,238,,Chưa có bản dịch
dark_inner_ear,7,238,,Chưa có bản dịch
biting_penis,0,238,penis_biting,Chưa có bản dịch
feet_on_desk,7,238,,Chưa có bản dịch
lip_stud,7,238,"lip_studs,lipstud,lipstuds",Chưa có bản dịch
pulling_own_ear,0,238,grabbing_own_ear,Chưa có bản dịch
toned_muscles,7,237,,Chưa có bản dịch
single_inverted_nipple,0,237,,Chưa có bản dịch
feet_in_air,7,237,,Chưa có bản dịch
teeth_print,0,237,,Chưa có bản dịch
belly_fur,7,237,,Chưa có bản dịch
duck_hair_ornament,0,237,,Chưa có bản dịch
wing_tattoo,0,237,,Chưa có bản dịch
leg_fur,0,237,,Chưa có bản dịch
blush_face,7,237,,Chưa có bản dịch
elephant_tail,0,236,,Chưa có bản dịch
framed_by_legs,7,236,,Chưa có bản dịch
downcast_eyes,0,236,,Chưa có bản dịch
unusual_ears,7,236,,Chưa có bản dịch
covering_another's_breasts,0,236,,Chưa có bản dịch
fused_arms,7,236,,Chưa có bản dịch
japanese_white-eye,0,236,,Chưa có bản dịch
ear_flick,7,235,,Chưa có bản dịch
dentures,0,235,false_teeth,Chưa có bản dịch
arms_crossed_under_breasts,7,235,,Chưa có bản dịch
penis_rest,0,235,,Chưa có bản dịch
skull_face_paint,7,235,,Chưa có bản dịch
metal_arm,7,235,,Chưa có bản dịch
pinned_by_belly,7,234,,Chưa có bản dịch
hugging_own_penis,7,234,,Chưa có bản dịch
tail_burst,7,234,,Chưa có bản dịch
testicle_hair,0,234,,Chưa có bản dịch
eevee_ears,0,234,,Chưa có bản dịch
vaginal_footjob,7,234,"cunt_foot_job,cunt_footjob,pussy_foot_job,pussy_footjob,vag_foot_job,vag_footjob,vaginal_foot_job",Chưa có bản dịch
covering_nose,0,234,,Chưa có bản dịch
burping_in_face,7,234,,Chưa có bản dịch
blood_on_fur,7,234,bloody_fur,Chưa có bản dịch
biting_breast,0,234,"boob_chomp,breast_biting",Chưa có bản dịch
in_hand,7,233,,Chưa có bản dịch
teddy_bear_hair_ornament,0,233,,Chưa có bản dịch
on_one_hand,7,233,,Chưa có bản dịch
star_on_body,7,233,,Chưa có bản dịch
humanoid_feet_on_feral,7,233,feral_with_feet,Chưa có bản dịch
wings_instead_of_hands,7,233,,Chưa có bản dịch
hair_bondage,0,232,,Chưa có bản dịch
spiky_fur,7,232,,Lông dựng
precum_on_leg,7,232,,Chưa có bản dịch
colored_mouth,0,232,,Chưa có bản dịch
curled_fur,7,232,curly_fur,Chưa có bản dịch
writing_on_foot,7,231,writing_on_feet,Chưa có bản dịch
legs_held_open,7,231,,Chưa có bản dịch
feet_behind_head,7,231,,Chưa có bản dịch
purple_eyelashes,7,231,,Chưa có bản dịch
leg_humping,7,231,humping_leg,Chưa có bản dịch
chocolate_on_legs,0,231,,Chưa có bản dịch
sheep_hair_ornament,0,231,,Chưa có bản dịch
snake_on_shoulder,0,231,,Chưa có bản dịch
fleshy_tail,7,231,,Chưa có bản dịch
big_ear,7,230,,Chưa có bản dịch
501st_joint_fighter_wing,0,230,,Chưa có bản dịch
black_striped_fur,7,230,,Chưa có bản dịch
chocolate_on_penis,0,230,,Chưa có bản dịch
fur_armlet,0,230,,Chưa có bản dịch
feces_on_leg,7,230,feces_on_legs,Chưa có bản dịch
ice_horns,0,230,,Chưa có bản dịch
human_skin,7,230,,Da người
balls_on_nose,7,230,,Chưa có bản dịch
can_between_breasts,0,229,,Chưa có bản dịch
scar_across_eyes,0,229,,Chưa có bản dịch
cum_on_upper_body,7,229,,Chưa có bản dịch
low-tied_medium_hair,0,229,,Chưa có bản dịch
leaf_nose,7,229,,Chưa có bản dịch
legs_on_shoulders,7,229,,Chưa có bản dịch
four_eyes,0,229,,Chưa có bản dịch
too_many_hands,0,229,,Chưa có bản dịch
looming_foot,7,229,,Chưa có bản dịch
droopy_eyes,7,229,,Chưa có bản dịch
light_wings,7,229,,Cánh nhạt
blood_on_foot,7,229,,Chưa có bản dịch
clothed_breasts,7,229,,Chưa có bản dịch
hornband,7,229,"horn_band,horn_bands,hornbands",Chưa có bản dịch
arm_around_leg,7,229,,Chưa có bản dịch
bovine_tail,7,229,,Chưa có bản dịch
supernumerary_nipples,7,229,,Chưa có bản dịch
urine_on_breasts,7,229,,Chưa có bản dịch
green_toes,7,228,,Ngón chân xanh lá
medium_tail,7,228,,Đuôi vừa
nipple_expansion,7,228,,Chưa có bản dịch
big_fingers,7,228,,Ngón tay to
finger_wag,7,228,wagging_finger,Chưa có bản dịch
multicolored_feet,7,228,multi_tone_feet,Bàn chân nhiều màu
biting_another's_arm,0,228,,Chưa có bản dịch
chained_legs,0,228,,Chưa có bản dịch
imminent_breast_grab,0,227,,Chưa có bản dịch
tamandua_ears,0,227,,Chưa có bản dịch
dango_hair_ornament,0,227,,Chưa có bản dịch
cutout_below_navel,0,227,,Chưa có bản dịch
nose_pinch,0,227,pinching_nose,Chưa có bản dịch
digital_eyes,7,227,,Chưa có bản dịch
blue_nail_polish,7,227,,Chưa có bản dịch
fake_head_wings,0,227,,Chưa có bản dịch
holding_tail_up,7,227,,Chưa có bản dịch
belly_cutout,7,227,,Chưa có bản dịch
clubbed_tail,7,227,"club_tail,tail_club",Chưa có bản dịch
full_body_view,7,227,,Chưa có bản dịch
fuzzy_tail,7,226,,Chưa có bản dịch
yellow_arm_warmers,0,226,,Chưa có bản dịch
yellow_tail_tuft,7,226,,Chưa có bản dịch
blob_body,7,226,,Chưa có bản dịch
taped_arms,0,226,,Chưa có bản dịch
nipple_hair,0,226,,Chưa có bản dịch
insect_hair_ornament,0,226,,Chưa có bản dịch
hand_on_own_calf,0,226,,Chưa có bản dịch
monochrome_body,7,226,,Chưa có bản dịch
licking_another's_finger,0,226,,Chưa có bản dịch
navel_popping,7,225,,Chưa có bản dịch
tongue_bath,7,225,,Chưa có bản dịch
chocolate_on_foot,0,225,,Chưa có bản dịch
mole_under_breast,0,225,,Chưa có bản dịch
micro_on_penis,7,225,,Chưa có bản dịch
moose_tail,0,225,,Chưa có bản dịch
dual_arm_cannons,0,225,,Chưa có bản dịch
macro_breasts,7,225,,Chưa có bản dịch
multicolored_hands,7,225,multi_tone_hands,Bàn tay nhiều màu
wrinkled_nose,7,225,,Chưa có bản dịch
holding_tongue,7,225,,Chưa có bản dịch
robotic_legs,7,225,,Chưa có bản dịch
precum_on_foot,7,224,,Chưa có bản dịch
floating_torso,0,224,,Chưa có bản dịch
heart_out_of_chest,0,224,,Chưa có bản dịch
hand_on_partner's_leg,7,224,,Chưa có bản dịch
belly_hug,7,224,,Chưa có bản dịch
nose_chain,7,224,,Chưa có bản dịch
axillary_tail_of_spence,0,224,,Chưa có bản dịch
limb_genitals,7,224,,Chưa có bản dịch
red_tail_tuft,7,224,,Chưa có bản dịch
spread_nipple,0,224,,Chưa có bản dịch
licking_another's_lips,0,224,,Chưa có bản dịch
stitched_hand,0,223,,Chưa có bản dịch
hair_half_over_shoulder,0,223,,Chưa có bản dịch
1_finger_fingering,7,223,,Chưa có bản dịch
embarrassed_naked_male,7,223,,Chưa có bản dịch
severed_finger,0,223,,Chưa có bản dịch
dark_breasts,7,222,,Ngực sẫm
taking_another's_hand,0,222,,Chưa có bản dịch
comically_large_ears,0,222,"big_eared_miyabi_(meme),comically_long_ears,long-eared_miyabi_(meme)",Chưa có bản dịch
puckered_face,0,222,,Chưa có bản dịch
front_braid,0,222,,Chưa có bản dịch
mutual_foot_worship,7,222,,Chưa có bản dịch
huge_hair,7,222,,Tóc khổng lồ
person_on_shoulder,0,222,,Chưa có bản dịch
praying_hands,7,222,,Chưa có bản dịch
cheek-to-breast,0,221,,Chưa có bản dịch
striped_wings,7,221,,Chưa có bản dịch
licking_nose,7,221,,Chưa có bản dịch
red_feather_hair,7,221,,Chưa có bản dịch
orange_teeth,0,221,,Răng cam
saliva_on_body,7,221,,Chưa có bản dịch
penis_limb,7,221,,Chưa có bản dịch
breast_crush,0,221,,Chưa có bản dịch
belted_breasts,7,221,,Chưa có bản dịch
hands_on_bed,0,221,,Chưa có bản dịch
duckface,7,221,duck_face,Chưa có bản dịch
holding_limb,0,221,holding_severed_hand,Chưa có bản dịch
paw_on_belly,7,221,,Chưa có bản dịch
fur-trimmed_tube_top,0,221,,Chưa có bản dịch
teal_anus,7,221,,Chưa có bản dịch
censored_breasts,0,221,,Chưa có bản dịch
red_chest,7,220,,Chưa có bản dịch
shedding_skin,0,220,,Chưa có bản dịch
ass_in_face,7,220,,Chưa có bản dịch
tan_genital_slit,7,220,,Chưa có bản dịch
detached_legs,0,220,,Chưa có bản dịch
big_penis_in_chastity,7,219,,Chưa có bản dịch
moon_with_face,0,219,,Chưa có bản dịch
crumbs_on_face,7,219,,Chưa có bản dịch
red_pseudo_hair,7,219,,Chưa có bản dịch
snorkel_in_mouth,0,219,,Chưa có bản dịch
body_grab,7,219,,Chưa có bản dịch
admiring_penis,7,219,,Chưa có bản dịch
tail_restraint,7,219,,Chưa có bản dịch
red_genitals,7,219,,Chưa có bản dịch
dreamworks_smirk,7,219,dreamworks_face,Chưa có bản dịch
forehead_horn,7,219,,Chưa có bản dịch
upside_down_face,7,219,,Chưa có bản dịch
covering_one_nipple,0,218,,Chưa có bản dịch
human_ears,7,218,,Tai người
nipple_birth,7,218,,Chưa có bản dịch
torso_markings,7,218,,Chưa có bản dịch
chest_cannon,0,218,,Chưa có bản dịch
spotted_wings,7,218,,Chưa có bản dịch
raising_leg,7,218,,Chưa có bản dịch
band-aid_on_arm,7,217,,Chưa có bản dịch
penis_bigger_than_body,7,217,,Chưa có bản dịch
breast_massage,0,217,,Chưa có bản dịch
wheel_feet,7,217,,Chưa có bản dịch
writing_on_tail,7,217,,Chưa có bản dịch
saliva_on_nipples,0,217,,Chưa có bản dịch
face_in_hands,0,217,,Chưa có bản dịch
shaved_body,0,217,,Chưa có bản dịch
whisker_tuft,7,217,whisker_tufts,Chưa có bản dịch
hand_on_horn,7,216,,Chưa có bản dịch
overflowing_breasts,7,216,,Chưa có bản dịch
stretching_legs,7,216,,Chưa có bản dịch
black_hand,7,216,,Chưa có bản dịch
untying_hair,0,216,,Chưa có bản dịch
body_takeover,7,216,,Chưa có bản dịch
body_tube,0,216,,Chưa có bản dịch
cum_feeding,7,216,penis_nursing_+_cum,Chưa có bản dịch
animal_on_leg,0,216,,Chưa có bản dịch
cum_from_eyes,7,215,crying_cum,Chưa có bản dịch
wound_on_face,7,215,,Chưa có bản dịch
stick_in_mouth,7,215,,Chưa có bản dịch
yellow_tail_feathers,7,215,,Chưa có bản dịch
belly_gem,7,215,navel_gem,Chưa có bản dịch
lollipop_hair_ornament,0,215,,Chưa có bản dịch
sitting_on_hand,0,215,,Chưa có bản dịch
ear_size_difference,7,215,,Chưa có bản dịch
black_armpit_hair,7,215,,Chưa có bản dịch
licking_leg,0,215,leg_licking,Chưa có bản dịch
anus_holding_torso,7,214,,Chưa có bản dịch
tongue_in_sheath,7,214,,Chưa có bản dịch
bouncing_ears,7,214,,Chưa có bản dịch
lipstick_mark_on_shoulder,0,214,,Chưa có bản dịch
belly_pop,7,214,,Chưa có bản dịch
two_tone_belly,7,214,,Chưa có bản dịch
prehensile_footjob,7,214,"prehensile_feet_job,prehensile_feet_jobs,prehensile_feetjob,prehensile_foot_job,prehensile_foot_jobs,prehensile_footjobs",Chưa có bản dịch
cooperative_nipple_licking,0,214,,Chưa có bản dịch
chest_blush,0,214,,Chưa có bản dịch
donut_hair_ornament,0,214,doughnut_hair_ornament,Chưa có bản dịch
mostly_nude_feral,7,214,,Chưa có bản dịch
glistening_teeth,7,214,shiny_teeth,Chưa có bản dịch
tail_outside,7,214,,Chưa có bản dịch
fat_belly,7,214,,Chưa có bản dịch
empty_eye_sockets,7,214,,Chưa có bản dịch
animal_on_chest,0,214,,Chưa có bản dịch
bandaid_on_ear,0,214,,Chưa có bản dịch
one_hand_up,7,214,,Chưa có bản dịch
feces_on_hand,7,214,feces_on_hands,Chưa có bản dịch
snow_on_body,0,213,,Chưa có bản dịch
high-heeled_mechanical_legs,0,213,,Chưa có bản dịch
macro_penis,7,213,,Chưa có bản dịch
detachable_arms,7,213,,Chưa có bản dịch
triangle_hands,0,212,,Chưa có bản dịch
exposed_feet,7,212,,Chưa có bản dịch
eyebrow_ridge,7,212,,Chưa có bản dịch
eyes_in_darkness,7,212,,Chưa có bản dịch
hood_over_eyes,0,212,,Chưa có bản dịch
showing_chest,7,212,,Chưa có bản dịch
hand_above_breast,7,212,,Chưa có bản dịch
hand_cursor,0,212,,Chưa có bản dịch
shadow_penis,7,212,,Chưa có bản dịch
foot_hands,7,212,,Chưa có bản dịch
holding_water,0,212,water_in_hands,Chưa có bản dịch
leg_muscles,7,212,,Chưa có bản dịch
belly_size_difference,7,211,,Chưa có bản dịch
touching_own_leg,7,211,,Chưa có bản dịch
anal_beads_in_vagina,7,211,anal_beads_in_pussy,Chưa có bản dịch
hand_on_forearm,7,211,,Chưa có bản dịch
hair_straightener,0,211,straightening_iron,Chưa có bản dịch
bloomers_around_one_leg,0,211,,Chưa có bản dịch
golden_body,7,211,golden_body_parts,Chưa có bản dịch
arm_growth,7,211,,Chưa có bản dịch
camo_body,7,210,,Chưa có bản dịch
arms_around_legs,7,210,,Chưa có bản dịch
on_chest,7,210,,Chưa có bản dịch
bruised_belly,7,210,bruised_stomach,Chưa có bản dịch
butterfly_over_eye,0,210,,Chưa có bản dịch
painted_belly,7,210,,Chưa có bản dịch
ocular_prosthetic,7,210,"artificial_eye,eye_prostheses,eye_prosthesis,eye_prosthetic,ocular_prostheses,ocular_prosthesis,prosthetic_eye",Chưa có bản dịch
smelly_anus,7,210,,Chưa có bản dịch
hair_color_change,7,210,,Chưa có bản dịch
glowing_breasts,7,210,,Chưa có bản dịch
multicolored_tuft,7,209,multicolored_tufts,Chưa có bản dịch
arms_bound_to_collar,7,209,,Chưa có bản dịch
multicolored_genitals,7,209,,Chưa có bản dịch
unwanted_cum_on_body,7,209,,Chưa có bản dịch
cracked_face,0,209,,Chưa có bản dịch
dutch_braided_ponytail,0,209,,Chưa có bản dịch
frilled_penis,7,209,,Chưa có bản dịch
hand_on_headset,0,209,,Chưa có bản dịch
hand_shot,7,209,,Chưa có bản dịch
slightly_open_mouth,7,208,,Chưa có bản dịch
pink_nail_polish,7,208,,Chưa có bản dịch
naked_ascot,0,208,,Chưa có bản dịch
held_by_legs,7,208,,Chưa có bản dịch
official_alternate_hair_ornament,0,208,,Chưa có bản dịch
hugging_belly,7,208,,Chưa có bản dịch
smelling_feet,0,208,foot_sniff,Chưa có bản dịch
arm_quills,7,208,,Chưa có bản dịch
holly_on_tail,7,208,,Chưa có bản dịch
ear_cuffs,0,207,,Chưa có bản dịch
multiple_hands,7,207,,Chưa có bản dịch
pointy_and_animal_ears,7,207,"animal/elf_ear,animal/elf_ears,animal/pointed_ear,animal/pointed_ears,animal/pointy_ear,animal/pointy_ears,animal_and_elf_ear,animal_and_elf_ears,animal_and_pointed_ear,animal_and_pointed_ears,animal_and_pointy_ear,animal_and_pointy_ears,elf/animal_ear,elf/animal_ears,elf_and_animal_ear,elf_and_animal_ears,pointed/animal_ear,pointed/animal_ears,pointed_and_animal_ear,pointed_and_animal_ears,pointy/animal_ear,pointy/animal_ears,pointy_and_animal_ear",Chưa có bản dịch
furry_penis,7,207,furred_penis,Chưa có bản dịch
beaded_eyelashes,0,207,,Chưa có bản dịch
grotesque_genitals,7,207,,Chưa có bản dịch
flower_hands,0,207,flower_hands_(precure),Chưa có bản dịch
bionic_leg,7,207,bionic_legs,Chưa có bản dịch
gradient_arms,7,207,,Chưa có bản dịch
sitting_on_shoulders,7,207,,Chưa có bản dịch
off-shoulder_top,7,207,,Chưa có bản dịch
service_animal,7,207,"assistance_animal,guide_animal,helper_animal,seeing-eye_dog,service_dog",Chưa có bản dịch
paws_on_penis,7,207,,Chưa có bản dịch
licking_mouth,7,206,licking_muzzle,Chưa có bản dịch
arm_restraints,7,206,,Chưa có bản dịch
red_hair_tips,7,206,,Chưa có bản dịch
fluffy_penis,7,206,,Chưa có bản dịch
brown_eye,7,206,,Chưa có bản dịch
two_tone_anus,7,206,,Chưa có bản dịch
nipple_flick,0,205,,Chưa có bản dịch
hairy_feet,7,205,,Chưa có bản dịch
fused_toes,7,205,,Chưa có bản dịch
leaning_on_hand,7,205,,Chưa có bản dịch
pubes_on_face,7,205,,Chưa có bản dịch
mushroom_hair_ornament,0,205,,Chưa có bản dịch
gold_lips,0,205,gold_lipstick,Chưa có bản dịch
bruised_arm,7,205,,Chưa có bản dịch
kiss_mark_on_belly,7,205,,Chưa có bản dịch
green_arm,0,204,,Chưa có bản dịch
leg_warmers_only,7,204,,Chưa có bản dịch
multiple_ear_piercings,7,204,,Chưa có bản dịch
wing_clan_(breath_of_fire),0,204,,Chưa có bản dịch
wrist_wings,0,204,,Chưa có bản dịch
zebra_tail,0,204,,Chưa có bản dịch
humanoid_body_hair,7,203,,Chưa có bản dịch
inner_mouth,7,203,,Chưa có bản dịch
cat_feet,0,203,,Bàn chân mèo
two_tone_nose,7,203,,Chưa có bản dịch
holding_another's_finger,0,203,,Chưa có bản dịch
pinky_to_mouth,0,203,,Chưa có bản dịch
7_tails,7,203,"7_tailed,seven_tailed,seven_tails",Chưa có bản dịch
lotus_hair_ornament,0,203,,Chưa có bản dịch
drawing_on_body,7,203,,Chưa có bản dịch
drawing_on_own_face,0,203,writing_on_own_face,Chưa có bản dịch
brown_armpit_hair,7,203,,Chưa có bản dịch
kissing_foot,0,203,foot_kiss,Chưa có bản dịch
snowflake_pupils,0,203,,Chưa có bản dịch
tail_grapple,7,203,,Chưa có bản dịch
hugging_another's_penis,7,203,,Chưa có bản dịch
headlight_eyes,7,203,,Chưa có bản dịch
rounded_ears,7,202,,Chưa có bản dịch
tail_lick,7,202,"licking_tail,tail_licking",Chưa có bản dịch
lying_on_penis,7,202,laying_on_penis,Chưa có bản dịch
petal_hair,7,202,,Chưa có bản dịch
stump_horn,7,202,,Chưa có bản dịch
twin_ear_bows,7,202,,Chưa có bản dịch
penis_in_sheath,7,202,,Chưa có bản dịch
braided_fur,7,202,,Lông tết
foot_on_thigh,7,202,,Chưa có bản dịch
hollow_mouth,0,202,,Chưa có bản dịch
energy_tail,0,202,,Chưa có bản dịch
wiping_nose,0,202,,Chưa có bản dịch
amputated_leg,7,202,,Chưa có bản dịch
helicopter_tail,0,202,propeller_tail,Chưa có bản dịch
arm_fur,7,202,,Chưa có bản dịch
red_eyelashes,7,202,,Chưa có bản dịch
tongue_in_throat,7,202,,Chưa có bản dịch
axolotl_tail,0,202,,Chưa có bản dịch
green_genitals,7,201,,Chưa có bản dịch
hands_on_crotch,7,201,,Chưa có bản dịch
red_nail_polish,7,200,,Chưa có bản dịch
hyper_long_penis,7,200,,Chưa có bản dịch
under_foot,7,200,,Chưa có bản dịch
fake_cow_ears,7,200,,Chưa có bản dịch
button_nose,0,200,,Chưa có bản dịch
pupils_only,7,200,,Chưa có bản dịch
cum_from_nipples,7,200,,Chưa có bản dịch
broken_horns,0,200,,Chưa có bản dịch
hand_to_mouth,7,199,,Chưa có bản dịch
blonde_armpit_hair,0,199,,Chưa có bản dịch
navel_tattoo,7,199,,Chưa có bản dịch
prehensile_ears,0,199,,Chưa có bản dịch
bent_ear,7,199,,Chưa có bản dịch
furry_arms,7,199,,Chưa có bản dịch
tail_around_body,7,199,,Chưa có bản dịch
muscular_chest,7,199,,Chưa có bản dịch
leg_fins,7,199,,Chưa có bản dịch
hand_wings,0,198,,Chưa có bản dịch
hair_to_fur,7,198,,Chưa có bản dịch
dark_fingers,7,198,,Ngón tay sẫm
licking_teeth,7,198,,Chưa có bản dịch
maple_leaf_hair_ornament,0,198,,Chưa có bản dịch
multicolored_nose,7,198,multi_tone_nose,Mũi nhiều màu
misplaced_genitals,0,197,,Chưa có bản dịch
on_breasts,7,197,,Chưa có bản dịch
steamy_anus,7,197,,Chưa có bản dịch
fin_hair,7,197,,Chưa có bản dịch
spotted_nose,7,197,,Chưa có bản dịch
inflated_breasts,7,197,,Chưa có bản dịch
anus_pocket,7,197,,Chưa có bản dịch
multicolored_inner_ear,7,197,multi_tone_inner_ear,Chưa có bản dịch
snake_head_tail,0,196,,Chưa có bản dịch
pumpkin_breasts,7,196,,Chưa có bản dịch
toothless_mouth,7,196,,Chưa có bản dịch
6_ears,7,196,six_ears,Chưa có bản dịch
feet_on_another's_face,0,196,,Chưa có bản dịch
shoulder_support,0,196,,Chưa có bản dịch
one_arm,7,196,,Chưa có bản dịch
leg_in_air,7,196,,Chưa có bản dịch
penis_rubbing,7,196,,Chưa có bản dịch
full-body_blush,0,195,,Chưa có bản dịch
elbow_on_another's_shoulder,0,195,,Chưa có bản dịch
convenient_hand,0,195,,Chưa có bản dịch
tail_around_another's_arm,0,195,,Chưa có bản dịch
bad_face,0,195,,Chưa có bản dịch
pink_pseudo_hair,7,195,,Chưa có bản dịch
jagged_teeth,7,195,,Chưa có bản dịch
insect_on_finger,0,195,,Chưa có bản dịch
food_on_legs,0,195,,Chưa có bản dịch
hand_on_moob,7,195,,Chưa có bản dịch
maroon_hair,7,195,,Chưa có bản dịch
no_genitals,0,195,,Chưa có bản dịch
body_zipper,7,194,,Chưa có bản dịch
turtle_penis,7,194,"tortoise_penis,turtle_cock,turtlecock",Chưa có bản dịch
hair_net,0,194,hairnet,Chưa có bản dịch
twitching_tail,7,194,,Chưa có bản dịch
lipstick_mark_on_arm,0,194,,Chưa có bản dịch
cruxis_wings_(tales),0,194,,Chưa có bản dịch
kiss_mark_on_chest,7,194,,Chưa có bản dịch
purple_chest,7,194,,Chưa có bản dịch
purple_armpit_hair,0,194,,Chưa có bản dịch
cat_ear-shaped_hair,0,193,,Chưa có bản dịch
innertube_with_ears,0,193,,Chưa có bản dịch
pouring_on_breasts,7,193,,Chưa có bản dịch
body_in_vagina,7,193,body_in_pussy,Chưa có bản dịch
hand_on_cane,0,193,,Chưa có bản dịch
hand_on_muzzle,7,192,,Chưa có bản dịch
arm_stripes,7,192,,Chưa có bản dịch
holding_in_mouth,7,192,,Chưa có bản dịch
wet_feet,7,192,,Chưa có bản dịch
hearts_around_entire_body,7,192,,Chưa có bản dịch
tied_to_foot,7,192,bound_to_foot,Chưa có bản dịch
nail_file,0,192,,Chưa có bản dịch
kiss_on_hand,7,192,"hand_kiss,hand_kissing",Chưa có bản dịch
ear_fondling,0,192,,Chưa có bản dịch
ear_barbell,7,192,,Chưa có bản dịch
cum_in_own_vagina,7,192,cum_in_own_pussy,Chưa có bản dịch
hyper_hands,7,191,,Chưa có bản dịch
face_on_breast,7,191,,Chưa có bản dịch
closing_eyes,0,191,,Chưa có bản dịch
badger_ears,0,191,,Chưa có bản dịch
belly_slapping_masturbation,7,191,,Chưa có bản dịch
cybernetic_face,7,191,,Chưa có bản dịch
blue_toe_claws,7,190,,Chưa có bản dịch
peeing_on_chest,7,190,,Chưa có bản dịch
yellow_toes,7,190,,Ngón chân vàng
grass_hair,7,190,,Chưa có bản dịch
narutomaki_hair_ornament,0,190,,Chưa có bản dịch
robotic_arms,7,190,,Chưa có bản dịch
no_penis,0,190,,Chưa có bản dịch
purple_toes,7,189,,Ngón chân tím
nude_micro,7,189,,Chưa có bản dịch
armadillo_ears,0,189,,Chưa có bản dịch
lifting_belly,7,189,,Chưa có bản dịch
alternate_tail,0,189,,Chưa có bản dịch
red-eye_effect,0,189,,Chưa có bản dịch
knot_in_mouth,7,189,,Chưa có bản dịch
tentacle_around_body,7,189,,Chưa có bản dịch
stretchy_belly,7,189,,Chưa có bản dịch
fluid-body,7,189,,Chưa có bản dịch
hair_clipper,0,189,trimmer,Chưa có bản dịch
huge_arms,7,188,,Cánh tay khổng lồ
arms_around_torso,7,188,,Chưa có bản dịch
glowing_nails,0,188,glowing_fingernails,Chưa có bản dịch
bone_wings,7,188,,Chưa có bản dịch
playful_face,7,188,,Chưa có bản dịch
raccoon_tails_(hairstyle),0,188,,Chưa có bản dịch
medium_penis,7,187,,Chưa có bản dịch
hair_on_shoulder,7,187,,Chưa có bản dịch
horn_sheath,7,187,,Chưa có bản dịch
badger_tail,0,187,,Chưa có bản dịch
christmas_ornaments_in_hair,0,187,,Chưa có bản dịch
pocketed_wings,7,187,,Chưa có bản dịch
hanging_on_arm,0,187,,Chưa có bản dịch
clothed_herm,7,187,"clothed_herm_nude_ambiguous,clothed_herm_nude_andromorph,clothed_herm_nude_anthro,clothed_herm_nude_female,clothed_herm_nude_gynomorph,clothed_herm_nude_herm,clothed_herm_nude_intersex,clothed_herm_nude_male,clothed_herm_nude_maleherm",Chưa có bản dịch
pen_to_mouth,0,187,,Chưa có bản dịch
foot_kabedon,0,187,leg_kabedon,Chưa có bản dịch
limp_arms,7,187,,Chưa có bản dịch
single_empty_eye,0,187,,Chưa có bản dịch
rings_on_arms,7,187,,Chưa có bản dịch
pupil,7,186,,Chưa có bản dịch
bite_mark_on_hand,0,186,,Chưa có bản dịch
remington_arms,0,186,,Chưa có bản dịch
teal_nails,7,186,,Chưa có bản dịch
pink_ear_tips,7,186,,Chưa có bản dịch
close_nipples,7,186,,Chưa có bản dịch
circle_eyes,7,186,,Chưa có bản dịch
mutsuki_face_(azur_lane),0,186,,Chưa có bản dịch
grabbing_own_flat_chest,0,186,,Chưa có bản dịch
rabbit_on_shoulder,0,186,bunny_on_shoulder,Chưa có bản dịch
foot_on_foot,7,185,,Chưa có bản dịch
precum_on_breasts,7,185,,Chưa có bản dịch
multi_face,7,185,,Chưa có bản dịch
tucked_legs,7,185,,Chưa có bản dịch
oral_on_backwards_penis,7,185,,Chưa có bản dịch
collaborative_heart_gesture,7,185,"collaborative_hand_heart,collaborative_handheart,joined_hand_heart,joined_handheart",Chưa có bản dịch
gazelle_horns,0,184,,Chưa có bản dịch
dark_wings,7,184,,Cánh sẫm
tongue_sheath,7,184,,Chưa có bản dịch
elbow_on_arm,0,184,,Chưa có bản dịch
wings_on_head,7,184,,Chưa có bản dịch
doll_hair_ornament,0,184,,Chưa có bản dịch
hairless_feet,7,184,,Chưa có bản dịch
wet_legs,7,184,,Chưa có bản dịch
cut_horn,7,184,,Chưa có bản dịch
eye_chart,0,184,,Chưa có bản dịch
tadpole_tail,0,184,,Chưa có bản dịch
axolotl_ears,0,184,,Chưa có bản dịch
onigiri_hair_ornament,0,184,,Chưa có bản dịch
penis_against_surface,7,184,,Chưa có bản dịch
hand_on_elbow,7,183,,Chưa có bản dịch
metallic_hair,7,183,,Chưa có bản dịch
long_teeth,7,183,,Răng dài
halo_horns,7,183,,Chưa có bản dịch
extra_tongue,0,183,,Chưa có bản dịch
tongue_swirl,7,183,,Chưa có bản dịch
three-finger_handjob,0,183,,Chưa có bản dịch
chest_on_pillow,0,183,,Chưa có bản dịch
dangling_arms,7,183,,Chưa có bản dịch
pumpkin_belly,7,183,,Chưa có bản dịch
held_by_tail,7,182,,Chưa có bản dịch
hyper_navel,7,182,,Chưa có bản dịch
chest_stand,0,182,,Chưa có bản dịch
urine_on_arm,7,182,urine_on_arms,Chưa có bản dịch
nose_expansion,7,182,,Chưa có bản dịch
threaded_by_tongue,7,182,,Chưa có bản dịch
pink_facial_hair,7,182,,Chưa có bản dịch
ice_hair,0,182,"frozen_hair,icicle_hair",Chưa có bản dịch
caprine_penis,7,182,"goat_penis,sheep_penis",Chưa có bản dịch
mismatched_arm_warmers,0,182,,Chưa có bản dịch
hand_held,7,181,,Chưa có bản dịch
ear_focus,0,181,"ear,ears_focus",Chưa có bản dịch
pen_in_mouth,0,181,,Chưa có bản dịch
mostly_nude_andromorph,7,181,,Chưa có bản dịch
nipples_out_of_frame,0,181,,Chưa có bản dịch
mottled_tongue,7,181,,Chưa có bản dịch
smegma_on_penis,7,180,,Chưa có bản dịch
glistening_wings,7,180,shiny_wings,Chưa có bản dịch
chinchilla_tail,0,180,,Chưa có bản dịch
air_valve_navel,7,180,,Chưa có bản dịch
belted_leg_warmers,0,180,,Chưa có bản dịch
tail_on_face,0,180,,Chưa có bản dịch
missing_hand,7,179,one_hand,Chưa có bản dịch
transparent_hand,0,179,,Chưa có bản dịch
nipple_cutouts,7,179,,Chưa có bản dịch
butterfly_on_face,0,179,,Chưa có bản dịch
crows_feet,7,179,,Chưa có bản dịch
trimmed_tail,0,179,,Chưa có bản dịch
shoulder_lick,7,179,,Chưa có bản dịch
fanned_tail_tip,7,179,,Chưa có bản dịch
milk_on_breasts,7,179,,Chưa có bản dịch
eevee_tail,0,178,,Chưa có bản dịch
threaded_by_body,7,178,,Chưa có bản dịch
cartoon_wings,0,178,,Chưa có bản dịch
petal_in_mouth,0,178,,Chưa có bản dịch
eye_drops,0,178,eyedrops,Chưa có bản dịch
multicolored_sclera,0,178,"multi_tone_sclera,multicolored_eye_membrane,multicolored_eye_white,multicolored_eye_whites,multicolored_outer_eye,multicolored_sclerotic_coat,multicolored_white_of_the_eye,multicolored_white_of_the_eyes,multicolored_whites_of_the_eye,multicolored_whites_of_the_eyes",Chưa có bản dịch
eye_slugger,0,178,,Chưa có bản dịch
muscular_arm,7,178,,Chưa có bản dịch
dull_eyes,7,178,glazed_eyes,Chưa có bản dịch
hand_on_another's_tail,0,178,,Chưa có bản dịch
picking_teeth,7,178,,Chưa có bản dịch
penis_on_table,7,178,,Chưa có bản dịch
hair_heart,7,178,,Chưa có bản dịch
looking_at_own_hand,7,177,,Chưa có bản dịch
one_leg_on_ground,7,177,,Chưa có bản dịch
holding_hands_is_lewd,0,177,,Chưa có bản dịch
camel_ears,0,177,,Chưa có bản dịch
robot_penis,7,177,,Chưa có bản dịch
mutsuki_face_(blue_archive),0,177,,Chưa có bản dịch
eye_in_mouth,0,177,,Chưa có bản dịch
arms_back,7,177,,Chưa có bản dịch
triangle-shaped_hair,0,177,,Chưa có bản dịch
poking_own_breast,0,177,,Chưa có bản dịch
foot_on_breast,7,177,"feet_on_breast,feet_on_breasts,foot_on_breasts",Chưa có bản dịch
penis_on_back,7,177,,Chưa có bản dịch
pink_genital_slit,7,177,,Chưa có bản dịch
coiling_around_torso,7,176,,Chưa có bản dịch
liquid_from_eyes,0,176,,Chưa có bản dịch
scribble_eyes,7,176,,Chưa có bản dịch
heart_shaped_tail,7,176,,Chưa có bản dịch
no_fingers,0,176,,Chưa có bản dịch
ofuda_on_leg,0,176,,Chưa có bản dịch
belly_eye,7,176,,Chưa có bản dịch
green_toe_claws,7,176,,Chưa có bản dịch
glowing_chest,0,176,,Chưa có bản dịch
nude_fight,7,176,,Chưa có bản dịch
hair_on_penis,0,176,,Chưa có bản dịch
shrimp_tail,0,176,,Chưa có bản dịch
half_chest_guard,0,176,,Chưa có bản dịch
toe_tuft,7,176,,Chưa có bản dịch
rubbing_breast,7,176,,Chưa có bản dịch
diaper_on_face,7,175,,Chưa có bản dịch
shaggy_fur,7,175,,Chưa có bản dịch
legs_around_head,7,175,,Chưa có bản dịch
leaves_in_hair,7,175,,Chưa có bản dịch
valve_nipple,7,175,,Chưa có bản dịch
orange_leg_warmers,0,175,,Chưa có bản dịch
penis_hot_dog,0,175,,Chưa có bản dịch
gastropod_penis,7,175,,Chưa có bản dịch
nipple_tattoo,7,175,nipple_tattoos,Chưa có bản dịch
arms_bound_behind_back,7,175,,Chưa có bản dịch
swallowing_penis_while_deepthroat,7,175,,Chưa có bản dịch
speckled_fur,7,175,,Chưa có bản dịch
feces_on_tail,7,175,,Chưa có bản dịch
breast_grab_from_behind,7,175,,Chưa có bản dịch
genital_removal,7,175,,Chưa có bản dịch
body_onahole,0,175,artificial_vagina_with_body,Chưa có bản dịch
double_devil_horns_(gesture),7,175,,Chưa có bản dịch
arms_outstretched,7,174,,Chưa có bản dịch
grabbing_own_penis,7,174,,Chưa có bản dịch
countershade_fingers,7,174,,Chưa có bản dịch
yellow_pseudo_hair,7,174,,Chưa có bản dịch
demonic_eyes,7,174,,Chưa có bản dịch
horn_magic,7,174,,Chưa có bản dịch
gradient_legs,7,174,,Chưa có bản dịch
tail_fondling,0,174,,Chưa có bản dịch
translucent_breasts,7,174,,Chưa có bản dịch
large_feet,0,174,,Bàn chân lớn
nipple_shield,0,174,,Chưa có bản dịch
tentacle_on_nipple,7,174,,Chưa có bản dịch
rubbing_eye,7,174,,Chưa có bản dịch
finger_on_tongue,7,174,,Chưa có bản dịch
metal_teeth,7,174,,Chưa có bản dịch
stretched_ears,7,173,,Chưa có bản dịch
hair_weapon,0,173,,Chưa có bản dịch
forced_open_mouth,7,173,,Chưa có bản dịch
leg_stripes,7,173,,Chưa có bản dịch
covering_body,0,173,,Chưa có bản dịch
two-tone_leg_warmers,0,173,,Chưa có bản dịch
breast_overflow,7,173,,Chưa có bản dịch
arms_around_another,7,173,,Chưa có bản dịch
hand_sonic,0,173,,Chưa có bản dịch
two_tone_pseudo_hair,7,173,,Chưa có bản dịch
water_drop_hair_ornament,0,173,,Chưa có bản dịch
slapping_with_penis,0,173,,Chưa có bản dịch
triangular_ears,7,173,,Chưa có bản dịch
breast_pull,0,172,,Chưa có bản dịch
convenient_breasts,0,172,,Chưa có bản dịch
holding_detached_hair,0,172,holding_severed_hair,Chưa có bản dịch
glowing_tail_tip,7,172,,Chưa có bản dịch
leg_on_another's_shoulder,0,172,,Chưa có bản dịch
syringe_hair_ornament,0,172,,Chưa có bản dịch
scuted_tail,7,172,tail_scutes,Chưa có bản dịch
growing_out_of_body,0,172,,Chưa có bản dịch
6_hands,7,172,six_hands,Chưa có bản dịch
heart_hands_over_eye,0,172,,Chưa có bản dịch
torn_wing,7,171,,Chưa có bản dịch
touching_breasts,7,171,,Chưa có bản dịch
glowing_face,7,171,,Chưa có bản dịch
sprinkles_on_tail,7,171,,Chưa có bản dịch
stitched_body,7,171,,Chưa có bản dịch
grenade_pin_in_mouth,0,171,,Chưa có bản dịch
500_dollar_four_foot_tall_mareep_(meme),0,170,"500_dollar_four_foot_tall_mareep,ah_yes_me_my_girlfriend_and_her_(meme)",Chưa có bản dịch
precum_on_chest,7,170,,Chưa có bản dịch
anus_held_open,7,170,,Chưa có bản dịch
twiddling_fingers,0,170,,Chưa có bản dịch
pole_between_breasts,0,170,,Chưa có bản dịch
purple_pseudo_hair,7,170,,Chưa có bản dịch
holding_both_breasts,7,170,,Chưa có bản dịch
heart_eye_patch,7,170,,Chưa có bản dịch
capybara_ears,0,170,,Chưa có bản dịch
small_body,7,169,,Cơ thể nhỏ
grabbing_own_tail,0,169,,Chưa có bản dịch
holding_mouth_open,7,169,,Chưa có bản dịch
lenny_face,0,169,,Chưa có bản dịch
banded_tail,7,169,,Chưa có bản dịch
brown_tail_feathers,7,169,,Chưa có bản dịch
unusual_mouth_placement,7,169,,Chưa có bản dịch
breast_slap,7,168,"boob_slap,boob_slapping,boobs_slap,boobs_slapping,breast_slapping,breasts_slap,breasts_slapping,slapping_boob,slapping_boobs,slapping_breast,slapping_tit,slapping_tits,tit_slap,tit_slapping,tits_slap,tits_slapping",Chưa có bản dịch
horizontal_navel,0,168,,Chưa có bản dịch
tail_gem,7,168,,Chưa có bản dịch
dragon_on_shoulder,0,168,,Chưa có bản dịch
resting_on_arms,7,168,,Chưa có bản dịch
fluffy_hands,0,168,,Bàn tay bồng bềnh
penis_imprint,7,168,,Chưa có bản dịch
nipple_leash,0,168,,Chưa có bản dịch
coiling_around_leg,7,168,,Chưa có bản dịch
multiple_penis_fellatio,0,168,,Chưa có bản dịch
safety_pin_hair_ornament,0,168,,Chưa có bản dịch
crocodile_hair_ornament,0,168,,Chưa có bản dịch
foot_on_shoulder,7,168,,Chưa có bản dịch
eyes_closing,7,168,,Chưa có bản dịch
bandage_in_mouth,0,168,,Chưa có bản dịch
hand_on_forehead,7,167,,Chưa có bản dịch
forked_penis,7,167,,Chưa có bản dịch
bicolored_fur,7,167,,Chưa có bản dịch
anatomy_reference,7,167,,Chưa có bản dịch
teasing_with_tail,7,167,,Chưa có bản dịch
orange_tail_tuft,7,167,,Chưa có bản dịch
tamandua_tail,0,167,,Chưa có bản dịch
feather_fingers,0,167,,Chưa có bản dịch
finger_in_own_ear,0,167,,Chưa có bản dịch
topless_to_nude,7,167,,Chưa có bản dịch
face_slap,7,167,,Chưa có bản dịch
eye_color_transformation,7,167,,Chưa có bản dịch
bulbous_nose,7,167,,Chưa có bản dịch
hands_on_sides,7,167,,Chưa có bản dịch
leg_torture,7,167,,Chưa có bản dịch
penis_on_feet,7,167,,Chưa có bản dịch
spitting_in_mouth,7,167,,Chưa có bản dịch
white_fur_tuft,7,167,,Chưa có bản dịch
tail_around_another,7,166,,Chưa có bản dịch
possum_ears,0,166,opossum_ears,Chưa có bản dịch
text_hair_ornament,0,166,,Chưa có bản dịch
presenting_camel_toe,7,166,,Chưa có bản dịch
navel_stimulation,0,166,,Chưa có bản dịch
foot_against_foot,7,166,,Chưa có bản dịch
licking_another's_hand,0,166,,Chưa có bản dịch
kissing_leg,0,166,leg_kiss,Chưa có bản dịch
multi_body,7,166,,Chưa có bản dịch
inside_anus,7,166,,Chưa có bản dịch
bald_tail,7,166,,Chưa có bản dịch
broken_legs,7,166,,Chưa có bản dịch
penis_through_neckhole,7,166,,Chưa có bản dịch
face_closeup,7,166,,Chưa có bản dịch
poking_with_penis,0,166,,Chưa có bản dịch
segmented_penis,7,165,,Chưa có bản dịch
horse_anus,0,165,,Chưa có bản dịch
hand_on_own_shin,7,165,,Chưa có bản dịch
anus_on_glass,7,165,,Chưa có bản dịch
bunny_ears_(gesture),7,165,"bunny_ears_gesture,cuckold's_horns,cuckold_horns,cuckolds_horns",Chưa có bản dịch
detailed_feet,7,165,,Chưa có bản dịch
metal_tail,7,165,,Chưa có bản dịch
detached_eyes,0,164,,Chưa có bản dịch
navel_lick,7,164,"lick_navel,navel_licking",Chưa có bản dịch
ironic_fake_ears,7,164,,Chưa có bản dịch
finger_to_another's_nose,0,164,,Chưa có bản dịch
saliva_on_chest,7,164,,Chưa có bản dịch
grey_genitals,7,164,,Chưa có bản dịch
pinching_own_nipple,7,164,,Chưa có bản dịch
button_hair_ornament,0,164,,Chưa có bản dịch
speaker_ears,7,164,,Chưa có bản dịch
brush_tail,7,164,,Chưa có bản dịch
huge_muscle,7,164,,Chưa có bản dịch
holding_mouth,7,163,,Chưa có bản dịch
navel_barbell,7,163,,Chưa có bản dịch
hand_over_another's_eyes,0,163,,Chưa có bản dịch
penis_in_uterus,7,163,penis_in_womb,Chưa có bản dịch
teal_eyebrows,7,163,,Chưa có bản dịch
tentacles_around_body,7,163,,Chưa có bản dịch
skin_sheath,7,163,,Chưa có bản dịch
hands_in_lap,7,163,,Chưa có bản dịch
two-sided_horns,0,163,,Chưa có bản dịch
penis_arm,7,163,"arm_penis,penis_arms",Chưa có bản dịch
chiropteran_penis,7,163,bat_penis,Chưa có bản dịch
suspenders_on_nipples,7,163,,Chưa có bản dịch
slapping_breasts,0,162,,Chưa có bản dịch
belly_pinch,7,162,pinching_belly,Chưa có bản dịch
orange_pseudo_hair,7,162,,Chưa có bản dịch
hand_on_tongue,7,162,,Chưa có bản dịch
sparkling_body,7,162,,Chưa có bản dịch
spreading_another's_legs,0,162,,Chưa có bản dịch
facial_hair_growth,7,162,,Chưa có bản dịch
dangling_eye,0,162,,Chưa có bản dịch
dark_tongue,7,162,,Lưỡi sẫm
penis_in_own_vagina,7,162,penis_in_own_pussy,Chưa có bản dịch
horn_removal,7,162,,Chưa có bản dịch
ear_fur,7,161,,Chưa có bản dịch
hand_on_another,7,161,,Chưa có bản dịch
vertical_mouth,0,161,,Chưa có bản dịch
wrinkled_penis,7,161,,Chưa có bản dịch
kiss_on_foot,7,161,"feet_kiss,feet_kissing,foot_kiss,foot_kissing,kissing_feet",Chưa có bản dịch
spider_legs,7,161,,Chưa có bản dịch
brushing_fur,7,161,fur_brushing,Chưa có bản dịch
weapon_across_shoulders,0,161,,Chưa có bản dịch
egg_belly,7,161,,Chưa có bản dịch
vulva_for_mouth,7,161,mouth_pussy,Chưa có bản dịch
black_nose_horn,7,161,,Chưa có bản dịch
dark_nails,7,161,,Chưa có bản dịch
black_pseudo_hair,7,161,,Chưa có bản dịch
body_expansion,7,161,,Chưa có bản dịch
ruined_anus,7,161,,Chưa có bản dịch
flowing_tail,7,160,,Chưa có bản dịch
tan_pseudo_hair,7,160,,Chưa có bản dịch
touching_foot,7,160,touching_feet,Chưa có bản dịch
bullet_in_mouth,0,160,,Chưa có bản dịch
biting_another's_lip,0,160,,Chưa có bản dịch
tickling_ears,0,160,,Chưa có bản dịch
covering_ears,7,160,,Chưa có bản dịch
chicken_wing,0,160,,Chưa có bản dịch
glistening_fingers,7,160,,Chưa có bản dịch
glistening_nails,7,160,shiny_nails,Chưa có bản dịch
finger_to_own_nose,0,159,,Chưa có bản dịch
beaded_penis,0,159,,Chưa có bản dịch
handles_on_shoulders,7,159,,Chưa có bản dịch
reptilian_tail,7,159,,Chưa có bản dịch
botanical_penis,7,159,"floral_penis,flower_penis,plant_penis",Chưa có bản dịch
torn_body,7,159,,Chưa có bản dịch
breast_on_head,7,159,boobs_on_head,Chưa có bản dịch
muscle_envy,0,159,,Chưa có bản dịch
sweaty_fur,7,159,,Chưa có bản dịch
lube_on_breasts,0,159,,Chưa có bản dịch
holding_own_ears,0,159,,Chưa có bản dịch
scissored_leg_glider_position,7,159,,Chưa có bản dịch
arms_around_shoulders,7,159,,Chưa có bản dịch
10_legs,7,159,"10_legged,ten_legged,ten_legs",Chưa có bản dịch
tail_tickle,7,159,,Chưa có bản dịch
arm_cast,0,158,,Chưa có bản dịch
no_eyelashes,7,158,,Chưa có bản dịch
adjusting_hair_ornament,0,158,,Chưa có bản dịch
goo_tail,7,158,,Chưa có bản dịch
foot_on_own_balls,7,158,,Chưa có bản dịch
equine_ears,7,158,,Chưa có bản dịch
sharp_fingers,7,158,,Chưa có bản dịch
on_face,7,158,,Chưa có bản dịch
shaky_legs,7,158,,Chưa có bản dịch
fur-trimmed_arm_warmers,0,158,,Chưa có bản dịch
fur_tattoo,7,158,,Chưa có bản dịch
penis_on_balls,7,157,,Chưa có bản dịch
star_tipped_tail,7,157,,Chưa có bản dịch
standing_on_penis,7,157,,Chưa có bản dịch
cum_on_torso,7,157,,Chưa có bản dịch
glistening_pseudo_hair,7,157,,Chưa có bản dịch
body_tuft,7,157,,Chưa có bản dịch
drying_fur,7,157,,Chưa có bản dịch
foot_on_bulge,7,157,,Chưa có bản dịch
barbed_equine_penis,7,157,,Chưa có bản dịch
pride_color_hair,7,157,,Chưa có bản dịch
hand_on_own_back,0,157,,Chưa có bản dịch
orange_chest,7,157,,Chưa có bản dịch
prosthetic_tail,7,156,"prosthetic_tails,tail_prostheses,tail_prosthesis,tail_prosthetic,tail_prosthetics",Chưa có bản dịch
hand_on_own_opposite_hip,0,156,,Chưa có bản dịch
paint_on_fingers,0,156,,Chưa có bản dịch
face_hug,0,156,,Chưa có bản dịch
black_pseudo-penis,7,156,,Chưa có bản dịch
black_chest_hair,7,156,,Chưa có bản dịch
belly_on_table,7,156,,Chưa có bản dịch
hand_towel,0,156,handtowel,Chưa có bản dịch
blinking_inside_eyes,0,156,,Chưa có bản dịch
mostly_nude_herm,7,156,,Chưa có bản dịch
side_horns,0,156,,Chưa có bản dịch
unusual_horn,7,156,"exotic_horn,exotic_horns,unusual_horns",Chưa có bản dịch
penis_on_chest,7,156,,Chưa có bản dịch
tabby_fur,7,155,,Chưa có bản dịch
hugging_leg,7,155,,Chưa có bản dịch
belly_fondling,7,155,,Chưa có bản dịch
horn_cover,0,155,,Chưa có bản dịch
lightning_bolt-shaped_pupils,0,155,,Chưa có bản dịch
offering_hand_to_another,0,155,,Chưa có bản dịch
robot_arms,7,155,,Chưa có bản dịch
leg_blush,7,155,,Chưa có bản dịch
hand_tail,0,155,,Chưa có bản dịch
small_anus,7,155,,Chưa có bản dịch
black_feather_hair,7,155,,Chưa có bản dịch
string_in_mouth,0,155,,Chưa có bản dịch
long_finger,0,155,,Chưa có bản dịch
rainbow_ears,7,155,,Chưa có bản dịch
twitter_rabbit_ears_(meme),0,155,,Chưa có bản dịch
opposable_toes,7,155,,Chưa có bản dịch
bent_ears,7,155,,Chưa có bản dịch
iridescent_wings,7,154,,Chưa có bản dịch
nipple_stud,7,154,"nipple_studs,nipplestud,nipplestuds",Chưa có bản dịch
ear_cuff,7,154,,Chưa có bản dịch
auxiliary_nipple,7,154,,Chưa có bản dịch
grabbing_another's_wing,0,154,,Chưa có bản dịch
spotted_breasts,7,154,,Chưa có bản dịch
lemur_ears,0,154,,Chưa có bản dịch
lemur_tail,0,154,,Chưa có bản dịch
box_body,0,154,,Chưa có bản dịch
finger_markings,7,154,,Chưa có bản dịch
multi_hair_tones,7,154,,Chưa có bản dịch
gun_between_breasts,0,154,,Chưa có bản dịch
paint_in_hair,0,154,,Chưa có bản dịch
censored_feet,0,154,,Chưa có bản dịch
sparse_ass_hair,0,154,,Chưa có bản dịch
tail_around_balls,7,154,,Chưa có bản dịch
penis_between_feet,7,154,,Chưa có bản dịch
headphones_for_animal_ears,0,153,,Chưa có bản dịch
rubbing_chest,7,153,,Chưa có bản dịch
hair_in_another's_mouth,0,153,,Chưa có bản dịch
leash_in_own_mouth,7,153,,Chưa có bản dịch
hugging_with_one_arm,0,153,,Chưa có bản dịch
whale_tail_(fashion),7,153,,Chưa có bản dịch
hole_in_ear,7,153,,Chưa có bản dịch
tail_around_own_waist,0,153,,Chưa có bản dịch
penis_between_forepaws,7,153,,Chưa có bản dịch
hands_around_waist,7,153,,Chưa có bản dịch
bear_trap_teeth,7,153,,Chưa có bản dịch
teal_mouth,7,153,,Chưa có bản dịch
face_in_belly,7,152,,Chưa có bản dịch
urine_on_tongue,7,152,,Chưa có bản dịch
huge_horn,7,152,,Chưa có bản dịch
urine_on_foot,7,152,urine_on_feet,Chưa có bản dịch
purple_genitals,7,152,,Chưa có bản dịch
obstructed_eyes,7,152,,Chưa có bản dịch
excessive_body_hair,7,152,,Chưa có bản dịch
grabbing_hand,7,152,,Chưa có bản dịch
bangs_blown_up,0,152,,Chưa có bản dịch
smegma_in_mouth,0,152,,Chưa có bản dịch
tall_ears,7,152,,Chưa có bản dịch
tied_nipples,0,152,,Chưa có bản dịch
internal_penis,7,152,,Chưa có bản dịch
upright_ahoge,0,151,,Chưa có bản dịch
lapwing_face_tracking_redraws,0,151,,Chưa có bản dịch
gem-studded_nails,0,151,,Chưa có bản dịch
penis_face,0,151,,Chưa có bản dịch
under_belly,7,151,,Chưa có bản dịch
finger_on_face,7,151,,Chưa có bản dịch
hyper_armpit_hair,7,151,,Chưa có bản dịch
ear_play,7,151,,Chưa có bản dịch
multicolored_nipples,7,151,,Chưa có bản dịch
slapping_own_belly,7,150,,Chưa có bản dịch
x_eye,0,150,,Chưa có bản dịch
foot_on_weapon,0,150,,Chưa có bản dịch
fur_rug,0,150,,Chưa có bản dịch
hands_on_another's_thigh,0,150,,Chưa có bản dịch
arms_around_self,0,150,,Chưa có bản dịch
eyes_of_horus_(warhammer_40k),0,150,,Chưa có bản dịch
touching_nipples,7,149,,Chưa có bản dịch
wing_tuft,7,149,wing_tufts,Chưa có bản dịch
nipple_injection,0,149,,Chưa có bản dịch
veiny_skin,7,149,,Chưa có bản dịch
prosthetic_ear,0,149,,Chưa có bản dịch
grinding_on_face,7,149,,Chưa có bản dịch
blue_feather_hair,7,149,,Chưa có bản dịch
sex_toy_in_nipple,7,149,,Chưa có bản dịch
foot_on_another's_back,0,149,,Chưa có bản dịch
hands_under_breasts,7,149,,Chưa có bản dịch
green_tail_tuft,7,149,,Chưa có bản dịch
brown_eyelashes,7,149,,Chưa có bản dịch
arms_held,7,149,,Chưa có bản dịch
eye_glitter,0,149,,Chưa có bản dịch
horn_speaker,0,149,,Chưa có bản dịch
mechanical_foot,0,148,,Chưa có bản dịch
monotone_mouth,7,148,,Chưa có bản dịch
1_arm,7,148,,Chưa có bản dịch
bound_wings,0,148,,Chưa có bản dịch
balls_on_breasts,7,148,,Chưa có bản dịch
peeking_nipple,7,148,,Chưa có bản dịch
foot_against_wall,0,148,,Chưa có bản dịch
butterfly_on_shoulder,0,148,,Chưa có bản dịch
eyebrow_stud,7,148,,Chưa có bản dịch
teal_horn,7,148,teal_horns,Chưa có bản dịch
lip_sync,0,148,,Chưa có bản dịch
equine_penis_with_foreskin,7,148,,Chưa có bản dịch
fat_face,7,148,,Chưa có bản dịch
tan_ear_tips,7,148,,Chưa có bản dịch
wooden_horn,7,148,"wood_horn,wood_horns,wooden_horns",Chưa có bản dịch
leg_twitch,7,148,,Chưa có bản dịch
hand_in_another's_pocket,0,147,,Chưa có bản dịch
pride_color_face_paint,7,147,,Chưa có bản dịch
leg_around_partner,7,147,,Chưa có bản dịch
cat_nose,7,147,,Mũi mèo
finger_in_foreskin,7,147,,Chưa có bản dịch
precum_on_belly,7,147,,Chưa có bản dịch
blood_on_tail,0,147,,Chưa có bản dịch
light_tuft,7,147,light_tufts,Chưa có bản dịch
single_blank_eye,0,147,,Chưa có bản dịch
arms_on_another's_shoulder,0,147,,Chưa có bản dịch
huge_eyes,7,147,,Mắt khổng lồ
horn_(e.g.o),0,147,,Chưa có bản dịch
hind_toe,7,147,,Chưa có bản dịch
donkey_tail,0,147,,Chưa có bản dịch
red_torso,7,147,,Chưa có bản dịch
hiding_breasts,7,147,,Chưa có bản dịch
triangular_anus,0,146,,Chưa có bản dịch
nose_lick,7,146,,Chưa có bản dịch
insect_legs,7,146,,Chưa có bản dịch
covered_eye,7,146,,Chưa có bản dịch
resting_on_arm,7,146,,Chưa có bản dịch
tail_fur,7,146,,Chưa có bản dịch
leaves_on_arms,7,146,,Chưa có bản dịch
no_toes,0,146,,Chưa có bản dịch
hand_on_pole,7,146,,Chưa có bản dịch
swirling_eyes,7,146,,Chưa có bản dịch
smoking_eyes,7,146,,Chưa có bản dịch
tail_outside_mouth,7,146,,Chưa có bản dịch
pink_hair_tips,7,146,,Chưa có bản dịch
dragonfly_hair_ornament,0,146,,Chưa có bản dịch
skull-shaped_pupils,0,146,,Chưa có bản dịch
penis_hug,0,146,,Chưa có bản dịch
hand_on_abs,7,146,,Chưa có bản dịch
short_penis,7,146,,Chưa có bản dịch
flushed_face,7,145,,Chưa có bản dịch
hand_expansion,7,145,,Chưa có bản dịch
ponytail_over_shoulder,0,145,,Chưa có bản dịch
striped_inner_ear,7,145,,Chưa có bản dịch
fluffy_wings,7,145,,Cánh bồng bềnh
urine_on_tail,7,145,,Chưa có bản dịch
clenching_anus,7,145,,Chưa có bản dịch
tail_to_collar,7,145,,Chưa có bản dịch
tentacle_in_navel,7,145,,Chưa có bản dịch
fossa_penis,7,145,,Chưa có bản dịch
sparkling_tail,7,145,"glittering_tail,sparkly_tail",Chưa có bản dịch
light_toes,7,145,,Ngón chân nhạt
leg_restraint,7,144,,Chưa có bản dịch
double_arm_grab,7,144,,Chưa có bản dịch
two_tone_tuft,7,144,two_tone_tufts,Chưa có bản dịch
hand_wave,0,144,,Chưa có bản dịch
cum_dripping_from_face,7,144,,Chưa có bản dịch
touching_tail,0,144,,Chưa có bản dịch
logo_hair_ornament,0,144,,Chưa có bản dịch
honeypot_breasts,7,144,,Chưa có bản dịch
body_wraps,7,144,,Chưa có bản dịch
kissing_breast,0,144,breast_kiss,Chưa có bản dịch
prey_in_mouth,7,144,,Chưa có bản dịch
night_sky_body,7,144,,Chưa có bản dịch
naked_poncho,0,144,,Chưa có bản dịch
heart_hands_trio,0,144,,Chưa có bản dịch
breast_punch,0,144,"boob_punch,tit_punch",Chưa có bản dịch
artificial_wings,0,144,,Chưa có bản dịch
flipper_hands,7,143,,Chưa có bản dịch
vibrators_on_nipples,7,143,,Chưa có bản dịch
stethoscope_between_breasts,0,143,,Chưa có bản dịch
lime_hair_ornament,0,143,,Chưa có bản dịch
hair_strands,7,143,,Chưa có bản dịch
monster_penis,0,143,,Chưa có bản dịch
elbow_fur,7,143,,Chưa có bản dịch
rectangular_eyes,0,143,,Chưa có bản dịch
fairy_tail_logo,0,143,,Chưa có bản dịch
ears_flat,7,143,,Chưa có bản dịch
brown_toe_claws,7,143,,Chưa có bản dịch
rubbing_nose,0,143,,Chưa có bản dịch
leg_cuff,7,143,,Chưa có bản dịch
arm_freckles,0,143,,Chưa có bản dịch
tail_plates,7,142,,Chưa có bản dịch
in-ear_earphones,0,142,,Chưa có bản dịch
tail_penetration,7,142,,Chưa có bản dịch
hand_on_another's_nape,0,142,,Chưa có bản dịch
fingers_on_penis,7,142,,Chưa có bản dịch
crab_hair_ornament,0,142,,Chưa có bản dịch
pussy_tuft,7,142,,Chưa có bản dịch
clitoris_to_nipple,7,142,,Chưa có bản dịch
lower_lip_only,0,142,,Chưa có bản dịch
fur-trimmed_poncho,0,142,,Chưa có bản dịch
green_eyelashes,7,142,,Chưa có bản dịch
holding_object_with_tail,7,142,,Chưa có bản dịch
puffed_tail,7,142,,Chưa có bản dịch
hair_around_horn,0,142,,Chưa có bản dịch
money_between_breasts,0,142,,Chưa có bản dịch
hearts_around_upper_body,7,142,,Chưa có bản dịch
striated_muscles,7,142,,Chưa có bản dịch
nipple_clamp_pull,7,141,,Chưa có bản dịch
nipple_chain_to_collar,7,141,,Chưa có bản dịch
holding_by_tail,7,141,,Chưa có bản dịch
nipple_suction,7,141,,Chưa có bản dịch
8_tails,7,141,"8_tailed,eight_tailed,eight_tails",Chưa có bản dịch
holding_legs_open,7,141,,Chưa có bản dịch
legs_out_of_water,7,141,,Chưa có bản dịch
hand_on_partner's_chest,7,141,,Chưa có bản dịch
chubby_face,7,141,,Chưa có bản dịch
hand_out,7,141,,Chưa có bản dịch
vertical_anus,0,141,,Chưa có bản dịch
grinding_on_tongue,7,141,,Chưa có bản dịch
grey_tail_tuft,7,141,gray_tail_tuft,Chưa có bản dịch
tail_slap,7,141,,Chưa có bản dịch
fur-trimmed_wrist_cuffs,0,141,,Chưa có bản dịch
fur-trimmed_shawl,0,141,,Chưa có bản dịch
purple_hair_tips,7,141,,Chưa có bản dịch
platform_leg_glider_position,7,141,,Chưa có bản dịch
bandaid_on_eye,0,141,,Chưa có bản dịch
breasts_on_lap,7,140,,Chưa có bản dịch
cupped_hands,7,140,,Chưa có bản dịch
elastic_body,7,140,,Chưa có bản dịch
tapping_shoulder,0,140,,Chưa có bản dịch
numbered_ear_tag,7,140,,Chưa có bản dịch
hand_over_shoulder,7,140,,Chưa có bản dịch
shadowed_face,7,140,,Chưa có bản dịch
blueberry_hair_ornament,0,140,,Chưa có bản dịch
penis_squish,7,140,,Chưa có bản dịch
feces_on_chest,7,140,,Chưa có bản dịch
butt_on_face,7,140,,Chưa có bản dịch
blue_finger_claws,7,139,,Chưa có bản dịch
tail_wiggle,7,139,,Chưa có bản dịch
poking_nose,0,139,,Chưa có bản dịch
grey_genital_slit,7,139,,Chưa có bản dịch
tail_on_leg,7,139,,Chưa có bản dịch
navy_fur,7,139,,Chưa có bản dịch
blowing_nose,0,139,,Chưa có bản dịch
airplane_hair_ornament,0,139,,Chưa có bản dịch
fourth_position_of_the_arms,0,139,,Chưa có bản dịch
disembodied_finger,0,139,,Chưa có bản dịch
hand_over_breast,7,139,,Chưa có bản dịch
nude_library,7,139,,Chưa có bản dịch
equine_legs,7,139,,Chưa có bản dịch
huge_hair_bun,0,139,,Chưa có bản dịch
arms_on_legs,7,139,,Chưa có bản dịch
arthropod_tail,0,139,,Chưa có bản dịch
tawny_fur,7,139,,Chưa có bản dịch
plant_horn,7,138,,Chưa có bản dịch
nipple_zipper,0,138,,Chưa có bản dịch
alternate_wing_color,0,138,,Chưa có bản dịch
disembodied_arm,0,138,,Chưa có bản dịch
disembodied_tail,7,138,,Chưa có bản dịch
translucent_skin,7,138,"see-through_skin,see_through_skin,seethrough_skin,transparent_skin",Chưa có bản dịch
head_in_hands,7,138,,Chưa có bản dịch
eye_color_change,7,138,,Chưa có bản dịch
tail_wrapped_around_leg,7,137,,Chưa có bản dịch
ear_tattoo,7,137,,Chưa có bản dịch
ear_up,7,137,,Chưa có bản dịch
eye_pov,0,137,,Chưa có bản dịch
ear_bell,7,137,,Chưa có bản dịch
penis_in_hand,7,137,cock_in_hand,Chưa có bản dịch
mismatched_armpit_hair,0,137,,Chưa có bản dịch
stitched_tongue,0,137,,Chưa có bản dịch
yellow_genitals,7,137,,Chưa có bản dịch
card_hand,7,137,,Chưa có bản dịch
scar_on_ear,0,137,,Chưa có bản dịch
bird_on_leg,0,137,,Chưa có bản dịch
long_tail_feathers,7,137,,Chưa có bản dịch
hand_saw,0,137,,Chưa có bản dịch
ufo_hair_ornament,0,137,,Chưa có bản dịch
latex_leg_warmers,7,137,,Chưa có bản dịch
looking_at_tail,0,137,,Chưa có bản dịch
nipple_focus,7,137,,Chưa có bản dịch
shedding_fur,0,137,,Chưa có bản dịch
stylized_eyes,7,136,,Chưa có bản dịch
the_north_face,0,136,,Chưa có bản dịch
breasts_in_a_box,0,136,tits_in_a_box,Chưa có bản dịch
markings_on_body,7,136,,Chưa có bản dịch
arms_down,7,136,,Chưa có bản dịch
quad_hair_rings,0,136,,Chưa có bản dịch
blood_on_belly,7,136,,Chưa có bản dịch
biting_hand,7,136,,Chưa có bản dịch
sleeping_with_eyes_open,0,136,,Chưa có bản dịch
constellation_hair_ornament,0,136,,Chưa có bản dịch
light_inner_ear_fluff,7,136,,Chưa có bản dịch
grater,0,136,hand_grater,Chưa có bản dịch
tail_on_shoulder,7,136,,Chưa có bản dịch
very_long_penis,7,136,,Chưa có bản dịch
diamond_eyes,7,136,,Chưa có bản dịch
hands_on_neck,7,136,,Chưa có bản dịch
gazelle_tail,0,136,oryx_tail,Chưa có bản dịch
elephant_toes,7,136,,Chưa có bản dịch
looking_down_at_breasts,7,136,,Chưa có bản dịch
seductive_mouth,7,136,,Chưa có bản dịch
udder_breasts,7,136,,Chưa có bản dịch
chrome_body,7,136,,Chưa có bản dịch
painting_body,7,136,,Chưa có bản dịch
leg_brace,0,135,,Chưa có bản dịch
tickling_toes,7,135,,Chưa có bản dịch
tan_feather_hair,7,135,,Chưa có bản dịch
broken_teeth,7,135,,Chưa có bản dịch
wing_grab,7,135,,Chưa có bản dịch
pulling_tongue,0,135,,Chưa có bản dịch
foot_on_glass,0,135,feet_on_glass,Chưa có bản dịch
suddenly_penis,7,135,,Chưa có bản dịch
locked_legs,0,135,,Chưa có bản dịch
gun_in_own_mouth,0,135,,Chưa có bản dịch
red_genital_slit,7,135,,Chưa có bản dịch
tail_over_shoulder,7,135,,Chưa có bản dịch
split_color_hair,7,135,,Chưa có bản dịch
big_eye,7,135,,Chưa có bản dịch
swollen_belly,7,135,,Chưa có bản dịch
wtf_face,7,135,,Chưa có bản dịch
frilly_penis,7,134,,Chưa có bản dịch
beak_lips,7,134,,Chưa có bản dịch
detached_ears,0,134,,Chưa có bản dịch
light_anus,7,134,,Chưa có bản dịch
hose_in_penis,7,134,,Chưa có bản dịch
tail_whip,0,134,tail_strike,Chưa có bản dịch
guided_hand_on_cheek,0,134,,Chưa có bản dịch
face_squeeze,0,134,,Chưa có bản dịch
spring_onion_hair_ornament,0,134,,Chưa có bản dịch
olive_eyes,7,134,,Chưa có bản dịch
surrounded_by_feet,0,134,,Chưa có bản dịch
scale_hair,7,134,"scaled_hair,scales_hair",Chưa có bản dịch
sucking_tongue,7,134,,Chưa có bản dịch
fingers_to_cheek,0,134,,Chưa có bản dịch
mint_fur,7,134,,Chưa có bản dịch
biting_lower_lip,7,134,,Chưa có bản dịch
butterfly_in_eye,0,134,,Chưa có bản dịch
finger_puppet,0,134,finger_puppets,Chưa có bản dịch
multicolored_anus,7,134,,Chưa có bản dịch
pouting_lips,7,134,,Chưa có bản dịch
okapi_ears,0,134,,Chưa có bản dịch
white_nose_horn,7,134,,Chưa có bản dịch
dildo_in_penis,7,134,,Chưa có bản dịch
body_soaping,0,134,,Chưa có bản dịch
belly_bed,7,134,,Chưa có bản dịch
wing_flapping,0,134,,Chưa có bản dịch
veiny_pseudo-penis,7,133,,Chưa có bản dịch
silhouetted_penis,7,133,,Chưa có bản dịch
grey_mouth,7,133,,Miệng xám
synthetic_muscles,7,133,,Chưa có bản dịch
pulling_arm,0,133,,Chưa có bản dịch
technically_nude,7,133,,Chưa có bản dịch
feather_in_mouth,0,133,,Chưa có bản dịch
liquid_wings,0,133,,Chưa có bản dịch
grabbing_chest,7,133,,Chưa có bản dịch
tail_suck,7,132,tail_sucking,Chưa có bản dịch
hand_on_book,0,132,,Chưa có bản dịch
tail_pussy,0,132,,Chưa có bản dịch
alternate_horns,0,132,,Chưa có bản dịch
rubbing_hands_together,0,132,,Chưa có bản dịch
rodent_ears,7,132,,Chưa có bản dịch
foot_hair,0,132,,Chưa có bản dịch
tongue_suck,0,132,,Chưa có bản dịch
medium_sidelocks,0,132,,Chưa có bản dịch
cross_in_eye,0,132,,Chưa có bản dịch
hand_on_genitalia,7,131,,Chưa có bản dịch
spotted_tongue,7,131,,Chưa có bản dịch
dark_belly,7,131,,Chưa có bản dịch
wet_arms,7,131,,Chưa có bản dịch
melting_eyes,0,131,,Chưa có bản dịch
armored_body,7,131,,Chưa có bản dịch
fishnet_arm_warmers,0,131,,Chưa có bản dịch
high-ended_braid,0,131,,Chưa có bản dịch
oral_with_eye_contact,7,131,,Chưa có bản dịch
hand_on_thighs,7,131,,Chưa có bản dịch
electric_eyes,0,130,,Chưa có bản dịch
hole_in_hand,0,130,,Chưa có bản dịch
kissing_eye,0,130,eye_kiss,Chưa có bản dịch
human_skin_color,7,130,,Chưa có bản dịch
plane_wings,7,130,,Chưa có bản dịch
stated_penis_size,7,130,,Chưa có bản dịch
purple_nail_polish,7,130,lilac_nail_polish,Chưa có bản dịch
nipple_object_insertion,0,130,,Chưa có bản dịch
leg_pull,0,130,"pulling_leg,pulling_legs",Chưa có bản dịch
segmented_horn,7,130,,Chưa có bản dịch
sun_with_face,0,130,,Chưa có bản dịch
roast_chicken_leg,7,130,"chicken_drum_stick,chicken_drumstick,chicken_thigh",Chưa có bản dịch
tail_beads,7,130,tail_bead,Chưa có bản dịch
ear_hands,7,130,,Chưa có bản dịch
veiny_feet,0,130,,Chưa có bản dịch
eye_poke,0,130,,Chưa có bản dịch
hand_on_paw,7,130,,Chưa có bản dịch
medium_length_hair,7,130,,Chưa có bản dịch
navel_play,7,130,,Chưa có bản dịch
spider_web_hair_ornament,0,129,,Chưa có bản dịch
small_arms,7,129,,Cánh tay nhỏ
entwined_arms,7,129,"arm_entwined,arm_entwining,arm_interlaced,arm_interlacing,arm_interlinked,arm_interlinking,arm_interlocked,arm_interlocking,arm_intertwined,arm_intertwining,arm_twined,arms_entwined,arms_entwining,arms_interlaced,arms_interlacing,arms_interlinked,arms_interlinking,arms_interlocked,arms_interlocking,arms_intertwined,arms_intertwining,arms_twined,entwined_arm,entwining_arm,entwining_arms,interlaced_arm,interlaced_arms,interlacing_arm,interlacing_arms,interlinked_arm,interlinked_arms,interlinking_arm,interlinking_arms,interlocked_arm,interlocked_arms,interlocking_arm,interlocking_arms,intertwined_arm,intertwined_arms,intertwining_arm,intertwining_arms,twined_arm,twined_arms",Chưa có bản dịch
tentacle_eye,7,129,,Chưa có bản dịch
penis_peeking_out_of_water,7,129,,Chưa có bản dịch
gift_between_breasts,0,129,,Chưa có bản dịch
rings_on_legs,7,129,,Chưa có bản dịch
leg_support,0,129,,Chưa có bản dịch
hose_in_vagina,7,129,hose_in_pussy,Chưa có bản dịch
poker_face,7,129,,Chưa có bản dịch
x-wing,0,129,,Chưa có bản dịch
tail_on_furniture,7,129,,Chưa có bản dịch
condom_between_breasts,0,129,,Chưa có bản dịch
prehensile_wings,0,128,,Chưa có bản dịch
naked_hood,0,128,,Chưa có bản dịch
multiple_moles_under_one_eye,0,128,,Chưa có bản dịch
nude_female_clothed_male,7,128,,Chưa có bản dịch
flower_tail,7,128,,Chưa có bản dịch
animal_on_face,0,128,,Chưa có bản dịch
spotted_chest,7,128,,Chưa có bản dịch
tongue_on_glass,7,128,,Chưa có bản dịch
limp_tail,7,128,,Chưa có bản dịch
mouth_submerged,0,128,,Chưa có bản dịch
hands_to_hooves,7,128,,Chưa có bản dịch
v_bangs,7,128,,Chưa có bản dịch
face_torture,7,128,,Chưa có bản dịch
possum_tail,0,128,opossum_tail,Chưa có bản dịch
two-tone_arm_warmers,0,128,,Chưa có bản dịch
horn_bell,0,128,"horn_bells,hornbell,hornbells",Chưa có bản dịch
wide_feet,7,128,,Bàn chân rộng
gradient_tongue,7,127,,Chưa có bản dịch
nipple_guessing_game_(meme),0,127,,Chưa có bản dịch
penis_tied,7,127,,Chưa có bản dịch
toe_grab,0,127,,Chưa có bản dịch
leg_tied,7,127,,Chưa có bản dịch
sucking_on_multiple_breasts,0,127,,Chưa có bản dịch
10_breasts,7,127,"10_breast,10_breasted,ten_breast,ten_breasted,ten_breasts",Chưa có bản dịch
brushing_feet,7,127,,Chưa có bản dịch
tongue_between_fingers,0,127,,Chưa có bản dịch
breasts_shrinking,7,127,shrinking_breast,Chưa có bản dịch
ball_in_mouth,7,127,,Chưa có bản dịch
stubby_arms,7,127,,Chưa có bản dịch
finger_writing,0,127,,Chưa có bản dịch
leg_in_water,7,127,,Chưa có bản dịch
cum_on_partner's_hand,7,127,,Chưa có bản dịch
brown_chest_hair,7,127,,Chưa có bản dịch
torso_gills,7,127,,Chưa có bản dịch
urine_on_hand,7,127,,Chưa có bản dịch
frilled_leg_warmers,0,127,,Chưa có bản dịch
clock_hair_ornament,0,127,,Chưa có bản dịch
back_fur,7,126,,Chưa có bản dịch
breast_shrinking,7,126,,Chưa có bản dịch
lip_balm,0,126,,Chưa có bản dịch
headband_ears,7,126,,Chưa có bản dịch
urine_from_mouth,7,126,,Chưa có bản dịch
vulva_on_face,7,126,pussy_on_face,Chưa có bản dịch
face_riding,7,126,,Chưa có bản dịch
standing_on_shoulder,0,126,,Chưa có bản dịch
belly_poke,7,126,,Chưa có bản dịch
hill_with_eyes_(mario),7,126,,Chưa có bản dịch
hands_around_neck,7,126,,Chưa có bản dịch
tail_fellatio,7,126,,Chưa có bản dịch
foam_finger,0,126,,Chưa có bản dịch
arms_bound_above_head,0,126,,Chưa có bản dịch
paperclip_hair_ornament,0,126,,Chưa có bản dịch
iridescent_tail,7,126,,Chưa có bản dịch
penile_breasts,7,126,cock_breasts,Chưa có bản dịch
turquoise_tail,7,125,,Chưa có bản dịch
narrow_legs,7,125,,Chân hẹp
phallic_tattoo,0,125,penis-shaped_tattoo,Chưa có bản dịch
finger_twirl,0,125,twirling_finger,Chưa có bản dịch
fire_eyes,7,125,,Chưa có bản dịch
cupping_breasts,7,125,,Chưa có bản dịch
multi_teeth,7,125,many_teeth,Chưa có bản dịch
two_tone_genitals,7,125,,Chưa có bản dịch
cum_on_partner's_belly,7,125,,Chưa có bản dịch
nude_wrestling,7,125,,Chưa có bản dịch
corrugated_arms,7,125,,Chưa có bản dịch
multicolored_pubic_hair,0,125,,Chưa có bản dịch
hand_on_pec,7,124,,Chưa có bản dịch
grabbing_another's_nose,0,124,,Chưa có bản dịch
tail_pillow,0,124,,Chưa có bản dịch
arched_foot,7,124,,Chưa có bản dịch
eyebrow_spikes,7,124,,Chưa có bản dịch
off-shoulder_capelet,0,124,,Chưa có bản dịch
joint_in_hand,7,124,,Chưa có bản dịch
pink_chest,7,124,,Chưa có bản dịch
hay_in_mouth,7,124,,Chưa có bản dịch
angry_eyebrows,7,124,,Chưa có bản dịch
transparent_belly,7,124,,Chưa có bản dịch
feces_in_own_mouth,7,124,,Chưa có bản dịch
brown_finger_claws,7,124,,Chưa có bản dịch
two_tone_fingers,7,124,,Chưa có bản dịch
light_pupils,7,124,,Chưa có bản dịch
kiss_on_anus,7,124,"anus_kiss,anus_kissing,kissing_anus",Chưa có bản dịch
electrode_in_ass,7,124,electrode_in_anus,Chưa có bản dịch
y_nose,7,124,,Chưa có bản dịch
hair_sprinkles,0,124,,Chưa có bản dịch
beard_ponytail,7,124,,Chưa có bản dịch
sprinkles_in_fur,7,124,,Chưa có bản dịch
fur_anklet,0,123,,Chưa có bản dịch
eyes_close-up,7,123,,Chưa có bản dịch
partially_exposed_penis,7,123,,Chưa có bản dịch
red_eyes_(e.g.o),0,123,,Chưa có bản dịch
ear_nom,7,123,,Chưa có bản dịch
seatbelt_between_breasts,0,123,,Chưa có bản dịch
hand_covering_face,7,123,,Chưa có bản dịch
tricolor_fur,7,123,,Chưa có bản dịch
saliva_on_feet,7,123,,Chưa có bản dịch
head_fur,7,123,,Chưa có bản dịch
crab_on_shoulder,0,123,,Chưa có bản dịch
sprinkles_in_hair,7,123,,Chưa có bản dịch
tennis_ball_on_horn,7,123,,Chưa có bản dịch
sucking_both_nipples,0,123,,Chưa có bản dịch
playing_with_another's_ears,0,123,,Chưa có bản dịch
single_breast,0,123,missing_breast,Chưa có bản dịch
cum_between_legs,7,123,,Chưa có bản dịch
penis_over_shoulder,7,123,,Chưa có bản dịch
belly_punching,7,123,belly_punch,Chưa có bản dịch
huge_navel,7,123,,Chưa có bản dịch
thinner_than_canon,0,123,"alternate_body_size_(less_muscle),alternate_body_size_(skinnier),alternate_body_size_(thinner),skinnier_than_canon",Chưa có bản dịch
foot_fetish_validation,7,123,,Chưa có bản dịch
goo_penis,7,122,,Chưa có bản dịch
bound_fingers,0,122,,Chưa có bản dịch
tongue_expansion,7,122,,Chưa có bản dịch
scar_on_horns,0,122,,Chưa có bản dịch
holding_out_hand,7,122,,Chưa có bản dịch
penis_leg,7,122,"leg_penis,penis_legs",Chưa có bản dịch
on_nose,0,122,,Chưa có bản dịch
finger_pointer,0,122,,Chưa có bản dịch
bell_on_tail,7,122,,Chưa có bản dịch
nose_markings,7,122,,Chưa có bản dịch
cumshot_in_own_mouth,7,122,,Chưa có bản dịch
nose_tape,0,122,,Chưa có bản dịch
picking_nose,7,122,nose_pick,Chưa có bản dịch
feet_everywhere,7,122,,Chưa có bản dịch
own_cum_in_mouth,0,121,,Chưa có bản dịch
genital_swap,7,121,,Chưa có bản dịch
floating_eyes,7,121,,Chưa có bản dịch
pale_eye,0,121,,Chưa có bản dịch
mottled_nipples,7,121,"mottle_nipple,mottle_nipples,mottled_nipple",Chưa có bản dịch
face_on_belly,7,121,,Chưa có bản dịch
powerful_penis,0,121,,Chưa có bản dịch
grey_finger_claws,7,121,,Chưa có bản dịch
diaper_in_face,7,121,,Chưa có bản dịch
melon_hair_ornament,0,121,,Chưa có bản dịch
taped_legs,0,121,,Chưa có bản dịch
hose_between_breasts,0,121,,Chưa có bản dịch
implied_breast_milk,0,121,,Chưa có bản dịch
pride_color_leg_warmers,7,121,,Chưa có bản dịch
cleft_anus,0,121,,Chưa có bản dịch
thumbs_down_heart_hands,0,121,,Chưa có bản dịch
cat's_tongue,0,121,,Chưa có bản dịch
pencil_in_mouth,7,121,,Chưa có bản dịch
covered_horns,0,121,,Chưa có bản dịch
green_armpit_hair,0,121,,Chưa có bản dịch
tail_eye,7,120,,Chưa có bản dịch
hooked_penis,7,120,,Chưa có bản dịch
tentacle_from_mouth,7,120,,Chưa có bản dịch
flat_body,7,120,,Chưa có bản dịch
mouth_to_pussy,7,120,,Chưa có bản dịch
red_ear_fins,7,120,,Chưa có bản dịch
hands_in_hair,7,120,,Chưa có bản dịch
spiked_arm,0,120,,Chưa có bản dịch
after_titfuck,7,120,"after_boob_fuck,after_boob_job,after_boobjob,after_breast_fuck,after_breast_job,after_tit_fuck,after_tit_job,after_titfucking,after_titjob,after_titty_fuck,after_tittyfuck",Chưa có bản dịch
touching_ear,7,120,,Chưa có bản dịch
towel_on_penis,0,120,,Chưa có bản dịch
lying_on_own_breasts,7,120,,Chưa có bản dịch
branch_horn,7,120,"branch_horns,branches_horn,branches_horns",Chưa có bản dịch
one-finger_caress,0,120,,Chưa có bản dịch
breast_transformation,7,120,,Chưa có bản dịch
black_hole-shaped_pupils,0,120,,Chưa có bản dịch
8_arms,7,120,"8_armed,eight_armed,eight_arms",Chưa có bản dịch
vaginal_foot_play,7,120,,Chưa có bản dịch
reflection_in_eyes,7,120,,Chưa có bản dịch
rage_face,7,119,rageface,Chưa có bản dịch
toes_on_balls,7,119,,Chưa có bản dịch
long_face,0,119,,Khuôn mặt dài
extra_nipples,0,119,,Chưa có bản dịch
outstretched_foot,0,119,,Chưa có bản dịch
white_hair_tips,7,119,,Chưa có bản dịch
fluid_on_face,7,119,,Chưa có bản dịch
sparkling_daydream,0,119,rikka's_finger_spin_(meme),Chưa có bản dịch
cum_between_toes,7,119,,Chưa có bản dịch
hair_trimming,7,119,"hair_cutting,hair_trim,haircutting,trim_hair,trimming_hair",Chưa có bản dịch
fur-trimmed_bandeau,0,119,,Chưa có bản dịch
bent_tail,7,119,,Chưa có bản dịch
green_finger_claws,7,119,,Chưa có bản dịch
book_to_mouth,0,119,,Chưa có bản dịch
thick_ass_hair,0,119,,Chưa có bản dịch
spelling_with_anus,7,119,,Chưa có bản dịch
arm_on_head,7,119,,Chưa có bản dịch
duck_penis,7,119,,Chưa có bản dịch
legs_on_another's_shoulders,0,119,,Chưa có bản dịch
stitched_chest,0,119,,Chưa có bản dịch
chest_horn,7,119,,Chưa có bản dịch
sitting_on_hair,0,119,,Chưa có bản dịch
moth_hair_ornament,0,119,,Chưa có bản dịch
modular_anatomy,7,118,,Chưa có bản dịch
layered_hair,0,118,,Chưa có bản dịch
veiny_body,7,118,,Chưa có bản dịch
hair_sex,7,118,,Chưa có bản dịch
nude_sunbathing,7,118,,Chưa có bản dịch
bandaid_on_tail,0,118,,Chưa có bản dịch
anus_slip,7,118,,Chưa có bản dịch
two-handed_face_fucking,7,118,,Chưa có bản dịch
tail_on_penis,7,118,,Chưa có bản dịch
blade_tail,7,118,,Chưa có bản dịch
long_breasts,7,118,,Ngực dài
wound_on_arm,7,118,,Chưa có bản dịch
mole_on_ear,0,118,,Chưa có bản dịch
simple_eyebrows,7,118,,Chưa có bản dịch
tongue_on_foot,7,118,,Chưa có bản dịch
mole_on_foot,0,118,mole_on_sole,Chưa có bản dịch
elbow_on_leg,0,118,,Chưa có bản dịch
mismatched_arms,0,118,,Chưa có bản dịch
flower_wings,0,118,,Chưa có bản dịch
eye_penetration,7,118,,Chưa có bản dịch
spotted_belly,7,118,,Chưa có bản dịch
hanging_penis,7,118,,Chưa có bản dịch
mouth_out_of_frame,0,118,,Chưa có bản dịch
bulge_to_face,0,118,,Chưa có bản dịch
entwined_legs,7,117,"entwined_leg,entwining_leg,entwining_legs,interlaced_leg,interlaced_legs,interlacing_leg,interlacing_legs,interlinked_leg,interlinked_legs,interlinking_leg,interlinking_legs,interlocked_leg,interlocking_leg,interlocking_legs,intertwined_leg,intertwined_legs,intertwining_leg,intertwining_legs,leg_entwined,leg_entwining,leg_interlaced,leg_interlacing,leg_interlinked,leg_interlinking,leg_interlocked,leg_interlocking,leg_intertwined,leg_intertwining,leg_twined,legs_entwined,legs_entwining,legs_interlaced,legs_interlacing,legs_interlinked,legs_interlinking,legs_interlocked,legs_interlocking,legs_intertwined,legs_intertwining,legs_twined,twined_leg,twined_legs",Chưa có bản dịch
horizontal_anus,7,117,,Chưa có bản dịch
hands_on_thigh,7,117,,Chưa có bản dịch
fair_skin,7,117,,Chưa có bản dịch
nose_jewel,0,117,,Chưa có bản dịch
egg_from_penis,7,117,,Chưa có bản dịch
bandaged_face,7,117,,Chưa có bản dịch
bandaged_eye,7,117,bandaged_eyes,Chưa có bản dịch
waving_tail,7,117,,Chưa có bản dịch
flushed_face_emoji,0,117,,Chưa có bản dịch
ribbed_leg_warmers,0,117,,Chưa có bản dịch
chest_(furniture),0,117,,Chưa có bản dịch
air_from_mouth,7,117,,Chưa có bản dịch
mutual_double_dildo_in_mouth,7,117,,Chưa có bản dịch
bruise_on_shoulder,0,117,,Chưa có bản dịch
tongue_clamp,0,117,,Chưa có bản dịch
leg_spots,7,117,,Chưa có bản dịch
tongue_coil,7,117,,Chưa có bản dịch
tapping_finger,0,117,,Chưa có bản dịch
cloud_with_face,0,116,,Chưa có bản dịch
toe_pads,7,116,,Chưa có bản dịch
liquid_from_mouth,0,116,,Chưa có bản dịch
gun_in_another's_mouth,0,116,,Chưa có bản dịch
small_chest,7,116,,Chưa có bản dịch
breast_missiles,0,116,,Chưa có bản dịch
cum_reservoir_in_penis,7,116,,Chưa có bản dịch
sideless_bangs,0,116,,Chưa có bản dịch
ear_stalk,7,116,,Chưa có bản dịch
arm_out,7,116,,Chưa có bản dịch
bomb_hair_ornament,0,116,,Chưa có bản dịch
glowing_feet,0,116,,Chưa có bản dịch
blush_through_hair,7,116,,Chưa có bản dịch
horn_lance,0,116,,Chưa có bản dịch
ass-to-mouth,0,116,,Chưa có bản dịch
elephant_toe_hands,7,116,,Chưa có bản dịch
cream_belly,7,115,,Chưa có bản dịch
penis_horn,7,115,"cock_horn,cock_horns,dick_horn,dick_horns,dickhorn,penis_horns",Chưa có bản dịch
nipple_bondage,7,115,,Chưa có bản dịch
phone_between_breasts,0,115,,Chưa có bản dịch
dipstick_wings,7,115,,Chưa có bản dịch
foot_torture,7,115,,Chưa có bản dịch
eyes_on_body,0,115,,Chưa có bản dịch
pointed_feet,7,115,,Chưa có bản dịch
tongue_line,7,115,,Chưa có bản dịch
micro_on_tongue,7,115,,Chưa có bản dịch
hand_mark,7,115,,Chưa có bản dịch
sitting_on_belly,7,115,,Chưa có bản dịch
arm_under_breast,7,115,,Chưa có bản dịch
bridal_chest_(fate),0,115,,Chưa có bản dịch
crotch_fur,7,115,,Chưa có bản dịch
hands_tied_above_head,7,115,,Chưa có bản dịch
noodle_arms,7,115,,Chưa có bản dịch
hand_on_desk,7,115,,Chưa có bản dịch
ear_over_eye,7,115,,Chưa có bản dịch
ear_motion,7,115,,Chưa có bản dịch
character-themed_onahole,0,115,character-themed_artificial_vagina,Chưa có bản dịch
giant_genitals_proportionate_to_body,7,115,,Chưa có bản dịch
fully_submerged_legs,7,115,,Chưa có bản dịch
licking_shoulder,0,115,,Chưa có bản dịch
holding_object_with_feet,7,115,,Chưa có bản dịch
touching_hand,7,115,,Chưa có bản dịch
electrode_on_nipples,7,114,,Chưa có bản dịch
touching_arm,7,114,,Chưa có bản dịch
hands_on_glass,7,114,,Chưa có bản dịch
pink_teeth,7,114,,Răng hồng
nipple_vibrator,7,114,,Chưa có bản dịch
face_in_sheath,7,114,,Chưa có bản dịch
hair_length_switch,0,114,,Chưa có bản dịch
muscle_awe,0,113,,Chưa có bản dịch
puzzle_piece_hair_ornament,0,113,,Chưa có bản dịch
tail_spots,7,113,,Chưa có bản dịch
long_braid,7,113,,Chưa có bản dịch
crocodile_tail,7,113,,Chưa có bản dịch
dick_sucking_lips,7,113,,Chưa có bản dịch
body_art,7,113,bodyart,Chưa có bản dịch
on_finger,0,113,,Chưa có bản dịch
hair_curlers,7,113,,Chưa có bản dịch
tail_between_breasts,0,113,,Chưa có bản dịch
inconvenient_horns,0,113,,Chưa có bản dịch
asymmetrical_bouncing_breasts,7,113,,Chưa có bản dịch
chelsea_hair_cut,7,112,,Chưa có bản dịch
painted-on_face,7,112,,Chưa có bản dịch
navel_vore,7,112,,Chưa có bản dịch
dipstick_ear_fins,7,112,,Chưa có bản dịch
tongue_taco,7,112,,Chưa có bản dịch
anatomy_chart,7,112,,Chưa có bản dịch
partially_feathered_tail,0,112,,Chưa có bản dịch
smiley_face_hair_ornament,0,112,smiley_hair_ornament,Chưa có bản dịch
pointing_at_breasts,0,112,,Chưa có bản dịch
blocky_body,7,112,,Chưa có bản dịch
shield_hair_ornament,0,112,,Chưa có bản dịch
breast_bulge,7,112,,Chưa có bản dịch
penis_collar,0,112,,Chưa có bản dịch
hand_on_self,7,112,,Chưa có bản dịch
khaki_fur,7,112,,Chưa có bản dịch
belly_fluff,7,112,,Chưa có bản dịch
money_in_mouth,0,112,,Chưa có bản dịch
plant_tail,0,112,,Chưa có bản dịch
cum_in_own_hair,7,112,,Chưa có bản dịch
pointy_nipples,7,112,,Chưa có bản dịch
leg_fluff,7,112,,Chưa có bản dịch
pussy_juice_on_feet,7,112,,Chưa có bản dịch
touching_shoulder,7,112,,Chưa có bản dịch
mouth_on_penis,7,112,,Chưa có bản dịch
open-chest_straitjacket,0,112,,Chưa có bản dịch
pressed_against_penis,7,112,,Chưa có bản dịch
breasts_press,7,111,,Chưa có bản dịch
holding_with_tongue,0,111,,Chưa có bản dịch
no_skin,0,111,,Chưa có bản dịch
towel_around_breasts,0,111,,Chưa có bản dịch
missing_teeth,7,111,,Chưa có bản dịch
groping_belly,7,111,,Chưa có bản dịch
body_piercings,0,111,,Chưa có bản dịch
hands_in_mouth,7,111,,Chưa có bản dịch
spitting_in_another's_mouth,0,111,,Chưa có bản dịch
fur-trimmed_jumpsuit,0,111,,Chưa có bản dịch
hand_on_tentacle,0,111,,Chưa có bản dịch
looking_up_at_penis,7,111,,Chưa có bản dịch
floating_legs,7,111,,Chưa có bản dịch
hair_mustache,0,111,,Chưa có bản dịch
precum_on_finger,7,111,,Chưa có bản dịch
curled_tongue,7,111,,Chưa có bản dịch
laser_eyes,7,111,,Chưa có bản dịch
tongue_on_balls,7,111,,Chưa có bản dịch
starry_wings,7,111,,Chưa có bản dịch
fully_submerged_tail,7,111,,Chưa có bản dịch
bugles_on_fingers,0,111,,Chưa có bản dịch
anus_expansion,7,111,,Chưa có bản dịch
cat_penis,0,111,,Chưa có bản dịch
belly_pat,7,110,,Chưa có bản dịch
foot_size_difference,7,110,,Chưa có bản dịch
hands_over_mouth,7,110,,Chưa có bản dịch
mini_person_on_shoulder,0,110,,Chưa có bản dịch
genital_slit_balls,7,110,,Chưa có bản dịch
sword_on_shoulder,7,110,,Chưa có bản dịch
solid_eye,0,110,,Chưa có bản dịch
arm_to_leg,7,110,,Chưa có bản dịch
balls_as_fake_breasts,7,110,"balls_as_breasts,chesticles",Chưa có bản dịch
poke_ball_hair_ornament,0,110,,Chưa có bản dịch
side_chest_pose,0,110,,Chưa có bản dịch
food_on_feet,7,110,,Chưa có bản dịch
bound_penis,0,110,,Chưa có bản dịch
easter_breasts,7,110,,Chưa có bản dịch
kanji_hair_ornament,0,110,,Chưa có bản dịch
food_on_foot,0,109,,Chưa có bản dịch
bruised_breast,7,109,,Chưa có bản dịch
blunted_horn,7,109,blunted_horns,Chưa có bản dịch
holding_with_two_hands,7,109,,Chưa có bản dịch
swimwear_around_one_leg,7,109,,Chưa có bản dịch
kiss_mark_on_foot,7,109,,Chưa có bản dịch
green_genital_slit,7,109,,Chưa có bản dịch
chest_window,7,109,,Chưa có bản dịch
orange_arm_warmers,0,109,,Chưa có bản dịch
detached_tail,0,109,,Chưa có bản dịch
mismatched_facial_hair,0,109,,Chưa có bản dịch
tail_on_tail,7,109,,Chưa có bản dịch
cooking_with_body,7,109,,Chưa có bản dịch
scrunched_nose,7,109,,Chưa có bản dịch
multicolored_eyebrows,7,109,,Chưa có bản dịch
purple_toe_claws,7,109,,Chưa có bản dịch
presenting_chest,7,109,,Chưa có bản dịch
w_over_mouth,0,109,,Chưa có bản dịch
okapi_tail,0,108,,Chưa có bản dịch
navel_blush,7,108,,Chưa có bản dịch
hand_over_crotch,7,108,,Chưa có bản dịch
eggs_in_belly,7,108,,Chưa có bản dịch
tongue_down_throat,7,108,,Chưa có bản dịch
hand_on_leash,7,108,,Chưa có bản dịch
pink_pseudo-penis,7,108,,Chưa có bản dịch
tongue_in_ear,7,108,,Chưa có bản dịch
skin_ripping,7,108,,Chưa có bản dịch
unusual_hair,7,108,,Chưa có bản dịch
holding_with_foot,7,108,,Chưa có bản dịch
holes_in_body,7,108,,Chưa có bản dịch
wiping_another's_face,0,108,,Chưa có bản dịch
belly_fucking,7,108,,Chưa có bản dịch
pig_penis,0,108,,Chưa có bản dịch
huge_antenna_hair,0,108,,Chưa có bản dịch
thick_horn,7,108,thick_horns,Chưa có bản dịch
pentagram_hair_ornament,0,107,,Chưa có bản dịch
sewn_eye,7,107,"eye_sewn_closed,eye_sewn_shut,eye_stitched_closed,eye_stitched_shut,eyes_sewn_closed,eyes_sewn_shut,eyes_stitched,eyes_stitched_closed,eyes_stitched_shut,sewn_eyes,stitched_eye_lid,stitched_eye_lids,stitched_eyelid,stitched_eyelids,stitched_eyes",Chưa có bản dịch
on_top_of_belly,7,107,,Chưa có bản dịch
supporting_breasts,7,107,,Chưa có bản dịch
wings_over_eyes,0,107,,Chưa có bản dịch
robotic_tail,7,107,,Chưa có bản dịch
gold_nose,7,107,,Mũi vàng kim
1_wing,7,107,,Chưa có bản dịch
hairy_breasts,7,107,,Chưa có bản dịch
vacuum_penis,7,107,,Chưa có bản dịch
unworn_fake_animal_ears,0,107,,Chưa có bản dịch
spiral_tail,7,107,,Chưa có bản dịch
complex_body_markings,7,107,,Chưa có bản dịch
female_armpit_hair,0,107,,Chưa có bản dịch
clenched_feet,7,107,,Chưa có bản dịch
irken_teeth,7,107,,Chưa có bản dịch
mutual_penis_in_mouth,7,107,,Chưa có bản dịch
body_on_stake,7,107,,Chưa có bản dịch
hybrid_wings,7,106,,Chưa có bản dịch
shell_to_ear,0,106,,Chưa có bản dịch
arm_warmers_only,7,106,,Chưa có bản dịch
scratching_belly,7,106,,Chưa có bản dịch
eye_shot,7,106,,Chưa có bản dịch
mistletoe_on_penis,7,106,,Chưa có bản dịch
big_mouth,0,106,,Miệng to
arm_pads,7,106,"arm-pads,arm_pad,armpads",Chưa có bản dịch
hand_on_partner's_back,7,106,,Chưa có bản dịch
short_fingers,7,106,,Ngón tay ngắn
brown_pseudo_hair,7,106,,Chưa có bản dịch
green_tail_feathers,7,106,,Chưa có bản dịch
partial_fur,7,106,partially_furred,Chưa có bản dịch
fake_dog_ears,7,106,,Chưa có bản dịch
gem_nose,7,106,,Chưa có bản dịch
vaginal_foot_gulp,7,106,,Chưa có bản dịch
fire_body,0,106,,Chưa có bản dịch
ear_wings,0,106,,Chưa có bản dịch
braided_pseudo_hair,7,106,,Chưa có bản dịch
one_shoulder_out,7,106,,Chưa có bản dịch
holographic_eyes,7,106,,Chưa có bản dịch
breast_hug,7,106,,Chưa có bản dịch
nail_gun,0,106,,Chưa có bản dịch
long_breast_curtain,0,106,,Chưa có bản dịch
penis_slip,0,106,,Chưa có bản dịch
helicopter_hair,0,106,,Chưa có bản dịch
wound_on_torso,7,106,,Chưa có bản dịch
5_horns,7,106,"5-horn,5-horned,5-horns,5_horn,5_horned,five-horn,five-horned,five-horns,five_horn,five_horned,five_horns",Chưa có bản dịch
penis_under_breasts,0,106,,Chưa có bản dịch
helmet_over_one_eye,0,106,,Chưa có bản dịch
leg_over_knee,7,106,,Chưa có bản dịch
food_as_ears,0,106,,Chưa có bản dịch
ice_cream_on_breasts,7,106,,Chưa có bản dịch
frowney_face,7,106,,Chưa có bản dịch
double_dildo_in_mouth,7,105,,Chưa có bản dịch
penis_torture,7,105,,Chưa có bản dịch
mage_hand,7,105,,Chưa có bản dịch
see-through_tail,0,105,,Chưa có bản dịch
staring_at_chest,7,105,,Chưa có bản dịch
amputated_legs,7,105,,Chưa có bản dịch
cum_in_nipple,0,105,,Chưa có bản dịch
dark_chest,7,105,,Chưa có bản dịch
wooden_body,7,105,,Chưa có bản dịch
intertwined_hair,0,105,,Chưa có bản dịch
painted-on_mouth,7,105,,Chưa có bản dịch
skull_in_anus,7,105,,Chưa có bản dịch
dirty_fur,7,105,,Chưa có bản dịch
musical_note-shaped_pupils,0,105,,Chưa có bản dịch
arm_slave_(mecha),0,105,,Chưa có bản dịch
gouged_eye,0,105,,Chưa có bản dịch
lip_fang,7,104,,Chưa có bản dịch
eyes_everywhere,7,104,,Chưa có bản dịch
arm_spots,7,104,,Chưa có bản dịch
tail_slapping,0,104,,Chưa có bản dịch
lying_on_tail,0,104,,Chưa có bản dịch
multi_penis_peeing,7,104,,Chưa có bản dịch
leaning_on_arm,7,104,,Chưa có bản dịch
black_wings_of_corrosion,0,104,,Chưa có bản dịch
faux_gaping_nipple,7,104,,Chưa có bản dịch
earphones_on_animal_ears,0,104,,Chưa có bản dịch
heart_wings,0,104,,Chưa có bản dịch
black_chest_binder,7,104,,Chưa có bản dịch
touching_own_penis,7,104,,Chưa có bản dịch
pink_armpit_hair,7,104,,Chưa có bản dịch
tucked_leg,7,104,,Chưa có bản dịch
arm_around_head,7,104,,Chưa có bản dịch
feeling_muscles,0,104,,Chưa có bản dịch
dialated_pupils,7,104,,Chưa có bản dịch
pointed_tongue,7,104,,Chưa có bản dịch
hand_on_tree,0,104,,Chưa có bản dịch
asymmetrical_eyelashes,0,104,,Chưa có bản dịch
mutual_breast_sucking,0,104,,Chưa có bản dịch
penis_wrap,0,104,,Chưa có bản dịch
feces_on_anus,7,104,,Chưa có bản dịch
penis_sitting,7,103,,Chưa có bản dịch
foot_on_another's_breast,0,103,stepping_on_breasts,Chưa có bản dịch
dipstick_tail_feathers,7,103,,Chưa có bản dịch
on_leg,7,103,,Chưa có bản dịch
orange_genitals,7,103,,Chưa có bản dịch
glistening_toes,7,103,,Chưa có bản dịch
tapering_horn,7,103,tapered_horn,Chưa có bản dịch
reptilian_penis,7,103,,Chưa có bản dịch
purple_genital_slit,7,103,,Chưa có bản dịch
eyebrow_wiggle,7,103,,Chưa có bản dịch
tail_autofellatio,7,103,,Chưa có bản dịch
reze's_eye_twitch_(chainsaw_man),0,103,,Chưa có bản dịch
tentacle_on_leg,7,103,,Chưa có bản dịch
vaginal_tail_gulp,7,103,,Chưa có bản dịch
holding_to_chest,0,103,,Chưa có bản dịch
bare_hands,7,103,,Chưa có bản dịch
presenting_nipples,0,103,,Chưa có bản dịch
multicolored_torso,7,102,,Chưa có bản dịch
hand_on_partner's_shoulder,7,102,,Chưa có bản dịch
nipple_pump,7,102,nipple_pumps,Chưa có bản dịch
hanging_by_legs,7,102,,Chưa có bản dịch
less_than_chest_height,0,102,,Chưa có bản dịch
cracked_horn,7,102,,Chưa có bản dịch
animal_in_mouth,0,102,,Chưa có bản dịch
rippling_belly,7,102,,Chưa có bản dịch
foot_on_own_penis,7,102,,Chưa có bản dịch
clipped_wings,7,102,,Chưa có bản dịch
floating_tail,7,102,,Chưa có bản dịch
seraph_wings,0,102,,Chưa có bản dịch
exposed_breast_tissue,7,102,,Chưa có bản dịch
countershade_anus,7,102,,Chưa có bản dịch
bite_mark_on_face,0,102,,Chưa có bản dịch
quad_nipples,7,102,,Chưa có bản dịch
pink_body_hair,7,102,,Chưa có bản dịch
skin_pattern,7,102,,Chưa có bản dịch
hair_elastic,0,102,,Chưa có bản dịch
square_hair_ornament,0,102,,Chưa có bản dịch
pink_toe_claws,7,102,,Chưa có bản dịch
breast_sway,7,102,,Chưa có bản dịch
breast_slider,0,102,,Chưa có bản dịch
hair_mane,7,101,,Chưa có bản dịch
jagged_tail,7,101,,Chưa có bản dịch
detailed_hair,7,101,,Chưa có bản dịch
leg_blade,0,101,,Chưa có bản dịch
body_part_swap,0,101,,Chưa có bản dịch
7_horns,7,101,"7-horn,7-horned,7-horns,7_horn,7_horned,seven-horn,seven-horned,seven-horns,seven_horn,seven_horned,seven_horns",Chưa có bản dịch
prostate_with_face,7,101,,Chưa có bản dịch
closed_hands,7,101,,Bàn tay khép
book_on_breasts,0,101,,Chưa có bản dịch
nipple_size_difference,7,101,nipples_size_difference,Chưa có bản dịch
hand_on_partner's_thigh,7,101,,Chưa có bản dịch
mouth_for_vulva,7,101,pussy_mouth,Chưa có bản dịch
fluffy_feet,7,101,,Bàn chân bồng bềnh
eyebrows_(marking),7,101,,Chưa có bản dịch
penis_between_buttocks,7,101,,Chưa có bản dịch
penis_on_leg,7,101,,Chưa có bản dịch
sitting_on_breasts,0,101,,Chưa có bản dịch
featureless_nipples,7,101,,Chưa có bản dịch
box_braids,0,101,,Chưa có bản dịch
face_blush,7,101,,Chưa có bản dịch
among_us_eyes_(meme),0,101,,Chưa có bản dịch
marmot_ears,0,101,,Chưa có bản dịch
arm_outstretched,7,101,,Chưa có bản dịch
x_nipples,7,101,,Chưa có bản dịch
covering_navel,0,101,,Chưa có bản dịch
balloon_belly,7,101,,Chưa có bản dịch
covering_anus,0,101,,Chưa có bản dịch
funnel_in_mouth,7,101,,Chưa có bản dịch
dripping_tongue,7,101,,Chưa có bản dịch
armadillo_tail,0,101,,Chưa có bản dịch
pride_color_tail,7,101,,Chưa có bản dịch
spikey_tail,7,101,,Chưa có bản dịch
monotone_facial_hair,7,101,,Chưa có bản dịch
arms_tied_above_head,7,101,,Chưa có bản dịch
staring_at_penis,7,100,,Chưa có bản dịch
ginger_fur,7,100,,Chưa có bản dịch
arms_on_breasts,7,100,,Chưa có bản dịch
pussy_tongue,7,100,,Chưa có bản dịch
shining_finger,0,100,"burning_finger,darkness_finger,god_finger",Chưa có bản dịch
arrow_pointing_to_penis,7,100,,Chưa có bản dịch
bound_tail,0,100,,Chưa có bản dịch
black_white_body,7,100,,Cơ thể đen trắng
mechanical_cyclops_eye,0,100,mechanical_monoeye,Chưa có bản dịch
tissue_in_nose,0,100,,Chưa có bản dịch
tail_transformation,7,100,,Chưa có bản dịch
pangolin_ears,0,100,,Chưa có bản dịch
horn_penetration,7,100,,Chưa có bản dịch
foot_on_another's_chest,0,100,,Chưa có bản dịch
hands_restrained,7,100,,Chưa có bản dịch
forehead_tuft,7,100,,Chưa có bản dịch
guiding_penis,7,100,,Chưa có bản dịch
doe-foot_applicator,0,100,,Chưa có bản dịch
three-finger_salute,0,100,,Chưa có bản dịch
filled_belly,7,100,,Chưa có bản dịch
kizu_darake_no_te_de_watashi-tachi_wa_(project_sekai),0,100,with_our_wounded_hands_(project_sekai),Chưa có bản dịch
paper_in_mouth,0,100,,Chưa có bản dịch
foot_on_tail,7,100,,Chưa có bản dịch
pseudo_pupils,7,99,,Chưa có bản dịch
waist_tuft,7,99,,Chưa có bản dịch
cross_eyes,7,99,,Chưa có bản dịch
foot_growth,7,99,,Chưa có bản dịch
white_chest_hair,7,99,,Chưa có bản dịch
metal_tongue,7,99,,Chưa có bản dịch
eye_torture,7,99,,Chưa có bản dịch
liberty's_tail_(nikke),0,99,,Chưa có bản dịch
mole_on_hand,0,99,,Chưa có bản dịch
legs_on_another's_lap,0,99,,Chưa có bản dịch
banana_hair_ornament,0,99,,Chưa có bản dịch
two_tone_arm_warmers,7,99,,Chưa có bản dịch
submerged_leg,7,99,,Chưa có bản dịch
precum_from_mouth,7,99,,Chưa có bản dịch
fingers_to_head,0,99,,Chưa có bản dịch
hand_on_nose,7,99,,Chưa có bản dịch
butterfly_on_hair,0,99,,Chưa có bản dịch
painting_nails,7,99,,Chưa có bản dịch
draconcopode_rear_genitals,7,99,,Chưa có bản dịch
feet_above_head,0,99,,Chưa có bản dịch
tentacle_vulva,7,99,"tentacle_pussy,tentacle_vagina",Chưa có bản dịch
ringed_ears,7,99,,Chưa có bản dịch
toe_talons,7,99,,Chưa có bản dịch
tail_scrunchie,0,99,,Chưa có bản dịch
twisted_breasts,0,99,,Chưa có bản dịch
pencil_in_hair,0,99,,Chưa có bản dịch
leash_between_breasts,0,99,,Chưa có bản dịch
eyebrow_whiskers,7,98,,Chưa có bản dịch
flat_tail,7,98,,Chưa có bản dịch
hand_in_water,7,98,,Chưa có bản dịch
69_breast_suck,7,98,,Chưa có bản dịch
paint_on_hands,0,98,,Chưa có bản dịch
my_eyes_are_up_here,7,98,,Chưa có bản dịch
breast_size_switch,0,98,,Chưa có bản dịch
touching_tongue,7,98,,Chưa có bản dịch
blushing_penis,7,98,,Chưa có bản dịch
single_hand,0,98,,Chưa có bản dịch
leg_on_thigh,7,98,,Chưa có bản dịch
sweaty_nipples,7,98,,Chưa có bản dịch
wound_on_leg,7,98,,Chưa có bản dịch
biting_own_hand,0,98,,Chưa có bản dịch
penis_extension,7,98,,Chưa có bản dịch
belly_prodding,7,98,,Chưa có bản dịch
nude_hiking,7,98,,Chưa có bản dịch
belly_rub_request,7,98,,Chưa có bản dịch
calavera_face_paint,7,98,,Chưa có bản dịch
compressed_breasts,0,98,,Chưa có bản dịch
featureless_penis,7,98,,Chưa có bản dịch
multicolored_chest,7,98,mutlicolored_chest,Chưa có bản dịch
food_with_face,0,98,,Chưa có bản dịch
pussy_juice_on_own_leg,7,98,,Chưa có bản dịch
cosmic_body,7,98,,Chưa có bản dịch
wing_horns,7,98,,Chưa có bản dịch
kangaroo_tail,0,98,,Chưa có bản dịch
hairless_body,7,98,,Chưa có bản dịch
furless_tail,7,98,,Chưa có bản dịch
body_spikes,7,97,,Chưa có bản dịch
cell_tail,7,97,,Chưa có bản dịch
nozzle_on_tail,7,97,,Chưa có bản dịch
tattoo_between_breasts,0,97,,Chưa có bản dịch
dolphin_penis,0,97,,Chưa có bản dịch
talking_penis,7,97,,Chưa có bản dịch
official_alternate_horns,0,97,,Chưa có bản dịch
hands_on_another's_hands,0,97,,Chưa có bản dịch
chest_rub,7,97,,Chưa có bản dịch
phoenix_wings,0,97,,Chưa có bản dịch
arm_wound,7,97,,Chưa có bản dịch
gripping_penis,7,97,,Chưa có bản dịch
poker_face_failure,0,97,,Chưa có bản dịch
touching_own_breast,7,97,,Chưa có bản dịch
cum_in_toes,7,97,,Chưa có bản dịch
shielding_eyes,7,97,,Chưa có bản dịch
lubed_anus,7,97,,Chưa có bản dịch
snake_mouth,0,97,,Chưa có bản dịch
two-tone_pubic_hair,0,97,,Chưa có bản dịch
tiger_hair_ornament,0,97,,Chưa có bản dịch
anus_close-up,7,97,,Chưa có bản dịch
resting_arms,7,97,,Chưa có bản dịch
sticker_on_hair,0,97,,Chưa có bản dịch
cybernetic_penis,7,97,,Chưa có bản dịch
stickers_on_face,7,97,,Chưa có bản dịch
standing_on_tail,7,96,,Chưa có bản dịch
oota_kuniyoshi_face_(meme),0,96,,Chưa có bản dịch
partially_clothed_female_nude_male,7,96,,Chưa có bản dịch
gun_in_mouth,7,96,,Chưa có bản dịch
lowered_tail,7,96,,Chưa có bản dịch
two_color_fur,7,96,,Chưa có bản dịch
single_floppy_ear,0,96,,Chưa có bản dịch
through_body,7,96,,Chưa có bản dịch
stained_fur,7,96,,Chưa có bản dịch
arm_frill,7,96,,Chưa có bản dịch
hand_in_diaper,7,96,,Chưa có bản dịch
caressing_breasts,7,96,,Chưa có bản dịch
straddling_leg,7,96,,Chưa có bản dịch
heart_ahoge_duo,0,96,,Chưa có bản dịch
torn_arm,7,96,,Chưa có bản dịch
fist_in_palm,7,96,punching_hand,Chưa có bản dịch
cat_covering_ears_(meme),0,96,,Chưa có bản dịch
tongue_stuck,7,96,,Chưa có bản dịch
slime_on_body,7,96,,Chưa có bản dịch
tied_mouth,7,96,,Chưa có bản dịch
hasn't_kissed_anyone_ever_vs_expecting_a_kiss_with_tongue_(meme),0,96,,Chưa có bản dịch
porcupine_ears,0,96,,Chưa có bản dịch
rainbow_horn,7,96,,Chưa có bản dịch
one_ear,7,96,,Chưa có bản dịch
symbol_on_chest,7,95,,Chưa có bản dịch
describing_anus,7,95,,Chưa có bản dịch
beetle_horn,0,95,,Chưa có bản dịch
shark_nose_art,0,95,,Chưa có bản dịch
object_between_legs,7,95,,Chưa có bản dịch
sweaty_shoulders,7,95,,Chưa có bản dịch
lip_gloss,7,95,,Chưa có bản dịch
straight-arm_salute,0,95,roman_salute,Chưa có bản dịch
servants_holding_aphrodite's_breasts_(meme),0,95,,Chưa có bản dịch
dichromatic_eyes,7,95,,Chưa có bản dịch
yellow_toe_claws,7,95,,Chưa có bản dịch
hand_on_handle,0,95,,Chưa có bản dịch
small_penis_exposure,7,95,,Chưa có bản dịch
grey_feather_hair,7,95,,Chưa có bản dịch
tail_muscles,7,95,,Chưa có bản dịch
red_toe_claws,7,95,,Chưa có bản dịch
looking_back_through_legs,7,95,,Chưa có bản dịch
anatid_penis,7,95,,Chưa có bản dịch
protruding_teeth,7,95,,Chưa có bản dịch
flower_on_face,0,95,,Chưa có bản dịch
old_nail_(hollow_knight),0,95,,Chưa có bản dịch
flower_mouth,7,95,,Chưa có bản dịch
foot_over_edge,7,95,,Chưa có bản dịch
pinned_by_hand,7,95,,Chưa có bản dịch
purple_teeth,7,94,,Răng tím
plaid_leg_warmers,0,94,,Chưa có bản dịch
penis_plug,7,94,cock_plug,Chưa có bản dịch
anus_transformation,7,94,,Chưa có bản dịch
gap_teeth,7,94,,Chưa có bản dịch
leaking_nipples,7,94,,Chưa có bản dịch
paw_in_mouth,7,94,,Chưa có bản dịch
obscured_mouth,7,94,,Chưa có bản dịch
ass_to_face,7,94,,Chưa có bản dịch
kissing_chest,0,94,,Chưa có bản dịch
legs_held_up,7,94,,Chưa có bản dịch
holding_own_arm,7,94,,Chưa có bản dịch
blob_face,7,94,,Chưa có bản dịch
smooth_penis,7,94,,Chưa có bản dịch
teal_pupils,7,93,,Chưa có bản dịch
rope_around_penis,7,93,,Chưa có bản dịch
penis_to_navel,0,93,,Chưa có bản dịch
star-shaped_hair,0,93,,Chưa có bản dịch
broken_finger,0,93,,Chưa có bản dịch
instrument_hair_ornament,0,93,,Chưa có bản dịch
restrained_arm,7,93,,Chưa có bản dịch
obstructed_eye,7,93,,Chưa có bản dịch
grinding_on_leg,7,93,,Chưa có bản dịch
fish_eye_view,7,93,,Chưa có bản dịch
brown_pseudo-penis,7,93,,Chưa có bản dịch
striped_breasts,7,93,,Chưa có bản dịch
cum_on_navel,7,93,,Chưa có bản dịch
pooping_in_mouth,7,93,,Chưa có bản dịch
striped_nails,0,93,striped_fingernails,Chưa có bản dịch
ovipositor_in_mouth,7,93,,Chưa có bản dịch
thick_back_hair,0,93,,Chưa có bản dịch
tan_genitals,7,93,,Chưa có bản dịch
marks_on_body,7,93,,Chưa có bản dịch
dying_eyes,7,92,,Chưa có bản dịch
8_horns,7,92,"8-horn,8-horned,8-horns,8_horn,8_horned,eight-horn,eight-horned,eight-horns,eight_horn,eight_horned,eight_horns",Chưa có bản dịch
hair_knot,0,92,,Chưa có bản dịch
plant_in_vagina,7,92,,Chưa có bản dịch
void_eyes,7,92,,Chưa có bản dịch
object_in_penis,7,92,,Chưa có bản dịch
lipstick_on_breast,7,92,lipstick_on_breasts,Chưa có bản dịch
penis_in_thigh_high,7,92,,Chưa có bản dịch
penis_fluid,7,92,,Chưa có bản dịch
penis_fondling,7,92,,Chưa có bản dịch
nose_plugs,7,92,,Chưa có bản dịch
body_pile,7,92,,Chưa có bản dịch
arm_on_hip,7,92,,Chưa có bản dịch
amputated_tail,7,92,,Chưa có bản dịch
quivering_lips,7,92,,Chưa có bản dịch
tongue_bondage,7,92,,Chưa có bản dịch
looking_at_chest,7,92,,Chưa có bản dịch
arm_behind,7,92,,Chưa có bản dịch
kicking_legs,7,92,,Chưa có bản dịch
anatomy_of_a_gamer_(meme),0,92,,Chưa có bản dịch
collaborative_tail_heart,7,92,,Chưa có bản dịch
twitching_toes,7,92,,Chưa có bản dịch
tail_nom,7,92,,Chưa có bản dịch
scales_on_shoulder,7,92,,Chưa có bản dịch
tail_gun,7,92,,Chưa có bản dịch
becoming_erect_in_mouth,7,92,,Chưa có bản dịch
two_tone_leg_warmers,7,92,,Chưa có bản dịch
two_tone_toes,7,92,,Chưa có bản dịch
baozi_hair_ornament,0,92,,Chưa có bản dịch
soulless_eyes,7,92,,Chưa có bản dịch
foot_on_vulva,7,91,foot_on_pussy,Chưa có bản dịch
foot_on_another's_thigh,0,91,,Chưa có bản dịch
airplane_ears,7,91,,Chưa có bản dịch
burnt_hair,0,91,,Chưa có bản dịch
burning_hair,0,91,,Chưa có bản dịch
dark_eyelashes,7,91,,Chưa có bản dịch
hand_on_shoulders,7,91,,Chưa có bản dịch
puffy_genital_slit,7,91,,Chưa có bản dịch
wide_tail,7,91,,Đuôi rộng
cybernetic_ear,7,91,,Chưa có bản dịch
hand_on_door,7,91,,Chưa có bản dịch
lube_on_hand,7,91,,Chưa có bản dịch
6_toes,7,91,"6_toe,6_toed,6toes,six_toe,six_toed,six_toes",Chưa có bản dịch
rubbing_face,7,91,,Chưa có bản dịch
rubbing_hands,7,91,,Chưa có bản dịch
finger_on_nipple,0,91,,Chưa có bản dịch
tail_star,7,91,,Chưa có bản dịch
face_in_pussy,7,91,,Chưa có bản dịch
saliva_on_tail,7,91,,Chưa có bản dịch
holding_object_in_mouth,7,91,,Chưa có bản dịch
holding_own_horns,0,91,"grabbing_own_horn,hand_on_own_horn,holding_own_horn",Chưa có bản dịch
body_chains,7,91,,Chưa có bản dịch
nose_stud,0,91,,Chưa có bản dịch
leg_on_another's_leg,0,91,,Chưa có bản dịch
object_to_mouth,0,91,,Chưa có bản dịch
question_mark_ahoge,0,91,,Chưa có bản dịch
bicolored_tail,7,91,,Chưa có bản dịch
head_hair,7,91,,Chưa có bản dịch
balancing_on_finger,0,91,,Chưa có bản dịch
wing_fingers,7,91,,Chưa có bản dịch
detachable_legs,7,91,detached_leg,Chưa có bản dịch
headband_over_one_eye,0,91,,Chưa có bản dịch
licking_between_toes,7,91,,Chưa có bản dịch
bioluminescent_eyes,7,91,,Chưa có bản dịch
fake_penis_shadow,0,91,,Chưa có bản dịch
candy_apple_hair_ornament,0,91,,Chưa có bản dịch
tongue_between_toes,7,90,,Chưa có bản dịch
tail_on_fire,7,90,,Chưa có bản dịch
mottled_anus,7,90,mottle_anus,Chưa có bản dịch
hand_on_partner's_belly,7,90,,Chưa có bản dịch
anus_stretched_by_vaginal,7,90,,Chưa có bản dịch
striped_chest,7,90,,Chưa có bản dịch
money-shaped_pupils,0,90,,Chưa có bản dịch
lines_on_body,7,90,,Chưa có bản dịch
donut_mouth,7,90,,Chưa có bản dịch
hair_on_floor,7,90,,Chưa có bản dịch
muji_body_fitting_sofa,0,90,,Chưa có bản dịch
echidna_penis,7,90,,Chưa có bản dịch
hair_color_switch,0,90,,Chưa có bản dịch
blush_visible_through_hands,0,90,,Chưa có bản dịch
scars_on_chest,7,90,,Chưa có bản dịch
monotone_pseudo_hair,7,90,,Chưa có bản dịch
urine_in_vagina,7,90,,Chưa có bản dịch
hugging_arm,7,90,,Chưa có bản dịch
covering_another's_eye,0,90,,Chưa có bản dịch
colored_fur,7,90,,Chưa có bản dịch
penis_in_sex_toy,7,90,,Chưa có bản dịch
monster_arm,0,90,,Chưa có bản dịch
rainbow_inner_ear,7,90,,Chưa có bản dịch
tan_tail_tuft,7,90,,Chưa có bản dịch
creature_on_hand,0,89,,Chưa có bản dịch
fangs_on_penis,7,89,,Chưa có bản dịch
forepaw_on_penis,7,89,,Chưa có bản dịch
ink_on_breast,0,89,,Chưa có bản dịch
doughnut_on_ear,7,89,,Chưa có bản dịch
hand_between_breasts,7,89,,Chưa có bản dịch
arm_over_breasts,7,89,,Chưa có bản dịch
penis_marriage,7,89,,Chưa có bản dịch
leg_back,7,89,,Chưa có bản dịch
submerged_arms,7,89,,Chưa có bản dịch
eyebrow_through_mane,7,89,,Chưa có bản dịch
fluffy_ear,7,89,,Chưa có bản dịch
squeezing_belly,7,89,,Chưa có bản dịch
severed_foot,0,89,,Chưa có bản dịch
arrow_symbol_hair_ornament,0,89,directional_arrow_hair_ornament,Chưa có bản dịch
uterus_with_face,7,89,,Chưa có bản dịch
7_eyes,7,89,"7_eyed,seven_eyed,seven_eyes",Chưa có bản dịch
nail_hair_ornament,0,89,,Chưa có bản dịch
holding_own_leg_back,0,89,,Chưa có bản dịch
coiling_around_arm,7,89,,Chưa có bản dịch
cum_on_partner's_penis,7,89,,Chưa có bản dịch
cum_on_partner's_leg,7,89,,Chưa có bản dịch
listening_to_belly,7,89,listening_to_stomach,Chưa có bản dịch
kiss_mark_on_breast,7,89,,Chưa có bản dịch
turkey_leg,0,89,,Chưa có bản dịch
washing_face,0,89,,Chưa có bản dịch
pee_on_face,7,89,,Chưa có bản dịch
bandaged_wings,0,89,,Chưa có bản dịch
shorter_than_canon,0,89,"alternate_body_size_(shorter),alternate_height_(shorter),alternate_height_size_(shorter)",Chưa có bản dịch
grey_toe_claws,7,88,,Chưa có bản dịch
cybernetic_body,7,88,,Chưa có bản dịch
robotic_penis,7,88,animatronic_penis,Chưa có bản dịch
vision_test,0,88,eye_test,Chưa có bản dịch
sand_on_foot,7,88,,Chưa có bản dịch
wobbly_mouth,7,88,,Chưa có bản dịch
tongue_on_face,7,88,,Chưa có bản dịch
tail_scales,7,88,,Chưa có bản dịch
tail_flick,7,88,,Chưa có bản dịch
wringing_hair,0,88,,Chưa có bản dịch
raised_arm_support,7,88,,Chưa có bản dịch
holographic_horns,0,88,,Chưa có bản dịch
saliva_on_legs,7,88,,Chưa có bản dịch
ball_fur,7,88,,Chưa có bản dịch
brown_genitals,7,88,,Chưa có bản dịch
cheese_hair_ornament,0,88,,Chưa có bản dịch
drooped_ears,7,88,,Chưa có bản dịch
ear_tunnel,7,88,,Chưa có bản dịch
large_head_wings,0,88,,Chưa có bản dịch
iridescent_skin,0,88,,Chưa có bản dịch
one_arm_push-ups,0,88,,Chưa có bản dịch
touching_own_face,7,88,,Chưa có bản dịch
purple_finger_claws,7,88,,Chưa có bản dịch
hands_on_mouth,7,88,,Chưa có bản dịch
partially_visible_genitals,7,88,,Chưa có bản dịch
eye_popping,7,88,,Chưa có bản dịch
hair_covering_nipples,7,88,,Chưa có bản dịch
spiked_tongue,7,88,,Chưa có bản dịch
full_face_makeup,0,88,,Chưa có bản dịch
painted_penis,7,88,,Chưa có bản dịch
foot_on_wing,7,88,,Chưa có bản dịch
vacant_eyes,7,88,,Chưa có bản dịch
flower_on_tail,7,87,,Chưa có bản dịch
eye_color_connection,0,87,,Chưa có bản dịch
chocolate_hair_ornament,0,87,,Chưa có bản dịch
vulva_nipples,7,87,"nipple_pussy,pussy_nipples",Chưa có bản dịch
tooth_removal,7,87,teeth_removal,Chưa có bản dịch
drinking_horn,0,87,,Chưa có bản dịch
shoulder_fluff,7,87,,Chưa có bản dịch
torso_tied,7,87,,Chưa có bản dịch
tail_first,7,87,,Chưa có bản dịch
hanging_tongue,7,87,,Chưa có bản dịch
lightning_tail,7,87,,Chưa có bản dịch
tail_grinding,7,87,,Chưa có bản dịch
simple_mouth,7,87,,Chưa có bản dịch
glans_in_mouth,7,87,,Chưa có bản dịch
mixed_wings,0,87,,Chưa có bản dịch
holding_hair_straightener,0,87,,Chưa có bản dịch
cleaning_genitals,7,87,,Chưa có bản dịch
dark_tuft,7,87,dark_tufts,Chưa có bản dịch
crescent-shaped_pupils,0,87,,Chưa có bản dịch
crotch_in_face,7,87,,Chưa có bản dịch
flaming_ears,0,87,,Chưa có bản dịch
unusual_anus,7,87,,Chưa có bản dịch
balls_on_feet,7,87,,Chưa có bản dịch
feet_on_legs,7,87,,Chưa có bản dịch
pineapple_hair_ornament,0,87,,Chưa có bản dịch
creature_on_arm,0,86,,Chưa có bản dịch
inside_another's_fur,0,86,,Chưa có bản dịch
micro_in_mouth,7,86,,Chưa có bản dịch
flaming_horns,0,86,,Chưa có bản dịch
plump_lower_lip,7,86,,Chưa có bản dịch
tucked_tail,7,86,,Chưa có bản dịch
milk_on_face,7,86,,Chưa có bản dịch
dark_toes,7,86,,Ngón chân sẫm
kissing_tail_mouth,7,86,,Chưa có bản dịch
nipple_milking,7,86,,Chưa có bản dịch
neck_to_tail_bondage,7,86,,Chưa có bản dịch
multi_pupil,7,86,,Chưa có bản dịch
one-handed_face_fucking,7,86,,Chưa có bản dịch
nipple_blush,7,86,,Chưa có bản dịch
heart_eyebrows,7,86,"<3_eyebrow,<3_eyebrows,heart-shaped_eyebrow,heart_eyebrow,heart_shaped_eyebrows",Chưa có bản dịch
red_finger_claws,7,86,,Chưa có bản dịch
inward_flipped_hair,0,86,,Chưa có bản dịch
horn_spikes,7,86,spiked_horn,Chưa có bản dịch
floppy_penis,7,86,,Chưa có bản dịch
hair_chart,0,86,,Chưa có bản dịch
tanuki_tail,7,86,,Chưa có bản dịch
80s_hair,7,86,,Chưa có bản dịch
humanoid_hands_on_feral,7,86,,Chưa có bản dịch
gold_tongue,7,86,,Lưỡi vàng kim
tattoo_on_shoulder,7,86,,Chưa có bản dịch
frogtied_arms,7,86,,Chưa có bản dịch
electrode_on_penis,7,86,,Chưa có bản dịch
glowing_legs,0,86,,Chưa có bản dịch
presenting_nipple,7,85,,Chưa có bản dịch
rainbow_feather_(pokemon),0,85,rainbow_wing_(pokemon),Chưa có bản dịch
penis_ornament,0,85,,Chưa có bản dịch
penis_on_nose,7,85,,Chưa có bản dịch
pride_color_arm_warmers,7,85,,Chưa có bản dịch
arrow_pointing_to_belly,7,85,,Chưa có bản dịch
tail_rubbing,0,85,,Chưa có bản dịch
veiny_chest,7,85,,Chưa có bản dịch
veiny_wings,7,85,,Chưa có bản dịch
embarrassed_naked_female,7,85,,Chưa có bản dịch
touching_toes,0,85,,Chưa có bản dịch
venus_symbol_hair_ornament,0,85,,Chưa có bản dịch
tail_in_cloaca,7,85,,Chưa có bản dịch
spoon_in_mouth,7,85,,Chưa có bản dịch
fur-trimmed_veil,0,85,,Chưa có bản dịch
heart_shaped_pupils,7,85,,Chưa có bản dịch
hair_petal,0,85,,Chưa có bản dịch
hearts_around_penis,7,85,,Chưa có bản dịch
hands_on_calves,7,85,,Chưa có bản dịch
hands_on_chin,7,85,,Chưa có bản dịch
holding_partner's_penis,7,85,,Chưa có bản dịch
nose_steam,7,85,,Chưa có bản dịch
hydrangea_hair_ornament,0,85,,Chưa có bản dịch
drawn_nose,0,85,,Chưa có bản dịch
looking_at_mouth,7,85,,Chưa có bản dịch
hand_on_counter,7,85,,Chưa có bản dịch
fake_eyelashes,0,85,,Chưa có bản dịch
partially_submerged_breasts,7,85,,Chưa có bản dịch
arm_vines,0,85,,Chưa có bản dịch
hex_tails,0,85,,Chưa có bản dịch
anal_hand_gulp,7,85,,Chưa có bản dịch
face_in_balls,7,85,,Chưa có bản dịch
black_hair_tip,7,85,,Chưa có bản dịch
legs_over_shoulders,7,85,,Chưa có bản dịch
nipple_to_tongue,7,85,,Chưa có bản dịch
pokemon_wings,0,85,,Chưa có bản dịch
eye_over_eye,0,85,,Chưa có bản dịch
flexing_penis,7,84,,Chưa có bản dịch
tentacle_in_nose,7,84,,Chưa có bản dịch
feces_on_arm,7,84,feces_on_arms,Chưa có bản dịch
a_flat_chest_is_a_status_symbol,0,84,,Chưa có bản dịch
penis_to_butt,7,84,,Chưa có bản dịch
leg_squeeze,7,84,,Chưa có bản dịch
body_motion_path,7,84,,Chưa có bản dịch
anus_mouth,7,84,,Chưa có bản dịch
candy_cane_hair_ornament,0,84,,Chưa có bản dịch
jaw_horn,7,84,,Chưa có bản dịch
smegma_on_face,7,84,,Chưa có bản dịch
foot_domination,7,84,,Chưa có bản dịch
tail_between_buttocks,7,84,,Chưa có bản dịch
fur_texture,7,84,,Chưa có bản dịch
aquamarine_eyes,7,84,,Chưa có bản dịch
chest_crystal,7,84,,Chưa có bản dịch
unusual_mouth,7,84,,Chưa có bản dịch
chest_wound,7,84,,Chưa có bản dịch
melting_body,7,84,,Chưa có bản dịch
puffed_out_chest,7,84,,Chưa có bản dịch
hair_in_mouth,7,84,,Chưa có bản dịch
whole_body_titfuck,7,84,,Chưa có bản dịch
soaking_hands,0,84,,Chưa có bản dịch
holding_own_legs,7,84,,Chưa có bản dịch
held_by_leg,7,84,,Chưa có bản dịch
belly_up,7,84,,Chưa có bản dịch
auburn_fur,7,84,,Chưa có bản dịch
wobbling_belly,7,84,,Chưa có bản dịch
monkey_feet,7,84,,Chưa có bản dịch
rope_braid,0,84,,Chưa có bản dịch
briefs_around_one_leg,7,84,,Chưa có bản dịch
anal_juice_on_finger,7,84,,Chưa có bản dịch
pangolin_tail,0,84,,Chưa có bản dịch
tail_wings,7,84,,Chưa có bản dịch
kiss_mark_on_leg,7,83,,Chưa có bản dịch
tongue_riding,7,83,,Chưa có bản dịch
ear_stripes,7,83,,Chưa có bản dịch
standing_on_shoulders,7,83,,Chưa có bản dịch
anal_juice_on_body,7,83,,Chưa có bản dịch
thick_feet,7,83,,Bàn chân dày
gagging_on_penis,7,83,,Chưa có bản dịch
body_cast,7,83,,Chưa có bản dịch
hand_on_own_mouth,7,83,,Chưa có bản dịch
tongue_flick,7,83,,Chưa có bản dịch
horn_in_mouth,7,83,,Chưa có bản dịch
brown_body_hair,7,83,,Chưa có bản dịch
lipstick_mark_on_anus,0,83,,Chưa có bản dịch
breast_pile,0,83,,Chưa có bản dịch
soshite_hari_wa_ugokidasu_(project_sekai),0,83,the_stopped_hand_moves_once_more_(project_sekai),Chưa có bản dịch
steam_from_nose,0,83,,Chưa có bản dịch
glowing_body_fluid,0,83,,Chưa có bản dịch
heart_ears,7,83,,Chưa có bản dịch
iridescent_horn,7,83,,Chưa có bản dịch
hands_on_another's_wrists,0,83,,Chưa có bản dịch
sucker_face,7,83,,Chưa có bản dịch
medial_ringed_tapering_penis,7,83,,Chưa có bản dịch
saliva_on_teeth,7,82,,Chưa có bản dịch
rainbow_tongue,7,82,,Chưa có bản dịch
drill_horn,0,82,,Chưa có bản dịch
pokeball_in_ass,7,82,"poke_ball_in_anus,poke_ball_in_ass,pokeball_in_anus",Chưa có bản dịch
hands_in_front,7,82,,Chưa có bản dịch
robotic_hands,7,82,,Chưa có bản dịch
hand_truck,0,82,,Chưa có bản dịch
leg_on_table,7,82,,Chưa có bản dịch
holding_partner's_arm,7,82,,Chưa có bản dịch
toned_legs,7,82,,Chưa có bản dịch
naked_kappougi,0,82,,Chưa có bản dịch
double-parted_hair,0,82,,Chưa có bản dịch
hand_on_surface,7,82,,Chưa có bản dịch
cat-shaped_pupils,0,82,,Chưa có bản dịch
framed_cleavage,0,82,,Chưa có bản dịch
smiling_eyes,7,82,,Chưa có bản dịch
wing_eyes,7,82,,Chưa có bản dịch
sex_hair,0,82,,Chưa có bản dịch
tentacle_between_legs,0,82,,Chưa có bản dịch
arm_between_another's_legs,0,82,thighs_around_another's_arm,Chưa có bản dịch
slime_in_mouth,7,82,,Chưa có bản dịch
tasteful_nude,7,82,,Chưa có bản dịch
virile_vagina,7,82,virile_pussy,Chưa có bản dịch
feces_on_tongue,7,82,,Chưa có bản dịch
four-finger_handjob,0,81,,Chưa có bản dịch
creaking_belly,7,81,,Chưa có bản dịch
sitting_on_tongue,7,81,,Chưa có bản dịch
micro_on_foot,7,81,,Chưa có bản dịch
utility_genitals,7,81,mixed_use_genitals,Chưa có bản dịch
horn_size_difference,7,81,,Chưa có bản dịch
listening_to_chest,7,81,,Chưa có bản dịch
hamster_on_shoulder,0,81,,Chưa có bản dịch
fused_eyes,7,81,,Chưa có bản dịch
foot_insertion,7,81,,Chưa có bản dịch
belly_valve,7,81,,Chưa có bản dịch
o_arms,0,81,,Chưa có bản dịch
tail_cover,0,81,,Chưa có bản dịch
multicolored_facial_hair,7,81,,Chưa có bản dịch
tentacles_around_penis,7,81,,Chưa có bản dịch
finger_on_forehead,0,81,,Chưa có bản dịch
mixed_horns,0,81,"horns_and_antlers,multiple_horn_types",Chưa có bản dịch
arm_snake,0,81,,Chưa có bản dịch
cat_on_chest,0,81,,Chưa có bản dịch
cum_in_tail,7,81,,Chưa có bản dịch
banana_in_mouth,0,81,,Chưa có bản dịch
glistening_mouth,7,81,,Chưa có bản dịch
heart_spade_tail,7,81,,Chưa có bản dịch
crystal_eye,0,81,,Chưa có bản dịch
egg_from_mouth,7,81,,Chưa có bản dịch
pink_feather_hair,7,81,,Chưa có bản dịch
cloaca_juice_on_penis,7,81,,Chưa có bản dịch
belly_exposed,7,81,,Chưa có bản dịch
tail_wrapped_around_arm,7,80,,Chưa có bản dịch
disembodied_face,0,80,,Chưa có bản dịch
egyptian_toe,0,80,,Chưa có bản dịch
multi_upper_body,7,80,,Chưa có bản dịch
bottom_with_big_penis,7,80,,Chưa có bản dịch
inverted_eyes,7,80,,Chưa có bản dịch
disembodied_wings,7,80,,Chưa có bản dịch
imp_tail,7,80,,Chưa có bản dịch
arm_on_breasts,7,80,,Chưa có bản dịch
presenting_genital_slit,7,80,,Chưa có bản dịch
cybernetic_wing,7,80,,Chưa có bản dịch
flag_in_mouth,7,80,,Chưa có bản dịch
pointed_bangs,0,80,,Chưa có bản dịch
wrist_on_leg,7,80,,Chưa có bản dịch
checkered_leg_warmers,0,80,,Chưa có bản dịch
tied_to_penis,7,80,,Chưa có bản dịch
balloon_tail,7,80,,Chưa có bản dịch
fur-trimmed_leg_warmers,0,80,,Chưa có bản dịch
mace_tail,7,80,tail_mace,Chưa có bản dịch
hose_in_nipple,7,80,,Chưa có bản dịch
sunken_eyes,0,80,,Chưa có bản dịch
tongue_around_neck,7,80,,Chưa có bản dịch
peeing_in_vagina,7,80,,Chưa có bản dịch
bionic_eye,7,80,bionic_eyes,Chưa có bản dịch
game_controller_nipples_(meme),0,80,,Chưa có bản dịch
writing_on_hand,0,80,,Chưa có bản dịch
holding_torso,7,80,,Chưa có bản dịch
censored_ears,0,80,ear_censor,Chưa có bản dịch
too_many_in_mouth,0,80,,Chưa có bản dịch
ankle_crossing_leg,7,80,,Chưa có bản dịch
alternate_eyebrow_color,0,80,,Chưa có bản dịch
hyper_muscle_growth,7,80,,Chưa có bản dịch
chest_to_chest,7,80,,Chưa có bản dịch
liquid_body,0,80,,Chưa có bản dịch
face_in_armpit,0,80,,Chưa có bản dịch
rabbit_ears_antenna,0,80,,Chưa có bản dịch
stepping_on_chest,7,80,,Chưa có bản dịch
hair_expansion,7,79,,Chưa có bản dịch
feet_crossed,7,79,,Chưa có bản dịch
scarred_body,7,79,,Chưa có bản dịch
leg_over_shin,7,79,,Chưa có bản dịch
slapping_with_breasts,0,79,,Chưa có bản dịch
notched_ears,0,79,,Chưa có bản dịch
hand_fetish,7,79,,Chưa có bản dịch
eye_gouge,7,79,eye_gouging,Chưa có bản dịch
object_in_hand,7,79,,Chưa có bản dịch
hose_in_navel,7,79,,Chưa có bản dịch
tongue_drip,7,79,,Chưa có bản dịch
thinking_about_breasts,7,79,,Chưa có bản dịch
rubbing_ears,0,79,,Chưa có bản dịch
swinging_tail,7,79,,Chưa có bản dịch
person_on_hand,0,79,,Chưa có bản dịch
bodily_fluids_from_mouth,7,79,,Chưa có bản dịch
hand_on_own_pussy,7,79,,Chưa có bản dịch
lustful_eyes,7,79,,Chưa có bản dịch
demon_eyes,7,79,,Chưa có bản dịch
tail_outside_pussy,7,79,,Chưa có bản dịch
hair_salon,0,79,,Chưa có bản dịch
fur-trimmed_shrug,0,79,,Chưa có bản dịch
shoulder_pouch,0,79,,Chưa có bản dịch
thinking_about_penis,7,79,,Chưa có bản dịch
slime_on_penis,7,79,,Chưa có bản dịch
green_nail_polish,7,79,,Chưa có bản dịch
sentient_ears,7,79,,Chưa có bản dịch
canine_penis_tongue,7,79,,Chưa có bản dịch
cupping_ears,0,79,listening_gesture,Chưa có bản dịch
animal_ear_headband,0,79,,Chưa có bản dịch
holding_another's_legs_back,0,78,,Chưa có bản dịch
blood_on_hair,7,78,,Chưa có bản dịch
blurry_eyes,0,78,,Chưa có bản dịch
body_inside_body,7,78,,Chưa có bản dịch
goo_in_mouth,7,78,,Chưa có bản dịch
body_of_water,7,78,,Chưa có bản dịch
hand_on_dildo,7,78,,Chưa có bản dịch
tail_claws,7,78,tail_claw,Chưa có bản dịch
partially_clothed_anthro_nude_male,7,78,,Chưa có bản dịch
tongue_pull,7,78,,Chưa có bản dịch
precum_on_tail,7,78,,Chưa có bản dịch
arm_fluff,7,78,,Chưa có bản dịch
nipple_suction_cups,0,78,,Chưa có bản dịch
grey_pseudo_hair,7,78,,Chưa có bản dịch
10_nipples,7,78,,Chưa có bản dịch
fingers_in_hair,7,78,,Chưa có bản dịch
eye_of_ra,7,78,,Chưa có bản dịch
large_arm,0,78,,Chưa có bản dịch
vine_on_leg,0,78,,Chưa có bản dịch
breasts_on_shoulders,0,78,,Chưa có bản dịch
slanted_eyebrows,7,78,,Chưa có bản dịch
hair_shrinking,7,78,,Chưa có bản dịch
finger_counting_duo,0,78,,Chưa có bản dịch
robot_legs,7,78,,Chưa có bản dịch
tapping_fingers,7,78,,Chưa có bản dịch
breast_band,0,78,,Chưa có bản dịch
belly_outline,7,78,,Chưa có bản dịch
wild_hair,7,78,,Chưa có bản dịch
arm_torture,7,78,,Chưa có bản dịch
abdominal_tuft,7,78,,Chưa có bản dịch
belly_on_penis,7,78,,Chưa có bản dịch
bare_skin,7,78,,Chưa có bản dịch
feces_on_feet,7,78,,Chưa có bản dịch
hands_free_penetrating_(penile),7,78,,Chưa có bản dịch
penis_across_breasts,7,78,,Chưa có bản dịch
fake_pointy_ears,0,78,,Chưa có bản dịch
bingo_wings,7,78,,Chưa có bản dịch
stubbing_toe,0,77,,Chưa có bản dịch
cum_on_chest_fluff,7,77,,Chưa có bản dịch
presenting_penis_tip,7,77,,Chưa có bản dịch
sparkling_fur,7,77,glittering_fur,Chưa có bản dịch
tape_over_penis,7,77,,Chưa có bản dịch
finger_painting,0,77,,Chưa có bản dịch
boar_tail,0,77,,Chưa có bản dịch
pog_face,7,77,,Chưa có bản dịch
alternate_body_type,7,77,,Chưa có bản dịch
rhinoceros_tail,0,77,rhino_tail,Chưa có bản dịch
food_on_belly,7,77,,Chưa có bản dịch
spider_hair_ornament,0,77,,Chưa có bản dịch
stepping_on_genitals,7,77,,Chưa có bản dịch
tickling_arms,0,77,,Chưa có bản dịch
penis_resting_on_thigh,7,77,,Chưa có bản dịch
writing_utensil_in_mouth,7,77,,Chưa có bản dịch
tomato_hair_ornament,0,77,,Chưa có bản dịch
hairless_fingers,7,77,,Chưa có bản dịch
toe_bondage,7,77,,Chưa có bản dịch
fur-trimmed_overskirt,0,77,,Chưa có bản dịch
halo_around_horn,0,77,,Chưa có bản dịch
too_many_wings,0,77,,Chưa có bản dịch
disproportionately_detailed_genitals,7,77,,Chưa có bản dịch
humanoid_legs,7,77,,Chưa có bản dịch
fur_arm_warmers,0,77,,Chưa có bản dịch
fur_gauntlets,7,77,,Chưa có bản dịch
nipple_growth,7,77,,Chưa có bản dịch
leg_press,7,77,,Chưa có bản dịch
fur_trim_shawl,7,77,,Chưa có bản dịch
pouring_on_penis,7,77,,Chưa có bản dịch
breast_poke,7,77,,Chưa có bản dịch
tongue_between_breasts,7,77,,Chưa có bản dịch
imprinted_skin,0,76,,Chưa có bản dịch
nyannyan_cat's_eye_(idolmaster),0,76,,Chưa có bản dịch
hand_outstretched,7,76,,Chưa có bản dịch
hand_tied,7,76,,Chưa có bản dịch
naked_tape,0,76,,Chưa có bản dịch
mouth_to_ass,7,76,,Chưa có bản dịch
deformed_face,7,76,,Chưa có bản dịch
mutual_foot_licking,0,76,,Chưa có bản dịch
fluffy_eyebrows,7,76,,Chưa có bản dịch
butt_mouth,7,76,,Chưa có bản dịch
two_toned_body,7,76,,Chưa có bản dịch
blood_on_eye,7,76,"blood_on_eyes,bloody_eyes",Chưa có bản dịch
electrical_hair,7,76,"electric_hair,electric_hairs,electrical_hairs,electricity_hair,electricity_hairs,lightning_hairs",Chưa có bản dịch
wing_blade,7,76,,Chưa có bản dịch
bound_hair,0,76,,Chưa có bản dịch
humanoid_penis_tentacles,7,76,,Chưa có bản dịch
parasitic_penis,7,76,,Chưa có bản dịch
micro_between_breasts,7,76,,Chưa có bản dịch
translucent_tongue,7,76,,Chưa có bản dịch
raised_shoulder,7,76,,Chưa có bản dịch
silver_tail,7,76,,Đuôi bạc
leg_on_furniture,7,76,,Chưa có bản dịch
spiked_body,7,76,,Chưa có bản dịch
fart_exiting_nose,7,76,,Chưa có bản dịch
wholesome_body_writing,7,76,,Chưa có bản dịch
tail_in_urethra,7,76,,Chưa có bản dịch
horn_lick,7,76,"horn_licking,horns_lick,licking_horns",Chưa có bản dịch
fur-trimmed_bracer,0,76,,Chưa có bản dịch
finger_marks,0,76,,Chưa có bản dịch
one_wing,7,76,,Chưa có bản dịch
hands_crossed,7,76,,Chưa có bản dịch
arm_around_chest,0,76,,Chưa có bản dịch
feces_on_belly,7,76,feces_on_stomach,Chưa có bản dịch
star_in_pupils,7,76,,Chưa có bản dịch
energy_hair,0,76,,Chưa có bản dịch
clawed_wings,0,76,,Chưa có bản dịch
scaled_hands,7,76,,Chưa có bản dịch
horny_face,7,76,,Chưa có bản dịch
bite_mark_on_ear,0,76,,Chưa có bản dịch
metal_legs,7,76,,Chưa có bản dịch
red_chest_hair,7,76,,Chưa có bản dịch
tail_wrapped_around_penis,7,75,,Chưa có bản dịch
plugging_ears,0,75,,Chưa có bản dịch
ear_tug,0,75,,Chưa có bản dịch
ponytail_with_hair_base,0,75,,Chưa có bản dịch
floating_feet,7,75,,Chưa có bản dịch
sand_fur,7,75,,Chưa có bản dịch
fifth_position_of_the_arms,0,75,,Chưa có bản dịch
lutrine_penis,7,75,,Chưa có bản dịch
tail_stimulation,0,75,,Chưa có bản dịch
penis_theft,7,75,,Chưa có bản dịch
bouncing_flat_chest,0,75,,Chưa có bản dịch
hands_in_another's_pockets,0,75,,Chưa có bản dịch
melting_tail,0,75,,Chưa có bản dịch
severed_ear,0,75,,Chưa có bản dịch
forked_hair,0,75,,Chưa có bản dịch
arm_scales,7,75,,Chưa có bản dịch
inside_vagina,7,75,inside_pussy,Chưa có bản dịch
hands_on_tail,7,75,,Chưa có bản dịch
hole_in_ears,0,75,,Chưa có bản dịch
translucent_handwear,7,75,"translucent_hand_wear,transparent_hand_wear,transparent_handwear",Chưa có bản dịch
purple_feather_hair,7,75,,Chưa có bản dịch
snake_tongue_(polearm),0,75,,Chưa có bản dịch
licking_arm,7,75,arm_lick,Chưa có bản dịch
antelope_horn,7,75,,Chưa có bản dịch
2_penis_bulge,7,75,,Chưa có bản dịch
tail_brush,7,75,,Chưa có bản dịch
multiple_arm_straps,0,75,,Chưa có bản dịch
hybrid_vulva,7,75,"hybrid_pussy,hybrid_vagina",Chưa có bản dịch
empty_eye_socket,7,75,,Chưa có bản dịch
vulva_to_penis_tf,7,75,,Chưa có bản dịch
wing_covers,0,75,,Chưa có bản dịch
checkerboard_cookie_hair_ornament,0,75,,Chưa có bản dịch
belly_on_back,7,75,,Chưa có bản dịch
tongue_in_slit,7,75,,Chưa có bản dịch
cum_on_horns,0,75,,Chưa có bản dịch
teal_ear_tips,7,75,,Chưa có bản dịch
hand_on_glans,7,75,,Chưa có bản dịch
both_hands_on_balls,7,74,,Chưa có bản dịch
spiked_arms,7,74,,Chưa có bản dịch
folded_legs,7,74,,Chưa có bản dịch
folded_ear,0,74,,Chưa có bản dịch
blob_feet,7,74,,Chưa có bản dịch
collar_on_penis,7,74,,Chưa có bản dịch
cosmic_penis,7,74,galaxy_penis,Chưa có bản dịch
belly_movement,7,74,,Chưa có bản dịch
mouse_hair_ornament,0,74,,Chưa có bản dịch
animal_ear_balloon,7,74,,Chưa có bản dịch
leaking_breasts,7,74,,Chưa có bản dịch
gripping_tail,7,74,,Chưa có bản dịch
dildo_in_nipple,7,74,,Chưa có bản dịch
fluffy_face,7,74,,Khuôn mặt bồng bềnh
mouse_on_shoulder,0,74,,Chưa có bản dịch
touching_legs,7,74,,Chưa có bản dịch
belly_stripes,7,74,,Chưa có bản dịch
white_feather_hair,7,74,,Chưa có bản dịch
tail_embrace,7,74,,Chưa có bản dịch
foot_archery,0,74,,Chưa có bản dịch
arm_eye,0,74,third_eye_on_arm,Chưa có bản dịch
body_lick,7,74,,Chưa có bản dịch
multicolored_lips,0,74,multicolored_lipstick,Chưa có bản dịch
star-shaped_pubic_hair,0,74,,Chưa có bản dịch
sweaty_hands,7,74,,Chưa có bản dịch
bakunetsu_god_finger,0,74,erupting_burning_finger,Chưa có bản dịch
pointing_at_foot,7,74,,Chưa có bản dịch
veiny_nipples,7,74,,Chưa có bản dịch
pointing_at_belly,7,74,,Chưa có bản dịch
hand_gag,7,74,,Chưa có bản dịch
dirty_body,7,74,,Chưa có bản dịch
forehead_eye,7,74,,Chưa có bản dịch
bangs_over_eyes,7,74,,Chưa có bản dịch
detailed_ear,7,74,,Chưa có bản dịch
floppy_breasts,7,74,,Chưa có bản dịch
tail_support,0,74,,Chưa có bản dịch
anis_face_(nikke),0,74,,Chưa có bản dịch
on_arm,7,74,,Chưa có bản dịch
chick_hair_ornament,0,74,,Chưa có bản dịch
tongue_around_body,7,74,,Chưa có bản dịch
penis_in_pseudo-penis,7,74,penis_in_pseudopenis,Chưa có bản dịch
doll_on_shoulder,0,74,,Chưa có bản dịch
holding_own_belly,7,74,,Chưa có bản dịch
tail_under_leg,7,74,,Chưa có bản dịch
arm_over_edge,7,73,,Chưa có bản dịch
penis_cuff,7,73,,Chưa có bản dịch
penis_on_anus,7,73,,Chưa có bản dịch
leg_stretch,7,73,,Chưa có bản dịch
flattened_body,7,73,,Chưa có bản dịch
wing_hold,0,73,,Chưa có bản dịch
colorful_body,7,73,,Chưa có bản dịch
anal_beads_in_mouth,7,73,,Chưa có bản dịch
single_mechanical_wing,0,73,,Chưa có bản dịch
belly_crush,7,73,,Chưa có bản dịch
humping_own_belly,7,73,,Chưa có bản dịch
two_tone_facial_hair,7,73,,Chưa có bản dịch
pride_color_body,7,73,,Chưa có bản dịch
body_stripes,7,73,,Chưa có bản dịch
grey_armpit_hair,0,73,,Chưa có bản dịch
tentacle_around_foot,7,73,,Chưa có bản dịch
lifted_by_legs,7,73,,Chưa có bản dịch
french_braid,7,73,,Chưa có bản dịch
furry_body,7,73,,Chưa có bản dịch
finger_under_chin,7,73,,Chưa có bản dịch
rabbit_feet,7,73,,Bàn chân thỏ
balloon_in_mouth,7,73,,Chưa có bản dịch
leg_behind_head,7,73,,Chưa có bản dịch
mistletoe_hair_ornament,0,73,,Chưa có bản dịch
teal_belly,7,73,,Chưa có bản dịch
detached_hand,7,73,,Chưa có bản dịch
heart_floating_above_hand,0,73,,Chưa có bản dịch
iridescent_eyes,7,73,,Chưa có bản dịch
avian_hands,7,73,,Chưa có bản dịch
lying_on_tongue,7,73,,Chưa có bản dịch
footprint_on_body,0,73,footprint_on_face,Chưa có bản dịch
dipstick_penis,7,73,,Chưa có bản dịch
missing_nose,0,73,,Chưa có bản dịch
foot_scar,7,72,,Chưa có bản dịch
lobster_tail,0,72,,Chưa có bản dịch
smiley_face_print,0,72,smiley_print,Chưa có bản dịch
tail_gills,7,72,,Chưa có bản dịch
heart_hair,7,72,,Chưa có bản dịch
robotic_tongue,7,72,,Chưa có bản dịch
ice_horn,7,72,,Chưa có bản dịch
muscle_cuirass,0,72,,Chưa có bản dịch
finger_grab,0,72,,Chưa có bản dịch
heavy_penis,7,72,,Chưa có bản dịch
nude_to_clothed,7,72,,Chưa có bản dịch
metal_hand,7,72,,Chưa có bản dịch
leg_around_head,7,72,,Chưa có bản dịch
showing_leg,7,72,,Chưa có bản dịch
breast_in_mouth,7,72,,Chưa có bản dịch
translucent_horn,7,72,"see-through_horn,see_through_horn,see_through_horns,seethrough_horn,seethrough_horns,sheer_horn,sheer_horns,translucent_horns,transparent_horn,transparent_horns",Chưa có bản dịch
petals_in_mouth,0,72,,Chưa có bản dịch
brown_mouth,7,72,,Miệng nâu
flaming_eyebrows,7,72,"fire_eyebrow,fire_eyebrows,flaming_eyebrow",Chưa có bản dịch
sticker_on_chest,0,72,,Chưa có bản dịch
tail_ovipositor,7,72,,Chưa có bản dịch
restrained_wings,7,72,,Chưa có bản dịch
feet_towards_viewer,7,72,,Chưa có bản dịch
printed_eyes,7,72,,Chưa có bản dịch
weighing_breasts,0,72,,Chưa có bản dịch
hand_on_jaw,7,72,,Chưa có bản dịch
eye_on_belly,0,72,stomach_eye,Chưa có bản dịch
intense_face,7,72,,Chưa có bản dịch
prehensile_toes,0,72,,Chưa có bản dịch
tongue_on_tongue,7,72,,Chưa có bản dịch
on_foot,7,72,,Chưa có bản dịch
yellow_ear_fluff,7,72,,Chưa có bản dịch
yellow_feather_hair,7,72,,Chưa có bản dịch
two-tone_eyebrows,0,71,,Chưa có bản dịch
cum_in_partner's_mouth,7,71,,Chưa có bản dịch
eye_expansion,7,71,,Chưa có bản dịch
one_foot_up,7,71,,Chưa có bản dịch
penis_in_nose,7,71,,Chưa có bản dịch
wax_seal_hair_ornament,0,71,,Chưa có bản dịch
body_shaming,7,71,,Chưa có bản dịch
lava_skin,7,71,,Chưa có bản dịch
lube_on_anus,7,71,,Chưa có bản dịch
frisbee_in_mouth,7,71,,Chưa có bản dịch
crescent_wing_ornament,0,71,,Chưa có bản dịch
gradient_skin,7,71,,Chưa có bản dịch
feather_ear,7,71,,Chưa có bản dịch
eyes_up,7,71,,Chưa có bản dịch
horse_legs,0,71,,Chân ngựa
pubic_hair_pull,0,71,,Chưa có bản dịch
licking_another's_hair,0,71,,Chưa có bản dịch
licking_own_tail,0,71,,Chưa có bản dịch
torii_hair_ornament,0,71,,Chưa có bản dịch
feet_on_shoulders,7,71,,Chưa có bản dịch
periwinkle_fur,7,71,,Chưa có bản dịch
scratching_chest,0,71,,Chưa có bản dịch
full_body_tattoo,7,71,,Chưa có bản dịch
touching_anus,7,71,,Chưa có bản dịch
button_nipples,7,71,,Chưa có bản dịch
501st_joint_fighter_wing_(emblem),0,71,,Chưa có bản dịch
light_lips,7,71,,Chưa có bản dịch
withdrawn_penis,7,71,,Chưa có bản dịch
face_on_another's_chest,0,71,,Chưa có bản dịch
candy_in_mouth,7,71,,Chưa có bản dịch
larger_penis_in_smaller,7,71,,Chưa có bản dịch
tail_legs,0,71,,Chưa có bản dịch
kris_hair_ornament,0,71,,Chưa có bản dịch
magic_hand,7,71,,Chưa có bản dịch
bulging_belly,7,71,,Chưa có bản dịch
purple_tail_feathers,7,71,,Chưa có bản dịch
partially_open_mouth,7,71,,Chưa có bản dịch
hairy_penis,7,71,,Chưa có bản dịch
swinging_arms,0,71,,Chưa có bản dịch
breasts_together,7,71,,Chưa có bản dịch
pikachu_tail_(female),0,71,,Chưa có bản dịch
fur_spots,7,71,,Chưa có bản dịch
breast_shake,0,71,,Chưa có bản dịch
hand_under_head,7,71,,Chưa có bản dịch
severed_tongue,0,71,,Chưa có bản dịch
chest_fluffjob,7,71,,Chưa có bản dịch
bed_hair,7,71,,Chưa có bản dịch
chest_vulva,7,71,chest_pussy,Chưa có bản dịch
surrounded_by_breasts,0,71,,Chưa có bản dịch
chubby_penis,7,71,,Chưa có bản dịch
unicorn_tail,0,71,,Chưa có bản dịch
red_body_hair,7,71,,Chưa có bản dịch
hair_in_face,7,71,,Chưa có bản dịch
hair_fruit,0,71,,Chưa có bản dịch
dark_tail_feathers,7,71,,Chưa có bản dịch
shaved_breasts,7,70,,Chưa có bản dịch
sandy_fur,7,70,,Chưa có bản dịch
rock_skin,0,70,,Chưa có bản dịch
forked_horn,7,70,,Chưa có bản dịch
soapy_breasts,7,70,,Chưa có bản dịch
breast_worship,7,70,,Chưa có bản dịch
hand_on_partner's_hip,7,70,,Chưa có bản dịch
star_hands,0,70,,Chưa có bản dịch
bandaged_hands,7,70,,Chưa có bản dịch
gripping_leg,7,70,,Chưa có bản dịch
anal_tail_gulp,7,70,,Chưa có bản dịch
winged_hands,7,70,,Chưa có bản dịch
single_animal_ear,0,70,,Chưa có bản dịch
holding_by_leg,0,70,,Chưa có bản dịch
wet_fingers,7,70,,Chưa có bản dịch
gauged_nipple,7,70,,Chưa có bản dịch
blood_on_ear,7,70,bloody_ears,Chưa có bản dịch
sucking_anus,7,70,,Chưa có bản dịch
feet_in_food,0,70,,Chưa có bản dịch
eye_wound,7,70,,Chưa có bản dịch
spit_in_mouth,7,70,,Chưa có bản dịch
talking_to_penis,7,70,,Chưa có bản dịch
insane_eyes,7,70,,Chưa có bản dịch
navy_hair,7,70,,Chưa có bản dịch
hood_over_one_eye,0,70,,Chưa có bản dịch
penis_locked_in_mouth,7,70,,Chưa có bản dịch
tentacle_hair_ornament,0,70,,Chưa có bản dịch
gauze_on_hand,0,69,,Chưa có bản dịch
pointy_fingers,7,69,,Ngón tay nhọn
wrapped_hair,0,69,,Chưa có bản dịch
leg_guards,7,69,,Chưa có bản dịch
hands_out,7,69,,Chưa có bản dịch
flower_in_ear,7,69,,Chưa có bản dịch
hands_against_glass,7,69,,Chưa có bản dịch
hand_on_furniture,7,69,,Chưa có bản dịch
holding_by_the_ears,0,69,,Chưa có bản dịch
kiss_on_breast,7,69,"breast_kiss,breast_kissing",Chưa có bản dịch
straight_tail,7,69,,Đuôi thẳng
short_braided_ponytail,0,69,,Chưa có bản dịch
emoji_hair_ornament,0,69,,Chưa có bản dịch
body_fins,0,69,,Chưa có bản dịch
body_transformation,7,69,,Chưa có bản dịch
presenting_legs,0,69,,Chưa có bản dịch
penis_behind_thighs,7,69,,Chưa có bản dịch
penis_head,0,69,,Chưa có bản dịch
penis_doodle,0,69,,Chưa có bản dịch
inflated_tail,7,69,,Chưa có bản dịch
excessive_hair,7,69,,Chưa có bản dịch
animal_on_finger,0,69,,Chưa có bản dịch
licking_another's_chest,0,68,,Chưa có bản dịch
licking_another's_arm,0,68,,Chưa có bản dịch
hairless_face,7,68,,Chưa có bản dịch
maroon_body,7,68,,Chưa có bản dịch
biting_another's_tongue,0,68,,Chưa có bản dịch
penis_scar,7,68,scar_on_penis,Chưa có bản dịch
head_penis,7,68,,Chưa có bản dịch
inflatable_wings,0,68,,Chưa có bản dịch
torso_only,0,68,,Chưa có bản dịch
wet_belly,7,68,,Chưa có bản dịch
forepaw_on_chest,7,68,,Chưa có bản dịch
countershade_hair,7,68,,Chưa có bản dịch
lightning_hair,0,68,,Chưa có bản dịch
toe_markings,7,68,,Chưa có bản dịch
peeing_on_leg,7,68,,Chưa có bản dịch
body_penetration,7,68,,Chưa có bản dịch
expressive_wings,0,68,,Chưa có bản dịch
small_teeth,7,68,,Răng nhỏ
bruise_on_hand,0,68,,Chưa có bản dịch
mouth_grab,7,68,,Chưa có bản dịch
spraying_on_face,7,68,,Chưa có bản dịch
furless_torso,7,68,,Chưa có bản dịch
upswept_hair,0,68,,Chưa có bản dịch
hand_drill,0,68,,Chưa có bản dịch
doom_wings,0,68,,Chưa có bản dịch
snake_eyes,7,68,,Chưa có bản dịch
hand_on_bicep,7,68,,Chưa có bản dịch
aqua_leg_warmers,0,68,,Chưa có bản dịch
raspberry_hair_ornament,0,68,,Chưa có bản dịch
rooster_tail,0,68,,Chưa có bản dịch
brow_hair,7,68,,Chưa có bản dịch
hands_on_own_thigh,0,68,,Chưa có bản dịch
diamond_hands,0,68,,Chưa có bản dịch
bandage_on_chest,0,68,,Chưa có bản dịch
muscle_inflation,7,68,,Chưa có bản dịch
too_many_arms,0,68,,Chưa có bản dịch
arm_in_water,7,68,,Chưa có bản dịch
large_teeth,7,68,,Răng lớn
pussy_to_another's_mouth,7,68,,Chưa có bản dịch
big_penis_humiliation,7,68,big_penis_shaming,Chưa có bản dịch
breasts_on_thighs,0,68,,Chưa có bản dịch
bristled_fur,7,68,,Chưa có bản dịch
tail_on_balls,7,68,,Chưa có bản dịch
pokemon_on_leg,0,68,,Chưa có bản dịch
foot_on_knee,7,68,,Chưa có bản dịch
split_color_body,7,67,,Chưa có bản dịch
spitting_on_face,7,67,,Chưa có bản dịch
pussy_ejaculation_in_mouth,7,67,,Chưa có bản dịch
knee_to_face,0,67,,Chưa có bản dịch
pointy_penis,7,67,,Chưa có bản dịch
cumming_onto_feet,7,67,,Chưa có bản dịch
topwear_in_mouth,7,67,,Chưa có bản dịch
teasing_with_mouth,7,67,,Chưa có bản dịch
mouth_visible_through_hair,0,67,,Chưa có bản dịch
tickling_face,0,67,,Chưa có bản dịch
finger_between_breasts,0,67,,Chưa có bản dịch
neck_hair,7,67,,Chưa có bản dịch
oni_horn,7,67,oni_horns,Chưa có bản dịch
fanning_breasts,0,67,,Chưa có bản dịch
teal_lips,7,67,,Chưa có bản dịch
toe_jam,7,67,,Chưa có bản dịch
penis_between_pecs,7,67,,Chưa có bản dịch
foot_on_arm,7,67,,Chưa có bản dịch
bone_in_hair,7,67,,Chưa có bản dịch
chicken_wings,7,67,,Chưa có bản dịch
genital_bisection,7,67,,Chưa có bản dịch
black_armbinder,7,67,"black_arm_binder,black_arm_binders,black_armbinders",Chưa có bản dịch
nail_in_head,0,67,,Chưa có bản dịch
balls_on_torso,7,67,,Chưa có bản dịch
acorn_hair_ornament,0,67,,Chưa có bản dịch
aqua_nipples,0,67,,Chưa có bản dịch
hand_hold,7,67,,Chưa có bản dịch
hands_on_partner,7,67,,Chưa có bản dịch
hands_on_another's_ears,0,67,,Chưa có bản dịch
arms_held_back,7,67,,Chưa có bản dịch
driving_nude,7,67,,Chưa có bản dịch
hand_warmer,0,67,,Chưa có bản dịch
starry_fur,7,67,,Chưa có bản dịch
eyebrow_through_pseudo_hair,7,66,,Chưa có bản dịch
shoving_face_in_butt,7,66,,Chưa có bản dịch
mutual_penis_in_ass,7,66,,Chưa có bản dịch
hand_on_sword,7,66,,Chưa có bản dịch
erect_pseudo-penis,7,66,,Chưa có bản dịch
hand_on_pillow,7,66,,Chưa có bản dịch
hand_on_partner's_arm,7,66,,Chưa có bản dịch
yellow_torso,7,66,,Chưa có bản dịch
fake_cat_tail,7,66,,Chưa có bản dịch
hands_on_own_ankles,7,66,,Chưa có bản dịch
magic_eye,7,66,,Chưa có bản dịch
peacock_hair,0,66,,Chưa có bản dịch
detailed_tongue,7,66,,Chưa có bản dịch
aligned_feet,7,66,,Chưa có bản dịch
gold_tail,0,66,,Đuôi vàng kim
body_rings,7,66,,Chưa có bản dịch
anal_fluids_on_penis,7,66,,Chưa có bản dịch
gold_ear_stud,7,66,,Chưa có bản dịch
arm_hold,7,66,,Chưa có bản dịch
icing_on_face,0,66,,Chưa có bản dịch
sprinkles_on_face,7,66,,Chưa có bản dịch
insectoid_wings,7,66,,Chưa có bản dịch
pointy_feet,7,66,,Bàn chân nhọn
supported_arm,7,66,,Chưa có bản dịch
penis_fingers,7,66,,Chưa có bản dịch
arm_on_stomach,7,66,,Chưa có bản dịch
vibrator_on_feet,7,66,,Chưa có bản dịch
hair_on_tail,0,66,,Chưa có bản dịch
tentacle_with_mouth,0,66,,Chưa có bản dịch
pentagram_eyes,7,66,,Chưa có bản dịch
playing_with_penis,7,66,,Chưa có bản dịch
nose_cannon,7,66,,Chưa có bản dịch
stethoscope_on_nipple,0,66,,Chưa có bản dịch
genitals_through_zipper,7,66,,Chưa có bản dịch
leg_harness,7,66,,Chưa có bản dịch
black_body_hair,7,66,,Chưa có bản dịch
bite_mark_on_penis,0,66,,Chưa có bản dịch
leg_around_pole,7,66,,Chưa có bản dịch
hugging_tongue,7,66,,Chưa có bản dịch
starry_body,7,65,,Chưa có bản dịch
turquoise_nipples,7,65,,Chưa có bản dịch
leg_frill,7,65,,Chưa có bản dịch
slime_penis,7,65,,Chưa có bản dịch
slim_tail,7,65,,Chưa có bản dịch
leg_shaking,7,65,,Chưa có bản dịch
breast_mutilation,7,65,,Chưa có bản dịch
leg_wound,7,65,,Chưa có bản dịch
vagina_on_penis,7,65,,Chưa có bản dịch
face_in_anus,7,65,,Chưa có bản dịch
stepping_on_tail,7,65,,Chưa có bản dịch
ahoge_grab,0,65,,Chưa có bản dịch
double_shoulder_grab,7,65,,Chưa có bản dịch
face_stretching,0,65,,Chưa có bản dịch
penis_in_stomach,7,65,,Chưa có bản dịch
belly_udders,7,65,,Chưa có bản dịch
pierced_genitals,7,65,,Chưa có bản dịch
orange_tail_feathers,7,65,,Chưa có bản dịch
fourth_position_arms_(ballet),7,65,,Chưa có bản dịch
bulge_on_face,7,65,,Chưa có bản dịch
ear_petting,7,65,,Chưa có bản dịch
body_search,7,65,,Chưa có bản dịch
condom_on_face,0,65,,Chưa có bản dịch
condom_on_tongue,0,65,,Chưa có bản dịch
key_in_mouth,0,65,,Chưa có bản dịch
gold_wings,7,65,,Cánh vàng kim
tail_lock,0,65,,Chưa có bản dịch
anal_juice_on_hand,7,65,,Chưa có bản dịch
nude_photo,7,65,,Chưa có bản dịch
anus_behind_g-string,7,65,,Chưa có bản dịch
sparse_back_hair,0,65,,Chưa có bản dịch
arm_flailing,7,65,,Chưa có bản dịch
brown_feather_hair,7,65,,Chưa có bản dịch
hands_on_another's_crotch,0,65,,Chưa có bản dịch
pinned_legs,7,65,,Chưa có bản dịch
number-shaped_hands,0,64,,Chưa có bản dịch
stars_around_body,7,64,,Chưa có bản dịch
eyebrows_visible_through_headband,0,64,,Chưa có bản dịch
iron_hands_(warhammer),0,64,,Chưa có bản dịch
milk_on_body,7,64,,Chưa có bản dịch
controller_hair_ornament,0,64,,Chưa có bản dịch
finger_frame_duo,0,64,,Chưa có bản dịch
body_parts,0,64,,Chưa có bản dịch
feeling_chest,7,64,,Chưa có bản dịch
khaki_body,7,64,,Chưa có bản dịch
head_mouth,7,64,,Chưa có bản dịch
ruffled_fur,7,64,,Chưa có bản dịch
bolt_hair_ornament,0,64,,Chưa có bản dịch
vaginal_fluids_on_belly,7,64,,Chưa có bản dịch
foot_on_another's_ass,0,64,foot_on_ass,Chưa có bản dịch
platypus_tail,7,64,,Chưa có bản dịch
okina's_natural_hair_color,0,64,,Chưa có bản dịch
marmot_tail,0,64,,Chưa có bản dịch
thick_fingers,7,64,,Ngón tay dày
rubbing_feet,7,64,,Chưa có bản dịch
light_mouth,7,64,,Miệng nhạt
face_hold,0,64,,Chưa có bản dịch
floating_horn,7,64,floating_horns,Chưa có bản dịch
feces_in_penis,7,64,,Chưa có bản dịch
precum_on_body,7,64,,Chưa có bản dịch
tail_inflation,7,64,,Chưa có bản dịch
blue_hand,7,64,,Chưa có bản dịch
tail_squish,7,64,,Chưa có bản dịch
nipple_imprints,7,64,,Chưa có bản dịch
hand_on_anus,7,64,,Chưa có bản dịch
hands_on_knee,7,64,,Chưa có bản dịch
feces_on_breasts,7,64,,Chưa có bản dịch
drooling_into_mouth,7,64,,Chưa có bản dịch
hand_on_shield,0,64,,Chưa có bản dịch
french_braided_ponytail,0,64,,Chưa có bản dịch
pinned_by_penis,7,64,,Chưa có bản dịch
sweaty_ears,7,63,,Chưa có bản dịch
breast_tissue,7,63,,Chưa có bản dịch
face_chain,0,63,,Chưa có bản dịch
multicolored_pupils,7,63,,Chưa có bản dịch
tail_swirl,7,63,,Chưa có bản dịch
fleshy_ears,7,63,,Chưa có bản dịch
two_tone_feather_hair,7,63,,Chưa có bản dịch
two_tone_pupils,7,63,,Chưa có bản dịch
covered_shoulder_blades,0,63,,Chưa có bản dịch
tongue_mouth,7,63,,Chưa có bản dịch
supported_tail,7,63,,Chưa có bản dịch
12_breasts,7,63,,Chưa có bản dịch
tail_blush,0,63,,Chưa có bản dịch
single_extra_arm,0,63,,Chưa có bản dịch
arm_on_ground,7,63,,Chưa có bản dịch
ribbed_horn,7,63,ribbed_horns,Chưa có bản dịch
hands_on_shins,7,63,,Chưa có bản dịch
metal_horn,7,63,,Chưa có bản dịch
legs_lifted,7,63,,Chưa có bản dịch
grabby_hands,7,63,,Chưa có bản dịch
clenched_fingers,7,63,,Chưa có bản dịch
foot_in_ass,7,63,,Chưa có bản dịch
flower_on_ear,7,63,,Chưa có bản dịch
arrow_pointing_to_mouth,7,63,,Chưa có bản dịch
on_another's_belly,7,63,,Chưa có bản dịch
tentacle_on_chest,7,63,,Chưa có bản dịch
ear_hair,7,63,,Chưa có bản dịch
partially_exposed_breasts,7,63,,Chưa có bản dịch
body_oil,7,63,,Chưa có bản dịch
flaming_body,7,62,,Chưa có bản dịch
pulling_arms,7,62,,Chưa có bản dịch
chubby_legs,7,62,,Chưa có bản dịch
mouth_fetish,7,62,,Chưa có bản dịch
tail_on_head,7,62,,Chưa có bản dịch
eye_banner_(trend),0,62,league_of_legends_eye_focus_banner,Chưa có bản dịch
tail_stomach,7,62,,Chưa có bản dịch
air_quotes,0,62,finger_quotes,Chưa có bản dịch
swollen_anus,7,62,,Chưa có bản dịch
square_nails,7,62,,Chưa có bản dịch
tongue_heart,7,62,,Chưa có bản dịch
tongue_insertion,7,62,,Chưa có bản dịch
torn_face,7,62,,Chưa có bản dịch
nipple_penetrating,7,62,,Chưa có bản dịch
holding_nipples,7,62,,Chưa có bản dịch
peeing_on_stomach,7,62,peeing_on_belly,Chưa có bản dịch
saliva_on_arms,7,62,,Chưa có bản dịch
stitched_tail,0,62,,Chưa có bản dịch
hair_edges,0,62,,Chưa có bản dịch
huge_eyelashes,7,62,,Chưa có bản dịch
syringe_tail,7,62,,Chưa có bản dịch
wing_pattern,7,62,,Chưa có bản dịch
humanoid_lips,7,62,,Chưa có bản dịch
hairy_nipples,7,62,,Chưa có bản dịch
hunting_horn,0,62,,Chưa có bản dịch
striped_belly,7,62,,Chưa có bản dịch
hands_over_eyes,7,62,,Chưa có bản dịch
drill_arm,7,62,,Chưa có bản dịch
licking_eye,0,62,,Chưa có bản dịch
hand_pump,0,62,,Chưa có bản dịch
rope_in_mouth,7,62,,Chưa có bản dịch
glowing_finger,0,62,,Chưa có bản dịch
object_between_toes,7,62,,Chưa có bản dịch
metallic_wings,7,62,,Chưa có bản dịch
candy_corn_horns,7,62,,Chưa có bản dịch
petting_body,7,62,,Chưa có bản dịch
prayer_hands,7,61,,Chưa có bản dịch
nipple_analogue,7,61,,Chưa có bản dịch
ahoge_removed,0,61,,Chưa có bản dịch
looming_penis,7,61,,Chưa có bản dịch
multiple_tongue_piercings,7,61,,Chưa có bản dịch
gold_hair_ornament,7,61,,Chưa có bản dịch
see-through_breast_curtains,0,61,transparent_breast_curtains,Chưa có bản dịch
covering_another's_ears,0,61,,Chưa có bản dịch
scar_on_foot,0,61,scar_on_feet,Chưa có bản dịch
knife_in_chest,0,61,,Chưa có bản dịch
mushroom_penis,7,61,,Chưa có bản dịch
lifted_by_penis,0,61,,Chưa có bản dịch
face_latch,7,61,,Chưa có bản dịch
on_top_of_penis,7,61,,Chưa có bản dịch
frosting_on_breasts,7,61,,Chưa có bản dịch
pencil_to_face,0,61,,Chưa có bản dịch
steam_from_ears,0,61,,Chưa có bản dịch
landing_strip_pubic_hair,0,61,,Chưa có bản dịch
no_lips,0,61,,Chưa có bản dịch
hoof_on_penis,7,61,,Chưa có bản dịch
cat_face_sticker,0,61,,Chưa có bản dịch
dragon_hair_ornament,0,61,,Chưa có bản dịch
snake_arms,7,61,snakearms,Chưa có bản dịch
hand_in_pouch,7,61,,Chưa có bản dịch
belly_shot,7,61,,Chưa có bản dịch
arms_on_own_breasts,7,61,,Chưa có bản dịch
different_sized_pupils,7,61,,Chưa có bản dịch
flower_in_fur,7,61,,Chưa có bản dịch
head_in_hand,7,61,,Chưa có bản dịch
penis_harness,7,61,cock_harness,Chưa có bản dịch
mouth_strap,7,61,,Chưa có bản dịch
tail_on_sofa,7,61,,Chưa có bản dịch
migrating_breasts,7,61,,Chưa có bản dịch
penis_inflation,7,61,,Chưa có bản dịch
penis_popsicle,7,61,,Chưa có bản dịch
butterfly_on_mouth,0,61,,Chưa có bản dịch
exposed_leg,7,61,,Chưa có bản dịch
tickling_nose,7,61,,Chưa có bản dịch
heart_arms_trio,0,61,,Chưa có bản dịch
wing_bindings,7,61,,Chưa có bản dịch
flag_nails,0,61,,Chưa có bản dịch
veil_over_one_eye,0,61,,Chưa có bản dịch
under_penis,7,61,,Chưa có bản dịch
orange_feather_hair,7,61,,Chưa có bản dịch
prosthetic_fingers,0,61,,Chưa có bản dịch
huge_nails,7,60,,Chưa có bản dịch
tentacles_around_tail,7,60,,Chưa có bản dịch
blood_from_ears,0,60,,Chưa có bản dịch
hair_tuff,7,60,,Chưa có bản dịch
strapon_in_mouth,7,60,,Chưa có bản dịch
eye_close-up,7,60,,Chưa có bản dịch
eye_behind_hair,7,60,,Chưa có bản dịch
human_hair,7,60,,Tóc người
shared_onahole,0,60,shared_artificial_vagina,Chưa có bản dịch
hair_bite,7,60,,Chưa có bản dịch
bandaged_legs,7,60,,Chưa có bản dịch
hanging_from_penis,7,60,,Chưa có bản dịch
ditto_face,7,60,,Chưa có bản dịch
feet_burger_(meme),0,60,,Chưa có bản dịch
tail_mouth_penetration,7,60,,Chưa có bản dịch
flower_on_shoulder,0,60,,Chưa có bản dịch
leg_behind_shoulder,0,60,,Chưa có bản dịch
licking_own_foot,0,60,,Chưa có bản dịch
hands_behind_neck,7,60,,Chưa có bản dịch
hand_spanking,7,60,,Chưa có bản dịch
butcher's_nails,0,60,,Chưa có bản dịch
hand_on_planet,7,60,,Chưa có bản dịch
waving_another's_arm,0,60,,Chưa có bản dịch
foot_on_wall,7,60,,Chưa có bản dịch
tentacle_on_face,7,60,,Chưa có bản dịch
burnt_tongue,0,60,,Chưa có bản dịch
glowing_hair_tips,7,60,,Chưa có bản dịch
no_prosthetic_leg,0,60,,Chưa có bản dịch
naked_pumpkin,0,60,,Chưa có bản dịch
cyan_mouth,7,60,,Chưa có bản dịch
wound_on_chest,7,60,,Chưa có bản dịch
holding_up_breasts,7,60,,Chưa có bản dịch
legs_on_furniture,7,60,,Chưa có bản dịch
pussy_juice_on_own_hand,7,60,,Chưa có bản dịch
tongue_hug,7,60,,Chưa có bản dịch
ear_scratch,7,60,,Chưa có bản dịch
tentacle_around_arms,7,60,,Chưa có bản dịch
ethereal_wings,7,60,,Chưa có bản dịch
ear_wag,7,60,,Chưa có bản dịch
barely_visible_tail,7,60,,Chưa có bản dịch
gripping_arms,7,60,,Chưa có bản dịch
nipple_to_penis,7,60,,Chưa có bản dịch
ofuda_over_one_eye,0,60,,Chưa có bản dịch
tongue_on_breast,7,60,,Chưa có bản dịch
body_builder,7,60,,Chưa có bản dịch
lightened_inner_ear,7,60,,Chưa có bản dịch
cow_hair_ornament,0,59,,Chưa có bản dịch
tentacle_around_legs,7,59,,Chưa có bản dịch
scaled_body,7,59,,Chưa có bản dịch
double_lobe_lip,7,59,,Chưa có bản dịch
wrist_under_leg,7,59,,Chưa có bản dịch
navel_stretch,7,59,,Chưa có bản dịch
holographic_ears,0,59,,Chưa có bản dịch
ringed_pupils,7,59,,Chưa có bản dịch
polygonal_body,7,59,,Chưa có bản dịch
grey_torso,7,59,,Chưa có bản dịch
saliva_on_belly,7,59,,Chưa có bản dịch
penis_on_thighs,7,59,,Chưa có bản dịch
penis_stroking_machine,7,59,,Chưa có bản dịch
missing_lower_body,7,59,,Chưa có bản dịch
circle_hands,0,59,,Chưa có bản dịch
flustered_face_emoji,7,59,,Chưa có bản dịch
arm_holster,0,59,,Chưa có bản dịch
transparent_tail,7,59,,Chưa có bản dịch
crested_hair,0,59,,Chưa có bản dịch
alternate_tail_color,0,59,,Chưa có bản dịch
eye_shimmer,7,59,,Chưa có bản dịch
feline_nose,7,59,,Chưa có bản dịch
hands_on_wrists,7,59,,Chưa có bản dịch
nude_park,7,59,,Chưa có bản dịch
foot_in_pussy,7,59,,Chưa có bản dịch
spotted_hands,7,59,,Chưa có bản dịch
spotted_feet,7,59,,Chưa có bản dịch
sphere_body,0,59,,Chưa có bản dịch
chest_torture,7,59,,Chưa có bản dịch
arms_pulled_back,7,59,,Chưa có bản dịch
mouth_open_swallowing,7,59,,Chưa có bản dịch
hand_on,7,59,,Chưa có bản dịch
snake_penis,0,59,,Chưa có bản dịch
rolled_back_eyes,7,59,,Chưa có bản dịch
mutual_tail_sex,7,59,,Chưa có bản dịch
shadow_on_face,7,59,,Chưa có bản dịch
face_kick,7,59,,Chưa có bản dịch
pupil_dilation,7,59,,Chưa có bản dịch
touching_own_legs,7,59,,Chưa có bản dịch
piebald_skin,7,59,pied_skin,Chưa có bản dịch
legs_behind_back,7,59,,Chưa có bản dịch
off-shoulder_bandeau,0,59,,Chưa có bản dịch
dildo_with_face,7,59,,Chưa có bản dịch
electrode_on_breasts,7,59,,Chưa có bản dịch
spoken_hand,0,58,,Chưa có bản dịch
fake_eyes,7,58,,Chưa có bản dịch
fur_pelt,7,58,,Chưa có bản dịch
pushing_down_penis,7,58,,Chưa có bản dịch
pure_nail_(hollow_knight),0,58,,Chưa có bản dịch
alpaca_hair_ornament,0,58,,Chưa có bản dịch
squashed_body,7,58,,Chưa có bản dịch
nipple_tray,7,58,,Chưa có bản dịch
triangle_hair_bun_with_corners_toward_head,0,58,,Chưa có bản dịch
y_nipples,7,58,,Chưa có bản dịch
star_ahoge,0,58,,Chưa có bản dịch
pseudo_hair_over_eye,7,58,,Chưa có bản dịch
eye_outline,7,58,,Chưa có bản dịch
obscured_penis,7,58,,Chưa có bản dịch
glistening_fingernails,7,58,"glistening_finger_nail,glistening_finger_nails,glistening_fingernail,shiny_finger_nail,shiny_finger_nails,shiny_fingernail,shiny_fingernails",Chưa có bản dịch
countershade_inner_ear,7,58,,Chưa có bản dịch
foot_on_neck,7,58,,Chưa có bản dịch
torso_length_tattoo,7,58,,Chưa có bản dịch
stone_body,7,58,,Chưa có bản dịch
excited_face,7,58,,Chưa có bản dịch
strapon_in_vagina,7,58,,Chưa có bản dịch
micro_on_nipple,7,58,,Chưa có bản dịch
lace_arm_warmers,0,58,,Chưa có bản dịch
mutual_tail_play,7,58,,Chưa có bản dịch
blood_on_nose,0,58,,Chưa có bản dịch
clothed/mostly_nude,7,58,,Chưa có bản dịch
striped_arm,7,58,,Chưa có bản dịch
tail_weapon,7,58,,Chưa có bản dịch
tongue_around_balls,7,58,,Chưa có bản dịch
green_torso,7,58,,Chưa có bản dịch
paintbrush_in_mouth,0,58,,Chưa có bản dịch
back_toe,7,58,,Chưa có bản dịch
carrot_nose,7,58,,Chưa có bản dịch
fingers_on_another's_face,0,58,,Chưa có bản dịch
finger_in_navel,0,58,,Chưa có bản dịch
finger_curl,7,58,,Chưa có bản dịch
short_messy_bangs,0,58,,Chưa có bản dịch
interlocked_toes,0,58,,Chưa có bản dịch
water_body,7,58,,Chưa có bản dịch
red_ear_fluff,7,58,,Chưa có bản dịch
hairy_tail,7,58,,Chưa có bản dịch
white_face_paint,7,58,,Chưa có bản dịch
lime_eyes,7,58,,Chưa có bản dịch
hands_on_own_back,0,58,,Chưa có bản dịch
thylacine_penis,7,58,,Chưa có bản dịch
arm_behind_leg,0,57,,Chưa có bản dịch
koala_ears,0,57,,Chưa có bản dịch
microphone_between_breasts,0,57,,Chưa có bản dịch
ridged_mouth,7,57,,Chưa có bản dịch
muscular_wings,7,57,,Chưa có bản dịch
meat_hair_ornament,0,57,,Chưa có bản dịch
tooth_hair_ornament,0,57,,Chưa có bản dịch
fur-trimmed_pajamas,0,57,,Chưa có bản dịch
ear_picking,0,57,,Chưa có bản dịch
lipstick_mark_on_hand,0,57,,Chưa có bản dịch
hand_wound,7,57,,Chưa có bản dịch
blue_body_hair,7,57,,Chưa có bản dịch
cow_horns_crown,7,57,,Chưa có bản dịch
hand_on_teats,7,57,,Chưa có bản dịch
hand_on_own_tentacles,0,57,,Chưa có bản dịch
monotone_genital_slit,7,57,,Chưa có bản dịch
bottomless_to_nude,7,57,,Chưa có bản dịch
rainbow_skin,0,57,,Chưa có bản dịch
tongue_cleaning,7,57,,Chưa có bản dịch
holding_another's_feet,0,57,,Chưa có bản dịch
frottage_in_another's_body,7,57,,Chưa có bản dịch
flayed_skin,0,57,,Chưa có bản dịch
horn_(musical_instrument),7,57,horn_instrument,Chưa có bản dịch
foot_on_object,7,57,,Chưa có bản dịch
multicolored_teeth,0,57,,Răng nhiều màu
two_tone_eyebrows,7,57,,Chưa có bản dịch
glowing_ear_tips,7,57,,Chưa có bản dịch
zigzag_teeth,7,57,,Chưa có bản dịch
grey_hair_tips,7,57,,Chưa có bản dịch
glistening_torso,7,57,,Chưa có bản dịch
slime_on_leg,7,57,,Chưa có bản dịch
cleavage_cutout_tug,0,57,,Chưa có bản dịch
pov_hair,0,57,,Chưa có bản dịch
missing_anus,7,57,,Chưa có bản dịch
grinding_on_tail,7,57,,Chưa có bản dịch
back_horn,7,57,,Chưa có bản dịch
lightened_eyebrows,7,57,,Chưa có bản dịch
urine_from_nose,7,57,,Chưa có bản dịch
no_fur,7,57,,Chưa có bản dịch
smooth_tail,7,57,,Chưa có bản dịch
leg_growth,7,57,,Chưa có bản dịch
leg_guard_peekage,7,57,,Chưa có bản dịch
pudding_hair_ornament,0,57,,Chưa có bản dịch
lick_lips,7,57,,Chưa có bản dịch
penis_lift,7,57,,Chưa có bản dịch
penis_on_lips,7,57,,Chưa có bản dịch
bad_teeth,0,57,,Chưa có bản dịch
mostly_nude_taur,7,57,,Chưa có bản dịch
eye_covering,7,57,,Chưa có bản dịch
genital_theft,7,57,,Chưa có bản dịch
black_striped_body,7,57,,Chưa có bản dịch
mouth_markings,7,57,,Chưa có bản dịch
holographic_fur,7,57,,Chưa có bản dịch
carrot_in_mouth,7,57,,Chưa có bản dịch
nose_tuft,7,57,nose_tufts,Chưa có bản dịch
finger_wrap,0,57,,Chưa có bản dịch
finger_tuft,7,57,,Chưa có bản dịch
holographic_wings,0,57,,Chưa có bản dịch
eye_ridges,7,57,,Chưa có bản dịch
finger_twiddling,7,56,,Chưa có bản dịch
salmon_fur,7,56,,Chưa có bản dịch
shoulder_pads_(fashion),0,56,,Chưa có bản dịch
red_shoulder_pads,7,56,,Chưa có bản dịch
body_positivity,7,56,,Chưa có bản dịch
toe_insertion,7,56,,Chưa có bản dịch
brown_eye_patch,7,56,brown_eyepatch,Chưa có bản dịch
rubber_duck_hair_ornament,0,56,,Chưa có bản dịch
1_finger,7,56,1finger,Chưa có bản dịch
looking_at_muscles,7,56,,Chưa có bản dịch
hair_masturbation,7,56,,Chưa có bản dịch
hair_over_ass,0,56,,Chưa có bản dịch
gull-wing_doors,0,56,gullwing_doors,Chưa có bản dịch
legs_wrapped_around_partner,7,56,,Chưa có bản dịch
legs_around_neck,7,56,,Chưa có bản dịch
in_cleavage,7,56,,Chưa có bản dịch
narrow_shoulders,7,56,,Chưa có bản dịch
bun_with_hair_base,0,56,,Chưa có bản dịch
submerged_arm,7,56,,Chưa có bản dịch
big_outie_navel,7,56,,Chưa có bản dịch
radiation_symbol-shaped_pupils,0,56,,Chưa có bản dịch
petal_on_nose,0,56,,Chưa có bản dịch
throbbing_anus,7,56,,Chưa có bản dịch
urine_on_fur,7,56,,Chưa có bản dịch
auburn_eyes,7,56,,Chưa có bản dịch
leaf_legs,7,56,,Chưa có bản dịch
nipple_oviposition,7,56,,Chưa có bản dịch
cheek_horns,7,56,,Chưa có bản dịch
roblox_skin,7,56,,Chưa có bản dịch
squishy_body,7,56,,Chưa có bản dịch
determined_eyes,7,56,,Chưa có bản dịch
multi_penis_bulge,7,56,,Chưa có bản dịch
breast_on_table,7,56,,Chưa có bản dịch
lime_fur,7,56,,Chưa có bản dịch
foot_hug,7,56,,Chưa có bản dịch
tail_stand,0,56,,Chưa có bản dịch
hand_behind_butt,7,56,,Chưa có bản dịch
lower_leg_strap,0,56,,Chưa có bản dịch
cum_on_own_wings,7,56,,Chưa có bản dịch
bee_hair_ornament,0,56,,Chưa có bản dịch
hand_on_another's_genitalia,7,56,,Chưa có bản dịch
arms_in_water,7,56,,Chưa có bản dịch
hand_under_pillow,0,56,,Chưa có bản dịch
testicle_breasts,7,56,,Chưa có bản dịch
helping_hand,7,56,,Chưa có bản dịch
hands_under_chin,0,56,,Chưa có bản dịch
bandaged_arms,7,56,,Chưa có bản dịch
windshield_eyes,7,56,,Chưa có bản dịch
arm_under_legs,7,56,,Chưa có bản dịch
muscle_theft,7,56,,Chưa có bản dịch
mint_hair,7,56,,Chưa có bản dịch
arm_on_chest,7,56,,Chưa có bản dịch
full-body_suit,7,56,,Chưa có bản dịch
tickling_anus,7,56,,Chưa có bản dịch
splayed_fingers,7,56,,Chưa có bản dịch
blood_wings,0,56,,Chưa có bản dịch
arm_expansion,7,55,,Chưa có bản dịch
pokeball_in_mouth,7,55,poke_ball_in_mouth,Chưa có bản dịch
mutual_foot_play,7,55,,Chưa có bản dịch
mechanical_body,7,55,,Chưa có bản dịch
muscle_loss,7,55,,Chưa có bản dịch
wing_star,0,55,,Chưa có bản dịch
bandaged_body,7,55,,Chưa có bản dịch
bandage_on_ears,7,55,,Chưa có bản dịch
hand_on_sofa,7,55,,Chưa có bản dịch
tongue_around_breast,7,55,,Chưa có bản dịch
wide_chest,7,55,,Chưa có bản dịch
foot_on_mouth,7,55,,Chưa có bản dịch
darkened_inner_ear,7,55,,Chưa có bản dịch
egg_in_nipples,7,55,,Chưa có bản dịch
silhouetted_genitals,7,55,,Chưa có bản dịch
corrugated_legs,7,55,,Chưa có bản dịch
holding_hair_clipper,0,55,,Chưa có bản dịch
blanket_over_legs,0,55,,Chưa có bản dịch
tail_focus,0,55,,Chưa có bản dịch
nipple_push,0,55,,Chưa có bản dịch
tail_bun,7,55,,Chưa có bản dịch
giraffe_penis,7,55,,Chưa có bản dịch
pulling_mouth,7,55,,Chưa có bản dịch
big_penis_problems,7,55,,Chưa có bản dịch
burgundy_hair,7,55,,Chưa có bản dịch
dirty_arm,0,55,,Chưa có bản dịch
arrow_pointing_to_face,7,55,,Chưa có bản dịch
rubbing_anus,7,55,,Chưa có bản dịch
belly_fetish,7,55,,Chưa có bản dịch
star_hair_bun,0,55,,Chưa có bản dịch
star_in_mouth,0,55,,Chưa có bản dịch
disembodied_breasts,7,55,,Chưa có bản dịch
brown_nose_horn,7,55,,Chưa có bản dịch
barbie_doll_anatomy,7,55,,Chưa có bản dịch
mouth_bubble,0,55,,Chưa có bản dịch
black_spotted_fur,7,55,,Chưa có bản dịch
translucent_pseudo_hair,7,54,,Chưa có bản dịch
mouth_tube,0,54,,Chưa có bản dịch
finger_on_another's_head,0,54,,Chưa có bản dịch
pseudo-penis_penetrating,7,54,,Chưa có bản dịch
wrists_to_legs,7,54,,Chưa có bản dịch
bad_vehicle_anatomy,0,54,,Chưa có bản dịch
eyebrow_razor,0,54,,Chưa có bản dịch
nude_guy_wrapped_in_ribbons_standing_(meme),0,54,,Chưa có bản dịch
inside_belly,7,54,,Chưa có bản dịch
saliva_on_lips,7,54,,Chưa có bản dịch
long_belly,7,54,,Chưa có bản dịch
pen_behind_ear,0,54,,Chưa có bản dịch
gauged_wing,7,54,,Chưa có bản dịch
eyes_over_blush,0,54,,Chưa có bản dịch
penis_eating,7,54,,Chưa có bản dịch
gun_on_shoulder,7,54,,Chưa có bản dịch
prosthetic_wing,7,54,,Chưa có bản dịch
surprise_penis,7,54,,Chưa có bản dịch
dark_tail_tip,7,54,,Chưa có bản dịch
nut_hair_ornament,0,54,,Chưa có bản dịch
licking_own_arm,0,54,,Chưa có bản dịch
triangle-shaped_pubic_hair,0,54,,Chưa có bản dịch
leg_bite,7,54,,Chưa có bản dịch
object_on_shoulder,7,54,,Chưa có bản dịch
candy_cane_penis,7,54,,Chưa có bản dịch
whipping_hair,0,54,,Chưa có bản dịch
tail_feathers_tuft,7,54,,Chưa có bản dịch
small_face,0,54,,Khuôn mặt nhỏ
cream_on_hands,0,54,,Chưa có bản dịch
rainbow_arm_warmers,7,54,,Chưa có bản dịch
pig_hair_ornament,0,54,,Chưa có bản dịch
slime_on_face,7,54,,Chưa có bản dịch
double_lobe_lower_lip,7,54,,Chưa có bản dịch
cleavage_storage,7,54,,Chưa có bản dịch
camel_tail,0,54,,Chưa có bản dịch
glowing_arms,7,54,,Chưa có bản dịch
hand_holding_object,7,54,,Chưa có bản dịch
pink_finger_claws,7,54,,Chưa có bản dịch
ass_on_face,7,54,,Chưa có bản dịch
vaginal_fluids_in_mouth,7,54,,Chưa có bản dịch
magic_circle_floating_ahead_hand,0,54,,Chưa có bản dịch
female_with_facial_hair,7,54,,Chưa có bản dịch
tongue_coiling,7,54,,Chưa có bản dịch
spear_tail,7,54,,Chưa có bản dịch
sex_toy_replacing_penis,0,54,strap-on_over_chastity,Chưa có bản dịch
cum_through_toes,7,54,,Chưa có bản dịch
money_in_cleavage,7,54,,Chưa có bản dịch
tiger_print_arm_warmers,7,54,,Chưa có bản dịch
fur_blanket,0,54,,Chưa có bản dịch
wings_as_eyes,0,54,,Chưa có bản dịch
sheath_mouth,7,54,,Chưa có bản dịch
skeletal_body,0,54,,Chưa có bản dịch
crow's_eye_view_(e.g.o),0,54,,Chưa có bản dịch
arm_on_another's_leg,0,54,,Chưa có bản dịch
flower_in_tail,7,54,,Chưa có bản dịch
fake_fox_ears,7,54,,Chưa có bản dịch
bioluminescent_tongue,7,54,,Chưa có bản dịch
mutual_tail_fetish,7,54,,Chưa có bản dịch
bean_eyebrows,7,54,,Chưa có bản dịch
fluffy_belly,7,54,,Chưa có bản dịch
pride_color_genitals,7,54,,Chưa có bản dịch
patterned_skin,0,54,,Chưa có bản dịch
mouth_eye,7,54,,Chưa có bản dịch
bowed_wings,0,54,,Chưa có bản dịch
tail_butt,7,53,,Chưa có bản dịch
tail_humping,7,53,,Chưa có bản dịch
head_on_own_shoulder,0,53,,Chưa có bản dịch
one_ear_obstructed,7,53,,Chưa có bản dịch
twitching_ear,7,53,,Chưa có bản dịch
ear-to-ear,0,53,ears_together,Chưa có bản dịch
tail_rape,0,53,,Chưa có bản dịch
pin_legs,0,53,,Chưa có bản dịch
horn_in_pussy,7,53,,Chưa có bản dịch
heart_mouth,7,53,,Chưa có bản dịch
tentacle_on_arm,7,53,,Chưa có bản dịch
tentacle_with_hand,0,53,tentacles_with_hands,Chưa có bản dịch
locker_foot_kabedon_(meme),0,53,,Chưa có bản dịch
arched_eyebrow,7,53,,Chưa có bản dịch
fur-trimmed_slippers,0,53,,Chưa có bản dịch
gauze_on_shoulder,0,53,,Chưa có bản dịch
shide_hair_ornament,0,53,,Chưa có bản dịch
502nd_joint_fighter_wing,0,53,,Chưa có bản dịch
pride_color_penis,7,53,,Chưa có bản dịch
pride_color_fur,7,53,,Chưa có bản dịch
chest_down_ass_up,7,53,,Chưa có bản dịch
micro_between_toes,7,53,,Chưa có bản dịch
licking_own_hand,7,53,,Chưa có bản dịch
pointy_tongue,7,53,,Lưỡi nhọn
holding_weapon_with_feet,0,53,,Chưa có bản dịch
blue_chest_hair,7,53,,Chưa có bản dịch
inverted_cross_hair_clip,7,53,,Chưa có bản dịch
arrow_tail,7,53,,Chưa có bản dịch
hyper_eyes,7,53,,Chưa có bản dịch
tapir_penis,7,53,,Chưa có bản dịch
holding_shoulders,7,53,,Chưa có bản dịch
oiled_feet,7,53,,Chưa có bản dịch
kunai_hair_ornament,0,53,,Chưa có bản dịch
interlocked_legs,0,53,,Chưa có bản dịch
mouth_tentacles,0,53,,Chưa có bản dịch
laying_on_tail,7,53,,Chưa có bản dịch
bandage_on_tail,7,53,,Chưa có bản dịch
leash_on_penis,0,53,,Chưa có bản dịch
hands_in_air,7,53,,Chưa có bản dịch
hand_on_own_forearm,7,53,,Chưa có bản dịch
penis_against_pussy,7,53,,Chưa có bản dịch
wing_restraint,7,53,,Chưa có bản dịch
leg_cross,7,53,,Chưa có bản dịch
submerged_feet,7,53,,Chưa có bản dịch
shaded_eye,0,53,,Chưa có bản dịch
reindeer_hair_ornament,0,53,,Chưa có bản dịch
leg_hook,7,52,,Chưa có bản dịch
penis_hair,7,52,,Chưa có bản dịch
leg_braces,7,52,,Chưa có bản dịch
penis_on_body,7,52,,Chưa có bản dịch
penis_on_nipples,7,52,,Chưa có bản dịch
orange_genital_slit,7,52,,Chưa có bản dịch
hand_on_helmet,0,52,,Chưa có bản dịch
plaid_arm_warmers,0,52,,Chưa có bản dịch
zigzag_mouth,7,52,,Chưa có bản dịch
water_on_body,7,52,,Chưa có bản dịch
inconvenient_hair,0,52,,Chưa có bản dịch
flower_nipples,7,52,,Chưa có bản dịch
hidden_mouth,7,52,,Chưa có bản dịch
big_tuft,7,52,,Chưa có bản dịch
side_part_hair,7,52,,Chưa có bản dịch
gradient_inner_ear,7,52,,Chưa có bản dịch
standing_on_belly,7,52,,Chưa có bản dịch
opening_mouth,7,52,,Chưa có bản dịch
toes_pointed_inward,7,52,,Chưa có bản dịch
stuck_feet,7,52,,Chưa có bản dịch
glowing_eyebrows,7,52,,Chưa có bản dịch
glowing_lips,7,52,,Chưa có bản dịch
presenting_tongue,7,52,,Chưa có bản dịch
cooperative_breast_smother,0,52,,Chưa có bản dịch
holding_with_penis,7,52,,Chưa có bản dịch
hair_swirl,7,52,,Chưa có bản dịch
reverse_leg_lock,0,52,,Chưa có bản dịch
retracted_penis,7,52,,Chưa có bản dịch
feathered_chest,7,52,,Chưa có bản dịch
wet_nose,7,52,,Chưa có bản dịch
body_cam,0,52,,Chưa có bản dịch
body_deflation,7,52,,Chưa có bản dịch
blue_torso,7,52,,Chưa có bản dịch
under_breasts,7,52,,Chưa có bản dịch
heart_gauged_ear,7,52,,Chưa có bản dịch
bruised_chest,7,52,,Chưa có bản dịch
drawn_on_face,7,52,,Chưa có bản dịch
auto_foot_sniff,7,52,,Chưa có bản dịch
clipping_another's_nails,0,52,,Chưa có bản dịch
sparkling_wings,7,52,glittering_wings,Chưa có bản dịch
on_hands,7,52,,Chưa có bản dịch
partially_covered_belly,7,52,,Chưa có bản dịch
ear_flop,7,52,,Chưa có bản dịch
anus_grab,7,52,,Chưa có bản dịch
ear_on_shoulder,7,52,,Chưa có bản dịch
ear_mouth,7,52,,Chưa có bản dịch
belly_wobble,7,52,,Chưa có bản dịch
belly_swaying,7,52,,Chưa có bản dịch
narrow_pupils,7,51,,Chưa có bản dịch
clenched_anus,7,51,,Chưa có bản dịch
ears_tied,7,51,,Chưa có bản dịch
ears_pierced,7,51,,Chưa có bản dịch
bone_hand,7,51,,Chưa có bản dịch
erogenous_tail,7,51,,Chưa có bản dịch
stapled_face,0,51,,Chưa có bản dịch
smelly_body,7,51,,Chưa có bản dịch
face_on_balls,7,51,,Chưa có bản dịch
torn_leg,7,51,,Chưa có bản dịch
tentacle_hands,7,51,,Chưa có bản dịch
seal_tail,0,51,,Chưa có bản dịch
sensitive_penis,7,51,,Chưa có bản dịch
nose_bump,7,51,,Chưa có bản dịch
hand_around_back,7,51,,Chưa có bản dịch
hand_grabbing_both_breasts,0,51,,Chưa có bản dịch
full_lips,7,51,,Chưa có bản dịch
nail_polish_(object),7,51,,Chưa có bản dịch
arrow_in_mouth,0,51,,Chưa có bản dịch
khaki_tail,7,51,,Chưa có bản dịch
darkened_nose,7,51,,Chưa có bản dịch
leg_bar,7,51,,Chưa có bản dịch
leg_bondage,7,51,,Chưa có bản dịch
hand_on_doorframe,7,51,,Chưa có bản dịch
thick_testicle_hair,0,51,,Chưa có bản dịch
cursor_hair_ornament,0,51,,Chưa có bản dịch
snake_wrapped_around_leg,0,51,,Chưa có bản dịch
hand_on_own_hand,7,51,,Chưa có bản dịch
hand_on_wing,7,51,,Chưa có bản dịch
hair_on_breasts,7,51,,Chưa có bản dịch
handgun_stock,0,51,shoulder_stock,Chưa có bản dịch
handcannon,7,51,hand_cannon,Chưa có bản dịch
prosthetic_foot,7,51,,Chưa có bản dịch
shoulder_spots,7,51,,Chưa có bản dịch
shoulder_tilt,0,51,,Chưa có bản dịch
hugging_breasts,7,51,,Chưa có bản dịch
handles_on_arms,7,51,,Chưa có bản dịch
artificial_arm,7,51,,Chưa có bản dịch
jiggling_penis,7,51,,Chưa có bản dịch
prosthetic_wings,7,51,,Chưa có bản dịch
bamboo_hair_ornament,0,51,,Chưa có bản dịch
triple_lobe_upper_lip,7,51,,Chưa có bản dịch
black_horn_tip,7,51,,Chưa có bản dịch
turquoise_penis,7,51,,Chưa có bản dịch
pouty_lip,7,51,,Chưa có bản dịch
golden_inner_ear,7,51,gold_inner_ear,Chưa có bản dịch
tiny_arms,7,51,,Chưa có bản dịch
i'm_so_fucked_up_(meme),0,51,shinji's_fapping_hand_(meme),Chưa có bản dịch
kicking_face,7,51,,Chưa có bản dịch
magenta_tail,7,51,,Chưa có bản dịch
mars_symbol_hair_ornament,0,51,,Chưa có bản dịch
wiping_hands,0,51,,Chưa có bản dịch
robotic_body,7,51,,Chưa có bản dịch
stuffed_mouth,7,51,,Chưa có bản dịch
brown_genital_slit,7,51,,Chưa có bản dịch
scuted_face,7,51,face_scutes,Chưa có bản dịch
equine_penis_tongue,7,51,,Chưa có bản dịch
striped_hands,7,51,,Chưa có bản dịch
looking_at_own_tail,7,51,,Chưa có bản dịch
large_hair,7,51,,Tóc lớn
nipples_becoming_erect,7,51,,Chưa có bản dịch
macro_belly,7,51,,Chưa có bản dịch
footpaw_hands,7,51,,Chưa có bản dịch
fur_thigh_strap,0,51,,Chưa có bản dịch
foot_sole,7,51,,Chưa có bản dịch
body_hair_growth,7,51,,Chưa có bản dịch
breast_wound,7,51,,Chưa có bản dịch
white_hand,7,51,,Chưa có bản dịch
body_odor,7,50,,Chưa có bản dịch
foot_in_face,7,50,,Chưa có bản dịch
body_modifications,7,50,,Chưa có bản dịch
tongue_in_penis,7,50,,Chưa có bản dịch
feet_over_edge,7,50,,Chưa có bản dịch
food_on_mouth,7,50,,Chưa có bản dịch
synthetic_penis,7,50,,Chưa có bản dịch
roblox_man_face_(meme),0,50,,Chưa có bản dịch
paws_in_face,7,50,,Chưa có bản dịch
null_face,7,50,,Chưa có bản dịch
robot_eyes,7,50,,Chưa có bản dịch
wiping_breasts,0,50,,Chưa có bản dịch
eyes_rolled,7,50,,Chưa có bản dịch
t-65_x-wing,0,50,,Chưa có bản dịch
red_face_paint,7,50,,Chưa có bản dịch
drooping_ears,7,50,,Chưa có bản dịch
hands_on_torso,7,50,,Chưa có bản dịch
dark_pseudo_hair,7,50,,Chưa có bản dịch
paint_on_face,7,50,,Chưa có bản dịch
hand_on_udder,7,50,,Chưa có bản dịch
hair_twirl,7,50,,Chưa có bản dịch
pinned_arm,7,50,,Chưa có bản dịch
spiked_fur,7,50,,Chưa có bản dịch
orange_hair_tips,7,50,,Chưa có bản dịch
wrapping_tails,7,50,,Chưa có bản dịch
penis_bigger_than_partner,7,50,,Chưa có bản dịch
penis_boop,7,50,,Chưa có bản dịch
hand_on_collar,7,50,,Chưa có bản dịch
deer_nose,7,50,,Mũi nai
avoiding_eye_contact,7,50,,Chưa có bản dịch
penis_in_tail,7,50,,Chưa có bản dịch
undercut_hair,7,50,,Chưa có bản dịch
planet_in_anus,7,50,,Chưa có bản dịch
pooping_on_face,7,50,face_shitting,Chưa có bản dịch
clock_face,0,50,,Chưa có bản dịch
shading_face,0,50,,Chưa có bản dịch
sky_face,0,50,,Chưa có bản dịch
penis_sheet,7,50,,Chưa có bản dịch
shaved_tail,7,50,,Chưa có bản dịch
face_on_glass,7,50,,Chưa có bản dịch
tied_breast,0,50,,Chưa có bản dịch
webbed_ears,7,50,,Chưa có bản dịch
bandage_on_finger,0,50,,Chưa có bản dịch
face_between_cheeks,7,50,,Chưa có bản dịch
tail_pattern,7,50,,Chưa có bản dịch
urine_in_hair,7,50,,Chưa có bản dịch
one-shoulder_tunic,0,50,,Chưa có bản dịch
damaged_body,7,50,,Chưa có bản dịch
headphones_on_animal_ears,0,50,,Chưa có bản dịch
tail_nub,7,50,,Chưa có bản dịch
halo_ahoge,0,50,,Chưa có bản dịch
tail-shaped_hair,0,50,,Chưa có bản dịch
anatomically_inaccurate_penis,7,50,,Chưa có bản dịch
breast_touch,7,50,,Chưa có bản dịch
mouth_in_hole,7,49,,Chưa có bản dịch
see-through_arm_warmers,0,49,,Chưa có bản dịch
hamster_tail,0,49,,Chưa có bản dịch
face_in_mouth,7,49,,Chưa có bản dịch
floating_fingers,7,49,,Chưa có bản dịch
aqua_arm_warmers,0,49,,Chưa có bản dịch
penis_xray,7,49,,Chưa có bản dịch
legs_held,7,49,,Chưa có bản dịch
jockstrap_in_mouth,7,49,,Chưa có bản dịch
presenting_cum_in_mouth,7,49,,Chưa có bản dịch
colored_pupils,7,49,,Chưa có bản dịch
lunar_eyes_(modeler),9,49,,Người đóng góp
penis_over_breasts,0,49,,Chưa có bản dịch
penis_pov,7,49,,Chưa có bản dịch
green_feather_hair,7,49,,Chưa có bản dịch
hand_on_beak,7,49,,Chưa có bản dịch
leg_on_head,7,49,,Chưa có bản dịch
pinned_by_breasts,7,49,,Chưa có bản dịch
aqua_penis,0,49,,Chưa có bản dịch
hair_wraps,7,49,,Chưa có bản dịch
hand_on_own_diaper,7,49,,Chưa có bản dịch
hand_on_partner's_breast,7,49,,Chưa có bản dịch
fiery_eyes,7,49,,Chưa có bản dịch
hair_censor,7,49,,Chưa có bản dịch
hands_on_pecs,7,49,,Chưa có bản dịch
hands_on_arm,7,49,,Chưa có bản dịch
barely_visible_genital_slit,7,49,"barely_visible_slit,subtle_genital_slit,subtle_slit",Chưa có bản dịch
mismatched_leg_warmers,0,49,,Chưa có bản dịch
sword_hair_ornament,0,49,,Chưa có bản dịch
holding_mouth_shut,7,49,,Chưa có bản dịch
egg_from_nipples,7,49,,Chưa có bản dịch
discolored_breasts,7,49,,Chưa có bản dịch
cocaine_on_nose,7,49,,Chưa có bản dịch
pussy_juice_on_own_tail,7,49,,Chưa có bản dịch
pseudo_tail,7,49,,Chưa có bản dịch
flaming_arm,0,49,,Chưa có bản dịch
open_fifth_position_of_the_arms,0,49,,Chưa có bản dịch
crab_leg,0,49,,Chưa có bản dịch
dirty_penis,7,49,,Chưa có bản dịch
eye_nipples,7,49,,Chưa có bản dịch
yellow_head_tuft,7,49,,Chưa có bản dịch
drill_tail,7,49,,Chưa có bản dịch
finger_on_mouth,7,49,,Chưa có bản dịch
teasing_with_breasts,7,49,,Chưa có bản dịch
shoulder_missiles,7,49,,Chưa có bản dịch
butt_to_breast,7,49,,Chưa có bản dịch
shoulders_up,7,49,,Chưa có bản dịch
mole_on_anus,7,49,,Chưa có bản dịch
tentacles_on_legs,7,49,,Chưa có bản dịch
nose_bondage,7,49,,Chưa có bản dịch
bear_ear_headphones,0,49,,Chưa có bản dịch
nose_size_difference,7,49,,Chưa có bản dịch
arm_bracers,7,49,,Chưa có bản dịch
heart_hands_over_stomach,0,49,,Chưa có bản dịch
nose_tube,0,49,,Chưa có bản dịch
horn_scrunchie,0,49,,Chưa có bản dịch
curled_ears,7,49,,Chưa có bản dịch
tail_in_own_cloaca,7,49,,Chưa có bản dịch
shoulder_rest,0,48,,Chưa có bản dịch
belly_lift,7,48,,Chưa có bản dịch
icing_on_body,0,48,,Chưa có bản dịch
blushed_face,7,48,,Chưa có bản dịch
liquid_on_breast,7,48,,Chưa có bản dịch
cup_hair_ornament,0,48,,Chưa có bản dịch
notched_horn,7,48,,Chưa có bản dịch
magenta_penis,7,48,,Chưa có bản dịch
z_hair_ornament,0,48,,Chưa có bản dịch
feces_from_mouth,7,48,,Chưa có bản dịch
monotone_eyelashes,7,48,,Chưa có bản dịch
murder_face,7,48,,Chưa có bản dịch
tool_arm,7,48,,Chưa có bản dịch
horned_tail,7,48,,Chưa có bản dịch
tongue_sex,7,48,,Chưa có bản dịch
che_vuoi?_(italian_gesture),0,48,italian_fingers,Chưa có bản dịch
slime_tail,7,48,,Chưa có bản dịch
bodily_fluids_on_face,7,48,,Chưa có bản dịch
tail_around_pole,7,48,,Chưa có bản dịch
flaming_leg,0,48,,Chưa có bản dịch
covering_self_with_tail,7,48,,Chưa có bản dịch
resting_on_breast,7,48,,Chưa có bản dịch
twinkle_eye,0,48,,Chưa có bản dịch
unusual_arms,7,48,,Chưa có bản dịch
genital_exam,7,48,,Chưa có bản dịch
feline_anus,7,48,,Chưa có bản dịch
hands_touching,7,48,,Chưa có bản dịch
hands_tied_to_feet,7,48,,Chưa có bản dịch
vascular_penis,7,48,,Chưa có bản dịch
third_eye_(marking),7,48,"3rd-eye_(marking),3rd-eye_(markings),3rd-eye_marking,3rd-eye_markings,3rd_eye_(marking),3rd_eye_(markings),3rd_eye_marking,3rd_eye_markings,third-eye_(marking),third-eye_(markings),third-eye_marking,third-eye_markings,third_eye_(markings),third_eye_marking,third_eye_markings",Chưa có bản dịch
heart-shaped_nose,0,48,,Chưa có bản dịch
leaning_on_hands,7,48,,Chưa có bản dịch
shadowed_torso_walking_down_stairs_(trend),0,48,,Chưa có bản dịch
waist_wings,7,48,,Chưa có bản dịch
licking_another's_tail,0,48,,Chưa có bản dịch
describing_belly,7,48,,Chưa có bản dịch
cat_ear_smartphone_case,0,48,,Chưa có bản dịch
teeth_expansion,7,48,,Chưa có bản dịch
hand_on_own_waist,7,48,,Chưa có bản dịch
padded_shoulders,0,48,,Chưa có bản dịch
blood_on_ears,0,48,,Chưa có bản dịch
demon_horns_(accessory),7,48,,Chưa có bản dịch
hand_covering_pussy,7,48,,Chưa có bản dịch
penis_only,7,48,,Chưa có bản dịch
hand_crush,7,48,,Chưa có bản dịch
penis_pull,7,48,pulling_penis,Chưa có bản dịch
holographic_tail,7,48,,Chưa có bản dịch
the_rock's_eyebrow_raise_(meme),0,48,,Chưa có bản dịch
crossed_hands,7,48,,Chưa có bản dịch
barely_visible_teeth,7,48,,Chưa có bản dịch
second_position_of_the_arms,0,48,,Chưa có bản dịch
starfish_on_nipples,7,48,,Chưa có bản dịch
flower_over_eyes,0,48,,Chưa có bản dịch
teal_inner_ear_fluff,7,48,,Chưa có bản dịch
tuft_ears,7,48,,Chưa có bản dịch
mouth-to-mouth_resuscitation,0,48,,Chưa có bản dịch
nameko_face_(osawari_tantei),0,48,,Chưa có bản dịch
pussy_juice_on_penis,0,48,,Chưa có bản dịch
mouth_with_tentacles,0,47,,Chưa có bản dịch
object_on_tongue,0,47,,Chưa có bản dịch
flower_on_body,7,47,,Chưa có bản dịch
kangaroo_ears,0,47,,Chưa có bản dịch
perineum_tuft,7,47,,Chưa có bản dịch
blowing_on_penis,0,47,,Chưa có bản dịch
rubbing_leg,7,47,leg_rub,Chưa có bản dịch
3_nipples,7,47,,Chưa có bản dịch
wing_flower,0,47,,Chưa có bản dịch
saliva_on_arm,7,47,,Chưa có bản dịch
hand_in_buruma,0,47,,Chưa có bản dịch
penis_nipples,0,47,,Chưa có bản dịch
popeye_arms,7,47,,Chưa có bản dịch
small_breast_humiliation,7,47,,Chưa có bản dịch
wrapped_breasts,7,47,,Chưa có bản dịch
gear-shaped_pupils,0,47,,Chưa có bản dịch
blonde_tail_tuft,7,47,,Chưa có bản dịch
hand_over_another's_eye,0,47,,Chưa có bản dịch
cropped_hair,0,47,,Chưa có bản dịch
spinning_on_penis,7,47,,Chưa có bản dịch
face_hidden,7,47,,Chưa có bản dịch
wound_on_ear,7,47,,Chưa có bản dịch
hands_at_side,7,47,,Chưa có bản dịch
face_against_glass,0,47,,Chưa có bản dịch
hair_raising,0,47,,Chưa có bản dịch
hair_tassels,7,47,,Chưa có bản dịch
argyle_skin,0,47,,Chưa có bản dịch
hands_folded,7,47,,Chưa có bản dịch
hair_spray,0,47,,Chưa có bản dịch
ofuda_on_penis,0,47,,Chưa có bản dịch
huge_mouth,7,47,,Miệng khổng lồ
flattened_breasts,7,47,,Chưa có bản dịch
standing_on_hands,7,47,,Chưa có bản dịch
lying_on_own_belly,7,47,,Chưa có bản dịch
standing_leg_glider_position,7,47,,Chưa có bản dịch
precum_on_own_hand,7,47,,Chưa có bản dịch
cucumber_on_eye,7,47,,Chưa có bản dịch
chest_plates,7,47,,Chưa có bản dịch
shiny_horns,0,47,,Chưa có bản dịch
wet_chest,7,47,,Chưa có bản dịch
touching_nose,7,47,,Chưa có bản dịch
tail_base_tuft,7,47,,Chưa có bản dịch
multicolored_eye_patch,7,47,multicolored_eyepatch,Chưa có bản dịch
stingray_tail,0,47,,Chưa có bản dịch
slimy_penis,7,47,,Chưa có bản dịch
flag_hair_ornament,0,47,,Chưa có bản dịch
hook_tail,7,47,,Chưa có bản dịch
borrowed_genitals,7,47,,Chưa có bản dịch
white_wing_claws,7,47,,Chưa có bản dịch
rope_around_chest,7,47,,Chưa có bản dịch
thumping_foot,7,47,,Chưa có bản dịch
tongue_twister,0,47,,Chưa có bản dịch
groaning_breasts,7,47,,Chưa có bản dịch
foot_on_desk,7,47,,Chưa có bản dịch
tentacle_around_torso,7,47,,Chưa có bản dịch
wood_gradient_hair,0,47,,Chưa có bản dịch
defined_muscles,7,47,,Chưa có bản dịch
tentacle_in_anus,7,47,,Chưa có bản dịch
short_tapering_penis,7,47,,Chưa có bản dịch
text_in_mouth,0,47,,Chưa có bản dịch
bottle_hair_ornament,0,47,,Chưa có bản dịch
two_tone_ear,7,47,,Chưa có bản dịch
nose_outline,7,47,,Chưa có bản dịch
toothpick_in_mouth,7,47,,Chưa có bản dịch
butt_muscles,7,47,,Chưa có bản dịch
neckerchief_in_mouth,0,47,,Chưa có bản dịch
patterned_eyes,0,46,,Chưa có bản dịch
fossil_hair_ornament,0,46,,Chưa có bản dịch
double_ponytail,7,46,,Chưa có bản dịch
feather_tail,0,46,,Chưa có bản dịch
feathered_hair,0,46,,Chưa có bản dịch
dog_on_shoulder,0,46,,Chưa có bản dịch
arm_warmers_(marking),7,46,,Chưa có bản dịch
stretched_out_leg,7,46,,Chưa có bản dịch
lips_on_muzzle,7,46,,Chưa có bản dịch
straw_in_penis,7,46,,Chưa có bản dịch
arm_floatie,7,46,,Chưa có bản dịch
arm_blush,7,46,,Chưa có bản dịch
extended_tongue,7,46,,Chưa có bản dịch
glistening_horns,7,46,,Chưa có bản dịch
balls_on_leg,7,46,,Chưa có bản dịch
curvy_horns,7,46,,Chưa có bản dịch
straddling_tail,7,46,,Chưa có bản dịch
silver_horns,0,46,,Sừng bạc
horn_suck,7,46,"horn_sucking,horns_suck,horns_sucking,sucking_horn,sucking_horns",Chưa có bản dịch
glowing_red_eyes,7,46,,Chưa có bản dịch
striped_torso,7,46,,Chưa có bản dịch
tiny_tail,7,46,,Chưa có bản dịch
nipple_circular_barbell,7,46,,Chưa có bản dịch
nipple_donuts,7,46,,Chưa có bản dịch
feet_on_ottoman,7,46,,Chưa có bản dịch
drill_nose,7,46,,Chưa có bản dịch
scaled_nose,7,46,,Chưa có bản dịch
food_on_toes,0,46,,Chưa có bản dịch
male_cleavage,7,46,,Chưa có bản dịch
twitching_nipples,0,46,,Chưa có bản dịch
multicolored_pseudo-penis,7,46,,Chưa có bản dịch
hoof_on_face,7,46,,Chưa có bản dịch
looking_at_own_hands,7,46,,Chưa có bản dịch
multi_torso,7,46,,Chưa có bản dịch
layered_heart_eyes,7,46,,Chưa có bản dịch
multi_penis_handjob,7,46,,Chưa có bản dịch
tail_cunnilingus,7,46,,Chưa có bản dịch
sticker_on_hand,0,46,,Chưa có bản dịch
retrousse_breasts,0,46,,Chưa có bản dịch
drooling_on_penis,7,46,,Chưa có bản dịch
orenjipiiru_smug_face,0,46,,Chưa có bản dịch
hair_in_eyes,0,46,,Chưa có bản dịch
crooked_horn,7,46,,Chưa có bản dịch
orange_torso,7,46,,Chưa có bản dịch
hand_on_own_genitalia,7,46,,Chưa có bản dịch
hand_on_building,7,46,,Chưa có bản dịch
penis_in_other_sheath,7,46,,Chưa có bản dịch
saliva_in_hair,7,46,,Chưa có bản dịch
car-mouth_cake,0,46,,Chưa có bản dịch
human_teeth,7,46,,Răng người
wing_scar,7,46,scarred_wing,Chưa có bản dịch
humanoid_torso_with_big_belly,7,46,,Chưa có bản dịch
legwear_webbing_toes,7,46,,Chưa có bản dịch
painted_body,7,46,,Chưa có bản dịch
falling_into_mouth,7,46,,Chưa có bản dịch
weaponized_breasts,7,46,,Chưa có bản dịch
helicopter_ears,7,46,,Chưa có bản dịch
bandage_on_nipple,7,46,,Chưa có bản dịch
fake_pokemon_ears,7,46,fake_pokémon_ears,Chưa có bản dịch
object_on_penis,7,46,,Chưa có bản dịch
grabbing_fur,7,46,,Chưa có bản dịch
urine_in_nose,7,46,,Chưa có bản dịch
patterns_on_fur,7,45,,Chưa có bản dịch
pussy_juice_on_breast,7,45,,Chưa có bản dịch
grabbing_tongue,7,45,,Chưa có bản dịch
holding_up_leg,7,45,,Chưa có bản dịch
seed_hair_ornament,0,45,,Chưa có bản dịch
second_position_arms_(ballet),7,45,,Chưa có bản dịch
crotch_mouth,7,45,,Chưa có bản dịch
ribbed_tongue,7,45,,Chưa có bản dịch
crosshair_eyes,7,45,,Chưa có bản dịch
orange_armpit_hair,0,45,,Chưa có bản dịch
hand_on_another's_pussy,7,45,,Chưa có bản dịch
holy_hand_grenade,0,45,,Chưa có bản dịch
facial_hair_to_fur,7,45,,Chưa có bản dịch
sweaty_toes,7,45,,Chưa có bản dịch
cat_between_legs,0,45,,Chưa có bản dịch
biting_another's_hair,0,45,,Chưa có bản dịch
water_wings,7,45,,Chưa có bản dịch
leaning_on_belly,7,45,,Chưa có bản dịch
holding_another's_ear,0,45,,Chưa có bản dịch
swirl_eyes,7,45,,Chưa có bản dịch
standing_on_another's_hand,0,45,,Chưa có bản dịch
scythe_tail,7,45,,Chưa có bản dịch
chest_fondling,7,45,,Chưa có bản dịch
body_stack,7,45,,Chưa có bản dịch
one_leg,7,45,,Chưa có bản dịch
7_fingers,7,45,"7_finger,7_fingered,7fingers,seven_finger,seven_fingered,seven_fingers",Chưa có bản dịch
intestine_hair,0,45,,Chưa có bản dịch
chocolate_on_tongue,0,45,,Chưa có bản dịch
multicolored_toes,7,45,,Ngón chân nhiều màu
supported_arms,7,45,,Chưa có bản dịch
bean_mouth,7,45,,Chưa có bản dịch
feet_on_thighs,7,45,,Chưa có bản dịch
rope_around_leg,7,45,,Chưa có bản dịch
tongue_chain,0,45,,Chưa có bản dịch
ovipositor_in_penis,7,45,,Chưa có bản dịch
braced_against_chest,7,45,,Chưa có bản dịch
symbol_on_belly,7,45,,Chưa có bản dịch
stroking_chest,7,45,,Chưa có bản dịch
phone_to_animal_ear,0,45,,Chưa có bản dịch
cum_on_another's_chest,7,45,,Chưa có bản dịch
fur_covering_nipples,7,45,,Chưa có bản dịch
eye_of_ender,0,45,,Chưa có bản dịch
brown_teeth,7,45,,Răng nâu
2_penis_outline,7,45,,Chưa có bản dịch
clitoris_to_tongue,7,45,,Chưa có bản dịch
brown_spotted_fur,7,45,,Chưa có bản dịch
cum_on_own_shoulder,7,45,,Chưa có bản dịch
woman_scared_of_breasts_(meme),0,45,,Chưa có bản dịch
carved_horn,7,45,"carved_horns,engraved_horn,engraved_horns",Chưa có bản dịch
soaking_legs,0,45,,Chưa có bản dịch
pokemon_between_legs,0,45,,Chưa có bản dịch
sharp_tongue,0,45,,Chưa có bản dịch
shark_penis,7,44,,Chưa có bản dịch
curly_bangs,0,44,,Chưa có bản dịch
bioluminescent_nipples,7,44,,Chưa có bản dịch
pinniped_penis,7,44,,Chưa có bản dịch
mouth_on_breast,7,44,,Chưa có bản dịch
band-aid_on_hand,7,44,,Chưa có bản dịch
hairless_toes,7,44,,Chưa có bản dịch
hypnotized_eyes,7,44,,Chưa có bản dịch
cum_on_skin,7,44,,Chưa có bản dịch
rayman_anatomy,7,44,,Chưa có bản dịch
energy_horns,0,44,,Chưa có bản dịch
body_growth,7,44,,Chưa có bản dịch
body_drawing,7,44,,Chưa có bản dịch
windswept_hair,7,44,,Chưa có bản dịch
melting_mouth,7,44,,Chưa có bản dịch
hand_in_swimwear,7,44,,Chưa có bản dịch
wing_size_difference,7,44,wings_size_difference,Chưa có bản dịch
nose_in_anus,7,44,,Chưa có bản dịch
leg_on_back,7,44,,Chưa có bản dịch
belly_burst,7,44,,Chưa có bản dịch
splayed_legs,7,44,,Chưa có bản dịch
biting_another's_leg,0,44,,Chưa có bản dịch
fire_from_mouth,7,44,,Chưa có bản dịch
hugging_finger,0,44,finger_hug,Chưa có bản dịch
dreamy_eyes,7,44,,Chưa có bản dịch
arm_on_own_stomach,0,44,,Chưa có bản dịch
hands_on_hands,7,44,,Chưa có bản dịch
messy_bangs,0,44,,Chưa có bản dịch
precum_on_own_leg,7,44,,Chưa có bản dịch
precum_on_own_face,7,44,,Chưa có bản dịch
scanline_hair,0,44,,Chưa có bản dịch
black-hair,7,44,,Tóc màu đen
sitting_on_feet,7,44,,Chưa có bản dịch
aquarium_body,7,44,,Chưa có bản dịch
wet_hands,7,44,,Chưa có bản dịch
unusual_fur_pattern,7,44,,Chưa có bản dịch
knife_in_hair,0,44,,Chưa có bản dịch
feet_against_wall,0,44,feet_on_wall,Chưa có bản dịch
raised_toes,7,44,,Chưa có bản dịch
raised_fur,7,44,,Chưa có bản dịch
flicking_penis,0,44,,Chưa có bản dịch
animal_hair,0,44,,Tóc động vật
green_blue_eyes,7,44,,Mắt xanh lá xanh dương
teeth_marks,7,44,,Chưa có bản dịch
yellow_hair_tips,7,44,,Chưa có bản dịch
tail_on_pussy,7,44,,Chưa có bản dịch
bad_torso,0,44,,Chưa có bản dịch
breast_burger,0,44,,Chưa có bản dịch
smegma_on_body,7,44,,Chưa có bản dịch
naked_twister,7,44,,Chưa có bản dịch
penis_tip_pussy,7,44,,Chưa có bản dịch
lace-trimmed_hair_ornament,0,44,,Chưa có bản dịch
small_breast_angst,7,44,,Chưa có bản dịch
dangling_leg,7,44,,Chưa có bản dịch
horn_bondage,7,44,,Chưa có bản dịch
kissing_arm,0,44,,Chưa có bản dịch
poop_in_mouth,7,44,,Chưa có bản dịch
shoulder_ride,7,44,,Chưa có bản dịch
food_in_hair,0,44,,Chưa có bản dịch
glowing_inner_ear,7,44,,Chưa có bản dịch
hooked_tail,7,43,,Chưa có bản dịch
glistening_arm,7,43,,Chưa có bản dịch
honey_on_breasts,7,43,,Chưa có bản dịch
dark_eye_patch,7,43,,Chưa có bản dịch
covering_another's_nipples,0,43,,Chưa có bản dịch
slapping_penis,0,43,,Chưa có bản dịch
gold_eye_patch,7,43,,Chưa có bản dịch
lying_on_own_penis,7,43,,Chưa có bản dịch
mahjong_tile_hair_ornament,0,43,,Chưa có bản dịch
ringed_horn,7,43,,Chưa có bản dịch
cloaca_juice_on_hand,7,43,,Chưa có bản dịch
penis_crush,7,43,,Chưa có bản dịch
tentacles_from_penis,7,43,,Chưa có bản dịch
blood_on_finger,7,43,,Chưa có bản dịch
two_tone_eye_patch,7,43,two_tone_eyepatch,Chưa có bản dịch
small_tongue,7,43,,Lưỡi nhỏ
mutual_tail_insertion,7,43,,Chưa có bản dịch
penis_udders,7,43,,Chưa có bản dịch
on_two_legs,7,43,,Chưa có bản dịch
obstructed_face,7,43,,Chưa có bản dịch
flower_on_leg,0,43,,Chưa có bản dịch
same_face,0,43,,Chưa có bản dịch
bovine_anus,7,43,,Chưa có bản dịch
object_in_hair,7,43,,Chưa có bản dịch
pussy_juice_on_anus,7,43,,Chưa có bản dịch
tail_rope,0,43,,Chưa có bản dịch
cropped_tail,0,43,,Chưa có bản dịch
absurdly_long_penis,7,43,,Chưa có bản dịch
transparent_breast_padding,0,43,,Chưa có bản dịch
feet_on_furniture,7,43,,Chưa có bản dịch
nipple_spikes,0,43,,Chưa có bản dịch
unusual_hands,7,43,,Chưa có bản dịch
resting_on_tail,7,43,,Chưa có bản dịch
grey_eyelashes,7,43,gray_eyelashes,Chưa có bản dịch
open_chest,7,43,,Chưa có bản dịch
grey_nose_horn,7,43,,Chưa có bản dịch
face-framing_tendrils,7,43,,Chưa có bản dịch
scaled_wings,7,43,,Chưa có bản dịch
snow_on_face,0,43,,Chưa có bản dịch
multi-horn,7,43,,Chưa có bản dịch
precum_on_feet,7,43,,Chưa có bản dịch
mole_on_belly,7,43,,Chưa có bản dịch
orange_eyelashes,7,43,,Chưa có bản dịch
crystal_skin,0,43,,Chưa có bản dịch
tickling_chest,0,43,,Chưa có bản dịch
arm_in_mouth,7,43,,Chưa có bản dịch
lean_muscles,7,43,,Chưa có bản dịch
hands_on_forearms,7,43,,Chưa có bản dịch
tiger_skin,0,43,,Da hổ
hand_on_car,0,43,,Chưa có bản dịch
arms_stretched,7,43,,Chưa có bản dịch
fused_mouth,7,43,,Chưa có bản dịch
fingers_on_butt,7,43,,Chưa có bản dịch
finger_in_another's_ear,0,43,,Chưa có bản dịch
body_slam,0,43,,Chưa có bản dịch
scythe_horn,7,43,,Chưa có bản dịch
hair_covering_face,7,43,,Chưa có bản dịch
hair_bows,7,43,,Chưa có bản dịch
moving_penis,7,43,,Chưa có bản dịch
fully_clothed_to_mostly_nude,7,43,,Chưa có bản dịch
arrow_pointing_to_nipple,7,43,,Chưa có bản dịch
seal_hair_ornament,0,43,,Chưa có bản dịch
alien_anatomy,7,43,,Chưa có bản dịch
tan_eyelashes,7,43,,Chưa có bản dịch
toe_tag,7,43,,Chưa có bản dịch
ear_bands,7,42,,Chưa có bản dịch
hyper_eyelashes,7,42,,Chưa có bản dịch
measuring_belly,7,42,,Chưa có bản dịch
mouse_on_hand,0,42,,Chưa có bản dịch
jazz_hands,7,42,,Chưa có bản dịch
ear_tips,7,42,,Chưa có bản dịch
amber_fur,7,42,,Chưa có bản dịch
tail_autocunnilingus,7,42,,Chưa có bản dịch
light_genitals,7,42,,Chưa có bản dịch
body_tearing,7,42,,Chưa có bản dịch
heart_penis,7,42,,Chưa có bản dịch
extended_hand,7,42,,Chưa có bản dịch
ice_body,7,42,,Chưa có bản dịch
coiling_around_tail,7,42,,Chưa có bản dịch
boobs_on_face,7,42,,Chưa có bản dịch
finger_to_another's_face,0,42,,Chưa có bản dịch
finger_on_the_trigger,7,42,,Chưa có bản dịch
rounded_teeth,7,42,,Chưa có bản dịch
fur_halo,0,42,,Chưa có bản dịch
limp_legs,7,42,,Chưa có bản dịch
touching_ears,7,42,,Chưa có bản dịch
hit_in_face,7,42,,Chưa có bản dịch
hand_around_wrist,0,42,,Chưa có bản dịch
squid_hair_ornament,0,42,,Chưa có bản dịch
symmetrical_foot_pose,0,42,,Chưa có bản dịch
hand_on_nipples,7,42,,Chưa có bản dịch
purple_pseudo-penis,7,42,,Chưa có bản dịch
foot_bite,7,42,"biting_feet,feet_bite,feet_biting,foot_biting",Chưa có bản dịch
skeleton_hands,0,42,,Chưa có bản dịch
panting_in_face,7,42,,Chưa có bản dịch
liquid_on_body,7,42,,Chưa có bản dịch
skeletal_leg,0,42,,Chưa có bản dịch
hand_rake,0,42,,Chưa có bản dịch
display_face,7,42,,Chưa có bản dịch
slimy_tongue,7,42,,Chưa có bản dịch
pouring_onto_penis,0,42,,Chưa có bản dịch
hand_waving,7,42,,Chưa có bản dịch
plated_penis,7,42,,Chưa có bản dịch
huge_toes,7,42,,Ngón chân khổng lồ
teasing_with_penis,7,42,,Chưa có bản dịch
huge_nose,7,42,,Mũi khổng lồ
leaking_navel,7,42,,Chưa có bản dịch
arm_in_arm,7,42,,Chưa có bản dịch
arm_between_legs,7,42,,Chưa có bản dịch
hands_under_butt,7,42,,Chưa có bản dịch
teal_tail_tip,7,42,,Chưa có bản dịch
horns_on_eye_sockets,0,42,,Chưa có bản dịch
blood_from_ear,7,42,bleeding_from_ears,Chưa có bản dịch
teal_face,7,42,,Chưa có bản dịch
penis_hanging,7,42,,Chưa có bản dịch
muzzle_in_mouth,7,42,,Chưa có bản dịch
thrusting_into_mouth,7,42,,Chưa có bản dịch
snow_on_fur,7,42,,Chưa có bản dịch
mutual_penis_in_pussy,7,42,,Chưa có bản dịch
budding_breasts,7,42,,Chưa có bản dịch
mutual_foot_lick,7,42,,Chưa có bản dịch
double_ear,7,42,,Chưa có bản dịch
double_face_punch,0,42,,Chưa có bản dịch
three-toned_fur,0,42,,Chưa có bản dịch
flaming_foot,0,42,,Chưa có bản dịch
grabbing_nipples,7,42,,Chưa có bản dịch
nipple_tape_only,7,42,,Chưa có bản dịch
unusual_legs,7,42,,Chưa có bản dịch
tongue_in_uterus,7,42,,Chưa có bản dịch
hard_nipples,7,42,,Chưa có bản dịch
petal_on_face,0,42,,Chưa có bản dịch
buttplug_in_mouth,7,42,,Chưa có bản dịch
upturned_nose,0,42,,Chưa có bản dịch
snail_hair_ornament,0,42,,Chưa có bản dịch
peru_body,7,42,,Chưa có bản dịch
toe_fingering,7,41,,Chưa có bản dịch
string_around_arm,0,41,,Chưa có bản dịch
sitting_on_another's_tail,0,41,,Chưa có bản dịch
chest_grope,7,41,,Chưa có bản dịch
nipple_gape,7,41,,Chưa có bản dịch
inaccurate_penis,7,41,,Chưa có bản dịch
biting_ear_for_good_luck,0,41,,Chưa có bản dịch
grabbing_hands,7,41,,Chưa có bản dịch
grabbing_body,7,41,,Chưa có bản dịch
holding_both_hands,7,41,,Chưa có bản dịch
diaper_around_leg,7,41,,Chưa có bản dịch
balloon_breasts,7,41,,Chưa có bản dịch
sweaty_armpit_hair,7,41,,Chưa có bản dịch
black_dot_eyes,7,41,,Chưa có bản dịch
rimming_prey_in_mouth,7,41,,Chưa có bản dịch
stuffed_toy_between_breasts,0,41,,Chưa có bản dịch
penis_aimed_at_pussy,0,41,,Chưa có bản dịch
eyes_in_mouth,7,41,,Chưa có bản dịch
blonde_pseudo_hair,7,41,,Chưa có bản dịch
feline_dildo,7,41,"cat_dildo,cat_penis_dildo,feline_dick_dildo",Chưa có bản dịch
snowflake_in_eye,0,41,,Chưa có bản dịch
horned_wings,7,41,,Chưa có bản dịch
missing_tail_tip,7,41,,Chưa có bản dịch
arm_focus,0,41,,Chưa có bản dịch
nozzle_on_breast,7,41,,Chưa có bản dịch
swishing_tail,7,41,,Chưa có bản dịch
soaked_fur,7,41,,Chưa có bản dịch
hands_on_desk,7,41,,Chưa có bản dịch
belly_touching_floor,7,41,,Chưa có bản dịch
technicolor_genitals,7,41,,Chưa có bản dịch
eye_color_switch,0,41,,Chưa có bản dịch
silhouetted_face,7,41,,Chưa có bản dịch
eye_growth,7,41,,Chưa có bản dịch
dreadlocks_tail,7,41,,Chưa có bản dịch
furred_ears,7,41,,Chưa có bản dịch
foot_on_another's_shoulder,0,41,,Chưa có bản dịch
foot_on_body,7,41,,Chưa có bản dịch
arms_around_chest,7,41,,Chưa có bản dịch
leg_on_side,7,41,,Chưa có bản dịch
arms_over_shoulders,7,41,,Chưa có bản dịch
envelope_hair_ornament,0,41,,Chưa có bản dịch
monster_tongue,0,41,,Chưa có bản dịch
fur_lined_bottomwear,7,41,,Chưa có bản dịch
fur-trimmed_crown,0,41,,Chưa có bản dịch
paper_hair,7,41,,Chưa có bản dịch
navel_ejaculation,7,41,,Chưa có bản dịch
tail_on_bed,7,41,,Chưa có bản dịch
shoulder_hump,7,41,,Chưa có bản dịch
shoulder_jewel,0,41,,Chưa có bản dịch
exposing_penis,7,41,,Chưa có bản dịch
pink_tail_feathers,7,41,,Chưa có bản dịch
kiwi_hair_ornament,0,41,,Chưa có bản dịch
ear_spots,7,41,,Chưa có bản dịch
ass-to-breast,0,41,,Chưa có bản dịch
breast_mouth,7,41,,Chưa có bản dịch
mouth_anus,7,41,,Chưa có bản dịch
colored_upper_lip,0,41,,Chưa có bản dịch
meat_hair,0,41,,Chưa có bản dịch
dragon_tail_steak,0,41,,Chưa có bản dịch
ear_insertion,0,41,,Chưa có bản dịch
hyper_arms,7,41,,Chưa có bản dịch
dirty_ass_to_mouth,7,41,,Chưa có bản dịch
ghost_tongue,7,41,,Chưa có bản dịch
cupping_face,7,41,,Chưa có bản dịch
holding_wings,7,40,,Chưa có bản dịch
naked_sarashi,0,40,,Chưa có bản dịch
tentacle_around_chest,7,40,,Chưa có bản dịch
millennium_eye,0,40,,Chưa có bản dịch
breast_close-up,7,40,,Chưa có bản dịch
breast_pinch,0,40,,Chưa có bản dịch
turquoise_ears,7,40,,Chưa có bản dịch
kiss_on_nipple,7,40,"kissing_nipple,nipple_kiss,nipple_kissing",Chưa có bản dịch
pussy_ejaculation_in_face,7,40,,Chưa có bản dịch
heart_hair_strand,0,40,,Chưa có bản dịch
tail_leash,7,40,,Chưa có bản dịch
tail_keychain,0,40,,Chưa có bản dịch
magic_wings,7,40,,Chưa có bản dịch
robot_hand,7,40,,Chưa có bản dịch
mane_over_eye,7,40,,Chưa có bản dịch
honeypot_belly,7,40,,Chưa có bản dịch
tail_sticking_out,7,40,,Chưa có bản dịch
pearl_body_chain,0,40,,Chưa có bản dịch
food_on_tail,0,40,,Chưa có bản dịch
pec_cleavage,7,40,,Chưa có bản dịch
covered_ears,0,40,,Chưa có bản dịch
dark_mouth,7,40,,Miệng sẫm
caressing_belly,7,40,,Chưa có bản dịch
swept_hair,7,40,,Chưa có bản dịch
penis_in_food,7,40,,Chưa có bản dịch
darkened_pseudo_hair,7,40,,Chưa có bản dịch
face_rub,7,40,,Chưa có bản dịch
urine_on_own_face,7,40,,Chưa có bản dịch
riding_on_tail,7,40,,Chưa có bản dịch
grabbing_torso,7,40,,Chưa có bản dịch
tattered_ears,7,40,,Chưa có bản dịch
yellow_finger_claws,7,40,,Chưa có bản dịch
paint_on_breasts,7,40,,Chưa có bản dịch
ninja_toes,0,40,,Chưa có bản dịch
animal_on_tail,0,40,,Chưa có bản dịch
crystals_on_the_body,7,40,,Chưa có bản dịch
yellow_nose_horn,7,40,,Chưa có bản dịch
green_hair_tips,7,40,,Chưa có bản dịch
large_legs,7,40,,Chân lớn
paddle_tail,7,40,,Chưa có bản dịch
tongue_focus,7,40,,Chưa có bản dịch
ball_on_finger,7,40,,Chưa có bản dịch
cookie_in_mouth,7,40,,Chưa có bản dịch
resting_legs,7,40,,Chưa có bản dịch
flaming_fur,7,40,,Chưa có bản dịch
three_tone_face,7,40,,Chưa có bản dịch
gripping_hair,7,40,,Chưa có bản dịch
cybernetic_horn,7,40,,Chưa có bản dịch
arm_around_legs,7,40,,Chưa có bản dịch
hands_on_another's_hand,0,40,,Chưa có bản dịch
decaying_skin,0,40,,Chưa có bản dịch
cum_hair_fetishism,0,40,,Chưa có bản dịch
belly_bounce,7,40,,Chưa có bản dịch
lip_pull,0,40,,Chưa có bản dịch
brown_striped_fur,7,40,,Chưa có bản dịch
leg_restraints,7,40,,Chưa có bản dịch
hand_behind,7,40,,Chưa có bản dịch
coiled_arms,7,40,,Chưa có bản dịch
prosthetic_arm_removed,0,40,,Chưa có bản dịch
finger_on_lip,7,40,,Chưa có bản dịch
scratching_ear,7,40,,Chưa có bản dịch
extra_fingers,7,40,,Chưa có bản dịch
lifted_by_leg,7,40,,Chưa có bản dịch
see-through_breast_curtain,0,40,transparent_breast_curtain,Chưa có bản dịch
hair_over_another,0,40,,Chưa có bản dịch
bone_arm,7,40,,Chưa có bản dịch
pulling_tail,0,39,,Chưa có bản dịch
shanghai_arms_fest_(touhou),0,39,,Chưa có bản dịch
eye_sex,0,39,eyefucking,Chưa có bản dịch
brown_torso,7,39,,Chưa có bản dịch
breast_sniffing,7,39,,Chưa có bản dịch
sharing_body,7,39,,Chưa có bản dịch
nearly_naked_towel,0,39,,Chưa có bản dịch
silver_penis,7,39,,Chưa có bản dịch
bread_hair_ornament,0,39,,Chưa có bản dịch
nail_clipper,7,39,,Chưa có bản dịch
shaved_hair,7,39,,Chưa có bản dịch
stepping_on_another's_foot,0,39,,Chưa có bản dịch
touching_hands,7,39,,Chưa có bản dịch
bead_tail_ornament,0,39,,Chưa có bản dịch
view_between_breasts,7,39,,Chưa có bản dịch
separated_wing_tips,7,39,,Chưa có bản dịch
furry_chest,7,39,,Chưa có bản dịch
strangling_with_hair,0,39,,Chưa có bản dịch
muzzle_feet,7,39,,Chưa có bản dịch
holding_nail_file,0,39,,Chưa có bản dịch
lagomorph_nose,7,39,,Chưa có bản dịch
stretched_nipples,7,39,,Chưa có bản dịch
muscles_shrinking,7,39,"muscle_shrinking,shrinking_muscles",Chưa có bản dịch
tongue_up,0,39,,Chưa có bản dịch
wrapped_condom_in_mouth,7,39,,Chưa có bản dịch
tongue_love,7,39,,Chưa có bản dịch
ponytail_day,0,39,,Chưa có bản dịch
detailed_muscles,7,39,,Chưa có bản dịch
vomit_on_face,7,39,,Chưa có bản dịch
hands_in_water,7,39,,Chưa có bản dịch
leash_around_arm,7,39,,Chưa có bản dịch
hand_on_own_bulge,7,39,,Chưa có bản dịch
hand_on_ceiling,7,39,,Chưa có bản dịch
leg_out_of_water,7,39,,Chưa có bản dịch
leg_over_head,7,39,,Chưa có bản dịch
legs_around_pole,7,39,,Chưa có bản dịch
chain_around_leg,0,39,,Chưa có bản dịch
anatomically_correct_feet,7,39,,Chưa có bản dịch
nipple_caps,7,39,,Chưa có bản dịch
licking_horn,0,39,horn_licking,Chưa có bản dịch
scrunched_face,7,39,,Chưa có bản dịch
winged_tail,0,39,,Chưa có bản dịch
open_cleavage,0,39,,Chưa có bản dịch
metallic_penis,7,39,,Chưa có bản dịch
finger_on_head,7,39,,Chưa có bản dịch
finger_to_another's_chest,0,39,,Chưa có bản dịch
fingers_on_face,7,39,,Chưa có bản dịch
pinning_arms,7,39,,Chưa có bản dịch
5_legs,7,39,"5_legged,five_legged,five_legs",Chưa có bản dịch
mole_on_penis,0,39,,Chưa có bản dịch
thin_tongue,7,39,,Lưỡi mỏng
thick_anal_hair,0,39,,Chưa có bản dịch
balloon_between_legs,7,39,,Chưa có bản dịch
flower_on_mouth,0,39,,Chưa có bản dịch
goo_on_penis,7,39,,Chưa có bản dịch
ringed_penis,7,39,,Chưa có bản dịch
perineum_in_anus,7,39,,Chưa có bản dịch
tail_rub,7,39,,Chưa có bản dịch
tail_harness,7,39,,Chưa có bản dịch
peeing_on_breasts,7,39,,Chưa có bản dịch
tail_fin_scar,7,39,,Chưa có bản dịch
cream_on_leg,0,39,,Chưa có bản dịch
tail_around_head,7,39,,Chưa có bản dịch
star_eye,7,38,,Chưa có bản dịch
eyes_emoji,7,38,,Chưa có bản dịch
pseudo-breasts,7,38,,Chưa có bản dịch
tan_tail_feathers,7,38,,Chưa có bản dịch
fake_nails,7,38,,Chưa có bản dịch
breathing_on_another's_hands,0,38,,Chưa có bản dịch
naturally_censored_breasts,7,38,,Chưa có bản dịch
breast_rub,7,38,,Chưa có bản dịch
navel_birth,7,38,,Chưa có bản dịch
breast_eyes,7,38,,Chưa có bản dịch
breast_bed,7,38,,Chưa có bản dịch
dangling_feet,7,38,,Chưa có bản dịch
towel_on_face,0,38,,Chưa có bản dịch
bubble_hair_ornament,0,38,,Chưa có bản dịch
slime_on_breasts,7,38,,Chưa có bản dịch
air_from_nipple,7,38,,Chưa có bản dịch
head_on_tail,7,38,,Chưa có bản dịch
head_on_another's_leg,0,38,,Chưa có bản dịch
rocket_hair_ornament,0,38,,Chưa có bản dịch
quin_tails,0,38,,Chưa có bản dịch
precum_from_nose,7,38,,Chưa có bản dịch
hold_on_let_me_do_the_face_(meme),0,38,,Chưa có bản dịch
ofuda_on_arm,0,38,,Chưa có bản dịch
tail_outside_ass,7,38,,Chưa có bản dịch
tail_petting,7,38,,Chưa có bản dịch
asymmetrical_legs,0,38,,Chưa có bản dịch
penis_down,7,38,,Chưa có bản dịch
penis_hold,0,38,,Chưa có bản dịch
penis_nose,7,38,,Chưa có bản dịch
small_torso,7,38,,Chưa có bản dịch
takoyaki_hair_ornament,0,38,,Chưa có bản dịch
tongue_stuck_frozen,0,38,,Chưa có bản dịch
ponytail_pull,7,38,,Chưa có bản dịch
twin_leg_bows,7,38,,Chưa có bản dịch
spade-shaped_pupils,0,38,,Chưa có bản dịch
biting_nose,0,38,,Chưa có bản dịch
describing_penis_type,7,38,,Chưa có bản dịch
hand_warmers,7,38,,Chưa có bản dịch
leg_fin,7,38,,Chưa có bản dịch
hand_in_hip_vent,0,38,,Chưa có bản dịch
coffin_hair_ornament,0,38,,Chưa có bản dịch
fennec_ears,7,38,,Chưa có bản dịch
hand_bite,7,38,,Chưa có bản dịch
ratite_penis,7,38,,Chưa có bản dịch
two_tone_sclera,7,38,"two-tone_eye_membrane,two-tone_eye_white,two-tone_eye_whites,two-tone_outer_eye,two-tone_sclera,two-tone_sclerotic_coat,two-tone_white_of_the_eye,two-tone_white_of_the_eyes,two-tone_whites_of_the_eye,two-tone_whites_of_the_eyes,two-toned_eye_membrane,two-toned_eye_white,two-toned_eye_whites,two-toned_outer_eye,two-toned_sclera,two-toned_sclerotic_coat,two-toned_white_of_the_eye,two-toned_white_of_the_eyes,two-toned_whites_of_the_eye,two-toned_whites_of_the_eyes,two_tone_eye_membrane,two_tone_eye_white,two_tone_eye_whites,two_tone_outer_eye,two_tone_sclerotic_coat,two_tone_white_of_the_eye,two_tone_white_of_the_eyes,two_tone_whites_of_the_eye,two_tone_whites_of_the_eyes,two_toned_eye_membrane,two_toned_eye_white,two_toned_eye_whites,two_toned_outer_eye,two_toned_sclera,two_toned_sclerotic_coat,two_toned_white_of_the_eye,two_toned_white_of_the_eyes,two_toned_whites_of_the_eye,two_toned_whites_of_the_eyes",Chưa có bản dịch
aqua_anus,0,38,,Chưa có bản dịch
freckled_penis,7,38,freckles_on_penis,Chưa có bản dịch
butterfly_on_arm,0,38,,Chưa có bản dịch
oral_foot_gulp,7,38,,Chưa có bản dịch
side_swept_bangs,7,38,,Chưa có bản dịch
wire_hair,7,38,,Chưa có bản dịch
canine_penis_with_foreskin,7,38,,Chưa có bản dịch
fin_hands,7,38,,Chưa có bản dịch
band-aid_on_tail,7,38,,Chưa có bản dịch
ears_on_shoulders,7,38,,Chưa có bản dịch
liquid_tail,0,38,,Chưa có bản dịch
fire_in_eyes,7,38,,Chưa có bản dịch
little_tail,7,38,,Chưa có bản dịch
veiny_tail,7,38,,Chưa có bản dịch
lower_body_focus,7,38,,Chưa có bản dịch
scaled_breasts,7,38,,Chưa có bản dịch
502nd_joint_fighter_wing_(emblem),0,38,,Chưa có bản dịch
backwards_hand,7,38,,Chưa có bản dịch
animal_body,7,38,,Cơ thể động vật
thick_hair,7,38,,Tóc dày
loose_fur,7,38,,Chưa có bản dịch
nose_to_balls,7,38,,Chưa có bản dịch
teal_teeth,7,38,,Chưa có bản dịch
flat_nose,7,37,,Chưa có bản dịch
flashing_eyes,0,37,,Chưa có bản dịch
nose_twitch,7,37,,Chưa có bản dịch
lopped_ears,7,37,,Chưa có bản dịch
black_ear_markings,7,37,,Chưa có bản dịch
hijab_as_hair,0,37,,Chưa có bản dịch
vagina_holding_torso,7,37,,Chưa có bản dịch
white_striped_fur,7,37,,Chưa có bản dịch
threaded_by_tail,7,37,,Chưa có bản dịch
visible_tail,7,37,,Chưa có bản dịch
tan_pupils,7,37,,Chưa có bản dịch
v_over_breast,0,37,,Chưa có bản dịch
enel_face_(meme),0,37,,Chưa có bản dịch
eye_on_tail,7,37,,Chưa có bản dịch
fake_penis,7,37,,Chưa có bản dịch
shy_face,7,37,,Chưa có bản dịch
wide_open_eyes,7,37,,Mắt rộng mở
arm_lock,7,37,,Chưa có bản dịch
ostrich_penis,7,37,,Chưa có bản dịch
fully_submerged_arms,7,37,,Chưa có bản dịch
conical_teeth,0,37,,Chưa có bản dịch
vine_tail,7,37,,Chưa có bản dịch
changing_hair_color,0,37,bleaching_hair,Chưa có bản dịch
lion_hair_ornament,0,37,,Chưa có bản dịch
claws_in_mouth,7,37,,Chưa có bản dịch
cut_finger,0,37,,Chưa có bản dịch
fingers_on_chin,0,37,,Chưa có bản dịch
dilated_anus,7,37,,Chưa có bản dịch
moon_phases_over_eye,0,37,,Chưa có bản dịch
split-color_fur,0,37,,Chưa có bản dịch
body_gem,7,37,,Chưa có bản dịch
magenta_skin,7,37,,Chưa có bản dịch
flowers_in_fur,7,37,,Chưa có bản dịch
chest_exposed,7,37,,Chưa có bản dịch
frog_tongue,0,37,,Chưa có bản dịch
unusual_teeth_placement,7,37,,Chưa có bản dịch
genital_geometry,7,37,,Chưa có bản dịch
forepaw_on_face,7,37,,Chưa có bản dịch
hair_over_another's_face,0,37,,Chưa có bản dịch
aiming_penis,7,37,,Chưa có bản dịch
anus_marriage,7,37,,Chưa có bản dịch
my_eyes_are_up_here_(meme),0,37,,Chưa có bản dịch
spiked_shoulders,7,37,,Chưa có bản dịch
nipple_to_gag,7,37,,Chưa có bản dịch
bone-shaped_pupils,0,37,,Chưa có bản dịch
nipple_fisting,7,37,"fist_nipple,fist_nipples,fisting_nipple,fisting_nipples,nipple_fist,nipples_fist,nipples_fisting",Chưa có bản dịch
lace-trimmed_arm_warmers,0,37,,Chưa có bản dịch
petal_on_body,0,37,,Chưa có bản dịch
toe_dipping,0,37,,Chưa có bản dịch
toe_leash,7,37,,Chưa có bản dịch
gazelle_horn,7,37,,Chưa có bản dịch
collar_in_mouth,7,37,,Chưa có bản dịch
ear_warmers,7,37,,Chưa có bản dịch
anus_size_difference,7,37,,Chưa có bản dịch
foot_on_furniture,7,37,,Chưa có bản dịch
balancing_on_foot,7,37,,Chưa có bản dịch
painted_fur,7,37,,Chưa có bản dịch
partially_visible_anus,7,37,,Chưa có bản dịch
taped_fingers,0,37,,Chưa có bản dịch
wax_on_leg,7,37,,Chưa có bản dịch
wax_on_breasts,7,37,,Chưa có bản dịch
blonde_chest_hair,7,37,,Chưa có bản dịch
double_tongue,7,37,,Chưa có bản dịch
penis_on_surface,7,37,,Chưa có bản dịch
anal_beads_in_penis,7,37,,Chưa có bản dịch
anal_beads_in_nipple,7,37,,Chưa có bản dịch
cuddling_tail,7,37,,Chưa có bản dịch
wrench_hair_ornament,0,37,,Chưa có bản dịch
hand_hair_ornament,0,37,,Chưa có bản dịch
smoke_from_eyes,7,37,,Chưa có bản dịch
smoke_from_belly,7,37,,Chưa có bản dịch
horn_handles,7,37,,Chưa có bản dịch
salmon_hair,7,37,,Chưa có bản dịch
feet_wraps,7,37,,Chưa có bản dịch
wound_on_shoulder,7,37,,Chưa có bản dịch
alternate_nail_color,0,37,,Chưa có bản dịch
wooden_arm,0,37,,Chưa có bản dịch
tail_under_chin,7,37,,Chưa có bản dịch
hand_on_partner's_face,7,37,,Chưa có bản dịch
bursting_belly,0,37,,Chưa có bản dịch
duck_tail,0,37,,Chưa có bản dịch
jagged_horn,7,37,,Chưa có bản dịch
layered_heart_pupils,7,37,,Chưa có bản dịch
webbed_arms,7,37,,Chưa có bản dịch
hands_under_head,7,36,,Chưa có bản dịch
obscured_breasts,7,36,,Chưa có bản dịch
hands_on_object,7,36,,Chưa có bản dịch
burgundy_body,7,36,,Chưa có bản dịch
burning_eyes,7,36,,Chưa có bản dịch
feet_under_diaper,7,36,,Chưa có bản dịch
weaponized_penis,7,36,weaponised_penis,Chưa có bản dịch
hand_on_eye,7,36,,Chưa có bản dịch
horn_wraps,7,36,,Chưa có bản dịch
tongue_tied,7,36,,Chưa có bản dịch
book_on_face,0,36,,Chưa có bản dịch
feeling_facial_hair,0,36,,Chưa có bản dịch
striped_tail_feathers,7,36,,Chưa có bản dịch
too_many_teeth,0,36,,Chưa có bản dịch
cybernetic_foot,7,36,,Chưa có bản dịch
rainbow_nose,7,36,,Chưa có bản dịch
character-shaped_pupils,0,36,,Chưa có bản dịch
small_equine_penis,7,36,,Chưa có bản dịch
cross-body_shoulder_stretch,7,36,,Chưa có bản dịch
penis_in_beak,7,36,,Chưa có bản dịch
penis_chain,7,36,,Chưa có bản dịch
foot_on_chair,7,36,,Chưa có bản dịch
penis_corruption,7,36,,Chưa có bản dịch
foot_on_another's_stomach,0,36,,Chưa có bản dịch
penis_bell,0,36,,Chưa có bản dịch
penis-shaped_food,0,36,,Chưa có bản dịch
pov_inside_mouth,0,36,,Chưa có bản dịch
offering_hand_to_viewer,7,36,,Chưa có bản dịch
nipple_masturbation,7,36,,Chưa có bản dịch
arrow_in_arm,0,36,,Chưa có bản dịch
chiseled_face,0,36,,Chưa có bản dịch
hairy_shoulders,7,36,,Chưa có bản dịch
tail_on_back,7,36,,Chưa có bản dịch
sea_angel_wings,0,36,,Chưa có bản dịch
precum_in_own_mouth,7,36,,Chưa có bản dịch
crystaline_tail,7,36,,Chưa có bản dịch
hair_around_neck,0,36,,Chưa có bản dịch
side_eye_at_viewer,7,36,,Chưa có bản dịch
lifted_by_arms,7,36,,Chưa có bản dịch
platinum_hair,7,36,,Chưa có bản dịch
body_encapsulation,7,36,,Chưa có bản dịch
planet_between_breasts,7,36,,Chưa có bản dịch
finger_over_mouth,7,36,,Chưa có bản dịch
place_lips_here_(meme),0,36,,Chưa có bản dịch
bandaid_on_anus,0,36,,Chưa có bản dịch
tail_decoration,7,36,,Chưa có bản dịch
cleaning_face,7,36,,Chưa có bản dịch
slime_on_feet,7,36,,Chưa có bản dịch
arms_on_thighs,7,36,,Chưa có bản dịch
electrode_on_belly,7,36,,Chưa có bản dịch
belly_peek,7,36,,Chưa có bản dịch
creeper_face,7,36,,Chưa có bản dịch
breast_infestation,7,36,,Chưa có bản dịch
after_anus_kiss,7,36,,Chưa có bản dịch
black_body_markings,7,36,,Chưa có bản dịch
breast_rings,0,36,,Chưa có bản dịch
censored_genital_slit,7,36,"genital_slit_censor,genital_slit_censored",Chưa có bản dịch
5_arms,7,36,"5_armed,five_armed,five_arms",Chưa có bản dịch
tearing_skin,7,36,,Chưa có bản dịch
natural_hair,7,36,,Chưa có bản dịch
disembodied_breast,0,36,,Chưa có bản dịch
eye_shape_change,7,36,,Chưa có bản dịch
eye_through_pseudo_hair,7,36,,Chưa có bản dịch
cat_ear_helmet,7,36,,Chưa có bản dịch
angry_face_emoji,0,36,,Chưa có bản dịch
pinching_another's_nose,0,36,,Chưa có bản dịch
teal_feet,7,36,cyan_feet,Chưa có bản dịch
olive_skin,7,36,,Chưa có bản dịch
stalk_eyes,0,36,,Chưa có bản dịch
shoulder_to_shoulder,7,36,,Chưa có bản dịch
high_twin_braids,0,36,,Chưa có bản dịch
intravaginal_tongue,7,35,,Chưa có bản dịch
blade_horn,7,35,,Chưa có bản dịch
tan_fur_tuft,7,35,,Chưa có bản dịch
nasal_horn,7,35,,Chưa có bản dịch
slug_tail,0,35,,Chưa có bản dịch
foot_on_hand,7,35,,Chưa có bản dịch
penis_coiling,7,35,,Chưa có bản dịch
waving_legs,0,35,,Chưa có bản dịch
penis_eye,7,35,,Chưa có bản dịch
penis_in_other_slit,7,35,,Chưa có bản dịch
heterochromatic_horns,7,35,,Chưa có bản dịch
v_over_face,0,35,,Chưa có bản dịch
paw_in_face,7,35,,Chưa có bản dịch
eyelashes_through_mane,7,35,,Chưa có bản dịch
eyebrow_through_ear,7,35,,Chưa có bản dịch
fake_devil_horns,7,35,,Chưa có bản dịch
pseudo-penis_in_ass,7,35,,Chưa có bản dịch
in_arms,7,35,,Chưa có bản dịch
smoke_hair,7,35,,Chưa có bản dịch
implied_breast_sucking,0,35,,Chưa có bản dịch
breasts_and_teats_and_penis,7,35,,Chưa có bản dịch
pet_nail_clippers,0,35,,Chưa có bản dịch
sweat_on_breast,7,35,,Chưa có bản dịch
breast_milk_in_a_cup,7,35,,Chưa có bản dịch
breast_pockets,7,35,,Chưa có bản dịch
breast_on_penis,7,35,,Chưa có bản dịch
chest_focus,7,35,,Chưa có bản dịch
flowers_in_hand,7,35,,Chưa có bản dịch
breast_beam,0,35,,Chưa có bản dịch
exposing_chest,7,35,,Chưa có bản dịch
naked_sailor_collar,0,35,,Chưa có bản dịch
electricity_on_penis,7,35,,Chưa có bản dịch
candle_in_penis,7,35,,Chưa có bản dịch
baseball_bat_over_shoulder,7,35,,Chưa có bản dịch
balls_on_chest,7,35,,Chưa có bản dịch
animal_penis_on_humanoid,7,35,,Chưa có bản dịch
tail_squeeze,7,35,,Chưa có bản dịch
fur-trimmed_bridal_gauntlets,0,35,,Chưa có bản dịch
blue_ear_tip,7,35,,Chưa có bản dịch
flavored_penis,7,35,,Chưa có bản dịch
spraying_in_mouth,7,35,,Chưa có bản dịch
ear_eyes,7,35,,Chưa có bản dịch
heart_arms_failure,0,35,,Chưa có bản dịch
ice_penis,7,35,,Chưa có bản dịch
ear_wiggling,7,35,,Chưa có bản dịch
saliva_on_ear,7,35,,Chưa có bản dịch
gauged_tongue,7,35,,Chưa có bản dịch
arm_back,7,35,,Chưa có bản dịch
tickling_hands,7,35,,Chưa có bản dịch
quivering_mouth,7,35,,Chưa có bản dịch
alien_hair_ornament,0,35,,Chưa có bản dịch
microphone_stand_between_breasts,0,35,,Chưa có bản dịch
prepare_your_anus,7,35,,Chưa có bản dịch
arms_to_side,7,35,,Chưa có bản dịch
teal_hands,7,35,,Chưa có bản dịch
cervine_anus,7,35,,Chưa có bản dịch
screw_navel,7,35,,Chưa có bản dịch
huge_legs,7,35,,Chân khổng lồ
light_bulb_hair_ornament,0,35,,Chưa có bản dịch
lifted_by_ears,7,35,,Chưa có bản dịch
power_symbol_hair_ornament,0,35,,Chưa có bản dịch
hairless_ears,7,35,,Chưa có bản dịch
nipple_chain_pull,7,35,,Chưa có bản dịch
clothed_maleherm,7,35,"clothed_maleherm_nude_ambiguous,clothed_maleherm_nude_female,clothed_maleherm_nude_herm,clothed_maleherm_nude_intersex,clothed_maleherm_nude_male,clothed_maleherm_nude_maleherm",Chưa có bản dịch
ladybug_wings,0,35,,Chưa có bản dịch
galaxy_eyes,7,35,,Chưa có bản dịch
lamb_ears,0,35,,Chưa có bản dịch
muscle_spark,0,35,,Chưa có bản dịch
yellow_chest_tuft,7,35,,Chưa có bản dịch
muscle_arms,7,35,,Chưa có bản dịch
twitching_leg,7,35,,Chưa có bản dịch
leather_body_harness,0,35,,Chưa có bản dịch
hands_covering_breasts,7,35,,Chưa có bản dịch
both_eyes_obstructed,7,35,,Chưa có bản dịch
hands_on_surface,7,35,,Chưa có bản dịch
spade_hands,0,35,,Chưa có bản dịch
bunny_ears_headband,7,35,,Chưa có bản dịch
popsicle_hair_ornament,0,35,,Chưa có bản dịch
multicolored_feather_hair,7,35,,Chưa có bản dịch
lava_hair,7,35,magma_hair,Chưa có bản dịch
tongue_between_legs,7,35,,Chưa có bản dịch
feet_on_another's_head,0,35,feet_on_head,Chưa có bản dịch
wrapped_penis,7,34,,Chưa có bản dịch
biting_leg,7,34,,Chưa có bản dịch
feet_on_tail,7,34,,Chưa có bản dịch
latex_fur,7,34,,Chưa có bản dịch
vestigial_wings,7,34,,Chưa có bản dịch
sparkling_horn,7,34,sparkling_horns,Chưa có bản dịch
peach_eyes,7,34,,Chưa có bản dịch
triangle_pupils,7,34,,Chưa có bản dịch
face_between_pectorals,0,34,,Chưa có bản dịch
rock_penis,7,34,,Chưa có bản dịch
holly_on_penis,7,34,,Chưa có bản dịch
striped_feet,7,34,,Chưa có bản dịch
testicles_over_eyes,0,34,,Chưa có bản dịch
detailed_skin,7,34,,Chưa có bản dịch
hands_to_side,7,34,,Chưa có bản dịch
vertical-striped_leg_warmers,0,34,,Chưa có bản dịch
detachable_tail,7,34,,Chưa có bản dịch
inner_ear_markings,7,34,,Chưa có bản dịch
hoof_on_belly,7,34,,Chưa có bản dịch
hands_on_another's_feet,0,34,,Chưa có bản dịch
mint_body,7,34,,Chưa có bản dịch
hands_around_torso,7,34,,Chưa có bản dịch
leash_around_penis,7,34,,Chưa có bản dịch
road_sign_hair_ornament,0,34,,Chưa có bản dịch
hand_transformation,7,34,,Chưa có bản dịch
hand_print_on_leg,7,34,,Chưa có bản dịch
adjusting_breasts,0,34,,Chưa có bản dịch
rainbow_nails,7,34,,Chưa có bản dịch
leg_over_butt,7,34,,Chưa có bản dịch
leg_scales,7,34,,Chưa có bản dịch
leg_press_machine,0,34,,Chưa có bản dịch
hand_in_front_of_mouth,7,34,,Chưa có bản dịch
crescent_mouth,0,34,,Chưa có bản dịch
eyes_looking_up,7,34,,Chưa có bản dịch
cucumber_on_face,0,34,,Chưa có bản dịch
mouth_held_open,7,34,,Chưa có bản dịch
disembodied_wing,0,34,,Chưa có bản dịch
bumpy_skin,7,34,,Chưa có bản dịch
smoke_from_anus,7,34,,Chưa có bản dịch
eye_half_closed,7,34,,Chưa có bản dịch
vibrating_penis,7,34,,Chưa có bản dịch
mottled_pseudo-penis,7,34,,Chưa có bản dịch
aquamarine_body,7,34,,Chưa có bản dịch
blonde_hair_tips,7,34,,Chưa có bản dịch
breasts_strap,7,34,,Chưa có bản dịch
nipple_in_mouth,7,34,,Chưa có bản dịch
colored_lower_eyelashes,0,34,,Chưa có bản dịch
silver_wings,0,34,,Cánh bạc
nipple_tentacles,7,34,,Chưa có bản dịch
tape_over_nipples,7,34,,Chưa có bản dịch
blood_on_horn,7,34,,Chưa có bản dịch
blood_on_wings,7,34,,Chưa có bản dịch
spiked_humanoid_penis,7,34,,Chưa có bản dịch
hair_penetration,7,34,,Chưa có bản dịch
fifth_position_arms_(ballet),7,34,,Chưa có bản dịch
breast_on_face,7,34,,Chưa có bản dịch
rose_hair,7,34,,Chưa có bản dịch
extra_eyebrows,0,34,,Chưa có bản dịch
breast_clap,7,34,,Chưa có bản dịch
holding_by_ears,7,34,,Chưa có bản dịch
unusual_breasts,7,34,,Chưa có bản dịch
lightened_penis,7,34,,Chưa có bản dịch
plastic_body,7,34,,Chưa có bản dịch
curved_arms,7,34,,Chưa có bản dịch
tail_in_penis,7,34,,Chưa có bản dịch
humanoid_anus,7,34,,Chưa có bản dịch
single_polished_nail,0,34,,Chưa có bản dịch
finger_gun_to_another's_head,0,34,,Chưa có bản dịch
bird_on_tail,0,34,,Chưa có bản dịch
lube_on_tail,7,34,,Chưa có bản dịch
prehensile_facial_hair,0,34,,Chưa có bản dịch
monotone_leg_warmers,7,34,,Chưa có bản dịch
neck_wings,0,34,,Chưa có bản dịch
neck_mouth,7,34,,Chưa có bản dịch
torso_wound,7,34,,Chưa có bản dịch
band-aid_on_ear,7,34,,Chưa có bản dịch
tail_through_keyhole,7,34,,Chưa có bản dịch
tail_tug,7,34,,Chưa có bản dịch
thin_arm,7,34,,Chưa có bản dịch
ear_beads,7,34,,Chưa có bản dịch
split_hair,7,34,,Chưa có bản dịch
mare's_leg,0,34,,Chưa có bản dịch
heart_hands_duo_chain,0,34,,Chưa có bản dịch
fur_boa,7,34,,Chưa có bản dịch
looking_into_eyes,7,34,,Chưa có bản dịch
teasing_feet,7,34,,Chưa có bản dịch
beaded_hair_ornament,0,34,,Chưa có bản dịch
own_cum_on_tongue,0,34,,Chưa có bản dịch
against_chest,7,34,,Chưa có bản dịch
anger_vein_hair_ornament,0,34,,Chưa có bản dịch
supported_leg,7,34,,Chưa có bản dịch
controller_between_breasts,0,34,,Chưa có bản dịch
ear_wraps,7,34,,Chưa có bản dịch
dildo_on_tail,7,33,,Chưa có bản dịch
lock_hair_ornament,0,33,,Chưa có bản dịch
507th_joint_fighter_wing,0,33,,Chưa có bản dịch
scat_in_penis,7,33,,Chưa có bản dịch
skin_color_connection,0,33,,Chưa có bản dịch
ear_halo,7,33,,Chưa có bản dịch
retracted_pseudo-penis,7,33,,Chưa có bản dịch
heart_to_penis_(meme),0,33,,Chưa có bản dịch
enlarged_breasts,7,33,,Chưa có bản dịch
suspended_by_belly,7,33,,Chưa có bản dịch
suspended_by_tail,7,33,,Chưa có bản dịch
blue_ear_fins,7,33,,Chưa có bản dịch
fur-trimmed_crop_top,0,33,,Chưa có bản dịch
monotone_arm_warmers,7,33,,Chưa có bản dịch
mane_over_eyes,7,33,,Chưa có bản dịch
cum_on_own_ear,7,33,,Chưa có bản dịch
nozzle_on_anus,7,33,,Chưa có bản dịch
rhino_penis,7,33,,Chưa có bản dịch
arms_under_legs,7,33,,Chưa có bản dịch
nub_feet,7,33,,Chưa có bản dịch
rabbit_in_eyes,0,33,,Chưa có bản dịch
chinese_finger_trap,7,33,,Chưa có bản dịch
cable_in_mouth,0,33,,Chưa có bản dịch
finger_kiss,0,33,,Chưa có bản dịch
tail_in_slit,7,33,,Chưa có bản dịch
precum_on_arm,7,33,,Chưa có bản dịch
scruffy_hair,7,33,,Chưa có bản dịch
chest_stand_handstand,0,33,,Chưa có bản dịch
shared_wings,0,33,,Chưa có bản dịch
breast_clinging,0,33,,Chưa có bản dịch
unusual_face,7,33,,Chưa có bản dịch
cum_on_vagina,7,33,,Chưa có bản dịch
red_gem_in_body,7,33,,Chưa có bản dịch
blackberry_hair_ornament,0,33,,Chưa có bản dịch
ash_to_mouth,7,33,,Chưa có bản dịch
hair_between_ass,0,33,,Chưa có bản dịch
navel_hair_peek,0,33,,Chưa có bản dịch
hair_move,0,33,,Chưa có bản dịch
frilled_arm_cuffs,0,33,,Chưa có bản dịch
shaped_pupils,7,33,,Chưa có bản dịch
morton's_toe,7,33,,Chưa có bản dịch
mutual_tail_in_pussy,7,33,,Chưa có bản dịch
pattern_fur,7,33,,Chưa có bản dịch
eye_flame,7,33,,Chưa có bản dịch
reaching_into_cleavage,0,33,cleavage_reach,Chưa có bản dịch
mottled_tail,7,33,,Chưa có bản dịch
blob_hands,7,33,,Chưa có bản dịch
vibrator_in_penis,7,33,,Chưa có bản dịch
weighted_nipple_clamp,7,33,,Chưa có bản dịch
secret_lip_(idolmaster),0,33,,Chưa có bản dịch
mouth_tape,7,33,,Chưa có bản dịch
hammer_tail,7,33,,Chưa có bản dịch
smiling_face_with_heart-shaped_eyes_emoji,0,33,,Chưa có bản dịch
ethereal_horn,7,33,,Chưa có bản dịch
anal_juice_on_anus,7,33,,Chưa có bản dịch
stretching_face,7,33,,Chưa có bản dịch
stretching_leg,7,33,,Chưa có bản dịch
10_eyes,7,33,"10_eyed,ten_eyed,ten_eyes",Chưa có bản dịch
legs_around_torso,7,33,,Chưa có bản dịch
penis_toes,7,33,,Chưa có bản dịch
poking_chest,7,33,,Chưa có bản dịch
book_hair_ornament,0,33,,Chưa có bản dịch
penis_smack,7,33,,Chưa có bản dịch
penis_pushing_uvula,7,33,,Chưa có bản dịch
hand_in_crotch,7,33,,Chưa có bản dịch
penis_over_head,7,33,,Chưa có bản dịch
horn_pull,7,33,,Chưa có bản dịch
hand_on_another's_lap,0,33,,Chưa có bản dịch
foot_in_another's_mouth,0,33,foot_gag,Chưa có bản dịch
pawprint_on_body,7,33,,Chưa có bản dịch
penis_against_chest,7,33,,Chưa có bản dịch
polka_dot_nails,0,33,,Chưa có bản dịch
writing_on_ear,7,33,,Chưa có bản dịch
handles_on_tail,7,33,,Chưa có bản dịch
hands_at_sides,7,33,,Chưa có bản dịch
innie_penis,7,33,,Chưa có bản dịch
chainsaw_arm,7,33,,Chưa có bản dịch
paint_on_penis,7,33,,Chưa có bản dịch
hands_on_own_ears,7,33,,Chưa có bản dịch
twisted_horns,7,33,,Chưa có bản dịch
detailed_anatomy,7,33,,Chưa có bản dịch
mechanical_hand,7,33,,Chưa có bản dịch
robot_leg,7,33,,Chưa có bản dịch
frosting_on_face,7,33,,Chưa có bản dịch
face_powder,0,33,,Chưa có bản dịch
face_scales,7,33,,Chưa có bản dịch
between_legs_from_behind,7,33,,Chưa có bản dịch
raised_breast,7,33,,Chưa có bản dịch
triangle_eyebrows,7,33,,Chưa có bản dịch
cock_foot_gulp,7,33,,Chưa có bản dịch
short_tail_feathers,7,33,,Chưa có bản dịch
amputated_wing,7,33,,Chưa có bản dịch
bike_horn,0,33,,Chưa có bản dịch
tongue_around_arm,7,33,,Chưa có bản dịch
cream_on_finger,0,33,,Chưa có bản dịch
cream_on_hair,0,33,,Chưa có bản dịch
buoyant_breasts,7,33,,Chưa có bản dịch
self_breast_pillow,0,33,,Chưa có bản dịch
standing_on_another's_feet,0,33,,Chưa có bản dịch
standing_on_breasts,7,32,,Chưa có bản dịch
broken_tail,7,32,,Chưa có bản dịch
creature_on_chest,0,32,,Chưa có bản dịch
crazy_face,7,32,,Chưa có bản dịch
antelope_penis,7,32,,Chưa có bản dịch
water_from_mouth,7,32,,Chưa có bản dịch
tentacle_on_foot,7,32,,Chưa có bản dịch
off-shoulder_crop_top,7,32,,Chưa có bản dịch
bleached_hair,7,32,,Chưa có bản dịch
2_tone_body,7,32,,Chưa có bản dịch
penis_captivus,7,32,,Chưa có bản dịch
foot_hold,7,32,,Chưa có bản dịch
wax_on_penis,7,32,,Chưa có bản dịch
penis_on_pecs,7,32,,Chưa có bản dịch
chasing_own_tail,7,32,,Chưa có bản dịch
fondling_belly,7,32,,Chưa có bản dịch
urine_on_shoulder,7,32,,Chưa có bản dịch
countershade_eyes,7,32,,Chưa có bản dịch
shoulder_horn,7,32,,Chưa có bản dịch
missing_foot,7,32,,Chưa có bản dịch
olive_body,7,32,,Chưa có bản dịch
goo_tongue,7,32,,Chưa có bản dịch
unzipping_with_mouth,0,32,,Chưa có bản dịch
googly_eye_pasties,0,32,,Chưa có bản dịch
imminent_penis_severing,0,32,,Chưa có bản dịch
3_ears,7,32,,Chưa có bản dịch
carved_skin,0,32,,Chưa có bản dịch
drool_on_chest,7,32,,Chưa có bản dịch
irritated_eyes,7,32,,Chưa có bản dịch
electric_onahole,0,32,electric_artificial_vagina,Chưa có bản dịch
can't_feel_legs,7,32,,Chưa có bản dịch
anus_tattoo,7,32,,Chưa có bản dịch
flexing_toes,7,32,,Chưa có bản dịch
nose_hair,0,32,,Chưa có bản dịch
one_arm_push-up,7,32,,Chưa có bản dịch
unconventional_onahole,0,32,unconventional_artificial_vagina,Chưa có bản dịch
blue_tail_fin,7,32,,Chưa có bản dịch
long_hand,0,32,,Chưa có bản dịch
gauged_tail,7,32,,Chưa có bản dịch
chapped_lips,0,32,,Chưa có bản dịch
after_breast_sucking,0,32,,Chưa có bản dịch
tic_tac_toe,7,32,,Chưa có bản dịch
belly_drop,7,32,,Chưa có bản dịch
comparing_muscles,7,32,,Chưa có bản dịch
bandage_over_eye,7,32,,Chưa có bản dịch
finger_on_chest,7,32,,Chưa có bản dịch
finger_blush,7,32,,Chưa có bản dịch
red_panda_hair_ornament,0,32,,Chưa có bản dịch
playing_card_hair_ornament,0,32,,Chưa có bản dịch
licking_chest,0,32,,Chưa có bản dịch
hair_strand,7,32,,Chưa có bản dịch
8_wings,7,32,"8_wing,8_winged,eight_wing,eight_winged,eight_wings",Chưa có bản dịch
mouth_trail,0,32,,Chưa có bản dịch
pokemon_between_breasts,0,32,,Chưa có bản dịch
sitting_on_own_leg,0,32,,Chưa có bản dịch
sucking_with_penis,7,32,,Chưa có bản dịch
sucking_another's_tail,0,32,,Chưa có bản dịch
hand_around_abdomen,7,32,,Chưa có bản dịch
hand_around_torso,7,32,,Chưa có bản dịch
horn_tag,7,32,,Chưa có bản dịch
hand_print_on_breast,7,32,,Chưa có bản dịch
burping_in_mouth,7,32,,Chưa có bản dịch
hands_clenched,7,32,,Chưa có bản dịch
hands_on_own_foot,0,32,,Chưa có bản dịch
detached_hair_bun,0,32,,Chưa có bản dịch
vertical_eye_lines,0,32,,Chưa có bản dịch
ponytail_grab,7,32,,Chưa có bản dịch
multiple_pupils,7,32,,Chưa có bản dịch
kitaete_fly!_muscle_training!_(project_sekai),0,32,get_fit_&_fly!_muscle_training!_(project_sekai),Chưa có bản dịch
feces_on_foot,7,32,,Chưa có bản dịch
rainbow_hair_shine,0,32,,Chưa có bản dịch
ladybug_hair_ornament,0,32,,Chưa có bản dịch
mutual_penis_in_other_slit,7,32,,Chưa có bản dịch
cybernetic_torso,7,32,,Chưa có bản dịch
spiked_hands,7,32,,Chưa có bản dịch
sensitive_tail,7,32,,Chưa có bản dịch
building_in_anus,7,32,,Chưa có bản dịch
eggs_in_breast,7,32,,Chưa có bản dịch
head_on_breasts,7,32,,Chưa có bản dịch
heart_hands_invitation,0,32,,Chưa có bản dịch
bubble_gum_on_face,7,32,,Chưa có bản dịch
naked_shawl,0,32,,Chưa có bản dịch
static_eyes,0,32,,Chưa có bản dịch
single_breast_frottage,7,32,,Chưa có bản dịch
breast_spread,7,32,,Chưa có bản dịch
pussy_juice_on_body,7,32,,Chưa có bản dịch
safety_pin_in_ear,7,32,,Chưa có bản dịch
translucent_fur,7,32,"see-through_fur,see_through_fur,seethrough_fur,transparent_fur",Chưa có bản dịch
cumshot_on_feet,7,32,,Chưa có bản dịch
tan_leg_warmers,7,32,,Chưa có bản dịch
cleaning_feet,7,31,,Chưa có bản dịch
naked_kigurumi,0,31,,Chưa có bản dịch
naked_jumpsuit,0,31,,Chưa có bản dịch
fur_dye,7,31,,Chưa có bản dịch
fur_wristbands,0,31,,Chưa có bản dịch
multicolored_inner_ear_fluff,7,31,,Chưa có bản dịch
front_horn,7,31,,Chưa có bản dịch
broken_fingers,7,31,,Chưa có bản dịch
mouth_on_butt,7,31,,Chưa có bản dịch
mouth_spreader,7,31,,Chưa có bản dịch
collar_on_tail,7,31,,Chưa có bản dịch
ear_vulva,7,31,ear_pussy,Chưa có bản dịch
arm_censor,7,31,,Chưa có bản dịch
breast_on_leg,7,31,,Chưa có bản dịch
gem_in_body,0,31,,Chưa có bản dịch
planet_in_mouth,7,31,,Chưa có bản dịch
pizza_hair_ornament,0,31,,Chưa có bản dịch
wet_nipples,7,31,,Chưa có bản dịch
fox_ear,7,31,,Chưa có bản dịch
gingerbread_man_hair_ornament,0,31,,Chưa có bản dịch
unicorn_hair_ornament,0,31,,Chưa có bản dịch
synthetic_breasts,7,31,,Chưa có bản dịch
glossy_hair,7,31,,Chưa có bản dịch
foot_on_planet,7,31,,Chưa có bản dịch
foot_on_another,7,31,,Chưa có bản dịch
gold_nail_polish,7,31,,Chưa có bản dịch
bear-shaped_pupils,0,31,,Chưa có bản dịch
golden_nipples,7,31,,Chưa có bản dịch
tail_wrapped_around_balls,7,31,,Chưa có bản dịch
nipple_tweak_with_toes,0,31,,Chưa có bản dịch
people_with_blue_eyes_(meme),0,31,,Chưa có bản dịch
floral_hair,7,31,,Chưa có bản dịch
cum_on_eyes,7,31,,Chưa có bản dịch
cum_on_ears,0,31,,Chưa có bản dịch
curl_tail,7,31,,Chưa có bản dịch
horns_removed,0,31,,Chưa có bản dịch
shot_in_chest,7,31,,Chưa có bản dịch
pattern_body,7,31,,Chưa có bản dịch
wound_on_genitals,7,31,,Chưa có bản dịch
nose_stripes,7,31,,Chưa có bản dịch
technicolor_nipples,7,31,,Chưa có bản dịch
disembodied_anus,7,31,,Chưa có bản dịch
sideways_face,0,31,,Chưa có bản dịch
nude_draconcopode,7,31,,Chưa có bản dịch
touching_own_hair,7,31,,Chưa có bản dịch
tentacle_from_nipple,7,31,,Chưa có bản dịch
tentacles_from_body,7,31,,Chưa có bản dịch
digimon_on_shoulder,0,31,,Chưa có bản dịch
torso_between_breasts,0,31,,Chưa có bản dịch
over-the-shoulder_shot,7,31,,Chưa có bản dịch
diaper_in_mouth,7,31,,Chưa có bản dịch
ladder_lottery,0,31,"amidakuji,ghost_leg_(game)",Chưa có bản dịch
eye_removal,7,31,,Chưa có bản dịch
top_heavy_belly,7,31,,Chưa có bản dịch
diamond-shaped_hair,0,31,,Chưa có bản dịch
hand_in_another's_mouth,0,31,,Chưa có bản dịch
hand_on_own_nose,0,31,,Chưa có bản dịch
hand_pointing_a_gun_(meme),0,31,,Chưa có bản dịch
hand_on_pelvis,7,31,,Chưa có bản dịch
blowing_horn,0,31,,Chưa có bản dịch
tongue_in_cloaca,7,31,,Chưa có bản dịch
hands_covering_crotch,7,31,,Chưa có bản dịch
lying_on_chest,7,31,,Chưa có bản dịch
hands_framing_own_cheeks,0,31,,Chưa có bản dịch
laying_on_tongue,7,31,,Chưa có bản dịch
face_holding,7,31,,Chưa có bản dịch
face_bite,7,31,,Chưa có bản dịch
leaf_on_breast,0,31,,Chưa có bản dịch
luscious_lips,7,31,,Chưa có bản dịch
anal_hair_peek,0,31,,Chưa có bản dịch
feces_on_fingers,7,31,,Chưa có bản dịch
belly_smoosh,7,31,,Chưa có bản dịch
slap_mark_on_breast,0,31,,Chưa có bản dịch
thigh_muscles,7,31,,Chưa có bản dịch
looking_at_own_foot,7,31,,Chưa có bản dịch
long-ear_(arknights),0,31,,Chưa có bản dịch
on_horn,0,31,,Chưa có bản dịch
skeletal_hand_hair_ornament,0,31,,Chưa có bản dịch
head_between_feet,7,31,,Chưa có bản dịch
brushing_penis,7,30,,Chưa có bản dịch
on_ear,7,30,,Chưa có bản dịch
sky_blue_fur,7,30,,Chưa có bản dịch
looking_back_at_belly,7,30,,Chưa có bản dịch
lemur_penis,7,30,,Chưa có bản dịch
feet_on_knot,7,30,,Chưa có bản dịch
facial_fur,7,30,,Chưa có bản dịch
face_in_neck,0,30,,Chưa có bản dịch
hands_in_another's_armpits,0,30,,Chưa có bản dịch
single_mechanical_horn,0,30,,Chưa có bản dịch
reddened_breasts,7,30,,Chưa có bản dịch
hand_under_topwear,7,30,,Chưa có bản dịch
hand_sanitizer,0,30,,Chưa có bản dịch
tongue_mark,0,30,,Chưa có bản dịch
hand_on_doorknob,0,30,,Chưa có bản dịch
hand_on_armpit,7,30,,Chưa có bản dịch
hand_of_benediction,0,30,,Chưa có bản dịch
body_tape,7,30,,Chưa có bản dịch
hand_in_air,7,30,,Chưa có bản dịch
eyes_crossed_out,7,30,,Chưa có bản dịch
eyebrow_twitching,0,30,,Chưa có bản dịch
diamond_skin,0,30,,Chưa có bản dịch
eye_of_agamotto,0,30,,Chưa có bản dịch
bloody_hand_print,7,30,,Chưa có bản dịch
silver_lips,0,30,silver_lipstick,Chưa có bản dịch
exposed_body,7,30,,Chưa có bản dịch
touching_own_chest,7,30,,Chưa có bản dịch
dildo_in_ear,7,30,,Chưa có bản dịch
hair_horn,7,30,,Chưa có bản dịch
hair_in_water,7,30,,Chưa có bản dịch
packed_mouth,7,30,,Chưa có bản dịch
nubbed_tail,7,30,,Chưa có bản dịch
paint_on_tail,7,30,,Chưa có bản dịch
translucent_ears,7,30,,Chưa có bản dịch
chicken_feet,0,30,,Chưa có bản dịch
nose_plug,0,30,,Chưa có bản dịch
carrying_on_shoulders,7,30,,Chưa có bản dịch
shoulder_stripes,7,30,,Chưa có bản dịch
matted_fur,7,30,,Chưa có bản dịch
paw_on_mouth,7,30,,Chưa có bản dịch
horn_with_braided_base,0,30,,Chưa có bản dịch
peach_hair,7,30,,Chưa có bản dịch
selfie_with_penis,7,30,,Chưa có bản dịch
cum_through_fingers,7,30,,Chưa có bản dịch
cum_on_partner's_arm,7,30,,Chưa có bản dịch
cum_between_fingers,7,30,,Chưa có bản dịch
penis_ears,7,30,,Chưa có bản dịch
caracal_ears,7,30,,Chưa có bản dịch
penis_neck,0,30,,Chưa có bản dịch
penis_shape,7,30,,Chưa có bản dịch
penis_slave,7,30,,Chưa có bản dịch
bound_arm,7,30,,Chưa có bản dịch
double_ears,7,30,,Chưa có bản dịch
gradient_eyelashes,0,30,,Chưa có bản dịch
blade_horns,0,30,,Chưa có bản dịch
grabbing_own_leg,7,30,,Chưa có bản dịch
flower_on_nose,0,30,,Chưa có bản dịch
windblown_hair,7,30,,Chưa có bản dịch
tail_shrink,7,30,,Chưa có bản dịch
hyper_legs,7,30,,Chưa có bản dịch
tail_on_arm,7,30,,Chưa có bản dịch
foam_on_face,0,30,,Chưa có bản dịch
glowing_fingers,7,30,,Chưa có bản dịch
forepaw_on_leg,7,30,,Chưa có bản dịch
glistening_outie_navel,7,30,,Chưa có bản dịch
glistening_hand,7,30,,Chưa có bản dịch
cracked_body,7,30,,Chưa có bản dịch
pink_chest_hair,7,30,,Chưa có bản dịch
spike_nipples,7,30,,Chưa có bản dịch
neon_fur,7,30,,Chưa có bản dịch
sweaty_hair,7,30,,Chưa có bản dịch
bandage_on_breasts,7,30,,Chưa có bản dịch
bandaged_shoulder,0,30,,Chưa có bản dịch
bandanna_on_arm,7,30,,Chưa có bản dịch
sushi_hair_ornament,0,30,,Chưa có bản dịch
big_pseudo-penis,7,30,,Chưa có bản dịch
weapon_in_front_of_face,0,30,,Chưa có bản dịch
breast_tape,7,30,,Chưa có bản dịch
money_hand_(meme),0,30,,Chưa có bản dịch
breasts_on_shoulder,7,30,,Chưa có bản dịch
neck_eye,7,30,,Chưa có bản dịch
insect_on_face,0,30,,Chưa có bản dịch
washing_penis,7,30,,Chưa có bản dịch
burning_ahoge,0,30,,Chưa có bản dịch
easter_belly,7,30,,Chưa có bản dịch
mouth_mirror,0,30,,Chưa có bản dịch
broken_nose,7,30,,Chưa có bản dịch
standing_on_another's_shoulders,0,30,,Chưa có bản dịch
fuzzy_ears,7,30,,Chưa có bản dịch
shaking_arms,7,30,,Chưa có bản dịch
cock_in_face,7,30,,Chưa có bản dịch
bird_penis,7,30,,Chưa có bản dịch
fuchsia_fur,7,30,,Chưa có bản dịch
presenting_teeth,7,30,,Chưa có bản dịch
pseudo-penis_in_pussy,7,30,,Chưa có bản dịch
cloaca_juice_on_tail,7,30,,Chưa có bản dịch
fully_submerged_leg,7,30,,Chưa có bản dịch
sticker_on_shoulder,0,30,,Chưa có bản dịch
print_arm_warmers,0,30,,Chưa có bản dịch
stick_in_hair,7,30,,Chưa có bản dịch
steaming_penis,7,30,,Chưa có bản dịch
stiletto_nails,7,29,,Chưa có bản dịch
fur_grab,7,29,,Chưa có bản dịch
fur_loss,7,29,,Chưa có bản dịch
mutilated_face,7,29,,Chưa có bản dịch
multicolored_eyelashes,7,29,multi_tone_eyelashes,Chưa có bản dịch
multi_multi_multi_breast,7,29,,Chưa có bản dịch
multi_lower_body,7,29,,Chưa có bản dịch
frog_on_shoulder,0,29,,Chưa có bản dịch
collar_to_penis,7,29,,Chưa có bản dịch
monotone_inner_ear_fluff,7,29,,Chưa có bản dịch
arms_on_shoulders,7,29,,Chưa có bản dịch
monkey_arm,0,29,,Chưa có bản dịch
condom_on_tail,7,29,,Chưa có bản dịch
arm_resting,7,29,,Chưa có bản dịch
arm_in_portal,7,29,,Chưa có bản dịch
suspended_by_leg,7,29,,Chưa có bản dịch
spiky_ears,7,29,,Tai dựng
broken_penis,7,29,,Chưa có bản dịch
rubbing_own_belly,7,29,,Chưa có bản dịch
saliva_on_leg,7,29,,Chưa có bản dịch
swimwear_around_legs,7,29,,Chưa có bản dịch
four_tone_fur,7,29,,Chưa có bản dịch
swirly_tail,7,29,,Chưa có bản dịch
swirly_eye,7,29,,Chưa có bản dịch
sparkling_penis,7,29,,Chưa có bản dịch
glowing_body_parts,7,29,,Chưa có bản dịch
glowing_eyelashes,7,29,,Chưa có bản dịch
burned_fur,7,29,,Chưa có bản dịch
ear_in_mouth,7,29,,Chưa có bản dịch
tail_on_belly,7,29,,Chưa có bản dịch
tail_torture,7,29,,Chưa có bản dịch
soul_leaving_body,7,29,,Chưa có bản dịch
cum_on_own_foot,7,29,,Chưa có bản dịch
breasts_on_planet,7,29,,Chưa có bản dịch
green_leg,7,29,,Chưa có bản dịch
inflatable_valve_navel,7,29,,Chưa có bản dịch
cumshot_on_own_face,7,29,,Chưa có bản dịch
flaccid_pseudo-penis,7,29,,Chưa có bản dịch
grip_trainer,0,29,hand_grip_strengthener,Chưa có bản dịch
plant_in_mouth,7,29,,Chưa có bản dịch
shinigami_eyes_(death_note),0,29,,Chưa có bản dịch
nose_between_toes,7,29,,Chưa có bản dịch
nose_to_penis,7,29,,Chưa có bản dịch
urine_from_penis,7,29,,Chưa có bản dịch
finger_on_cheeks,7,29,,Chưa có bản dịch
fingers_on_pussy,7,29,,Chưa có bản dịch
fin_hair_ornament,0,29,,Chưa có bản dịch
imminent_breast_sucking,0,29,,Chưa có bản dịch
wet_lips,7,29,,Chưa có bản dịch
unworn_fake_nails,0,29,,Chưa có bản dịch
hair_chair,0,29,,Chưa có bản dịch
hair_roller,7,29,,Chưa có bản dịch
hair_tied_together,0,29,,Chưa có bản dịch
tentacle_between_toes,7,29,,Chưa có bản dịch
pink_torso,7,29,,Chưa có bản dịch
pink_navel,7,29,,Chưa có bản dịch
hand_in_butt,7,29,,Chưa có bản dịch
hand_on_another's_wing,0,29,,Chưa có bản dịch
hand_on_own_moob,7,29,,Chưa có bản dịch
hand_on_partner's_genitalia,7,29,,Chưa có bản dịch
hand_on_wound,0,29,,Chưa có bản dịch
hand_wrapping,7,29,,Chưa có bản dịch
hands_against_wall,7,29,,Chưa có bản dịch
checkered_hair_ornament,0,29,,Chưa có bản dịch
oiled_breasts,7,29,,Chưa có bản dịch
low_quad_tails,0,29,,Chưa có bản dịch
yellow_ear_frill,7,29,,Chưa có bản dịch
long_wings,7,29,,Cánh dài
hypnotic_penis,7,29,,Chưa có bản dịch
head_between_own_breasts,7,29,,Chưa có bản dịch
kicking_feet,7,29,,Chưa có bản dịch
hearts_around_belly,7,29,,Chưa có bản dịch
licking_another's_nose,0,29,,Chưa có bản dịch
toe_separator,0,29,,Chưa có bản dịch
envelope_in_mouth,7,29,,Chưa có bản dịch
belly_badge,7,29,,Chưa có bản dịch
legs_bound_to_collar,7,29,,Chưa có bản dịch
wings_flapping,7,29,,Chưa có bản dịch
legs_in_ass,7,29,,Chưa có bản dịch
face_pull,7,29,pulling_face,Chưa có bản dịch
face_in_hair,0,29,,Chưa có bản dịch
penis_with_tongue,7,29,,Chưa có bản dịch
penis_to_pectoral,0,29,,Chưa có bản dịch
laser_disc_eyes,0,29,,Chưa có bản dịch
penis_admiration,7,29,,Chưa có bản dịch
scroll_in_mouth,7,29,,Chưa có bản dịch
eyes_only,7,29,,Chưa có bản dịch
eye_patch_on_head,7,29,,Chưa có bản dịch
amber_pupils,7,29,,Chưa có bản dịch
painted_body_writing,7,29,,Chưa có bản dịch
pale_penis,7,29,,Chưa có bản dịch
translucent_arms,7,29,,Chưa có bản dịch
segmented_tongue,7,29,,Chưa có bản dịch
wrapped_feet,7,29,,Chưa có bản dịch
partially_visible_penis,7,29,,Chưa có bản dịch
stepping_on_belly,7,28,,Chưa có bản dịch
partially_hairless_tail,0,28,,Chưa có bản dịch
steak_in_mouth,7,28,,Chưa có bản dịch
holding_toes,7,28,,Chưa có bản dịch
holding_own_leg_up,7,28,,Chưa có bản dịch
fur_patch,7,28,,Chưa có bản dịch
carrying_tail,7,28,,Chưa có bản dịch
stroking_hair,0,28,,Chưa có bản dịch
stubby_horn,7,28,,Chưa có bản dịch
horn_blush,7,28,,Chưa có bản dịch
multicolored_fingers,7,28,,Ngón tay nhiều màu
side_nipple,7,28,,Chưa có bản dịch
coiling_around_breast,7,28,,Chưa có bản dịch
coiled_tongue,7,28,,Chưa có bản dịch
pseudo_eyebrows,7,28,,Chưa có bản dịch
short_body,7,28,,Cơ thể ngắn
tuft_grab,7,28,,Chưa có bản dịch
colored_sidelocks,0,28,,Chưa có bản dịch
bulging_anus,7,28,,Chưa có bản dịch
alternate_fur_color,0,28,,Chưa có bản dịch
tv_hair_ornament,0,28,,Chưa có bản dịch
eye_to_eye,7,28,,Chưa có bản dịch
twig_in_mouth,7,28,,Chưa có bản dịch
chubby_tail,7,28,,Chưa có bản dịch
arm_cuff,7,28,,Chưa có bản dịch
topless_to_mostly_nude,7,28,,Chưa có bản dịch
elastic_nipples,7,28,,Chưa có bản dịch
eyes_of_ibad,0,28,,Chưa có bản dịch
simple_anus,7,28,,Chưa có bản dịch
convenient_wing,0,28,,Chưa có bản dịch
genital_fashion,7,28,,Chưa có bản dịch
tongue_size_difference,7,28,,Chưa có bản dịch
elbow_hair,7,28,,Chưa có bản dịch
split_face,7,28,,Chưa có bản dịch
rainbow_leg_warmers,7,28,,Chưa có bản dịch
single_arm_cuff,0,28,,Chưa có bản dịch
penis_on_snout,7,28,,Chưa có bản dịch
detailed_hands,7,28,,Chưa có bản dịch
face_only,7,28,,Chưa có bản dịch
wiping_body,0,28,,Chưa có bản dịch
cosmic_eyes,7,28,,Chưa có bản dịch
fake_equine_ears,7,28,"fake_equine_ear,fake_horse_ear,fake_horse_ears",Chưa có bản dịch
swimming_trunks_around_one_leg,7,28,,Chưa có bản dịch
saliva_on_shoulder,7,28,,Chưa có bản dịch
missing_fur,7,28,,Chưa có bản dịch
mismatched_canine_penis,7,28,,Chưa có bản dịch
toes_together,7,28,,Chưa có bản dịch
belly_hang,7,28,,Chưa có bản dịch
chained_arms,7,28,,Chưa có bản dịch
belly_through_legs,7,28,,Chưa có bản dịch
juice_from_mouth,7,28,,Chưa có bản dịch
licking_own_breast,0,28,,Chưa có bản dịch
peru_fur,7,28,,Chưa có bản dịch
glass_eye,0,28,,Chưa có bản dịch
cracks_in_body,7,28,,Chưa có bản dịch
glistening_shoulder,7,28,,Chưa có bản dịch
ears_perk,0,28,,Chưa có bản dịch
skeleton_hand,7,28,,Chưa có bản dịch
heart-shaped_eyebrows,0,28,,Chưa có bản dịch
deflated_belly,7,28,,Chưa có bản dịch
foot_on_ankle,7,28,,Chưa có bản dịch
purple_ear_tip,7,28,,Chưa có bản dịch
petting_hair,7,28,,Chưa có bản dịch
purple_hand,7,28,,Chưa có bản dịch
briefs_around_legs,7,28,,Chưa có bản dịch
ear_knotting,7,28,,Chưa có bản dịch
folded_leg,7,28,,Chưa có bản dịch
tail_autorimming,7,28,,Chưa có bản dịch
tiger_print_leg_warmers,7,28,,Chưa có bản dịch
tail_halo,7,28,,Chưa có bản dịch
tail_pouch,0,28,,Chưa có bản dịch
tail_pointing,7,28,,Chưa có bản dịch
tail_tongue,7,28,,Chưa có bản dịch
tail_wrapped_around_neck,7,28,,Chưa có bản dịch
candy_hair,7,28,,Chưa có bản dịch
on_fore_legs,7,28,,Chưa có bản dịch
reptilian_eyes,7,28,,Chưa có bản dịch
energy_body,7,28,,Chưa có bản dịch
thin_body,7,28,,Cơ thể mỏng
blue_navel,7,28,,Chưa có bản dịch
feces_on_fur,7,28,,Chưa có bản dịch
pussy_juice_on_arm,7,28,,Chưa có bản dịch
feeling_body_hair,0,28,,Chưa có bản dịch
pussy_juice_in_own_mouth,7,28,,Chưa có bản dịch
pussy_juice_on_own_face,7,28,,Chưa có bản dịch
cum_on_tail_feathers,7,28,,Chưa có bản dịch
green_hand,7,28,,Chưa có bản dịch
flesh_hair,7,28,,Chưa có bản dịch
no_teeth,0,28,,Chưa có bản dịch
severed_wings,0,28,,Chưa có bản dịch
severed_wing,7,28,,Chưa có bản dịch
hands_over_face,7,28,,Chưa có bản dịch
hands_on_shin,7,28,,Chưa có bản dịch
lying_on_hair,0,28,,Chưa có bản dịch
hands_down,7,28,,Chưa có bản dịch
hand_on_knees,7,28,,Chưa có bản dịch
hand_on_screen,0,28,,Chưa có bản dịch
plastic_skin,0,28,,Chưa có bản dịch
branch_in_mouth,0,28,,Chưa có bản dịch
obscured_eye,7,28,,Chưa có bản dịch
magic_horn,7,28,,Chưa có bản dịch
marrying_body_part,7,28,,Chưa có bản dịch
fire_from_nose,7,28,,Chưa có bản dịch
nose_focus,7,28,,Chưa có bản dịch
nose_plates,7,28,,Chưa có bản dịch
young_michael_scott_shaking_ed_truck's_hand_(meme),0,28,,Chưa có bản dịch
chest_fuzz,7,28,,Chưa có bản dịch
sniffing_fingers,7,28,,Chưa có bản dịch
unusual_breast_placement,7,28,,Chưa có bản dịch
hair_curl,0,28,,Chưa có bản dịch
blonde_body_hair,7,27,,Chưa có bản dịch
nubbed_tongue,7,27,,Chưa có bản dịch
snub_nose,7,27,,Chưa có bản dịch
ripped_wings,7,27,,Chưa có bản dịch
wheat_body,7,27,,Chưa có bản dịch
chest_pounding,0,27,,Chưa có bản dịch
pizza_in_mouth,7,27,,Chưa có bản dịch
nose_on_crotch,7,27,,Chưa có bản dịch
banded_arms,7,27,,Chưa có bản dịch
riding_crop_in_mouth,7,27,,Chưa có bản dịch
text_on_chest,7,27,,Chưa có bản dịch
masked_face,7,27,,Chưa có bản dịch
in_nose,0,27,,Chưa có bản dịch
text_on_penis,7,27,,Chưa có bản dịch
white_chest_binder,7,27,,Chưa có bản dịch
hand_on_own_opposite_thigh,0,27,,Chưa có bản dịch
uneven_legs,7,27,,Chưa có bản dịch
inbetweenie_navel,7,27,,Chưa có bản dịch
hand_soap,0,27,,Chưa có bản dịch
hand_reaching,7,27,,Chưa có bản dịch
hand_on_partner's_neck,7,27,,Chưa có bản dịch
fellatio_through_body,7,27,,Chưa có bản dịch
hands_on_own_calves,7,27,,Chưa có bản dịch
hands_on_wings,7,27,,Chưa có bản dịch
camera_eyes,7,27,,Chưa có bản dịch
flare_in_mouth,7,27,,Chưa có bản dịch
robotic_eyes,7,27,,Chưa có bản dịch
oily_feet,7,27,,Chưa có bản dịch
breasts_against_shower_door,7,27,,Chưa có bản dịch
feet_bound,7,27,,Chưa có bản dịch
floating_eye,7,27,,Chưa có bản dịch
melted_skin,7,27,,Chưa có bản dịch
nipple_to_nose,7,27,,Chưa có bản dịch
gradient_inner_ear_fluff,7,27,,Chưa có bản dịch
nipple_eyes,7,27,,Chưa có bản dịch
cross_in_mouth,0,27,,Chưa có bản dịch
skull_pupils,7,27,,Chưa có bản dịch
skull_eyes,7,27,,Chưa có bản dịch
hatsune_miku_breast_size_comparsion_(meme),0,27,,Chưa có bản dịch
tied_to_tail,7,27,,Chưa có bản dịch
tail_wound,7,27,,Chưa có bản dịch
tail_tugging,7,27,,Chưa có bản dịch
tail_hugging_partner,7,27,,Chưa có bản dịch
tail_membrane,7,27,,Chưa có bản dịch
hyper_lower_lip,7,27,"giant_bottom_lip,giant_bottom_lips,giant_lower_lip,giant_lower_lips,hyper_bottom_lip,hyper_bottom_lips,hyper_lower_lips",Chưa có bản dịch
tail_around_foot,7,27,,Chưa có bản dịch
bend_penis,7,27,,Chưa có bản dịch
lip_smacking,7,27,,Chưa có bản dịch
inward_slanted_eyebrows,7,27,,Chưa có bản dịch
skin_change,7,27,,Chưa có bản dịch
ears_pinned,7,27,,Chưa có bản dịch
heart_in_eyelashes,0,27,,Chưa có bản dịch
abdominal_hair,7,27,,Chưa có bản dịch
person_in_mouth,0,27,,Chưa có bản dịch
balancing_on_nose,0,27,,Chưa có bản dịch
symbol-shaped_hair,0,27,,Chưa có bản dịch
speech_bubble_hair_ornament,0,27,,Chưa có bản dịch
orange_finger_claws,7,27,,Chưa có bản dịch
anatomy_error,7,27,,Chưa có bản dịch
missing_eyes,7,27,,Chưa có bản dịch
fake_hair,0,27,,Chưa có bản dịch
sweat_on_penis,7,27,,Chưa có bản dịch
salamander_tail,7,27,,Chưa có bản dịch
leg_tucked_under,7,27,,Chưa có bản dịch
leg_tuck,0,27,,Chưa có bản dịch
leg_in_mouth,7,27,,Chưa có bản dịch
leg_worship,0,27,,Chưa có bản dịch
heterochromatic_wings,7,27,,Chưa có bản dịch
spinning_tails,7,27,,Chưa có bản dịch
face_on_pillow,7,27,,Chưa có bản dịch
penis_symbol,7,27,,Chưa có bản dịch
scratching_arm,0,27,,Chưa có bản dịch
equine_penis_limb,7,27,,Chưa có bản dịch
big_nails,7,27,,Chưa có bản dịch
penis_between_balls,7,27,,Chưa có bản dịch
penis_in_armpit,7,27,,Chưa có bản dịch
penis_against_anus,7,27,,Chưa có bản dịch
simple_hands,7,27,,Chưa có bản dịch
arm_holding,7,27,,Chưa có bản dịch
vibrator_on_nipples,7,27,,Chưa có bản dịch
eye_on_penis,7,27,,Chưa có bản dịch
eye_on_hand,7,27,,Chưa có bản dịch
eye_licking,7,27,,Chưa có bản dịch
kiss_mark_on_arm,7,27,,Chưa có bản dịch
square_face,0,27,,Chưa có bản dịch
navel_expansion,7,27,,Chưa có bản dịch
precum_on_nose,7,27,,Chưa có bản dịch
touching_lip,7,27,,Chưa có bản dịch
eel_tail,0,27,,Chưa có bản dịch
side_by_side_multi_penis,7,27,,Chưa có bản dịch
multi_penis_outline,7,27,,Chưa có bản dịch
knot_hair_ornament,0,27,,Chưa có bản dịch
stroking_tail,7,27,,Chưa có bản dịch
strip_hair,0,27,,Chưa có bản dịch
fused_breasts,7,27,,Chưa có bản dịch
furless_breasts,7,27,,Chưa có bản dịch
strawberry_blonde_hair,7,27,,Chưa có bản dịch
fur_on_legs,7,27,,Chưa có bản dịch
fur-trimmed_hair_tubes,0,27,,Chưa có bản dịch
mystic_eyes_symphony,0,27,,Chưa có bản dịch
print_leg_warmers,0,27,,Chưa có bản dịch
holes_on_wings,7,27,,Chưa có bản dịch
holy_hand_grenade_of_antioch,7,27,,Chưa có bản dịch
brushing_another's_tail,0,27,,Chưa có bản dịch
electric_body,7,26,,Chưa có bản dịch
outstretched_wings,7,26,,Chưa có bản dịch
pseudo_nipples,7,26,,Chưa có bản dịch
naked_snake_(cosplay),0,26,,Chưa có bản dịch
leaf_eyebrows,7,26,,Chưa có bản dịch
detachable_torso,7,26,,Chưa có bản dịch
torso_over_edge,7,26,,Chưa có bản dịch
describing_foot,7,26,,Chưa có bản dịch
under_feet,7,26,,Chưa có bản dịch
toe_in_ass,7,26,,Chưa có bản dịch
muscular_tail,7,26,,Chưa có bản dịch
lightning_bolt_tail,7,26,,Chưa có bản dịch
print_horns,0,26,,Chưa có bản dịch
clubs_hands,0,26,,Chưa có bản dịch
if_we_win_i'll_sit_on_your_face_(meme),0,26,,Chưa có bản dịch
white_navel,7,26,,Chưa có bản dịch
dipped_ears,7,26,,Chưa có bản dịch
whole_body_hot_dogging,7,26,,Chưa có bản dịch
i'm_slowly_forgetting_your_face_(meme),0,26,,Chưa có bản dịch
wide_pupils,7,26,,Chưa có bản dịch
loose_skin,7,26,,Chưa có bản dịch
thighs_squeezing_penis,7,26,,Chưa có bản dịch
rainbow_pride_penis,7,26,,Chưa có bản dịch
pressed_against_foot,7,26,,Chưa có bản dịch
both_hands_on_head,7,26,,Chưa có bản dịch
mouth_plug,7,26,,Chưa có bản dịch
slime_on_arm,7,26,,Chưa có bản dịch
horn_tattoo,7,26,,Chưa có bản dịch
horns_tied,7,26,,Chưa có bản dịch
oily_skin,7,26,,Chưa có bản dịch
wooden_leg,7,26,,Chưa có bản dịch
genital_slit_penis,7,26,,Chưa có bản dịch
moth_on_hand,0,26,,Chưa có bản dịch
colorado_style_artificial_vagina,7,26,,Chưa có bản dịch
balloon_hair_ornament,0,26,,Chưa có bản dịch
essex_face,0,26,,Chưa có bản dịch
bandage_on_belly,7,26,,Chưa có bản dịch
bee_tail,0,26,,Chưa có bản dịch
segmented_fingers,7,26,,Chưa có bản dịch
object_on_belly,7,26,,Chưa có bản dịch
navel_tape,7,26,,Chưa có bản dịch
magenta_ears,7,26,,Chưa có bản dịch
realistic_eyes,7,26,,Chưa có bản dịch
monster_hands,0,26,,Chưa có bản dịch
phantom_hand,7,26,,Chưa có bản dịch
extending_hand,7,26,,Chưa có bản dịch
chestnut_hair,7,26,,Chưa có bản dịch
eye_through_mane,7,26,,Chưa có bản dịch
spread_lips,0,26,,Chưa có bản dịch
eyes_obstructed,7,26,,Chưa có bản dịch
body_stickers,7,26,,Chưa có bản dịch
body_between_toes,7,26,,Chưa có bản dịch
arm_on_back,7,26,,Chưa có bản dịch
nubbed_humanoid_penis,7,26,,Chưa có bản dịch
snowflake_in_hair,0,26,,Chưa có bản dịch
black_striped_tail,7,26,,Chưa có bản dịch
arm_flex,7,26,,Chưa có bản dịch
face_on_object,7,26,,Chưa có bản dịch
chibi_wings,7,26,,Chưa có bản dịch
boa_only,7,26,"naked_boa,nude_boa",Chưa có bản dịch
glowing_through_skin,7,26,,Chưa có bản dịch
fake_teeth,0,26,,Chưa có bản dịch
marker_in_mouth,7,26,,Chưa có bản dịch
nose_in_pussy,7,26,,Chưa có bản dịch
nose_on_butt,7,26,,Chưa có bản dịch
auto_anus_lick,7,26,,Chưa có bản dịch
shoulder_fins,0,26,,Chưa có bản dịch
shoulder_eye,7,26,,Chưa có bản dịch
heart_hands_duo_(0307_rebl),0,26,,Chưa có bản dịch
gold_ears,7,26,,Tai vàng kim
golden_nails,7,26,,Chưa có bản dịch
restrained_leg,7,26,,Chưa có bản dịch
curled_penis,7,26,curly_penis,Chưa có bản dịch
tube_in_nose,7,26,,Chưa có bản dịch
talking_to_belly,7,26,,Chưa có bản dịch
feline_tongue,7,26,,Chưa có bản dịch
grab_leg,7,26,,Chưa có bản dịch
spiked_chest,7,26,,Chưa có bản dịch
melting_penis,7,26,,Chưa có bản dịch
ear_dangle,7,26,,Chưa có bản dịch
hand_out_of_water,7,26,,Chưa có bản dịch
hand_pads,7,26,,Chưa có bản dịch
hand_on_arthropod_abdomen,7,26,,Chưa có bản dịch
ear_bondage,7,26,,Chưa có bản dịch
peeing_on_foot,7,26,,Chưa có bản dịch
half-shaved_hair,7,26,,Chưa có bản dịch
half_up_hair_twist,0,26,,Chưa có bản dịch
counting_on_fingers,7,26,,Chưa có bản dịch
hair_tubes_removed,0,26,,Chưa có bản dịch
hair_between_fingers,0,26,,Chưa có bản dịch
filing_nails,7,26,,Chưa có bản dịch
blonde_hair_roots,0,26,,Chưa có bản dịch
sour_face,7,26,,Chưa có bản dịch
tail_wear,7,26,,Chưa có bản dịch
tail_smack,7,26,,Chưa có bản dịch
finger_on_nose,7,26,,Chưa có bản dịch
tail_in_own_mouth,7,26,,Chưa có bản dịch
flattened_ears,7,26,,Chưa có bản dịch
butt_plug_in_mouth,0,26,,Chưa có bản dịch
fingers_through_hair,7,26,,Chưa có bản dịch
robotic_ear,7,26,,Chưa có bản dịch
penis_flick,7,26,,Chưa có bản dịch
symbol_on_genitals,7,26,,Chưa có bản dịch
penis_on_mouth,7,26,,Chưa có bản dịch
butterfly_on_foot,0,26,,Chưa có bản dịch
butterfly_on_ear,0,26,,Chưa có bản dịch
greyed_out_eye,7,26,,Chưa có bản dịch
two_tone_nails,7,26,,Chưa có bản dịch
two_tone_lips,7,26,,Chưa có bản dịch
guard_hair,7,25,,Chưa có bản dịch
grey_striped_fur,7,25,,Chưa có bản dịch
dyed_tail,7,25,,Chưa có bản dịch
penis_on_own_face,7,25,,Chưa có bản dịch
penis_reduction,0,25,shrinking_penis,Chưa có bản dịch
broken_ear,7,25,,Chưa có bản dịch
tongue_on_ground,7,25,,Chưa có bản dịch
tongue_worship,7,25,,Chưa có bản dịch
tongue_stuck_to_pole,7,25,,Chưa có bản dịch
crescent_in_eye,0,25,,Chưa có bản dịch
silver_eyebrows,7,25,,Chưa có bản dịch
grey_body_hair,7,25,,Chưa có bản dịch
tongue_depressor,7,25,,Chưa có bản dịch
iridescent_penis,7,25,,Chưa có bản dịch
milk_on_hand,7,25,,Chưa có bản dịch
pseudo_ears,7,25,,Chưa có bản dịch
bristled_tail,7,25,,Chưa có bản dịch
crimped_hair,7,25,,Chưa có bản dịch
penis_between_fingers,7,25,,Chưa có bản dịch
tail_around_thigh,7,25,,Chưa có bản dịch
finger_to_neck,0,25,,Chưa có bản dịch
finger_on_pussy,7,25,,Chưa có bản dịch
finger_in_nose,7,25,,Chưa có bản dịch
torso_injury,7,25,,Chưa có bản dịch
air_horn,7,25,,Chưa có bản dịch
furless_belly,7,25,,Chưa có bản dịch
air_from_nose,7,25,,Chưa có bản dịch
tail_thumping,7,25,,Chưa có bản dịch
misanay1_breast_rest_(meme),0,25,,Chưa có bản dịch
doughnut_in_mouth,7,25,,Chưa có bản dịch
leg_injury,0,25,,Chưa có bản dịch
rings_on_ears,7,25,,Chưa có bản dịch
legs_out,7,25,,Chưa có bản dịch
innertube_hair_ornament,0,25,,Chưa có bản dịch
breasts_on_own_face,7,25,,Chưa có bản dịch
micro_on_breast,7,25,,Chưa có bản dịch
severed_breasts,7,25,,Chưa có bản dịch
breast_impalement,7,25,impaled_breasts,Chưa có bản dịch
breast_birth,7,25,,Chưa có bản dịch
frozen_penis,7,25,,Chưa có bản dịch
strapon_with_face,7,25,,Chưa có bản dịch
toe_stop,7,25,,Chưa có bản dịch
clothed_other_nude_female,0,25,,Chưa có bản dịch
demon_penis,7,25,,Chưa có bản dịch
stretched_penis,7,25,,Chưa có bản dịch
hand_on_another's_calf,0,25,,Chưa có bản dịch
hand_on_own_opposite_cheek,0,25,,Chưa có bản dịch
hand_print_on_stomach,7,25,,Chưa có bản dịch
ear_hoop,7,25,,Chưa có bản dịch
blue-eyes_white_dragon_(cosplay),0,25,,Chưa có bản dịch
flower_hands_duo,0,25,,Chưa có bản dịch
hands_wrapped,7,25,,Chưa có bản dịch
flower_with_face,0,25,,Chưa có bản dịch
shaved_eyebrow,0,25,,Chưa có bản dịch
10_tails,7,25,"10_tailed,ten_tailed,ten_tails",Chưa có bản dịch
linked_to_penis,7,25,,Chưa có bản dịch
sono_te_michibiku_nukumori_wa_(project_sekai),0,25,"the_warmth_of_a_guiding_hand_(project_sekai),the_warmth_that_guides_us_(project_sekai)",Chưa có bản dịch
mechanical_hair_ornament,0,25,,Chưa có bản dịch
measuring_breasts,7,25,,Chưa có bản dịch
one_foot_on_ground,7,25,,Chưa có bản dịch
feces_from_nipples,7,25,,Chưa có bản dịch
multicolored_armpit_hair,7,25,,Chưa có bản dịch
biting_face,7,25,,Chưa có bản dịch
blue_nose_horn,7,25,,Chưa có bản dịch
hyper_nails,7,25,,Chưa có bản dịch
boxers_around_legs,7,25,,Chưa có bản dịch
on_another's_shoulders,7,25,,Chưa có bản dịch
looking_back_at_penis,7,25,,Chưa có bản dịch
veiny_eyes,0,25,,Chưa có bản dịch
epic_hair,0,25,,Chưa có bản dịch
rope_around_hands,7,25,,Chưa có bản dịch
head_in_breasts,7,25,,Chưa có bản dịch
shoulder_crystals,7,25,,Chưa có bản dịch
transparent_breasts,7,25,,Chưa có bản dịch
distress_hand_signal,0,25,,Chưa có bản dịch
shoulder_fur,7,25,,Chưa có bản dịch
photocopying_breasts,7,25,,Chưa có bản dịch
held_by_ears,7,25,,Chưa có bản dịch
foot_flower,7,25,,Chưa có bản dịch
fake_tiger_ears,7,25,,Chưa có bản dịch
horns_touching,7,25,,Chưa có bản dịch
horn_bite,7,25,"biting_horn,biting_horns,horn_biting,horns_bite,horns_biting",Chưa có bản dịch
genital_bondage,7,25,,Chưa có bản dịch
foot_on_another's_arm,0,25,,Chưa có bản dịch
foot_on_sofa,7,25,,Chưa có bản dịch
tri_hair_rings,0,25,,Chưa có bản dịch
black_torso,7,25,,Chưa có bản dịch
glitter_in_hair,0,25,,Chưa có bản dịch
official_alternate_body_size,0,25,,Chưa có bản dịch
offering_feet,7,25,,Chưa có bản dịch
wrench_in_mouth,7,25,,Chưa có bản dịch
canine_tongue,7,25,,Chưa có bản dịch
cat_tongue,7,25,,Lưỡi mèo
hole_in_arm,0,25,,Chưa có bản dịch
face_between_pecs,7,25,,Chưa có bản dịch
small_penis_dom,7,25,,Chưa có bản dịch
nude_plastic_wrap,0,25,,Chưa có bản dịch
body_in_ass,7,25,,Chưa có bản dịch
screw_in_body,0,25,,Chưa có bản dịch
anus_holding_legs,7,25,,Chưa có bản dịch
eyes_open_while_kissing,7,25,,Chưa có bản dịch
red_hair_roots,0,25,,Chưa có bản dịch
obscured_nipples,7,25,,Chưa có bản dịch
text_on_face,7,25,,Chưa có bản dịch
damaged_tail,7,25,,Chưa có bản dịch
rubbing_butt_in_face,7,25,,Chưa có bản dịch
hitodama_hair_ornament,0,25,,Chưa có bản dịch
excalibur_face,0,25,,Chưa có bản dịch
excessive_chest_hair,7,25,,Chưa có bản dịch
exposed_cleavage,7,25,,Chưa có bản dịch
arms_on_another's_breasts,7,25,,Chưa có bản dịch
monotone_chest_binder,7,25,,Chưa có bản dịch
moob_cleavage,7,25,,Chưa có bản dịch
candy_corn_finger,7,25,,Chưa có bản dịch
complete_tail_insertion,7,24,,Chưa có bản dịch
snake_hands,7,24,,Chưa có bản dịch
bone_horns,0,24,,Chưa có bản dịch
nearly_naked_overalls,0,24,,Chưa có bản dịch
exposing_anus,7,24,,Chưa có bản dịch
armored_tail,7,24,,Chưa có bản dịch
square_penis,7,24,,Chưa có bản dịch
condom_between_toes,7,24,,Chưa có bản dịch
pov_foot,0,24,,Chưa có bản dịch
smoking_finger_gun,0,24,,Chưa có bản dịch
navy_body,7,24,,Chưa có bản dịch
see-through_hair_ornament,0,24,,Chưa có bản dịch
y-wing,0,24,,Chưa có bản dịch
eyes_on_arms,7,24,,Chưa có bản dịch
eyes_on_chest,7,24,,Chưa có bản dịch
vertical_eyes,7,24,,Chưa có bản dịch
null_with_anus,7,24,,Chưa có bản dịch
partially_inside_mouth,7,24,,Chưa có bản dịch
body_theft,7,24,,Chưa có bản dịch
body_heat,7,24,,Chưa có bản dịch
arm_on_breast,7,24,,Chưa có bản dịch
reddened_belly,7,24,,Chưa có bản dịch
face_against_wall,0,24,,Chưa có bản dịch
arm_bondage,7,24,,Chưa có bản dịch
face_wraps,7,24,,Chưa có bản dịch
bicolor_fur,7,24,,Chưa có bản dịch
canine_nipples,7,24,,Chưa có bản dịch
wrapped_body,7,24,,Chưa có bản dịch
teal_pseudo_hair,7,24,,Chưa có bản dịch
foot_squish,7,24,,Chưa có bản dịch
slippery_tongue,7,24,,Chưa có bản dịch
teal_breasts,7,24,,Chưa có bản dịch
genital_hooks,7,24,,Chưa có bản dịch
plant_in_hair,7,24,,Chưa có bản dịch
ball_cleavage,7,24,,Chưa có bản dịch
erogenous_ears,7,24,,Chưa có bản dịch
horns_and_antennae,7,24,,Chưa có bản dịch
tawny_body,7,24,,Chưa có bản dịch
shielding_another_with_body,0,24,,Chưa có bản dịch
mouth_partially_open,7,24,,Chưa có bản dịch
frazzled_hair,7,24,,Chưa có bản dịch
spoken_penis,0,24,,Chưa có bản dịch
background_eyes,7,24,,Chưa có bản dịch
belly_vulva,7,24,belly_pussy,Chưa có bản dịch
shoulder_torture,7,24,,Chưa có bản dịch
patting_shoulder,7,24,,Chưa có bản dịch
pressed_against_belly,7,24,,Chưa có bản dịch
animal_penis_limb,7,24,,Chưa có bản dịch
head_on_another's_arm,0,24,,Chưa có bản dịch
bound_ears,7,24,,Chưa có bản dịch
third_position_of_the_arms,0,24,,Chưa có bản dịch
looking_at_arm,0,24,,Chưa có bản dịch
submerged_hand,7,24,,Chưa có bản dịch
long_floppy_ears,7,24,,Chưa có bản dịch
painted_horns,7,24,,Chưa có bản dịch
hyper_nose,7,24,,Chưa có bản dịch
goo_on_face,7,24,,Chưa có bản dịch
tickling_flat_chest,0,24,,Chưa có bản dịch
i'm_all_ears_(meme),0,24,or_so_i've_heard_(meme),Chưa có bản dịch
multi_nose,7,24,,Chưa có bản dịch
goo_on_arm,7,24,,Chưa có bản dịch
after_tail_masturbation,7,24,,Chưa có bản dịch
no_extra_ears,0,24,,Chưa có bản dịch
ice_cream_on_body,0,24,,Chưa có bản dịch
cups_on_ears,7,24,,Chưa có bản dịch
lip_rod_(sailor_moon),0,24,,Chưa có bản dịch
lipstick_mark_on_another's_lips,0,24,,Chưa có bản dịch
cup_on_ear,7,24,,Chưa có bản dịch
3_wings,7,24,,Chưa có bản dịch
stubbed_toe,7,24,,Chưa có bản dịch
mega_stone_in_body,7,24,,Chưa có bản dịch
frog-mouth_helm,0,24,,Chưa có bản dịch
bubblegum_hair,7,24,,Chưa có bản dịch
hands_on_horns,7,24,,Chưa có bản dịch
hands_on_chair,7,24,,Chưa có bản dịch
hands_on_own_shins,7,24,,Chưa có bản dịch
question_mark_in_eye,0,24,,Chưa có bản dịch
felkin_penis,7,24,,Chưa có bản dịch
spiked_bangs,0,24,,Chưa có bản dịch
hand_ornament,0,24,,Chưa có bản dịch
sharpened_nail_(hollow_knight),0,24,,Chưa có bản dịch
blade_wings,0,24,,Chưa có bản dịch
light_tail_feathers,7,24,,Chưa có bản dịch
hand_holding_leg,7,24,,Chưa có bản dịch
muscle_conscious,0,24,,Chưa có bản dịch
light_nails,7,24,,Chưa có bản dịch
nipple_stimulator,0,24,,Chưa có bản dịch
imminent_penis_milking,7,24,,Chưa có bản dịch
turquoise_skin,7,24,,Chưa có bản dịch
nintendo_ultra_hand,0,24,,Chưa có bản dịch
toe_in_pussy,7,24,,Chưa có bản dịch
uncut_medial_ringed_knotted_penis,7,24,,Chưa có bản dịch
fruit_in_mouth,7,24,,Chưa có bản dịch
hairpin_in_mouth,0,24,,Chưa có bản dịch
hair_over_wings,0,24,,Chưa có bản dịch
breast_impregnation,7,24,,Chưa có bản dịch
pen_in_hair,0,24,,Chưa có bản dịch
breast_squeezing,7,24,,Chưa có bản dịch
breasts_against_back,7,24,,Chưa có bản dịch
breasts_on_building,7,24,,Chưa có bản dịch
pussy_juice_on_own_tongue,7,24,,Chưa có bản dịch
pussy_in_face,7,24,,Chưa có bản dịch
blonde_ears,7,24,,Chưa có bản dịch
vulva_in_vagina,7,24,pussy_in_pussy,Chưa có bản dịch
prosthetic_horn,7,24,,Chưa có bản dịch
insect_tail,7,24,,Chưa có bản dịch
insect_on_nose,0,24,,Chưa có bản dịch
tail_swipe,7,24,,Chưa có bản dịch
finger-tip_fire,0,24,,Chưa có bản dịch
flat_face,7,24,,Chưa có bản dịch
fingering_penis,7,24,,Chưa có bản dịch
tail_between_others_legs,7,24,,Chưa có bản dịch
different_colored_ears,7,24,,Chưa có bản dịch
washing_feet,0,24,,Chưa có bản dịch
robot_wings,7,24,,Chưa có bản dịch
fur_standing_on_end,7,24,,Chưa có bản dịch
fur_trimming,7,24,"cut_fur,cutting_fur,fur_cut,fur_cutting,furcut,furcutting,trimming_fur",Chưa có bản dịch
fur-trimmed_wristband,0,24,,Chưa có bản dịch
penis_in_popcorn,7,24,,Chưa có bản dịch
amputated_arms,7,24,,Chưa có bản dịch
tongue_flicking,7,24,,Chưa có bản dịch
sticks_naughty_face,7,24,,Chưa có bản dịch
grey_hand,7,24,,Chưa có bản dịch
torn_arm_warmers,0,24,,Chưa có bản dịch
double_penis_lick,7,24,,Chưa có bản dịch
penis_over_thigh,7,24,,Chưa có bản dịch
penis_tail,0,24,,Chưa có bản dịch
large_chest,7,24,,Chưa có bản dịch
electric_tail,7,24,,Chưa có bản dịch
pink_ear_fluff,7,24,,Chưa có bản dịch
pointing_at_anus,7,24,,Chưa có bản dịch
celestial_body,7,23,,Chưa có bản dịch
out_of_body,0,23,,Chưa có bản dịch
shady_eyes,0,23,,Chưa có bản dịch
ammonite_hair_ornament,0,23,,Chưa có bản dịch
pupils_closed,7,23,,Chưa có bản dịch
shadow_over_body,7,23,,Chưa có bản dịch
tongue_gesture,7,23,,Chưa có bản dịch
tongue_around_leg,7,23,,Chưa có bản dịch
torso_reversal,7,23,,Chưa có bản dịch
leg_on_hip,7,23,,Chưa có bản dịch
legs_on_desk,7,23,,Chưa có bản dịch
breasts_everywhere,7,23,,Chưa có bản dịch
bruised_wing,7,23,,Chưa có bản dịch
breast_imprint,7,23,,Chưa có bản dịch
dildo_in_pseudo-penis,7,23,,Chưa có bản dịch
imminent_genital_torture,7,23,,Chưa có bản dịch
chameleon_tongue,0,23,,Chưa có bản dịch
lifting_hair,7,23,,Chưa có bản dịch
lifting_penis,7,23,,Chưa có bản dịch
iguana_tail,0,23,,Chưa có bản dịch
lipstick_on_nipples,7,23,,Chưa có bản dịch
hyper_wings,7,23,,Chưa có bản dịch
wind_in_hair,7,23,,Chưa có bản dịch
wing_spots,7,23,,Chưa có bản dịch
human_skin_colored_horn,7,23,,Chưa có bản dịch
looking_at_tongue,7,23,,Chưa có bản dịch
pale_hair,7,23,,Tóc nhạt
translucent_legs,7,23,,Chưa có bản dịch
trembling_penis,7,23,,Chưa có bản dịch
checkered_fur,7,23,,Chưa có bản dịch
hooded_eyes,7,23,,Chưa có bản dịch
cat_on_face,0,23,,Chưa có bản dịch
holding_partner's_tail,7,23,,Chưa có bản dịch
holding_nipple,7,23,,Chưa có bản dịch
holding_cum_in_mouth,7,23,,Chưa có bản dịch
vibrator_in_nipple,7,23,,Chưa có bản dịch
smudged_body_writing,7,23,,Chưa có bản dịch
tentacle_horns,0,23,,Chưa có bản dịch
chest_bite,7,23,,Chưa có bản dịch
tentacle_around_horn,7,23,,Chưa có bản dịch
anthro_penis,7,23,,Chưa có bản dịch
male_nipple_play,7,23,,Chưa có bản dịch
eyebrow_stubble,0,23,,Chưa có bản dịch
hidden_genitals,7,23,,Chưa có bản dịch
face_against_ass,7,23,,Chưa có bản dịch
porcine_tail,7,23,,Chưa có bản dịch
fake_ahoge,0,23,,Chưa có bản dịch
teal_arms,7,23,,Chưa có bản dịch
nose_grab,7,23,,Chưa có bản dịch
farting_in_face,7,23,,Chưa có bản dịch
taped_tail,7,23,,Chưa có bản dịch
scale_tuft,7,23,scale_tufts,Chưa có bản dịch
chin_on_another's_shoulder,0,23,,Chưa có bản dịch
short_pseudo_hair,7,23,,Chưa có bản dịch
cupping_breast,7,23,,Chưa có bản dịch
burned_skin,7,23,,Chưa có bản dịch
blue_body_markings,7,23,,Chưa có bản dịch
chipped_horn,7,23,,Chưa có bản dịch
hands_on_furniture,7,23,,Chưa có bản dịch
hands_open,7,23,,Chưa có bản dịch
hands_on_own_shin,7,23,,Chưa có bản dịch
hands_on_own_tail,7,23,,Chưa có bản dịch
hands_around_legs,7,23,,Chưa có bản dịch
hand_vulva,7,23,hand_pussy,Chưa có bản dịch
handcuffs_on_penis,7,23,,Chưa có bản dịch
hand_to_viewer,7,23,,Chưa có bản dịch
hand_on_own_legs,7,23,,Chưa có bản dịch
hair_loop,7,23,,Chưa có bản dịch
crossed_nipples,7,23,,Chưa có bản dịch
midriff_tuft,7,23,,Chưa có bản dịch
cross_ahoge,0,23,,Chưa có bản dịch
crooked_ears,7,23,,Chưa có bản dịch
tail_shock,7,23,,Chưa có bản dịch
kafka's_boom_face_(meme),0,23,,Chưa có bản dịch
finger_talons,7,23,,Chưa có bản dịch
finger_counting_trio,0,23,,Chưa có bản dịch
finger_claw,7,23,,Chưa có bản dịch
fingers_on_ground,0,23,,Chưa có bản dịch
tail_around_wrist,7,23,,Chưa có bản dịch
twitching_eye,7,23,,Chưa có bản dịch
chocolate_in_hair,0,23,,Chưa có bản dịch
penis_in_toy,7,23,,Chưa có bản dịch
pointed_nails,7,23,,Chưa có bản dịch
fleshlight_anus,7,23,,Chưa có bản dịch
cow_print_arm_warmers,7,23,,Chưa có bản dịch
missing_wing,7,23,,Chưa có bản dịch
grabbing_wings,7,23,,Chưa có bản dịch
grabbing_both_twintails,0,23,,Chưa có bản dịch
goo_from_mouth,7,23,,Chưa có bản dịch
rope_around_arm,0,23,,Chưa có bản dịch
root_tail,7,23,,Chưa có bản dịch
plant_horns,0,23,,Chưa có bản dịch
foot_pump,7,23,,Chưa có bản dịch
foot_wrapping,7,23,,Chưa có bản dịch
arm_injury,0,23,,Chưa có bản dịch
arm_pit,7,23,,Chưa có bản dịch
arm_pump,0,23,,Chưa có bản dịch
banded_body,7,23,,Chưa có bản dịch
conjoined_at_belly,7,23,,Chưa có bản dịch
concealing_penis,7,23,,Chưa có bản dịch
bandaid_on_wing,0,23,,Chưa có bản dịch
four_tone_body,7,23,,Chưa có bản dịch
arms_around_penis,7,23,,Chưa có bản dịch
arms_around_head,7,23,,Chưa có bản dịch
saliva_on_toe,7,23,,Chưa có bản dịch
arms_over_edge,7,23,,Chưa có bản dịch
arms_in_the_air,7,23,,Chưa có bản dịch
saliva_on_fur,7,23,,Chưa có bản dịch
navel_markings,7,23,,Chưa có bản dịch
bandage_on_eye,7,23,,Chưa có bản dịch
get_them_bigass_ears_out_of_the_caption_(meme),0,23,,Chưa có bản dịch
mottled_ears,7,23,"mottle_ear,mottle_ears,mottled_ear",Chưa có bản dịch
black_arm_wraps,7,23,,Chưa có bản dịch
drool_in_mouth,7,23,,Chưa có bản dịch
unusual_teeth,7,23,,Chưa có bản dịch
artificial_leg,7,23,,Chưa có bản dịch
ballsack_nipples,7,23,breast_balls,Chưa có bản dịch
pinned_by_finger,7,23,,Chưa có bản dịch
drippy_tongue,7,23,,Chưa có bản dịch
galaxy_fur,7,23,,Chưa có bản dịch
unshaved_face,0,23,,Chưa có bản dịch
striped_leg,7,23,,Chưa có bản dịch
uncolored_eyes,7,23,colorless_eyes,Chưa có bản dịch
under_tail,7,23,,Chưa có bản dịch
pink_horn_tip,7,23,,Chưa có bản dịch
stitched_ear,0,23,,Chưa có bản dịch
pincer_tail,7,23,,Chưa có bản dịch
clenching_penis,7,23,,Chưa có bản dịch
full_body_cast,7,22,,Chưa có bản dịch
pin_the_tail_on_the_donkey,7,22,,Chưa có bản dịch
fused_penis,7,22,,Chưa có bản dịch
straight_face,7,22,,Khuôn mặt thẳng
string_wings,0,22,,Chưa có bản dịch
unusually_unstreaked_hair,0,22,,Chưa có bản dịch
drool_on_body,7,22,,Chưa có bản dịch
ryoumen_sukuna's_fingers,0,22,ryomen_sukuna's_fingers,Chưa có bản dịch
circle_hair_ornament,0,22,,Chưa có bản dịch
gaming_penis_ikebana_(meme),0,22,,Chưa có bản dịch
standing_on_another's_shoulder,0,22,,Chưa có bản dịch
narrow_arms,7,22,,Cánh tay hẹp
coiled_nail_(hollow_knight),0,22,,Chưa có bản dịch
freckled_hand,7,22,freckles_on_hands,Chưa có bản dịch
bandaged_belly,7,22,,Chưa có bản dịch
1_leg,7,22,,Chưa có bản dịch
giga_penis,7,22,,Chưa có bản dịch
plaid_hair_ornament,0,22,,Chưa có bản dịch
arms_wide_open,7,22,,Chưa có bản dịch
saliva_on_mouth,7,22,,Chưa có bản dịch
arms_over_breasts,7,22,,Chưa có bản dịch
arms_fort_(armored_core),0,22,,Chưa có bản dịch
armored_twintails,0,22,,Chưa có bản dịch
armpit_in_face,7,22,,Chưa có bản dịch
sprinkles_on_breasts,7,22,,Chưa có bản dịch
neapolitan_fur,7,22,,Chưa có bản dịch
black_spotted_body,7,22,,Chưa có bản dịch
glistening_leg,7,22,,Chưa có bản dịch
foot_on_bed,7,22,,Chưa có bản dịch
foot_cuffs,7,22,,Chưa có bản dịch
doughnut_on_penis,7,22,,Chưa có bản dịch
grabbing_both_arms,7,22,,Chưa có bản dịch
grabbing_own_wings,0,22,,Chưa có bản dịch
sweaty_navel,7,22,,Chưa có bản dịch
almond_nails,7,22,,Chưa có bản dịch
grasping_hands,7,22,,Chưa có bản dịch
grass_in_mouth,7,22,,Chưa có bản dịch
butterfly_on_finger,7,22,,Chưa có bản dịch
missing_horn,7,22,,Chưa có bản dịch
countershade_nose,7,22,,Chưa có bản dịch
swollen_eye,7,22,,Chưa có bản dịch
green_nose_horn,7,22,,Chưa có bản dịch
penis_in_cervix,7,22,,Chưa có bản dịch
penis_in_breast,7,22,,Chưa có bản dịch
penis_circumcision,7,22,"foreskin_circumcision,male_circumcision,penile_circumcision",Chưa có bản dịch
ear_droop,7,22,,Chưa có bản dịch
tail_around_ankle,7,22,,Chưa có bản dịch
ear_lift,0,22,,Chưa có bản dịch
ear_penetrating,7,22,,Chưa có bản dịch
tail_around,7,22,,Chưa có bản dịch
tail_bangle,7,22,,Chưa có bản dịch
tail_axe,7,22,,Chưa có bản dịch
ear_torture,7,22,,Chưa có bản dịch
tail_extensions,7,22,,Chưa có bản dịch
burnt_fur,7,22,,Chưa có bản dịch
finger_skateboard,0,22,,Chưa có bản dịch
tail_storage,7,22,,Chưa có bản dịch
peanut_butter_on_penis,7,22,,Chưa có bản dịch
blonde_body,7,22,,Chưa có bản dịch
blood_on_arms,7,22,,Chưa có bản dịch
hair_drills,7,22,,Chưa có bản dịch
hair_gel,0,22,,Chưa có bản dịch
crystal_body,7,22,,Chưa có bản dịch
hand_in_briefs,7,22,,Chưa có bản dịch
hand_motion,7,22,,Chưa có bản dịch
hand_on_gun,7,22,,Chưa có bản dịch
hand_on_rock,7,22,,Chưa có bản dịch
hands_forward,7,22,,Chưa có bản dịch
hands_on_own_horns,0,22,,Chưa có bản dịch
hands_on_side,7,22,,Chưa có bản dịch
cum_on_another's_belly,7,22,,Chưa có bản dịch
feet_on_another's_breasts,0,22,feet_on_breasts,Chưa có bản dịch
feet_apart,7,22,,Chưa có bản dịch
meaty_feet,7,22,,Chưa có bản dịch
revealing_anus,7,22,,Chưa có bản dịch
curling_hair,0,22,,Chưa có bản dịch
yelena_face_(meme),0,22,,Chưa có bản dịch
hashtag_hair_ornament,0,22,,Chưa có bản dịch
farting_in_nose,7,22,,Chưa có bản dịch
head_on_leg,7,22,,Chưa có bản dịch
fanning_nose,7,22,,Chưa có bản dịch
triple_nipples,7,22,,Chưa có bản dịch
belly_ache,7,22,,Chưa có bản dịch
triangular_body,7,22,,Chưa có bản dịch
teal_tail_tuft,7,22,,Chưa có bản dịch
bulge_in_mouth,7,22,,Chưa có bản dịch
absurdly_long_sidelocks,0,22,,Chưa có bản dịch
hiding_behind_tail,7,22,,Chưa có bản dịch
scratching_nose,0,22,,Chưa có bản dịch
nude_pillow_fight,7,22,,Chưa có bản dịch
body_crystals,7,22,,Chưa có bản dịch
body_in_hand,7,22,,Chưa có bản dịch
red_nose_horn,7,22,,Chưa có bản dịch
number_in_eye,0,22,,Chưa có bản dịch
eye_taped_shut,0,22,,Chưa có bản dịch
damaged_skin,0,22,,Chưa có bản dịch
chest_penetration,7,22,,Chưa có bản dịch
pride_color_nails,7,22,,Chưa có bản dịch
tentacle_around_wings,7,22,,Chưa có bản dịch
tentacle_from_penis,7,22,,Chưa có bản dịch
dipping_toe,7,22,,Chưa có bản dịch
axe_over_shoulder,7,22,,Chưa có bản dịch
m_eyebrows,0,22,,Chưa có bản dịch
small_penis_pride,7,22,,Chưa có bản dịch
holding_wing,7,22,,Chưa có bản dịch
wrapped_in_hair,0,22,,Chưa có bản dịch
dildo_in_navel,7,22,,Chưa có bản dịch
darker_belly,7,22,,Chưa có bản dịch
checkered_nails,0,22,,Chưa có bản dịch
horn_band_legwear,0,22,,Chưa có bản dịch
horn_expansion,7,22,,Chưa có bản dịch
slime_on_tail,7,22,,Chưa có bản dịch
horseshoe_hair_ornament,0,22,,Chưa có bản dịch
rainbow_tail_tuft,7,22,,Chưa có bản dịch
pseudo-penis_lick,7,22,,Chưa có bản dịch
pseudo-penis_in_mouth,7,22,,Chưa có bản dịch
silver_face,7,22,,Khuôn mặt bạc
silver_tongue,7,22,,Lưỡi bạc
enjoying_feet,7,22,,Chưa có bản dịch
wiggling_fingers,7,22,,Chưa có bản dịch
rabbits_foot,0,22,,Chưa có bản dịch
shaking_leg,7,22,,Chưa có bản dịch
censored_hands,0,22,,Chưa có bản dịch
tongue_weight,7,22,,Chưa có bản dịch
open_vagina,7,22,,Chưa có bản dịch
sitting_on_legs,7,22,,Chưa có bản dịch
centipede_tail,0,22,,Chưa có bản dịch
orb_body,7,22,,Chưa có bản dịch
detached_penis,7,22,,Chưa có bản dịch
infinity_symbol_hair_ornament,0,22,,Chưa có bản dịch
breast_storage,7,22,,Chưa có bản dịch
purple_nose_horn,7,22,,Chưa có bản dịch
pussy_holding_torso,7,22,,Chưa có bản dịch
pussy_juice_on_belly,7,22,,Chưa có bản dịch
air_from_navel,7,22,,Chưa có bản dịch
legs_around,7,22,,Chưa có bản dịch
legs_on_bed,7,22,,Chưa có bản dịch
leg_shackles,7,22,,Chưa có bản dịch
leg_on_sofa,7,22,,Chưa có bản dịch
nail_clipping,7,21,,Chưa có bản dịch
leg_in_portal,7,21,,Chưa có bản dịch
leg_spines,7,21,,Chưa có bản dịch
saggy_belly,7,21,,Chưa có bản dịch
leaning_on_shoulder,7,21,,Chưa có bản dịch
wave_hair_ornament,0,21,,Chưa có bản dịch
sticker_on_breast,0,21,,Chưa có bản dịch
breast_support,7,21,,Chưa có bản dịch
sewn_arms,7,21,,Chưa có bản dịch
fur_interaction,7,21,,Chưa có bản dịch
saint_tail_(cosplay),0,21,,Chưa có bản dịch
fur_paint,7,21,,Chưa có bản dịch
breast_cancer_awareness,7,21,,Chưa có bản dịch
drawing_on_face,7,21,,Chưa có bản dịch
dried_nasal_mucus,7,21,"bogey,booger,boogie,dried_bogey,dried_booger,dried_boogie,dried_nose_bogey,dried_nose_booger,dried_nose_boogie,nose_bogey,nose_booger,nose_boogie",Chưa có bản dịch
lewd_face,7,21,,Chưa có bản dịch
bread_in_mouth,7,21,,Chưa có bản dịch
imminent_genital_mutilation,7,21,,Chưa có bản dịch
dripping_breasts,7,21,,Chưa có bản dịch
open_chest_cavity,7,21,,Chưa có bản dịch
licking_own_nose,7,21,,Chưa có bản dịch
pinned_by_tongue,7,21,,Chưa có bản dịch
club-shaped_pupils,0,21,,Chưa có bản dịch
singed_fur,7,21,,Chưa có bản dịch
wheel_hair_ornament,0,21,,Chưa có bản dịch
tongue_markings,7,21,,Chưa có bản dịch
tongue_leash,7,21,,Chưa có bản dịch
multi_tail_growth,7,21,,Chưa có bản dịch
coconut_hair_ornament,0,21,,Chưa có bản dịch
broken_heart_hands,0,21,,Chưa có bản dịch
standing_on_another's_legs,0,21,,Chưa có bản dịch
coin_bangs,0,21,,Chưa có bản dịch
freckled_feet,7,21,freckles_on_feet,Chưa có bản dịch
geisha_lips,7,21,,Chưa có bản dịch
cold_shoulder_top,7,21,,Chưa có bản dịch
mouth_under_water,0,21,,Chưa có bản dịch
mouth_through_hair,7,21,,Chưa có bản dịch
mouth_gun,7,21,,Chưa có bản dịch
rune_hair_ornament,0,21,,Chưa có bản dịch
color_wheel_hair_ornament,0,21,,Chưa có bản dịch
colored_genitals,7,21,,Chưa có bản dịch
arrow_in_chest,7,21,,Chưa có bản dịch
1_hand,7,21,,Chưa có bản dịch
hyper_penis_potion,7,21,,Chưa có bản dịch
squished_breast,7,21,,Chưa có bản dịch
rubbing_ear,7,21,,Chưa có bản dịch
fox_ear_headphones,0,21,,Chưa có bản dịch
brown_hand,7,21,,Chưa có bản dịch
arms_wide,7,21,,Chưa có bản dịch
saliva_on_own_penis,7,21,,Chưa có bản dịch
arm_on_wall,0,21,,Chưa có bản dịch
arm_mouth,7,21,,Chưa có bản dịch
rounded_horn,7,21,,Chưa có bản dịch
rainbow_horns,0,21,,Chưa có bản dịch
chubby_arms,7,21,,Chưa có bản dịch
glitching_body,7,21,,Chưa có bản dịch
animal_skin_rug,7,21,,Chưa có bản dịch
foot_on_balloon,7,21,,Chưa có bản dịch
playing_with_ears,7,21,,Chưa có bản dịch
foot_on_another's_hand,0,21,,Chưa có bản dịch
playing_with_tail,7,21,,Chưa có bản dịch
oiled_skin,7,21,,Chưa có bản dịch
slit_like_anus,7,21,,Chưa có bản dịch
touching_own_arm,7,21,,Chưa có bản dịch
dildo_between_breasts,7,21,,Chưa có bản dịch
slurping_tail,7,21,,Chưa có bản dịch
double_nipples,7,21,,Chưa có bản dịch
holographic_horn,7,21,,Chưa có bản dịch
wrinkly_face,7,21,,Chưa có bản dịch
spiked_ears,7,21,,Chưa có bản dịch
gradient_fingers,7,21,,Chưa có bản dịch
grass_on_body,7,21,,Chưa có bản dịch
two_colored_fur,7,21,,Chưa có bản dịch
pointing_at_hand,0,21,,Chưa có bản dịch
asymmetrical_feet,7,21,,Chưa có bản dịch
penis_with_face,7,21,,Chưa có bản dịch
ochre_hair,7,21,,Chưa có bản dịch
vaginal_hand_gulp,7,21,,Chưa có bản dịch
holding_body_parts,7,21,,Chưa có bản dịch
text_on_chest_binder,7,21,,Chưa có bản dịch
second_skin,7,21,,Chưa có bản dịch
tentacles_from_mouth,7,21,,Chưa có bản dịch
tentacle_over_eye,0,21,,Chưa có bản dịch
tentacle_around_ear,7,21,,Chưa có bản dịch
eye_background,0,21,,Chưa có bản dịch
eye_lens,7,21,,Chưa có bản dịch
tail_breasts,7,21,,Chưa có bản dịch
fingers_on_crotch,7,21,,Chưa có bản dịch
eyes_on_legs,7,21,,Chưa có bản dịch
tail_on_lap,0,21,,Chưa có bản dịch
tail_outside_penis,7,21,,Chưa có bản dịch
tail_under_balls,7,21,,Chưa có bản dịch
snow_penis,7,21,,Chưa có bản dịch
hair_chest,7,21,,Chưa có bản dịch
hair_iron,0,21,,Chưa có bản dịch
micro_in_cleavage,7,21,,Chưa có bản dịch
face_pressed_against_glass,7,21,,Chưa có bản dịch
precum_on_own_tongue,7,21,,Chưa có bản dịch
hairy_face,7,21,,Chưa có bản dịch
precum_on_anus,7,21,,Chưa có bản dịch
blood_on_legs,7,21,,Chưa có bản dịch
crown-shaped_pupils,0,21,,Chưa có bản dịch
teal_tuft,7,21,,Chưa có bản dịch
bloodshot_eye,7,21,,Chưa có bản dịch
paw_in_eye,0,21,,Chưa có bản dịch
nose_touch,7,21,,Chưa có bản dịch
nose_stripe,7,21,,Chưa có bản dịch
nipple_in_pussy,7,21,,Chưa có bản dịch
nipple_in_nipple,7,21,,Chưa có bản dịch
nipple_stretch,7,21,,Chưa có bản dịch
belly_flop,7,21,,Chưa có bản dịch
hello_kitty_hair_ornament,0,21,,Chưa có bản dịch
blunt_horn,7,21,,Chưa có bản dịch
tattoo_on_feet,7,21,,Chưa có bản dịch
9_eyes,7,21,"9_eyed,nine_eyed,nine_eyes",Chưa có bản dịch
hand_on_fence,7,21,,Chưa có bản dịch
hand_on_sex_toy,7,21,,Chưa có bản dịch
hand_print_on_limb,7,21,,Chưa có bản dịch
carrying_penis,7,21,,Chưa có bản dịch
hand_to_chest,7,21,,Chưa có bản dịch
melting_face,0,21,,Chưa có bản dịch
cum_from_own_nose,7,21,,Chưa có bản dịch
hands_on_pelvis,7,21,,Chưa có bản dịch
cum_in_pseudo-penis,7,21,,Chưa có bản dịch
feet_on_bulge,7,21,,Chưa có bản dịch
feet_on_dashboard,0,21,,Chưa có bản dịch
cybernetic_chest,7,21,,Chưa có bản dịch
measuring_muscle,7,21,,Chưa có bản dịch
chin_in_hand,7,21,,Chưa có bản dịch
retractable_penis,7,21,,Chưa có bản dịch
cutting_horns,0,21,,Chưa có bản dịch
feathered_breasts,7,21,,Chưa có bản dịch
reproductive_anatomy,7,21,,Chưa có bản dịch
portal_mouth,7,21,,Chưa có bản dịch
feather_duster_in_mouth,7,20,,Chưa có bản dịch
feces_from_penis,7,20,,Chưa có bản dịch
scaly_breasts,7,20,,Chưa có bản dịch
feces_in_hair,7,20,,Chưa có bản dịch
reverse_nipple_penetration,0,20,,Chưa có bản dịch
reverse_ear_penetration,7,20,,Chưa có bản dịch
yarn_hair,7,20,,Chưa có bản dịch
feet_on_sofa,7,20,,Chưa có bản dịch
head_in_arms,7,20,,Chưa có bản dịch
cum_on_shoulders,7,20,,Chưa có bản dịch
heart_hands_quartet,0,20,,Chưa có bản dịch
audio_jack_tail,0,20,,Chưa có bản dịch
hand_stack,0,20,,Chưa có bản dịch
hand_outline,7,20,,Chưa có bản dịch
shoulder_phone,0,20,,Chưa có bản dịch
hand_behind_torso,7,20,,Chưa có bản dịch
held_by_hands,7,20,,Chưa có bản dịch
nipples_play,7,20,,Chưa có bản dịch
nose_on_balls,7,20,,Chưa có bản dịch
auto_nipple_penetration,7,20,,Chưa có bản dịch
marijuana_in_hand,7,20,,Chưa có bản dịch
halo_hair,0,20,,Chưa có bản dịch
teal_legs,7,20,,Chưa có bản dịch
knotted_cetacean_penis,7,20,,Chưa có bản dịch
precum_on_own_feet,7,20,,Chưa có bản dịch
face_plate,7,20,,Chưa có bản dịch
fiery_eyebrows,0,20,,Chưa có bản dịch
burnt_face,0,20,,Chưa có bản dịch
presenting_tail,7,20,,Chưa có bản dịch
tail_on_partner,7,20,,Chưa có bản dịch
tail_over_back,7,20,,Chưa có bản dịch
finger_paint,7,20,,Chưa có bản dịch
finger_in_ear,7,20,,Chưa có bản dịch
tail_cuddle,7,20,,Chưa có bản dịch
ear_vore,7,20,aural_vore,Chưa có bản dịch
tail_betrayal,7,20,,Chưa có bản dịch
fingers_on_own_penis,7,20,,Chưa có bản dịch
eye_speculum,7,20,,Chưa có bản dịch
tennis_ball_on_horns,0,20,,Chưa có bản dịch
gurgling_breasts,7,20,,Chưa có bản dịch
seahorse_hair_ornament,0,20,,Chưa có bản dịch
tentacle_ear,7,20,,Chưa có bản dịch
turquoise_tongue,7,20,,Chưa có bản dịch
dangling_arm,7,20,,Chưa có bản dịch
kissing_body,7,20,,Chưa có bản dịch
kiss_mark_on_nipple,7,20,,Chưa có bản dịch
minecraft_skin,7,20,,Chưa có bản dịch
sparkling_genital_fluids,7,20,,Chưa có bản dịch
magenta_nose,7,20,,Chưa có bản dịch
pendulous_breasts,7,20,,Chưa có bản dịch
flame_fur,7,20,,Chưa có bản dịch
penis_around_penis,7,20,,Chưa có bản dịch
penis_collection,7,20,,Chưa có bản dịch
robot_eye,7,20,,Chưa có bản dịch
penis_in_bladder,7,20,,Chưa có bản dịch
pokeball_in_vagina,7,20,"poke_ball_in_pussy,poke_ball_in_vagina,pokeball_in_pussy",Chưa có bản dịch
penis_in_cocksleeve,7,20,,Chưa có bản dịch
covering_with_tail,7,20,,Chưa có bản dịch
ocher_fur,7,20,,Chưa có bản dịch
sword_in_body,7,20,,Chưa có bản dịch
penis_spots,7,20,,Chưa có bản dịch
penis_weight,7,20,,Chưa có bản dịch
holding_nail_polish_brush,0,20,,Chưa có bản dịch
button_navel,7,20,,Chưa có bản dịch
writing_utensil_in_hair,7,20,,Chưa có bản dịch
grabbing_own_breasts,7,20,,Chưa có bản dịch
off-shoulder_shrug,0,20,,Chưa có bản dịch
worshipping_feet,7,20,,Chưa có bản dịch
honey_on_body,7,20,,Chưa có bản dịch
touching_torso,7,20,,Chưa có bản dịch
darkened_arms,7,20,,Chưa có bản dịch
hoof_on_chest,7,20,,Chưa có bản dịch
touching_nipple,7,20,,Chưa có bản dịch
spit_on_face,7,20,,Chưa có bản dịch
horn_in_ass,7,20,,Chưa có bản dịch
horn_eyes,7,20,,Chưa có bản dịch
gold_nipple_barbell,7,20,,Chưa có bản dịch
slime_in_penis,7,20,,Chưa có bản dịch
foam_on_body,0,20,,Chưa có bản dịch
fog_legs,7,20,,Chưa có bản dịch
shared_body,7,20,,Chưa có bản dịch
spoken_body_part,0,20,,Chưa có bản dịch
food_on_chest,7,20,,Chưa có bản dịch
foot_out_of_water,7,20,,Chưa có bản dịch
foot_on_hip,7,20,,Chưa có bản dịch
foot_rest,7,20,,Chưa có bản dịch
brown_spotted_body,7,20,,Chưa có bản dịch
rotten_teeth,7,20,,Chưa có bản dịch
glistening_eyebrows,7,20,,Chưa có bản dịch
spotted_shoulder,7,20,,Chưa có bản dịch
conjoined_at_penis,7,20,,Chưa có bản dịch
thinning_fur_on_belly,7,20,,Chưa có bản dịch
plant_fur,7,20,,Chưa có bản dịch
wings_of_magius,0,20,,Chưa có bản dịch
wings_of_light,0,20,,Chưa có bản dịch
wing_biting,0,20,,Chưa có bản dịch
khaki_face,7,20,,Chưa có bản dịch
senjougahara_hitagi_arm_up_pose,0,20,,Chưa có bản dịch
banded_legs,7,20,,Chưa có bản dịch
square-leg,0,20,,Chưa có bản dịch
rubbing_tail,7,20,,Chưa có bản dịch
ghost_arms,7,20,,Chưa có bản dịch
item_in_cleavage,7,20,,Chưa có bản dịch
skull_tail,7,20,,Chưa có bản dịch
color_fur,7,20,,Chưa có bản dịch
one_shoulder_top,7,20,,Chưa có bản dịch
mouth_torture,7,20,,Chưa có bản dịch
mouth_held_shut,7,20,,Chưa có bản dịch
16_breasts,7,20,,Chưa có bản dịch
lipstick_mark_on_foot,0,20,,Chưa có bản dịch
lip_spike,7,20,,Chưa có bản dịch
sucking_own_tail,0,20,,Chưa có bản dịch
drying_face,7,20,,Chưa có bản dịch
umbreon_ear_kink,7,20,,Chưa có bản dịch
skeletal_face,0,20,,Chưa có bản dịch
broken_heart_on_body,7,20,,Chưa có bản dịch
electrode_on_arm,7,20,,Chưa có bản dịch
electrode_in_urethra,7,20,electrode_in_penis,Chưa có bản dịch
stuck_to_penis,7,20,,Chưa có bản dịch
tongue_wrapped_around_balls,7,20,,Chưa có bản dịch
wet_hand,7,20,,Chưa có bản dịch
open_belly,7,20,,Chưa có bản dịch
frosting_on_penis,7,20,,Chưa có bản dịch
my_body_is_a_machine_(meme),0,20,,Chưa có bản dịch
strap_across_chest,7,20,,Chưa có bản dịch
cake_on_breasts,7,20,,Chưa có bản dịch
wasp_wings,7,20,,Chưa có bản dịch
bird_in_front_of_eye,0,20,,Chưa có bản dịch
breast_hair,7,20,,Chưa có bản dịch
fur_strap,0,20,,Chưa có bản dịch
stinger_penis,7,20,,Chưa có bản dịch
detached_face,0,20,,Chưa có bản dịch
fur-trimmed_babydoll,0,20,,Chưa có bản dịch
sewn_torso,7,20,,Chưa có bản dịch
bionic_wing,7,20,bionic_wings,Chưa có bản dịch
sex_in_mouth,7,20,,Chưa có bản dịch
putting_on_condom_with_mouth,7,20,,Chưa có bản dịch
wavy_ahoge,0,20,,Chưa có bản dịch
anal_juice_on_face,7,20,,Chưa có bản dịch
sex_toy_on_tail,7,20,,Chưa có bản dịch
intestines_in_anus,7,20,,Chưa có bản dịch
full_body_bondage,7,20,,Chưa có bản dịch
legs_on_balls,7,20,,Chưa có bản dịch
internal_genitals,7,20,,Chưa có bản dịch
saggy_skin,7,20,,Chưa có bản dịch
insect_on_shoulder,0,20,,Chưa có bản dịch
leg_around_shoulders,7,20,,Chưa có bản dịch
leg_around_another's_leg,0,20,,Chưa có bản dịch
