smile,0,5601412,":),:},big_smile,cute_smile,smil,smiling,smilling",Mỉm cười
blush,0,5453470,"blusg,blushed,blushes,blushing,blushing_female,blushing_male,facial_blush",Đỏ mặt
male,7,3321846,"1_boy,1_guys,1boy1girl,1guy,1male,2_boys,2_guys,2guys,3_boys,3_guys,3guys,4_boys,4_guys,4guys,5guys,adult_male,bad_boy,big_boy,bishonen,boi,boy,boys,bunny_boy,dude,entirely_male,feral_male,four_boys,four_guys,furry_boys,gay_male,gen:male,guy,guys,m,m/solo,male/femboy,male/solo,male_animal,male_ass,male_feet,male_kissed,male_kissing,male_kissing_anthro,male_non-humanoid_creature,male_on_back,male_on_femboy,male_on_front,male_on_monster,male_on_robot,male_on_side,male_only,male_presenting,male_presenting_anus,male_rimming_ambiguous,male_rimming_feral,male_solo,male_student,male_teacher,male_top_anthro_bottom,male_werewolf,malefur,males,males_only,man,men,msolo,multiple_guys,multiple_males,one_boy,one_guy,only_male,only_man,only_one_male,single_male,sole_male,solo/male,solo_male,three_boys,three_guys,two_boys,two_guys",Giới tính nam
holding,0,2231925,hold,Đang cầm
standing,0,1954512,"stadning,stand,standign,standind,standing_on,standng,stanidng,stanindg,staning,stnaidng,syanding",Đang đứng
sitting,0,1782688,"sat,sat_down,seated,sit,sit_down,siting,sititng,sitt,sitting_down,sitting_on,sitting_up,sitting_upright,sittings,sittng",Đang ngồi
lying,0,1170890,"lay,laying,laying_down,lying_down",Đang nằm
male/female,7,879580,"1boy1girl,f/m,f_m,female/male,female/male/female,female_on_male,female_x_male,femalemale,femalexmale,heterosexual,lesbian_on_male,m/f,m/f/f,m/f/m,m/m/f,m_f,male/female/female,male/female/male,male_female,male_kissing_female,male_on_female,male_x_female,malefemale,malexfemale,mf,straight,straigth",Nam và nữ
male/male,7,673951,"fag,gay,gay_couple,gay_wrestling,homo,homosexual,m/m,m/m/m,male/male/male,male_kissing_male,male_male,male_on_male,male_top_male_bottom,male_x_male,malemale,malesbian,malexmale,mlm,mm,mmmm_foursome",Nam và nam
looking_at_another,0,665560,looking_at_other,Nhìn người khác
holding_weapon,0,483527,,Cầm vũ khí
tears,0,427534,"crying_tears,tear,tearful,teary-eyed,teary_eyed",Nước mắt
kneeling,0,345068,"knealing,kneel,kneeling_down,on_knees",Đang quỳ
anthro_on_anthro,7,318482,"a/o/a,an/an,anthro/anthro,anthro_kissing_anthro",Nhân vật nhân hóa với nhau
looking_pleasured,7,316780,"feeling_pleasured,lookign_pleasured,looking_pleased,lost_in_pleasure,pleasure_expression,pleasure_face,pleasured,pleasured_expression,pleasured_face,pleasured_female,pleasured_male,visibly_pleasured",Vẻ mặt thỏa mãn
looking_to_the_side,0,284919,looking_to_side,Nhìn sang bên
holding_object,7,268867,"carrying_object,holding_item,holding_items,holding_objects",Cầm vật
looking_down,0,245004,lookign_down,Nhìn xuống
seductive,7,204255,"looking_seductive,seduce,seducing,seduction,seductive_pose,sultry,sultry_pose",Quyến rũ
holding_sword,0,195185,,Cầm kiếm
pose,7,194826,"pse,stance",Tư thế
leaning_forward,0,189124,,Nghiêng người về phía trước
expressionless,0,183544,"inexpressive,unexpressive",Không biểu cảm
bent_over,0,177937,"bend_over,bending_over,bending_over_position,bendover,bent-over,bent_forward,bentover",Cúi gập người
blush_stickers,0,177670,blush_sticker,Hình dán má hồng
holding_food,0,173240,,Cầm thức ăn
crying,0,165065,"cries,cry",Đang khóc
looking_up,0,153143,"lookign_up,looking_upward,looking_upwards",Nhìn lên
surprised,0,146568,"looking_surprised,shock,suprise,suprised,suprised_look,surpised,surprise,surprised_expression,surprised_eyes,surprised_face,surprised_look",Ngạc nhiên
angry,0,140733,"anger,angry_expression,angry_eyes,angry_face,angry_look,enraged,looking_angry,mad,pissed,pissed_off,rage",Tức giận
blush_lines,7,131219,blush_line,Chưa có bản dịch
light_blush,0,127845,,Chưa có bản dịch
holding_phone,0,124406,,Cầm điện thoại
holding_cup,0,124333,"holding_cups,holding_sakazuki,holding_teacup",Chưa có bản dịch
holding_gun,0,120154,,Cầm súng
gesture,7,112748,"gestures,gesturing",Chưa có bản dịch
wariza,0,111964,"w-legs,w-sitting,w_legs,w_sitting",Chưa có bản dịch
light_smile,0,110625,faint_smile,Chưa có bản dịch
facing_viewer,0,105014,,Chưa có bản dịch
kiss,0,97600,,Chưa có bản dịch
kissing,7,94775,,Chưa có bản dịch
on_stomach,0,93143,"lying_on_stomach,on_belly,prone",Nằm sấp
smiling_at_viewer,7,80382,smile_at_viewer,Chưa có bản dịch
holding_book,0,80334,holding_books,Chưa có bản dịch
walking,0,79629,walk,Đang đi bộ
looking_back_at_viewer,7,76886,,Chưa có bản dịch
tearing_up,0,74382,,Chưa có bản dịch
standing_sex,0,66312,,Chưa có bản dịch
running,0,61621,run,Đang chạy
looking_ahead,0,60413,,Chưa có bản dịch
wading,0,55662,"standing_in_liquid,walking_in_liquid",Chưa có bản dịch
nervous,0,55625,"looking_nervious,looking_nervous,nervous_expression",Lo lắng
holding_staff,0,54771,,Chưa có bản dịch
leaning,0,50481,lean,Chưa có bản dịch
looking_at_partner,7,48573,,Chưa có bản dịch
dancing,0,46662,dance,Đang nhảy múa
holding_flower,0,45291,holding_flowers,Cầm hoa
holding_knife,0,45058,holding_karambit,Chưa có bản dịch
crystal,0,43478,"crystalline_solid,crystals,rock_crystal",Chưa có bản dịch
facing_away,0,40912,,Chưa có bản dịch
jumping,0,40777,"jump,leaping",Đang nhảy
on_floor,0,39868,sitting_on_floor,Chưa có bản dịch
paw_pose,0,39479,"cat_pose,dog_pose,nya_pose",Chưa có bản dịch
sitting_on_another,7,39098,"sit_on_person,sitting_on_other",Chưa có bản dịch
holding_bottle,0,38549,,Chưa có bản dịch
holding_polearm,0,37749,holding_naginata,Chưa có bản dịch
hugging_object,0,37477,"embracing_object,object_hug",Chưa có bản dịch
looking_away,7,35122,"looking_away_from_viewer,looking_left,looking_right,looking_way",Nhìn sang chỗ khác
sitting_on_person,0,34796,sitting_on,Chưa có bản dịch
holding_microphone,0,34457,,Chưa có bản dịch
fighting_stance,0,34223,battle_stance,Chưa có bản dịch
looking_aside,7,33877,"aside_glance,looking_to_side",Chưa có bản dịch
lynx,0,32377,"anthro_lynx,feral_lynx,linx,lynk,mobian_lynx",Chưa có bản dịch
holding_tray,0,32289,,Chưa có bản dịch
holding_instrument,0,30570,,Chưa có bản dịch
closed_smile,7,30078,,Chưa có bản dịch
claw_pose,0,29030,,Chưa có bản dịch
sitting_on_lap,0,28630,"lap_sitting,sitting_in_lap",Chưa có bản dịch
looking_at_object,0,28286,,Chưa có bản dịch
riding,0,27909,ride,Chưa có bản dịch
holding_bouquet,0,27524,holding_bouquets,Chưa có bản dịch
looking_afar,0,27236,,Chưa có bản dịch
leaning_back,0,26429,,Chưa có bản dịch
holding_animal,0,26094,holding_bat_(animal),Chưa có bản dịch
holding_plate,0,25862,,Chưa có bản dịch
holding_stuffed_toy,0,25564,"holding_plush,holding_stuffed_animal",Chưa có bản dịch
invisible_chair,0,25563,sitting_in_midair,Chưa có bản dịch
holding_poke_ball,0,24470,,Chưa có bản dịch
laughing,0,23163,,Đang cười
evil_smile,0,23148,,Chưa có bản dịch
holding_fruit,0,22665,"holding_cherry,holding_grape,holding_lemon,holding_orange,holding_peach",Chưa có bản dịch
facing_another,0,21881,,Chưa có bản dịch
holding_cigarette,0,21561,"cigarette_in_hand,holding_cigarettes",Chưa có bản dịch
holding_container,7,21478,holding_containers,Chưa có bản dịch
jumpsuit,0,21256,jump_suit,Chưa có bản dịch
imminent_kiss,0,19867,"almost_kiss,incipient_kiss",Chưa có bản dịch
holding_another's_wrist,0,19858,grabbing_another's_wrist,Chưa có bản dịch
holding_can,0,19828,holding_cans,Chưa có bản dịch
nervous_smile,0,19817,nervous_grin,Chưa có bản dịch
holding_fork,0,19591,,Chưa có bản dịch
holding_spoon,0,19164,,Chưa có bản dịch
holding_candy,0,19114,,Chưa có bản dịch
holding_gift,0,19056,,Chưa có bản dịch
holding_melee_weapon,7,19009,,Chưa có bản dịch
laugh,7,18899,"laugh_vocalization,laughter",Chưa có bản dịch
holding_chopsticks,0,18477,"holding_chop-stick,holding_chop-sticks,holding_chop_stick,holding_chop_sticks,holding_chopstick",Chưa có bản dịch
holding_paper,0,18040,holding_papers,Chưa có bản dịch
holding_wand,0,17724,,Chưa có bản dịch
holding_pen,0,17584,holding_pens,Chưa có bản dịch
lying_on_bed,7,17438,"laying_in_bed,laying_on_bed,lying_in_bed",Chưa có bản dịch
holding_leash,0,17429,holding_leashes,Chưa có bản dịch
dildo_sitting,7,17345,"dildo_sit,sitting_on_dildo",Chưa có bản dịch
holding_ranged_weapon,7,16815,,Chưa có bản dịch
holding_camera,0,16765,holding_camcorder,Chưa có bản dịch
evil_grin,0,16642,slasher_smile,Chưa có bản dịch
holding_card,0,16584,,Chưa có bản dịch
holding_ball,0,16155,"holding_bowling_ball,holding_golf_ball",Chưa có bản dịch
seductive_smile,0,15968,,Chưa có bản dịch
holding_lollipop,0,15252,,Chưa có bản dịch
leaning_to_the_side,0,15121,,Chưa có bản dịch
holding_controller,0,14780,,Chưa có bản dịch
multiple_expressions,0,14727,,Chưa có bản dịch
multiple_poses,7,14304,"more_than_one_pose,multiple_pose,several_pose,several_poses",Chưa có bản dịch
stripper_pole,0,14161,"dancing_pole,strip_pole,strip_poll,stripper_poles",Chưa có bản dịch
the_pose,0,13731,,Chưa có bản dịch
standing_split,0,13682,,Chưa có bản dịch
fight,7,13517,bar_fight,Chưa có bản dịch
streaming_tears,0,13431,,Chưa có bản dịch
holding_shield,0,13328,,Chưa có bản dịch
broom_riding,0,13178,"broomriding,riding_broom,sitting_on_broom",Chưa có bản dịch
looking_at_phone,0,12864,,Chưa có bản dịch
leaning_backward,7,12652,,Chưa có bản dịch
holding_axe,0,12589,holding_tomahawk,Chưa có bản dịch
hugging_another,7,12581,embracing_another,Chưa có bản dịch
holding_broom,0,12499,"holding_broom_stick,holding_broom_sticks,holding_brooms,holding_broomstick,holding_broomsticks",Chưa có bản dịch
holding_box,0,12483,"carrying_box,holding_boxes",Chưa có bản dịch
holding_bowl,0,12425,holding_bowls,Chưa có bản dịch
dougi,0,12338,"fighting_kimono,gi",Chưa có bản dịch
tired,7,12304,"drowsy,looking_tired,tired_expression,tired_look",Mệt mỏi
after_kiss,0,12239,"afterkiss,post_kiss",Chưa có bản dịch
holding_popsicle,0,12087,,Chưa có bản dịch
holding_towel,0,11856,,Chưa có bản dịch
spoken_blush,0,11574,,Chưa có bản dịch
pole_dancing,0,11529,"pole_dance,pole_dancer,poledance,poledancer,poledancing",Chưa có bản dịch
teardrop,0,11436,tear_drop,Chưa có bản dịch
holding_cellphone,7,11135,,Chưa có bản dịch
leaning_on_person,0,11129,,Chưa có bản dịch
holding_scythe,0,11109,,Chưa có bản dịch
smiling_at_another,7,11091,,Chưa có bản dịch
kissing_cheek,0,10993,cheek_kiss,Chưa có bản dịch
sitting_on_chair,7,10847,sitting_in_chair,Chưa có bản dịch
waves,0,10753,,Chưa có bản dịch
sitting_on_ground,7,10737,sitting_on_floor,Chưa có bản dịch
holding_partner,7,10676,,Chưa có bản dịch
holding_pom_poms,0,10663,,Chưa có bản dịch
holding_drink,0,10624,,Chưa có bản dịch
microphone_stand,0,10456,mic_stand,Chưa có bản dịch
holding_butt,7,10371,"ass_lifted,ass_lifting,booty_lift,booty_lifted,booty_lifting,butt_lift,butt_lifted,butt_lifting,holding_ass,holding_booty,lift_ass,lift_booty,lift_butt,lifted_ass,lifted_booty,lifted_butt,lifting_ass,lifting_booty,lifting_butt",Chưa có bản dịch
looking_at_self,0,9994,,Chưa có bản dịch
riding_crop,0,9969,"crop,horse_whip,horsewhip",Chưa có bản dịch
looking_at_animal,0,9866,,Chưa có bản dịch
holding_strap,0,9865,,Chưa có bản dịch
holding_dagger,0,9769,,Chưa có bản dịch
holding_flag,0,9698,holding_flags,Chưa có bản dịch
holding_clipboard,0,9445,holding_clipboards,Chưa có bản dịch
holding_game_controller,0,9302,,Chưa có bản dịch
reverse_suspended_congress,0,9293,reverse_stand_and_carry,Chưa có bản dịch
ridiculous_fit,7,9284,"battering_ram_in_a_coffee_cup,impossible_fit,rediculous_fit",Chưa có bản dịch
lying_on_ground,7,9283,"laying_on_floor,laying_on_ground,lying_on_floor",Chưa có bản dịch
action_pose,7,9210,,Chưa có bản dịch
kiss_mark,7,9207,"kiss_marks,kissmark,kissmarks,lipstick_marks",Chưa có bản dịch
facing_to_the_side,0,9042,,Chưa có bản dịch
looking_down_at_viewer,7,9021,,Chưa có bản dịch
spandex,0,8982,lycra,Chưa có bản dịch
holding_doll,0,8978,,Chưa có bản dịch
cervical_contact,7,8822,"cervix_kiss,womb_kiss",Chưa có bản dịch
holding_hammer,0,8820,,Chưa có bản dịch
holding_sex_toy,0,8711,,Chưa có bản dịch
holding_beverage,7,8635,"holding_beverages,holding_drinks",Chưa có bản dịch
fighting,0,8628,,Chưa có bản dịch
holding_paintbrush,0,8618,,Chưa có bản dịch
holding_basket,0,8560,holding_baskets,Chưa có bản dịch
holding_baseball_bat,0,8442,holding_bat_(baseball),Chưa có bản dịch
vulva_blush,7,8426,"blushing_pussy,pussy_blush,vagina_blush",Chưa có bản dịch
blushing_profusely,7,8395,"deep_blush,heavy_blush",Chưa có bản dịch
piggyback,0,8387,"carrying_on_back,piggyback_ride",Chưa có bản dịch
holding_another,7,8216,holding_other,Chưa có bản dịch
rabbit_pose,0,8168,bunny_pose,Chưa có bản dịch
looking_back_at_another,7,8162,,Chưa có bản dịch
lying_on_person,0,8134,,Chưa có bản dịch
holding_guitar,0,8093,,Chưa có bản dịch
walk-in,0,8020,"walk_in,walked_in_on,walking_in",Chưa có bản dịch
holding_condom,0,8000,holding_condoms,Chưa có bản dịch
stand_(jojo),0,7940,,Chưa có bản dịch
stand_and_carry_position,7,7884,"stand-and-carry_position,stand_and_carry",Chưa có bản dịch
dancer,0,7821,,Chưa có bản dịch
holding_sign,0,7755,,Chưa có bản dịch
running_makeup,7,7662,makeup_running,Chưa có bản dịch
butt_blush,7,7659,blushing_butt,Chưa có bản dịch
reverse_stand_and_carry_position,7,7574,,Chưa có bản dịch
holding_cat,0,7539,,Chưa có bản dịch
fellatio_gesture,0,7524,blowjob_gesture,Chưa có bản dịch
holding_gohei,0,7497,,Chưa có bản dịch
holding_behind_back,0,7477,"behind_back,object_behind_back",Chưa có bản dịch
kneeling_oral_position,7,7424,stand_and_blow_position,Chưa có bản dịch
grabbing_another's_thighs,0,7418,holding_another's_thighs,Chưa có bản dịch
looking_at_mirror,0,7416,looking_in_mirror,Chưa có bản dịch
holding_sheath,0,7314,holding_scabbard,Chưa có bản dịch
holding_pokemon,0,7266,,Chưa có bản dịch
holding_smoking_pipe,0,7159,,Chưa có bản dịch
tears_of_pleasure,7,7128,tears_of_orgasmic_joy,Chưa có bản dịch
holding_lantern,0,7102,,Chưa có bản dịch
holding_syringe,0,6994,,Chưa có bản dịch
holding_arrow,0,6958,,Chưa có bản dịch
leaning_on_object,0,6859,,Chưa có bản dịch
holding_handheld_game_console,0,6764,,Chưa có bản dịch
holding_pencil,0,6688,holding_pencils,Chưa có bản dịch
holding_smartphone,7,6604,,Chưa có bản dịch
butt_pose,7,6596,"ass_pose,boob-and-ass_(pose),boob-and-ass_pose,boob_and_ass_(pose),boob_and_ass_pose,boobs'n'ass_(pose),boobs'n'ass_pose,boobs'n'butt_(pose),boobs'n'butt_pose,boobs-and-ass,boobs-and-ass_(pose),boobs-and-ass_pose,boobs-and-butt,boobs-and-butt_(pose),boobs_'n'_ass_(pose),boobs_'n'_ass_pose,boobs_'n'_butt_(pose),boobs_'n'_butt_pose,boobs_and_ass_(pose),boobs_and_ass_pose,boobs_n_ass_(pose),boobs_n_ass_pose,boobs_n_butt_(pose),boobs_n_butt_pose,t'n'a_(pose),t'n'a_pose,tit-and-ass_(pose),tit-and-ass_pose,tit-and-butt_(pose),tit-and-butt_pose,tit_and_ass_(pose),tit_and_ass_pose,tit_and_butt_(pose),tit_and_butt_pose,tits'n'ass_(pose),tits'n'ass_pose,tits'n'butt_(pose),tits'n'butt_pose,tits-and-ass,tits-and-ass_(pose),tits-and-ass_pose,tits-and-butt,tits-and-butt_(pose),tits-and-butt_pose,tits_'n'_ass_(pose),tits_'n'_ass_pose,tits_'n'_butt_(pose),tits_'n'_butt_pose,tits_and_ass_(pose),tits_and_ass_pose,tits_and_butt_(pose),tits_and_butt_pose,tits_n_ass_(pose),tits_n_ass_pose,tits_n_butt_(pose),tits_n_butt_pose,tna_(pose),tna_pose",Chưa có bản dịch
blowing_kiss,0,6558,"blow_kiss,blown_kiss,flying_kiss,thrown_kiss",Chưa có bản dịch
holding_ice_cream,0,6523,,Chưa có bản dịch
holding_sack,0,6488,,Chưa có bản dịch
standing_doggystyle,0,6474,standing_doggy_style,Chưa có bản dịch
holding_stick,0,6457,holding_sticks,Chưa có bản dịch
sitting_on_bed,7,6338,,Chưa có bản dịch
sitting_on_sofa,7,6251,sitting_on_couch,Chưa có bản dịch
holding_plectrum,0,6233,,Chưa có bản dịch
teardrop_facial_mark,0,6233,,Chưa có bản dịch
zero_suit,0,6214,"zero_suit_falco,zero_suit_fox,zero_suit_ridley",Chưa có bản dịch
holding_head,7,6105,,Chưa có bản dịch
holding_whip,0,5989,,Chưa có bản dịch
crazy_smile,0,5847,,Chưa có bản dịch
holding_cane,0,5810,holding_walking_stick,Chưa có bản dịch
pink_blush,7,5760,,Chưa có bản dịch
holding_pillow,0,5709,holding_pillows,Chưa có bản dịch
horseback_riding,0,5602,,Chưa có bản dịch
hugging_from_behind,7,5577,embracing_from_behind,Chưa có bản dịch
hugging_doll,0,5569,"doll_hug,plush_hug",Chưa có bản dịch
holding_balloon,0,5509,,Chưa có bản dịch
holding_brush,0,5461,,Chưa có bản dịch
smiling_at_partner,7,5459,,Chưa có bản dịch
jack-o'_pose,7,5423,"jack-o'_crouch,jack-o'_crouch_pose,jack-o_crouch,jack-o_crouch_pose,jack-o_pose,jack_o'_crouch,jack_o'_crouch_pose,jack_o_crouch,jack_o_crouch_pose,jack_o_pose,jacko_pose,jackochallenge,jackopose,reverse_jack-o_pose",Chưa có bản dịch
holding_scissors,0,5290,,Chưa có bản dịch
running_bond,0,5198,,Chưa có bản dịch
sidewalk,0,5172,side_walk,Chưa có bản dịch
walkie-talkie,0,5086,walkie_talkie,Chưa có bản dịch
false_smile,0,5062,,Chưa có bản dịch
running_mascara,7,5016,"bleeding_mascara,mascara_tears,runny_mascara",Chưa có bản dịch
axolotl,0,5016,"axolomeh,mexican_salamander,mexican_walking_fish,mexico_salamander,mexico_walking_fish",Chưa có bản dịch
looking_through,7,5003,,Chưa có bản dịch
looking_at_food,0,4897,,Chưa có bản dịch
holding_water_gun,0,4884,,Chưa có bản dịch
holding_weapon_behind_back,0,4873,weapon_behind_back,Chưa có bản dịch
looking_down_at_partner,7,4834,,Chưa có bản dịch
surprise_kiss,0,4823,,Chưa có bản dịch
looking_back_at_partner,7,4817,,Chưa có bản dịch
bendy_straw,0,4752,,Chưa có bản dịch
holding_unworn_helmet,0,4692,,Chưa có bản dịch
lying_on_another,0,4672,,Chưa có bản dịch
lyrics,0,4582,song_lyrics,Chưa có bản dịch
standard_pokeball,7,4520,"normal_poke_ball,normal_poke_balls,normal_pokeball,normal_pokeballs,normal_poké_ball,normal_poké_balls,normal_pokéball,normal_pokéballs,standard_poke_ball,standard_poke_balls,standard_pokeballs,standard_pokéball",Chưa có bản dịch
leaning_on_elbow,7,4500,head_support,Chưa có bản dịch
holding_ice_cream_cone,0,4347,,Chưa có bản dịch
holding_character,7,4322,,Chưa có bản dịch
happy_tears,0,4297,,Chưa có bản dịch
waving_at_viewer,7,4249,,Chưa có bản dịch
suggestive_gesture,7,4217,"lewd_gesture,vulgar_gesture",Chưa có bản dịch
zombie_pose,0,4194,jiangshi_pose,Chưa có bản dịch
holding_burger,0,4188,"holding_cheeseburger,holding_hamburger",Chưa có bản dịch
holding_leaf,0,4171,,Chưa có bản dịch
looking_at_butt,7,4155,"looking_at_booty,staring_at_ass",Chưa có bản dịch
yoga,0,4134,"yoga_pose,yoga_poses",Chưa có bản dịch
looking_down_at_another,7,4086,,Chưa có bản dịch
dynamic_pose,0,4073,,Chưa có bản dịch
holding_ladle,0,4072,,Chưa có bản dịch
holding_fireworks,0,3987,holding_firecrackers,Chưa có bản dịch
sitting_on_stairs,0,3973,,Chưa có bản dịch
holding_tablet_pc,0,3968,,Chưa có bản dịch
look-alike,0,3941,"appearance_connection,look_alike,lookalike",Chưa có bản dịch
fighting_pose,7,3919,"battle_pose,battle_stance,battling_pose,battling_stance,combat_pose,combat_stance,fight_pose,fight_stance",Chưa có bản dịch
holding_fishing_rod,0,3853,,Chưa có bản dịch
looking_up_at_partner,7,3852,,Chưa có bản dịch
worried_look,7,3845,,Chưa có bản dịch
holding_vegetable,0,3826,,Chưa có bản dịch
determined,0,3793,"determination,determined_look",Chưa có bản dịch
runny_makeup,0,3780,,Chưa có bản dịch
fighter_jet,0,3721,,Chưa có bản dịch
holding_megaphone,0,3658,,Chưa có bản dịch
looking_forward,7,3656,,Chưa có bản dịch
holding_balls,7,3649,,Chưa có bản dịch
standing_on_liquid,0,3616,,Chưa có bản dịch
holding_glass,7,3596,,Chưa có bản dịch
holding_tool,0,3590,holding_tools,Chưa có bản dịch
holding_notebook,0,3577,,Chưa có bản dịch
red_blush,7,3577,,Chưa có bản dịch
holding_chocolate,0,3560,,Chưa có bản dịch
holding_beachball,0,3500,,Chưa có bản dịch
animal_hug,0,3433,hugging_animal,Chưa có bản dịch
holding_drink_carton,0,3406,,Chưa có bản dịch
holding_stylus,0,3404,,Chưa có bản dịch
wiping_tears,0,3397,,Chưa có bản dịch
holding_hose,0,3394,,Chưa có bản dịch
holding_violin,0,3367,,Chưa có bản dịch
holding_bucket,0,3365,holding_buckets,Chưa có bản dịch
core_crystal_(xenoblade),0,3361,,Chưa có bản dịch
holding_envelope,0,3343,,Chưa có bản dịch
vertical_splits,7,3324,standing_splits,Chưa có bản dịch
holding_saucer,0,3297,,Chưa có bản dịch
wave,7,3245,,Chưa có bản dịch
hugging_pillow,7,3241,embracing_pillow,Chưa có bản dịch
viewer_holding_phone,0,3237,,Chưa có bản dịch
leaning_on_wall,0,3222,,Chưa có bản dịch
kissing_forehead,0,3212,forehead_kiss,Chưa có bản dịch
holding_pizza,0,3174,,Chưa có bản dịch
suspended_congress,0,3173,stand_and_carry,Chưa có bản dịch
holding_cake,0,3148,,Chưa có bản dịch
holding_drumsticks,0,3140,,Chưa có bản dịch
holding_letter,0,3129,,Chưa có bản dịch
viewer_holding_leash,0,3110,pov_leash,Chưa có bản dịch
standing_in_water,7,3102,,Chưa có bản dịch
sitting_on_object,0,3082,,Chưa có bản dịch
sitting_in_tree,0,3070,tree_sitting,Chưa có bản dịch
holding_wrench,0,3062,,Chưa có bản dịch
looking_up_at_another,7,3061,,Chưa có bản dịch
holding_money,0,3057,holding_banknote,Chưa có bản dịch
holding_riding_crop,0,3036,,Chưa có bản dịch
angry_sex,0,3034,hate_sex,Chưa có bản dịch
cryptiacurves_(modeler),9,3000,cally3d_models,Người đóng góp
extreme_french_kiss,7,2998,,Chưa có bản dịch
aroused_smile,7,2985,,Chưa có bản dịch
holding_creature,0,2969,,Chưa có bản dịch
jojo_pose,0,2928,,Chưa có bản dịch
looking_outside,0,2921,,Chưa có bản dịch
looking_down_at_self,7,2919,,Chưa có bản dịch
kiss_on_cheek,7,2902,"cheek_kiss,cheek_kissing",Chưa có bản dịch
holding_ofuda,0,2869,,Chưa có bản dịch
holding_remote_control,0,2868,holding_remote,Chưa có bản dịch
pocky_kiss,0,2866,,Chưa có bản dịch
sitting_on_table,0,2847,,Chưa có bản dịch
holding_suitcase,0,2833,,Chưa có bản dịch
thoughtful_expression,7,2818,thoughtful,Chưa có bản dịch
tear_trough,7,2813,,Chưa có bản dịch
holding_teapot,0,2802,"holding_tea_pot,holding_tea_pots,holding_teapots",Chưa có bản dịch
holding_thigh,7,2754,,Chưa có bản dịch
step_pose,7,2719,"captain_morgan_pose,stepping_pose",Chưa có bản dịch
leaning_on_table,0,2719,,Chưa có bản dịch
holding_frying_pan,0,2697,,Chưa có bản dịch
holding_branch,0,2690,,Chưa có bản dịch
holding_needle,0,2661,,Chưa có bản dịch
dildo_riding,0,2618,,Chưa có bản dịch
orange_jumpsuit,0,2598,,Chưa có bản dịch
holding_toy,0,2588,,Chưa có bản dịch
holding_test_tube,0,2571,,Chưa có bản dịch
blue_blush,0,2568,,Chưa có bản dịch
crystal_ball,0,2562,,Chưa có bản dịch
riding_pokemon,0,2533,,Chưa có bản dịch
holding_cotton_candy,0,2526,,Chưa có bản dịch
bowlegged_pose,0,2514,,Chưa có bản dịch
holding_flute,0,2489,holding_recorder,Chưa có bản dịch
lying_on_sofa,7,2488,"laying_on_couch,lying_on_couch",Chưa có bản dịch
holding_mug,7,2478,,Chưa có bản dịch
looking_up_at_viewer,7,2477,,Chưa có bản dịch
holding_scroll,0,2474,,Chưa có bản dịch
holding_quill,0,2465,,Chưa có bản dịch
holding_magnifying_glass,0,2449,,Chưa có bản dịch
kissing_neck,0,2442,,Chưa có bản dịch
holding_microphone_stand,0,2442,,Chưa có bản dịch
holding_handgun,7,2430,,Chưa có bản dịch
food_stand,0,2425,,Chưa có bản dịch
holding_photo,0,2417,,Chưa có bản dịch
holding_candy_apple,0,2413,,Chưa có bản dịch
short_jumpsuit,0,2410,,Chưa có bản dịch
holding_skull,0,2408,,Chưa có bản dịch
holding_coin,0,2407,,Chưa có bản dịch
holding_lipstick_tube,0,2380,,Chưa có bản dịch
kneeling_on_ground,7,2347,,Chưa có bản dịch
emotionless_sex,0,2344,expressionless_sex,Chưa có bản dịch
holding_chain,0,2329,,Chưa có bản dịch
holding_heart,0,2299,,Chưa có bản dịch
sleeping_together,0,2293,couple_lying_together,Chưa có bản dịch
holding_glowstick,0,2286,"holding_lightstick,holding_penlight_glowstick",Chưa có bản dịch
single_blush_sticker,0,2278,,Chưa có bản dịch
holding_mirror,0,2263,,Chưa có bản dịch
lyre,0,2263,,Chưa có bản dịch
facing_ahead,0,2260,,Chưa có bản dịch
holding_crepe,0,2252,,Chưa có bản dịch
holding_scepter,0,2230,,Chưa có bản dịch
holding_briefcase,0,2220,,Chưa có bản dịch
holding_mop,0,2218,holding_mops,Chưa có bản dịch
blue_jumpsuit,0,2212,,Chưa có bản dịch
holding_spatula,0,2207,,Chưa có bản dịch
ojou-sama_pose,0,2200,noblewoman's_laugh,Chưa có bản dịch
holding_detached_head,0,2197,holding_disembodied_head,Chưa có bản dịch
holding_skewer,0,2185,,Chưa có bản dịch
holding_shovel,0,2180,,Chưa có bản dịch
spoken_expression,0,2171,spoken_emoticon,Chưa có bản dịch
flying_kick,0,2167,"jump_kick,jump_kicked,jumping_kick,jumpkick,jumpkicked",Chưa có bản dịch
lying_on_lap,0,2141,,Chưa có bản dịch
holding_musical_instrument,7,2127,,Chưa có bản dịch
facing_down,0,2120,,Chưa có bản dịch
holding_spear,7,2119,,Chưa có bản dịch
holding_fish,0,2101,,Chưa có bản dịch
holding_key,0,2080,holding_keys,Chưa có bản dịch
holding_pole,0,2064,,Chưa có bản dịch
holding_plant,0,2046,,Chưa có bản dịch
smug_expression,7,2046,,Chưa có bản dịch
multiple_riders,0,2036,riding_double,Chưa có bản dịch
holding_toothbrush,0,2031,,Chưa có bản dịch
facing_up,0,2029,,Chưa có bản dịch
teardrop_tattoo,0,2026,,Chưa có bản dịch
single_tear,0,2025,,Chưa có bản dịch
holding_rope,0,2006,,Chưa có bản dịch
blushing_at_viewer,7,2001,,Chưa có bản dịch
holding_newspaper,0,1991,,Chưa có bản dịch
balls_blush,7,1990,"ball_blush,blushing_balls",Chưa có bản dịch
holding_gem,0,1964,"holding_gems,holding_gemstone",Chưa có bản dịch
tears_of_pain,7,1964,,Chưa có bản dịch
self_hug,0,1956,hugging_self,Chưa có bản dịch
ghost_pose,0,1934,,Chưa có bản dịch
holding_cross,0,1932,,Chưa có bản dịch
implied_kiss,0,1928,,Chưa có bản dịch
kissing_while_penetrating,7,1922,,Chưa có bản dịch
holding_map,0,1911,,Chưa có bản dịch
sexual_fight,7,1908,"sex_combat,sex_fight,sex_fighting,sexfight,sexual_battle,sexual_combat",Chưa có bản dịch
holding_egg,0,1893,holding_eggs,Chưa có bản dịch
looking_at_porn,7,1892,"looking_at_porno,looking_at_pornography,porn_watching,porno_watching,pornography_watching,watching_porn,watching_porno",Chưa có bản dịch
sitting_backwards,0,1884,backwards_sitting,Chưa có bản dịch
tears_of_joy,7,1883,"happily_crying,happy_cry,happy_crying,joy_crying,joy_tears",Chưa có bản dịch
holding_breath,0,1879,breath_holding,Chưa có bản dịch
holding_whisk,0,1876,,Chưa có bản dịch
holding_dildo,7,1862,,Chưa có bản dịch
holding_sword_behind_back,0,1853,sword_behind_back,Chưa có bản dịch
forced_smile,0,1850,,Chưa có bản dịch
holding_headgear,0,1836,,Chưa có bản dịch
suggestive_pose,7,1816,,Chưa có bản dịch
holding_plushie,7,1813,"holding_plush,holding_plushes,holding_plushies,holding_plushy,holding_soft_toy",Chưa có bản dịch
holding_donut,0,1795,,Chưa có bản dịch
holding_lighter,0,1788,holding_lighters,Chưa có bản dịch
kissing_while_penetrated,7,1782,,Chưa có bản dịch
holding_marker,0,1782,,Chưa có bản dịch
hugging_viewer,0,1773,incoming_hug,Chưa có bản dịch
holding_mace,0,1765,,Chưa có bản dịch
dancewear,7,1751,,Chưa có bản dịch
sitting_on_bench,7,1742,,Chưa có bản dịch
running_track,0,1736,track,Chưa có bản dịch
log_pose,0,1735,,Chưa có bản dịch
crying_laughing,7,1733,laughing_tears,Chưa có bản dịch
sitting_on_branch,0,1726,,Chưa có bản dịch
holding_pocky,0,1706,,Chưa có bản dịch
riding_dildo,7,1703,,Chưa có bản dịch
holding_mini_person,0,1702,holding_miniperson,Chưa có bản dịch
kneeling_sex,7,1701,,Chưa có bản dịch
holding_torch,0,1686,holding_torches,Chưa có bản dịch
holding_reins,0,1678,,Chưa có bản dịch
holding_flask,0,1671,,Chưa có bản dịch
holding_pistol,7,1656,,Chưa có bản dịch
holding_feather,0,1647,,Chưa có bản dịch
holding_carrot,0,1639,,Chưa có bản dịch
black_jumpsuit,0,1635,,Chưa có bản dịch
surprise_sex,7,1634,,Chưa có bản dịch
holding_dumbbell,0,1618,,Chưa có bản dịch
leaning_on_another,7,1609,,Chưa có bản dịch
holding_cigar,0,1604,holding_cigars,Chưa có bản dịch
butterfly_sitting,0,1593,butterfly_pose,Chưa có bản dịch
holding_club,0,1592,,Chưa có bản dịch
white_jumpsuit,0,1582,,Chưa có bản dịch
holding_calligraphy_brush,0,1570,,Chưa có bản dịch
green_jumpsuit,0,1567,,Chưa có bản dịch
propeller_fighter,0,1564,"piston_engine_fighter,piston_fighter",Chưa có bản dịch
holding_menu,0,1550,,Chưa có bản dịch
cigarette_holder,0,1549,,Chưa có bản dịch
holding_writing_utensil,7,1548,,Chưa có bản dịch
expressions,7,1548,,Chưa có bản dịch
looking_at_own_butt,7,1544,,Chưa có bản dịch
cryptid,0,1539,,Chưa có bản dịch
expression_cutaway,7,1525,,Chưa có bản dịch
holding_bell,0,1522,,Chưa có bản dịch
holding_surfboard,0,1512,,Chưa có bản dịch
holding_handcuffs,0,1512,,Chưa có bản dịch
knee_blush,0,1490,,Chưa có bản dịch
holding_watering_can,0,1484,,Chưa có bản dịch
holding_bass_guitar,0,1483,,Chưa có bản dịch
holding_spring_onion,0,1479,,Chưa có bản dịch
walking_away,0,1478,,Chưa có bản dịch
choke_hold,0,1478,,Chưa có bản dịch
lying_and_blow_position,7,1473,,Chưa có bản dịch
pose_imitation,0,1471,borrowed_pose,Chưa có bản dịch
smiling_at_each_other,7,1457,,Chưa có bản dịch
holding_another's_wrists,0,1438,,Chưa có bản dịch
holding_candle,0,1432,holding_candles,Chưa có bản dịch
holding_blanket,0,1431,,Chưa có bản dịch
mischievous_smile,7,1427,,Chưa có bản dịch
jump_rope,0,1426,"jumprope,skipping_rope",Chưa có bản dịch
dual_holding,7,1423,,Chưa có bản dịch
t-pose,0,1421,t_pose,Chưa có bản dịch
holding_milk_carton,0,1418,,Chưa có bản dịch
holding_sketchbook,0,1418,holding_sketchpad,Chưa có bản dịch
a-pose,0,1417,,Chưa có bản dịch
holding_chainsaw,0,1406,,Chưa có bản dịch
little_red_riding_hood_(fairy_tale_character)_(cosplay),0,1405,,Chưa có bản dịch
toothy_smile,7,1402,,Chưa có bản dịch
holding_baton,0,1394,,Chưa có bản dịch
holding_notepad,0,1390,,Chưa có bản dịch
holding_cookie,0,1389,,Chưa có bản dịch
holding_rifle,7,1379,,Chưa có bản dịch
holding_comb,0,1377,,Chưa có bản dịch
kissing_bough,7,1372,,Chưa có bản dịch
holding_jar,0,1370,,Chưa có bản dịch
lying_on_water,0,1368,,Chưa có bản dịch
holding_crossbow,0,1367,,Chưa có bản dịch
holding_dog,0,1367,,Chưa có bản dịch
holding_pokeball,7,1360,"holding_poké_ball,holding_pokéball",Chưa có bản dịch
posing_for_picture,7,1350,camera_pose,Chưa có bản dịch
holding_binoculars,0,1347,,Chưa có bản dịch
holding_flashlight,0,1346,,Chưa có bản dịch
sad_smile,0,1342,,Chưa có bản dịch
looking_down_at_genitalia,7,1339,,Chưa có bản dịch
holding_hips,7,1307,,Chưa có bản dịch
pained_expression,7,1305,,Chưa có bản dịch
riding_animal,0,1302,,Chưa có bản dịch
holding_flower_pot,0,1300,,Chưa có bản dịch
holding_crowbar,0,1296,,Chưa có bản dịch
kiss_mark_on_balls,7,1293,,Chưa có bản dịch
holding_pointer,0,1288,,Chưa có bản dịch
kneeling_on_bed,7,1271,,Chưa có bản dịch
looking_offscreen,7,1268,,Chưa có bản dịch
hugging_book,0,1267,book_hug,Chưa có bản dịch
bestiality_kiss,7,1253,,Chưa có bản dịch
relaxed_expression,7,1253,,Chưa có bản dịch
figure_four_sitting,0,1251,,Chưa có bản dịch
holding_paddle,0,1249,,Chưa có bản dịch
creepy_smile,7,1247,"empty_smile,scary_smile",Chưa có bản dịch
cryokinesis,0,1245,"cryomancy,ice_magic",Chưa có bản dịch
forced_kiss,0,1244,forced_kissing,Chưa có bản dịch
holding_pocket_watch,0,1242,,Chưa có bản dịch
knot_sitting,7,1233,sitting_on_knot,Chưa có bản dịch
holding_above_head,0,1226,,Chưa có bản dịch
holding_paint_palette,0,1224,,Chưa có bản dịch
flying_teardrops,0,1210,,Chưa có bản dịch
holding_pickaxe,0,1209,,Chưa có bản dịch
walking_on_liquid,0,1208,,Chưa có bản dịch
holding_both_thighs,7,1204,"double_thigh_hold,holding_thighs",Chưa có bản dịch
sitting_on_stool,7,1198,,Chưa có bản dịch
sitting_sideways,0,1194,,Chưa có bản dịch
suggestive_look,7,1189,,Chưa có bản dịch
looking_at_flowers,0,1187,,Chưa có bản dịch
begging_pose,7,1185,,Chưa có bản dịch
holding_mallet,0,1179,,Chưa có bản dịch
kissing_another_during_penetration,0,1175,,Chưa có bản dịch
lying_on_self,7,1169,,Chưa có bản dịch
holding_orb,0,1164,,Chưa có bản dịch
permanent_smile,7,1154,permagrin,Chưa có bản dịch
holding_whistle,0,1153,,Chưa có bản dịch
holding_shower_head,0,1150,,Chưa có bản dịch
iv_stand,0,1147,,Chưa có bản dịch
satisfied_look,7,1144,,Chưa có bản dịch
platform_standing_doggystyle,7,1139,,Chưa có bản dịch
fighting_game,0,1133,,Chưa có bản dịch
open_jumpsuit,0,1124,,Chưa có bản dịch
holding_collar,0,1115,holding_collars,Chưa có bản dịch
standing_on_another,7,1109,,Chưa có bản dịch
flirting_look,7,1097,,Chưa có bản dịch
holding_pendulum,0,1097,,Chưa có bản dịch
glasgow_smile,0,1091,"chelsea_smile,cheshire_grin",Chưa có bản dịch
sloppy_kiss,7,1087,,Chưa có bản dịch
sitting_on_balls,7,1086,ball_sitting,Chưa có bản dịch
kissing_viewer,0,1082,,Chưa có bản dịch
looking_at_reflection,0,1074,,Chưa có bản dịch
walker_(robot),0,1067,,Chưa có bản dịch
symmetrical_pose,0,1058,,Chưa có bản dịch
holding_handkerchief,0,1051,,Chưa có bản dịch
holding_sandwich,0,1050,,Chưa có bản dịch
holding_pumpkin,0,1047,,Chưa có bản dịch
holding_own_wrist,0,1042,grabbing_own_wrist,Chưa có bản dịch
holding_duster,0,1040,,Chưa có bản dịch
holding_another's_ankle,0,1038,grabbing_another's_ankle,Chưa có bản dịch
holding_sponge,0,1037,,Chưa có bản dịch
catfight,0,1028,cat_fight,Chưa có bản dịch
looking_at_cellphone,7,1025,looking_at_smartphone,Chưa có bản dịch
yellow_jumpsuit,0,1018,,Chưa có bản dịch
holding_star,0,1017,,Chưa có bản dịch
holding_cloth,0,1015,,Chưa có bản dịch
holding_chalk,0,1011,,Chưa có bản dịch
holding_drinking_glass,7,1008,,Chưa có bản dịch
standard_bearer,0,1007,,Chưa có bản dịch
holding_knot,7,1006,,Chưa có bản dịch
holding_polearm_behind_back,0,998,polearm_behind_back,Chưa có bản dịch
holding_butterfly_net,0,993,,Chưa có bản dịch
holding_magazine,0,993,,Chưa có bản dịch
henshin_pose,0,991,,Chưa có bản dịch
holding_skateboard,0,989,,Chưa có bản dịch
amusement_ride,7,987,"amusement_park_ride,amusement_park_rides,amusement_rides,carnival_ride,carnival_rides",Chưa có bản dịch
slight_smile,7,987,,Chưa có bản dịch
looking_at_screen,0,987,,Chưa có bản dịch
variable_fighter,0,984,,Chưa có bản dịch
holding_petal,0,981,,Chưa có bản dịch
holding_juice_box,0,978,,Chưa có bản dịch
stone_walkway,0,977,,Chưa có bản dịch
sitting_on_ball,0,976,,Chưa có bản dịch
striped_blush,0,968,,Chưa có bản dịch
looking_back_at_self,7,968,,Chưa có bản dịch
holding_pregnancy_test,0,966,,Chưa có bản dịch
holding_bird,0,964,,Chưa có bản dịch
sitting_on_toilet,7,962,,Chưa có bản dịch
expression_chart,0,960,,Chưa có bản dịch
crying_emoji,0,956,,Chưa có bản dịch
running_away,7,956,,Chưa có bản dịch
cunnilingus_gesture,0,950,,Chưa có bản dịch
holding_bone,0,947,,Chưa có bản dịch
deep_kiss,7,946,deep_kissing,Chưa có bản dịch
sitting_on_head,0,945,head_sitting,Chưa có bản dịch
purple_blush,7,942,,Chưa có bản dịch
facing_back,0,937,,Chưa có bản dịch
holding_string,0,936,,Chưa có bản dịch
riding_on_back,7,932,,Chưa có bản dịch
holding_party_popper,0,931,,Chưa có bản dịch
red_jumpsuit,0,928,,Chưa có bản dịch
standing_over,0,924,,Chưa có bản dịch
holding_spray_can,0,924,,Chưa có bản dịch
holding_chess_piece,0,921,,Chưa có bản dịch
holding_another's_ankles,0,916,grabbing_another's_ankles,Chưa có bản dịch
holding_rabbit,0,915,holding_bunny,Chưa có bản dịch
holding_lead_pipe,0,904,holding_industrial_pipe,Chưa có bản dịch
sitting_on_animal,0,902,,Chưa có bản dịch
surprise_buttsex,7,901,,Chưa có bản dịch
holding_mahjong_tile,0,894,,Chưa có bản dịch
sitting_on_water,0,894,,Chưa có bản dịch
looking_at_vulva,7,893,,Chưa có bản dịch
hugging_butt,7,892,"butt_hug,embracing_butt",Chưa có bản dịch
holding_rocket_launcher,0,885,,Chưa có bản dịch
holding_with_gesture,0,884,,Chưa có bản dịch
holding_tongs,0,884,,Chưa có bản dịch
holding_drawing,0,881,,Chưa có bản dịch
lying_on_table,7,873,,Chưa có bản dịch
standing_missionary,0,866,,Chưa có bản dịch
mount/rider_relations,7,865,"mount/rider,mount/rider_relationship,mount_rider_relations,rider/mount_relations",Chưa có bản dịch
standing_cunnilingus,0,864,,Chưa có bản dịch
holding_maracas,0,853,,Chưa có bản dịch
holding_tennis_racket,0,848,,Chưa có bản dịch
holding_halloween_bucket,0,846,,Chưa có bản dịch
holding_waist,0,843,,Chưa có bản dịch
holding_kunai,0,842,,Chưa có bản dịch
head_hug,0,834,hugging_another's_head,Chưa có bản dịch
holding_crotch,7,833,,Chưa có bản dịch
zun_pose,0,824,,Chưa có bản dịch
snowball_fight,0,824,,Chưa có bản dịch
holding_gourd,0,813,,Chưa có bản dịch
holding_wine_glass,7,809,,Chưa có bản dịch
digital_walkman,0,802,,Chưa có bản dịch
holding_stethoscope,0,800,stething,Chưa có bản dịch
holding_table_tennis_paddle,0,800,,Chưa có bản dịch
penetration_gesture,0,799,,Chưa có bản dịch
sitting_on_pillow,0,797,pillow_sitting,Chưa có bản dịch
pleased_expression,7,797,,Chưa có bản dịch
holding_wallet,0,795,,Chưa có bản dịch
submission_hold,0,793,,Chưa có bản dịch
holding_grenade,0,791,,Chưa có bản dịch
holding_crown,0,780,,Chưa có bản dịch
holding_headphones,0,779,,Chưa có bản dịch
standing_on_object,0,777,,Chưa có bản dịch
holding_paper_airplane,0,776,,Chưa có bản dịch
looking_at_bulge,0,776,,Chưa có bản dịch
holding_mushroom,0,773,,Chưa có bản dịch
holding_cooking_pot,0,764,,Chưa có bản dịch
holding_trumpet,0,764,,Chưa có bản dịch
tear_(marking),7,759,"cry_mark,cry_marking,cry_markings,cry_stain_mark,cry_stain_marking,cry_stain_markings,tear_mark,tear_marking,tear_markings,tear_marks,tear_streak_mark,tear_streak_marking,tear_streak_markings,tears_(marking),tears_(markings),tears_mark,tears_marking,tears_markings,tears_marks",Chưa có bản dịch
walkman,0,759,,Chưa có bản dịch
holding_ticket,0,759,,Chưa có bản dịch
cum_kiss,7,758,,Chưa có bản dịch
kneeless_merfolk,0,756,kneeless_mermaid,Chưa có bản dịch
holding_racket,0,754,,Chưa có bản dịch
holding_bomb,0,754,,Chưa có bản dịch
walking_towards_viewer,0,745,,Chưa có bản dịch
hugging_plushie,7,744,"embracing_plushie,plushie_hug",Chưa có bản dịch
leaning_on_self,0,742,,Chưa có bản dịch
jumpsuit_around_waist,0,740,,Chưa có bản dịch
sitting_split,0,739,middle_split,Chưa có bản dịch
shaft_look,0,739,,Chưa có bản dịch
holding_person,7,735,,Chưa có bản dịch
holding_bento,0,728,,Chưa có bản dịch
tear_arcana_rod,0,728,,Chưa có bản dịch
looking_at_creature,0,728,,Chưa có bản dịch
holding_wrist,7,727,,Chưa có bản dịch
holding_barcode_scanner,0,726,holding_scanner,Chưa có bản dịch
holding_cleaver,0,725,,Chưa có bản dịch
holding_own_leash,0,724,,Chưa có bản dịch
explosion_background,0,720,unflinching_walk,Chưa có bản dịch
inflatable_ride,7,720,,Chưa có bản dịch
kissing_head,0,719,,Chưa có bản dịch
holding_trophy,0,716,holding_trophies,Chưa có bản dịch
green_blush,7,711,,Chưa có bản dịch
sitting_on_log,0,711,,Chưa có bản dịch
gendou_pose,0,704,,Chưa có bản dịch
holding_earphones,0,702,holding_earphone,Chưa có bản dịch
sleeveless_jumpsuit,0,701,,Chưa có bản dịch
ice_crystal,0,701,,Chưa có bản dịch
tear_troughs,0,699,,Chưa có bản dịch
single_paw_pose,0,695,one_paw_pose,Chưa có bản dịch
holding_torpedo,0,694,,Chưa có bản dịch
holding_potion,0,693,holding_potions,Chưa có bản dịch
holding_seashell,0,690,,Chưa có bản dịch
holding_cleaning_tool,7,689,,Chưa có bản dịch
holding_screwdriver,0,688,,Chưa có bản dịch
double_biceps_pose,0,686,,Chưa có bản dịch
dorsal_ridge,7,686,"back_ridge,spine_ridge",Chưa có bản dịch
holding_bulge,7,685,,Chưa có bản dịch
holding_utensil,0,682,holding_utensils,Chưa có bản dịch
sitting_on_box,0,681,,Chưa có bản dịch
evil_look,7,679,,Chưa có bản dịch
looking_through_window,0,678,looking_in_window,Chưa có bản dịch
sitting_on_desk,7,678,,Chưa có bản dịch
holding_chibi,0,677,,Chưa có bản dịch
holding_folder,0,677,,Chưa có bản dịch
holding_id_card,0,675,,Chưa có bản dịch
holding_diaper,7,675,,Chưa có bản dịch
wave_print,0,674,,Chưa có bản dịch
holding_chin,7,673,,Chưa có bản dịch
bruce_lee's_jumpsuit,0,670,,Chưa có bản dịch
sitting_on_throne,7,666,,Chưa có bản dịch
holding_topwear,7,661,,Chưa có bản dịch
victory_pose,0,650,,Chưa có bản dịch
lying_on_grass,7,645,laying_on_grass,Chưa có bản dịch
holding_snowball,0,641,,Chưa có bản dịch
crystal_sword,0,640,,Chưa có bản dịch
meme_pose,7,640,,Chưa có bản dịch
holding_bamboo_steamer,0,639,,Chưa có bản dịch
holding_shuriken,0,639,,Chưa có bản dịch
looking_around,0,637,,Chưa có bản dịch
walk_cycle,0,636,,Chưa có bản dịch
holding_candy_cane,0,635,,Chưa có bản dịch
holding_walkie-talkie,0,631,,Chưa có bản dịch
holding_neck,0,629,,Chưa có bản dịch
sitting_on_rock,7,626,,Chưa có bản dịch
holding_anchor,0,625,,Chưa có bản dịch
fetal_pose,7,622,"fetal_(pose),fetal_(position)",Chưa có bản dịch
holding_boxcutter,0,620,,Chưa có bản dịch
holding_heart_(organ),0,613,,Chưa có bản dịch
gunbuster_pose,0,611,gainax_pose,Chưa có bản dịch
leaning_sideways,7,611,"leaning_aside,leaning_to_side",Chưa có bản dịch
boss_fight,0,608,,Chưa có bản dịch
vaporwave,0,607,vapor_wave,Chưa có bản dịch
low-riding,7,605,,Chưa có bản dịch
holding_golf_club,0,604,,Chưa có bản dịch
holding_laptop,0,601,,Chưa có bản dịch
holding_rock,0,598,,Chưa có bản dịch
holding_cage,0,592,,Chưa có bản dịch
holding_crayon,0,592,,Chưa có bản dịch
holding_cannon,0,590,,Chưa có bản dịch
riding_bicycle,0,590,,Chưa có bản dịch
holding_oar,0,589,,Chưa có bản dịch
holding_tanzaku,0,587,,Chưa có bản dịch
holding_knee,7,586,,Chưa có bản dịch
running_towards_viewer,0,582,running_at_viewer,Chưa có bản dịch
holding_with_chopsticks,0,581,,Chưa có bản dịch
yamcha_pose_(meme),0,574,yamcha_pose,Chưa có bản dịch
head_and_hip_pose,0,574,,Chưa có bản dịch
sitting_on_food,0,569,,Chưa có bản dịch
single_claw_pose,0,569,one_claw_pose,Chưa có bản dịch
holding_drinking_straw,0,565,,Chưa có bản dịch
holding_rattle,0,565,,Chưa có bản dịch
holding_stomach,0,563,,Chưa có bản dịch
tactical_surface_fighter,0,561,,Chưa có bản dịch
cocky_smile,7,559,,Chưa có bản dịch
fighting_over_boy,7,557,,Chưa có bản dịch
facing_each_other,7,554,,Chưa có bản dịch
crystal_shards,0,554,crystal_shard,Chưa có bản dịch
pet_walking,0,554,"walking_pet,walking_the_dog",Chưa có bản dịch
stifled_laugh,0,554,,Chưa có bản dịch
lion_dance,0,553,,Chưa có bản dịch
holding_candlestand,0,552,,Chưa có bản dịch
tears_of_desperation,7,552,,Chưa có bản dịch
holding_flamethrower,0,551,,Chưa có bản dịch
holding_wreath,0,550,,Chưa có bản dịch
kneeling_position,7,549,,Chưa có bản dịch
expression_avatar,7,549,,Chưa có bản dịch
holding_lyre,0,548,,Chưa có bản dịch
walkman_nw-s203f,0,545,,Chưa có bản dịch
pink_jumpsuit,0,545,,Chưa có bản dịch
holding_pitchfork,0,538,,Chưa có bản dịch
holding_another's_knot,7,537,,Chưa có bản dịch
holding_energy_gun,0,536,holding_ray_gun,Chưa có bản dịch
dance_studio,0,535,,Chưa có bản dịch
holding_spork,0,535,,Chưa có bản dịch
holding_revolver,7,534,,Chưa có bản dịch
kiss_mark_on_butt,7,534,,Chưa có bản dịch
why_dis_ninja_look_so_mad_(meme),0,534,,Chưa có bản dịch
black_tears,0,532,,Chưa có bản dịch
naoya_hitting_choso_without_looking_(meme),0,532,,Chưa có bản dịch
riding_dragon,0,532,dragon_riding,Chưa có bản dịch
amen_pose_(meme),0,529,no_lady_on_twitter_can_recreate_this_(meme),Chưa có bản dịch
uneven_footing,0,529,captain_morgan_pose,Chưa có bản dịch
standing_69_position,7,526,standing_69,Chưa có bản dịch
looking_sideways,7,524,,Chưa có bản dịch
holding_sewing_needle,0,524,,Chưa có bản dịch
battle_standard,0,522,,Chưa có bản dịch
blank_expression,7,521,,Chưa có bản dịch
holding_picture_frame,0,520,,Chưa có bản dịch
lap_dance_position,7,519,,Chưa có bản dịch
holding_cable,0,519,,Chưa có bản dịch
holding_viewer,7,518,,Chưa có bản dịch
sitting_in_window,0,517,,Chưa có bản dịch
sound_wave,0,517,,Chưa có bản dịch
money_gesture,0,515,,Chưa có bản dịch
standing_in_doorway,7,514,,Chưa có bản dịch
holding_bottomwear,7,514,,Chưa có bản dịch
walkies,7,511,,Chưa có bản dịch
holding_sickle,0,511,,Chưa có bản dịch
holding_vial,0,507,,Chưa có bản dịch
kissing_while_cumming,7,506,,Chưa có bản dịch
toony_expression,7,505,,Chưa có bản dịch
holding_cocktail_shaker,0,504,,Chưa có bản dịch
side_sitting_split,0,504,middle_split,Chưa có bản dịch
holding_both_knees,7,502,"double_knee_hold,holding_knees",Chưa có bản dịch
holding_beer,7,502,,Chưa có bản dịch
pact_holder,0,499,,Chưa có bản dịch
kiss_day,0,499,,Chưa có bản dịch
element_bending,0,499,,Chưa có bản dịch
holding_scale,0,499,,Chưa có bản dịch
sitting_sex,7,498,,Chưa có bản dịch
rider-tan,0,497,,Chưa có bản dịch
vocaloid_boxart_pose,0,497,,Chưa có bản dịch
holding_down,7,497,,Chưa có bản dịch
holding_dice,0,495,,Chưa có bản dịch
sitting_on_stump,7,494,,Chưa có bản dịch
astral_express_(honkai:_star_rail),0,491,,Chưa có bản dịch
holding_mistletoe,0,491,,Chưa có bản dịch
breeding_stand,7,490,"breeding_rack,mating_stand",Chưa có bản dịch
holding_case,0,490,,Chưa có bản dịch
holding_scalpel,0,489,,Chưa có bản dịch
grey_jumpsuit,0,488,,Chưa có bản dịch
smile_lines,0,488,,Chưa có bản dịch
kissing_object,0,484,object_kiss,Chưa có bản dịch
standing_position,7,480,,Chưa có bản dịch
holding_ruler,0,479,,Chưa có bản dịch
koi_dance,0,478,,Chưa có bản dịch
walking_stick,7,476,,Chưa có bản dịch
potty_dance,7,476,,Chưa có bản dịch
indirect_kiss,0,476,,Chưa có bản dịch
holding_kettle,0,475,,Chưa có bản dịch
crosslegged_pose,7,473,,Chưa có bản dịch
dancer_(fire_emblem:_three_houses),0,472,dancer_(three_houses),Chưa có bản dịch
shy_smile,7,470,,Chưa có bản dịch
ridges,7,468,,Chưa có bản dịch
holding_console,7,468,,Chưa có bản dịch
holding_jug,0,466,,Chưa có bản dịch
kissing_pov,7,464,,Chưa có bản dịch
nervous_look,7,463,,Chưa có bản dịch
standing_on_magic_circle,0,463,,Chưa có bản dịch
lunar_tear,0,460,,Chưa có bản dịch
posed,7,460,,Chưa có bản dịch
kissing_sound_effect,7,457,,Chưa có bản dịch
wavy_smile,7,456,wiggly_smile,Chưa có bản dịch
sitting_on_fence,0,456,,Chưa có bản dịch
spitroast_kiss,7,456,,Chưa có bản dịch
pillow_fight,0,455,,Chưa có bản dịch
holding_bullet,0,455,,Chưa có bản dịch
music_stand,0,454,,Chưa có bản dịch
holding_vibrator,7,454,,Chưa có bản dịch
elbow_blush,0,449,,Chưa có bản dịch
imminent_fight,0,446,,Chưa có bản dịch
holding_makeup_brush,0,445,,Chưa có bản dịch
holding_cue_stick,0,445,,Chưa có bản dịch
standing_on_person,0,443,,Chưa có bản dịch
riding_motorcycle,0,443,,Chưa có bản dịch
holding_each_other,7,442,,Chưa có bản dịch
neck_blush,0,439,,Chưa có bản dịch
water_fight,0,438,,Chưa có bản dịch
leaning_on_weapon,0,435,,Chưa có bản dịch
holding_cat_teaser,0,434,,Chưa có bản dịch
looking_at_pectorals,0,433,,Chưa có bản dịch
sitting_on_partner,7,433,,Chưa có bản dịch
looking_at_crotch,0,433,,Chưa có bản dịch
rejected_kiss,0,432,"blocked_kiss,blocking_kiss,kiss_attempt",Chưa có bản dịch
sitting_on_roof,0,430,,Chưa có bản dịch
lying_on_partner,7,426,,Chưa có bản dịch
holding_manga,0,426,,Chưa có bản dịch
wavy_speech_bubble,7,426,,Chưa có bản dịch
kneeling_and_blow_position,7,425,,Chưa có bản dịch
cheek_blush,7,424,,Chưa có bản dịch
holding_magazine_(weapon),0,421,,Chưa có bản dịch
passionate_kiss,7,421,,Chưa có bản dịch
mesugaki_pose,0,420,,Chưa có bản dịch
holding_diploma,0,420,,Chưa có bản dịch
looking_through_scope,0,416,,Chưa có bản dịch
holding_charm,0,416,,Chưa có bản dịch
sitting_on_grass,7,416,,Chưa có bản dịch
holding_another's_waist,0,413,,Chưa có bản dịch
holding_sheet,0,412,,Chưa có bản dịch
colored_tears,0,412,,Chưa có bản dịch
holding_own_knot,7,411,,Chưa có bản dịch
hoshino_ai's_pose,0,411,,Chưa có bản dịch
holding_banner,0,411,,Chưa có bản dịch
kiss_on_forehead,7,409,"forehead_kiss,forehead_kissing",Chưa có bản dịch
holding_ankle,7,407,,Chưa có bản dịch
looking_at_another's_genitalia,7,407,,Chưa có bản dịch
pocky_kissing_viewer,0,406,incoming_pocky_kiss,Chưa có bản dịch
holding_instrument_case,0,406,,Chưa có bản dịch
cigarette_kiss,0,406,,Chưa có bản dịch
holding_planet,0,399,,Chưa có bản dịch
looking_past_viewer,0,398,,Chưa có bản dịch
holding_lamp,0,397,,Chưa có bản dịch
dance_floor,0,397,,Chưa có bản dịch
kiss_my_ass,7,397,,Chưa có bản dịch
holding_back,0,395,,Chưa có bản dịch
orange_blush,7,395,,Chưa có bản dịch
holding_crystal,0,393,,Chưa có bản dịch
standing_missionary_position,7,392,,Chưa có bản dịch
sitting_on_wall,0,391,,Chưa có bản dịch
holding_snowman,0,391,,Chưa có bản dịch
holding_toy_gun,0,390,,Chưa có bản dịch
holding_tentacle,0,390,,Chưa có bản dịch
holding_katana,7,389,,Chưa có bản dịch
embarrassed_expression,7,387,,Chưa có bản dịch
holding_omikuji,0,387,,Chưa có bản dịch
standing_anilingus,0,385,,Chưa có bản dịch
sitting_on_pumpkin,7,383,,Chưa có bản dịch
awkward_smile,7,383,,Chưa có bản dịch
holding_knot_root,7,381,,Chưa có bản dịch
standing_on_balls,7,380,,Chưa có bản dịch
holding_jump_rope,0,379,,Chưa có bản dịch
holding_mp3_player,0,379,holding_digital_media_player,Chưa có bản dịch
holding_shotgun,7,379,,Chưa có bản dịch
kujo_jotaro's_pose,0,378,kujo_jotaro's_pose_(jojo),Chưa có bản dịch
pushing_bicycle,0,378,walking_bicycle,Chưa có bản dịch
wavy_ends,0,377,,Chưa có bản dịch
wide_smile,7,377,,Chưa có bản dịch
shockwave,0,376,"blast_wave,blastwave,shock_wave",Chưa có bản dịch
panicked_look,7,376,,Chưa có bản dịch
leaning_out_of_window,0,374,,Chưa có bản dịch
crystal_flower,0,373,,Chưa có bản dịch
holding_on,0,372,,Chưa có bản dịch
holding_bread,0,372,,Chưa có bản dịch
staff_riding,0,372,,Chưa có bản dịch
zipper_jumpsuit,7,371,,Chưa có bản dịch
holding_own_head,0,371,,Chưa có bản dịch
feminine_pose,7,369,,Chưa có bản dịch
holding_ukulele,0,369,,Chưa có bản dịch
looking_inside,0,367,looking_in_window,Chưa có bản dịch
cake_stand,0,367,,Chưa có bản dịch
holding_own_sheath,7,367,,Chưa có bản dịch
laughing_at,7,367,,Chưa có bản dịch
riding_person,0,367,,Chưa có bản dịch
holding_vase,0,366,,Chưa có bản dịch
holding_clover,0,365,,Chưa có bản dịch
cryo_symbol_(genshin_impact),0,364,,Chưa có bản dịch
holding_saw,0,364,holding_hacksaw,Chưa có bản dịch
naughty_smile,7,362,,Chưa có bản dịch
holding_cigarette_pack,0,361,holding_cigarette_box,Chưa có bản dịch
facial_expressions,7,361,,Chưa có bản dịch
holding_up,7,360,,Chưa có bản dịch
sitting_on_knees,7,360,,Chưa có bản dịch
frieren_blowing_a_kiss,0,359,frieren_blowing_a_kiss_(meme),Chưa có bản dịch
holding_thermometer,0,359,,Chưa có bản dịch
wavebox,0,355,,Chưa có bản dịch
surprise_hug,0,354,,Chưa có bản dịch
holding_telescope,0,354,,Chưa có bản dịch
holding_razor,0,353,,Chưa có bản dịch
holding_trowel,0,352,,Chưa có bản dịch
holding_stopwatch,0,352,,Chưa có bản dịch
holding_sunscreen,0,352,,Chưa có bản dịch
holding_baton_(weapon),0,352,,Chưa có bản dịch
reverse_dancer_position,7,350,,Chưa có bản dịch
cheerleading_pose,7,349,,Chưa có bản dịch
leaning_against_wall,7,349,,Chưa có bản dịch
yellow_blush,0,348,,Chưa có bản dịch
walkure_(macross_delta),0,347,,Chưa có bản dịch
holding_fixture,7,347,,Chưa có bản dịch
fusion_dance,0,347,,Chưa có bản dịch
dildo_sitting_reveal,7,346,,Chưa có bản dịch
looking_at_ass,0,344,,Chưa có bản dịch
standing_double_penetration,0,342,,Chưa có bản dịch
walkway,0,340,,Chưa có bản dịch
rope_walking,0,339,,Chưa có bản dịch
excited_expression,7,339,,Chưa có bản dịch
holding_tissue,0,338,,Chưa có bản dịch
kiss_meter_(meme),0,338,,Chưa có bản dịch
sitting_on_car,7,337,,Chưa có bản dịch
lotus_pose,7,337,,Chưa có bản dịch
spring_rider,0,335,,Chưa có bản dịch
dojikko_pose,0,335,,Chưa có bản dịch
sitting_on_glass,7,333,,Chưa có bản dịch
holding_nunchaku,0,332,,Chưa có bản dịch
ganbaru_pose,0,332,,Chưa có bản dịch
tiptoe_kiss,0,330,,Chưa có bản dịch
jumping_spider,0,330,"salticid,salticidae",Chưa có bản dịch
innocent_expression,7,330,,Chưa có bản dịch
sadistic_smile,7,329,,Chưa có bản dịch
holding_coffee_mug,7,329,,Chưa có bản dịch
standing_on_chair,0,328,,Chưa có bản dịch
group_pose,0,328,,Chưa có bản dịch
holding_rag,0,326,,Chưa có bản dịch
sitting_in_water,7,326,,Chưa có bản dịch
holding_computer_mouse,0,325,holding_mouse_(computer),Chưa có bản dịch
thinking_pose,7,325,,Chưa có bản dịch
tears_of_sadness,7,323,,Chưa có bản dịch
jumpscare,0,323,screamer,Chưa có bản dịch
kissing_animal,0,322,,Chưa có bản dịch
glowing_crystal,0,322,,Chưa có bản dịch
looking_aside_at_viewer,7,321,,Chưa có bản dịch
ass_blush,0,321,,Chưa có bản dịch
stern_look,7,320,,Chưa có bản dịch
holding_coffee_cup,7,319,holding_coffee_cups,Chưa có bản dịch
looking_worried,7,318,,Chưa có bản dịch
holding_bandages,0,318,,Chưa có bản dịch
holding_machete,0,317,,Chưa có bản dịch
holding_ornament,0,316,,Chưa có bản dịch
siamese_fighting_fish,0,315,"beta_fish,betta,betta_fish",Chưa có bản dịch
waiting_for_kiss,0,314,,Chưa có bản dịch
holding_baby,7,313,,Chưa có bản dịch
holding_micro,7,312,,Chưa có bản dịch
black_blush,7,311,,Chưa có bản dịch
disgusted_expression,7,310,,Chưa có bản dịch
sitting_on_back,7,310,,Chưa có bản dịch
holding_penetrable_sex_toy,7,309,"holding_flesh_light,holding_fleshlight,holding_onahole",Chưa có bản dịch
holding_kinchaku,0,309,,Chưa có bản dịch
holding_helmet,7,308,,Chưa có bản dịch
holding_coffee_pot,0,307,,Chưa có bản dịch
holding_apple,7,305,,Chưa có bản dịch
crying_aqua_(meme),0,305,,Chưa có bản dịch
bending,7,302,,Chưa có bản dịch
sex_gesture,7,302,,Chưa có bản dịch
viewer_holding_weapon,0,302,"fps_view,pov_weapon",Chưa có bản dịch
slight_blush,7,302,,Chưa có bản dịch
kiss_on_butt,7,301,"ass_kiss,ass_kissing,butt_kiss,butt_kissing,kissing_butt",Chưa có bản dịch
holding_tripod,0,300,,Chưa có bản dịch
command_to_look,7,297,,Chưa có bản dịch
looking_at_another's_butt,7,297,,Chưa có bản dịch
holding_tablet,7,296,,Chưa có bản dịch
holding_flail,0,295,,Chưa có bản dịch
rider,7,295,,Chưa có bản dịch
holding_pill,0,295,,Chưa có bản dịch
holding_legwear,0,294,,Chưa có bản dịch
acrylic_stand_(object),0,293,,Chưa có bản dịch
holding_ema,0,292,,Chưa có bản dịch
riding_toy,7,291,,Chưa có bản dịch
looking_at_watch,0,287,,Chưa có bản dịch
holding_saxophone,0,287,,Chưa có bản dịch
riding_bird,0,287,,Chưa có bản dịch
holding_drawing_tablet,0,287,,Chưa có bản dịch
holding_matchstick,0,286,,Chưa có bản dịch
double_cheek_kiss,0,285,,Chưa có bản dịch
holding_note_pad,7,285,,Chưa có bản dịch
holding_pinwheel,0,285,,Chưa có bản dịch
holding_hairbrush,7,284,,Chưa có bản dịch
holding_chakram,0,284,,Chưa có bản dịch
holding_another's_sheath,7,282,,Chưa có bản dịch
evil_laugh,7,282,,Chưa có bản dịch
holding_compact,0,281,,Chưa có bản dịch
head_ridge,7,281,,Chưa có bản dịch
holding_gun_barrel,0,280,,Chưa có bản dịch
collaborative_gesture,7,279,,Chưa có bản dịch
holding_up_other_character,7,279,,Chưa có bản dịch
upside-down_kiss,0,279,,Chưa có bản dịch
sitting_on_torii,0,278,,Chưa có bản dịch
sitting_on_vehicle,7,278,,Chưa có bản dịch
tearing,7,278,,Chưa có bản dịch
holding_snow_globe,0,277,,Chưa có bản dịch
holding_stun_gun,0,276,,Chưa có bản dịch
crystallization,0,276,,Chưa có bản dịch
sitting_together,7,276,,Chưa có bản dịch
inugami-ke_no_ichizoku_pose,0,274,,Chưa có bản dịch
laughing_at_another,7,274,,Chưa có bản dịch
holding_net,0,272,,Chưa có bản dịch
holding_organ,0,272,,Chưa có bản dịch
transformation_through_kiss,7,272,,Chưa có bản dịch
leaning_over,7,270,,Chưa có bản dịch
family_guy_death_pose_(meme),0,270,,Chưa có bản dịch
brown_jumpsuit,0,269,,Chưa có bản dịch
looking_out_window,7,269,,Chưa có bản dịch
looking_at_prey,7,268,,Chưa có bản dịch
content_smile,7,267,,Chưa có bản dịch
looking_at_computer,7,266,,Chưa có bản dịch
holding_tera_orb,0,266,,Chưa có bản dịch
holding_road_sign,0,266,,Chưa có bản dịch
multi_head_kiss,7,264,,Chưa có bản dịch
rider_kick,0,264,,Chưa có bản dịch
facial_expression_training,0,264,,Chưa có bản dịch
holding_lasso,0,263,,Chưa có bản dịch
holding_bat,7,260,,Chưa có bản dịch
ojou_laugh,7,259,,Chưa có bản dịch
holding_cd,0,257,,Chưa có bản dịch
after_fight,7,257,,Chưa có bản dịch
standing_on_weapon,0,257,,Chưa có bản dịch
holding_paws,7,255,,Chưa có bản dịch
holding_go_stone,0,255,,Chưa có bản dịch
leaning_on_tree,7,255,,Chưa có bản dịch
uncomfortable_pose,7,253,,Chưa có bản dịch
holding_tea_cup,7,251,"holding_tea_cups,holding_teacup,holding_teacups",Chưa có bản dịch
maboroshi_no_ginzuishou,0,251,silver_crystal_(sailor_moon),Chưa có bản dịch
holding_veil,0,250,,Chưa có bản dịch
crab_walk,7,250,,Chưa có bản dịch
neck_kiss,7,249,,Chưa có bản dịch
holding_wig,0,249,,Chưa có bản dịch
accidental_kiss,0,248,,Chưa có bản dịch
teasing_look,7,247,,Chưa có bản dịch
kissing_stomach,0,247,stomach_kiss,Chưa có bản dịch
kiss_chart,0,246,"kiss!kiss!kiss!,kiss_meme_chart",Chưa có bản dịch
tap_dancing,7,246,,Chưa có bản dịch
yotsubato!_pose,0,245,,Chưa có bản dịch
holding_behind_neck,0,245,,Chưa có bản dịch
leaning_against_motorcycle,0,244,,Chưa có bản dịch
collared_jumpsuit,0,244,,Chưa có bản dịch
holding_turret,0,243,,Chưa có bản dịch
holding_onto_partner,7,241,,Chưa có bản dịch
purple_jumpsuit,0,241,,Chưa có bản dịch
anal_kiss_mark,7,240,,Chưa có bản dịch
looking_at_pussy,0,239,,Chưa có bản dịch
holding_gag,0,239,,Chưa có bản dịch
you_look_lonely_(meme),0,237,,Chưa có bản dịch
kissing_back,0,236,back_kiss,Chưa có bản dịch
leaning_on_railing,7,236,,Chưa có bản dịch
leaning_against_vehicle,0,236,,Chưa có bản dịch
holding_bandaid,0,235,,Chưa có bản dịch
ball_kiss,7,234,kissing_balls,Chưa có bản dịch
crazed_look,7,232,,Chưa có bản dịch
sitting_on_diaper,7,231,,Chưa có bản dịch
holding_nintendo_switch,7,231,,Chưa có bản dịch
looking_at_diaper,7,231,,Chưa có bản dịch
standing_behind,7,230,,Chưa có bản dịch
looking_at_balls,7,228,,Chưa có bản dịch
standard_manufacturing_dp-12,0,228,,Chưa có bản dịch
bound_puppy_pose,0,227,"aranyasana,reverse_yogic_sleep_pose,theabibyama's_yoga_pose_trend",Chưa có bản dịch
pretzel_pose,0,227,,Chưa có bản dịch
mexican_standoff,0,227,,Chưa có bản dịch
holding_trident,7,226,,Chưa có bản dịch
beak_kiss,7,226,,Chưa có bản dịch
holding_beach_ball,7,225,,Chưa có bản dịch
arrow_(jojo),0,225,stand_arrow,Chưa có bản dịch
holding_snake,0,224,,Chưa có bản dịch
holding_rose,7,223,holding_roses,Chưa có bản dịch
holding_hookah,0,222,,Chưa có bản dịch
holding_chair,0,221,,Chưa có bản dịch
holding_doughnut,7,220,,Chưa có bản dịch
blush_spirals,0,219,,Chưa có bản dịch
pinching_gesture,0,219,,Chưa có bản dịch
holding_thermos,0,218,,Chưa có bản dịch
holding_wheat,0,218,,Chưa có bản dịch
leaning_on_edge,7,217,,Chưa có bản dịch
standing_on_another's_head,0,217,,Chưa có bản dịch
em_wave_change_(mega_man),0,217,,Chưa có bản dịch
hooded_jumpsuit,0,216,,Chưa có bản dịch
reclining_pose,7,216,,Chưa có bản dịch
leaning_on_furniture,7,216,,Chưa có bản dịch
zui_zui_dance,0,214,,Chưa có bản dịch
holding_moon,0,214,,Chưa có bản dịch
standing_on_box,0,213,,Chưa có bản dịch
goofy_smile,7,212,,Chưa có bản dịch
holding_figure,0,212,,Chưa có bản dịch
sitting_on_book,0,211,sitting_on_books,Chưa có bản dịch
audible_laugh,7,211,,Chưa có bản dịch
tenkyuu_chimata_pose,0,211,,Chưa có bản dịch
tears_on_cheek,7,210,,Chưa có bản dịch
looking_at_own_vulva,7,210,looking_at_own_pussy,Chưa có bản dịch
standing_fellatio,0,208,,Chưa có bản dịch
holding_calf,7,208,,Chưa có bản dịch
holding_boombox,0,208,,Chưa có bản dịch
leaning_on_animal,0,207,,Chưa có bản dịch
holding_badge,0,207,,Chưa có bản dịch
teardrop-shaped_gem,0,207,,Chưa có bản dịch
sitting_on_building,7,207,,Chưa có bản dịch
group_kissing,7,207,,Chưa có bản dịch
holding_alcohol,7,206,,Chưa có bản dịch
thigh_blush,0,205,,Chưa có bản dịch
fighting_type_theme_(pokemon),0,205,,Chưa có bản dịch
expressive,7,205,,Chưa có bản dịch
fox_shadow_puppet_kiss,0,204,,Chưa có bản dịch
lying_on_pillow,7,203,,Chưa có bản dịch
yoke_pose,7,202,,Chưa có bản dịch
holding_shawl,0,202,,Chưa có bản dịch
pigeon_pose,0,202,,Chưa có bản dịch
frog_pose,0,201,,Chưa có bản dịch
holding_lid,0,201,,Chưa có bản dịch
cheeky_smile,7,201,,Chưa có bản dịch
holding_eyepatch,0,200,,Chưa có bản dịch
holding_picnic_basket,0,200,,Chưa có bản dịch
cake_sitting,7,200,,Chưa có bản dịch
holding_own_ankles,0,199,grabbing_own_ankles,Chưa có bản dịch
looking_at_sex,7,199,,Chưa có bản dịch
holding_vehicle,7,199,,Chưa có bản dịch
holding_pacifier,0,198,,Chưa có bản dịch
looking_well-fed,7,198,,Chưa có bản dịch
tears_of_fear,7,198,,Chưa có bản dịch
standing_over_viewer,7,198,,Chưa có bản dịch
holding_ski_pole,0,198,,Chưa có bản dịch
napkin_holder,0,197,,Chưa có bản dịch
holding_both_ankles,7,197,"double_ankle_hold,holding_ankles",Chưa có bản dịch
holding_tambourine,0,197,,Chưa có bản dịch
gangsta_hold,0,197,sideways_gun,Chưa có bản dịch
holding_from_behind,7,196,,Chưa có bản dịch
hugging_balls,7,196,"ball_hug,embracing_balls",Chưa có bản dịch
crying_blood,7,195,,Chưa có bản dịch
holding_cum,0,195,,Chưa có bản dịch
girly_running,0,195,,Chưa có bản dịch
mixed_holding,0,194,,Chưa có bản dịch
waving_flag,0,194,,Chưa có bản dịch
fight_cloud,0,193,,Chưa có bản dịch
lying_on_animal,0,193,,Chưa có bản dịch
sailor_moon_pose,0,193,,Chưa có bản dịch
cute_pose,7,192,,Chưa có bản dịch
holding_knife_behind_back,0,192,knife_behind_back,Chưa có bản dịch
sitting_on_drum,0,192,,Chưa có bản dịch
holding_beaker,0,190,,Chưa có bản dịch
little_lyrical,0,190,,Chưa có bản dịch
sitting_on_bulge,7,189,,Chưa có bản dịch
z-move_trainer_pose,0,189,,Chưa có bản dịch
poses,0,188,,Chưa có bản dịch
holding_cheek,7,187,,Chưa có bản dịch
bending_down,7,187,,Chưa có bản dịch
page_tear,0,186,,Chưa có bản dịch
sitting_on_armchair,7,186,,Chưa có bản dịch
anal_kiss,7,186,,Chưa có bản dịch
shikairo_days_dance_(meme),0,186,,Chưa có bản dịch
holding_child,7,186,,Chưa có bản dịch
holding_harp,0,186,,Chưa có bản dịch
crystal_star_(sailor_moon),0,185,,Chưa có bản dịch
looking_at_sex_toy,7,184,,Chưa có bản dịch
leaning_on_counter,7,184,,Chưa có bản dịch
ginyu_force_pose,0,183,,Chưa có bản dịch
holding_water_bottle,7,183,,Chưa có bản dịch
holding_lightsaber,7,182,,Chưa có bản dịch
horse_pose,0,182,golshi's_first_place_pose,Chưa có bản dịch
me!me!me!_dance_(meme),0,182,"hip_sway_dance,zero_two_dance",Chưa có bản dịch
holding_another's_knot_root,7,182,,Chưa có bản dịch
welling_tears,7,182,,Chưa có bản dịch
holding_flyer,0,182,,Chưa có bản dịch
sitting_on_own_balls,7,181,,Chưa có bản dịch
hoshino_ruby_dance,0,181,doodle_dance,Chưa có bản dịch
standing_masturbation,7,180,,Chưa có bản dịch
leaning_on_fence,7,180,,Chưa có bản dịch
kissing_booth,7,180,,Chưa có bản dịch
team_pose,7,178,,Chưa có bản dịch
mikumikudance,0,178,miku_miku_dance,Chưa có bản dịch
looking_confused,7,178,,Chưa có bản dịch
standing_pee,7,178,,Chưa có bản dịch
holding_feather_duster,7,178,,Chưa có bản dịch
confident_expression,7,178,,Chưa có bản dịch
holding_cube,0,177,,Chưa có bản dịch
sleepwalking,0,177,sleep_walking,Chưa có bản dịch
holding_napkin,0,177,,Chưa có bản dịch
holding_pipe,7,176,,Chưa có bản dịch
sitting_table_lotus,7,175,,Chưa có bản dịch
holding_power_drill,0,174,,Chưa có bản dịch
looking_at_relative,7,174,,Chưa có bản dịch
sitting_at_table,7,174,,Chưa có bản dịch
imminent_pocky_kiss,0,173,,Chưa có bản dịch
cloacal_kiss,7,173,"cloaca_scissor_position,cloaca_scissoring,cloaca_trib,cloaca_tribbing,cloacal_scissor_position,cloacal_scissoring,cloacal_trib,cloacal_tribbing",Chưa có bản dịch
cd_walkman,0,172,discman,Chưa có bản dịch
ice_cream_stand,0,172,,Chưa có bản dịch
holding_together,0,172,,Chưa có bản dịch
holding_shin,7,171,,Chưa có bản dịch
facing_away_from_viewer,7,171,,Chưa có bản dịch
waveform,0,170,,Chưa có bản dịch
holding_pan,0,170,,Chưa có bản dịch
holding_assault_rifle,7,170,,Chưa có bản dịch
holding_blade,0,169,,Chưa có bản dịch
holding_pizza_box,7,169,,Chưa có bản dịch
riding_vacuum_cleaner,0,169,,Chưa có bản dịch
holding_wrists,7,168,,Chưa có bản dịch
arrogant,7,168,"arrogance,arrogant_look",Chưa có bản dịch
standing_restraints,0,168,,Chưa có bản dịch
holding_swimwear,7,168,,Chưa có bản dịch
holding_hourglass,0,168,,Chưa có bản dịch
looking_at_book,7,168,,Chưa có bản dịch
z-crystal,0,168,,Chưa có bản dịch
unusual_tears,7,167,,Chưa có bản dịch
standing_in_rain,0,167,,Chưa có bản dịch
tearing_paper,0,167,,Chưa có bản dịch
pained_look,7,167,,Chưa có bản dịch
tears_facial_mark,0,167,,Chưa có bản dịch
holding_chaos_emerald,0,166,,Chưa có bản dịch
holding_harpoon,0,166,,Chưa có bản dịch
sitting_on_counter,7,165,,Chưa có bản dịch
sitting_on_tree,7,165,,Chưa có bản dịch
holding_tree,0,165,,Chưa có bản dịch
holding_weights,7,164,,Chưa có bản dịch
holding_hoe,0,164,,Chưa có bản dịch
kneeling_on_liquid,0,163,,Chưa có bản dịch
the_sword_sharpened_with_tears_(e.g.o),0,163,,Chưa có bản dịch
standing_at_attention,0,163,,Chưa có bản dịch
holding_pocketwatch,7,163,,Chưa có bản dịch
holding_platter,7,163,,Chưa có bản dịch
tengu_pose,0,163,,Chưa có bản dịch
dancer_position,7,163,,Chưa có bản dịch
top/bottom_dynamic_annotated,0,163,"bottom_(sexual_preference),top_(sexual_preference)",Chưa có bản dịch
holding_mascot_head,0,162,,Chưa có bản dịch
holding_erection,7,162,,Chưa có bản dịch
riding_roller_coaster,0,162,,Chưa có bản dịch
frozen_expression,7,161,,Chưa có bản dịch
holding_pitcher,0,161,,Chưa có bản dịch
holding_own_knot_root,7,161,,Chưa có bản dịch
kissing_thigh,0,161,thigh_kiss,Chưa có bản dịch
blush_symbol,7,161,,Chưa có bản dịch
komaniya_express_(genshin_impact),0,161,,Chưa có bản dịch
sinister_smile,7,160,,Chưa có bản dịch
lyra_(constellation),0,160,,Chưa có bản dịch
holding_pokedex,0,160,,Chưa có bản dịch
holding_chisel,0,160,,Chưa có bản dịch
looking_around_corner,7,159,,Chưa có bản dịch
holding_acorn,0,159,,Chưa có bản dịch
after_cum_kiss,7,159,,Chưa có bản dịch
sonic_adventure_pose,0,158,,Chưa có bản dịch
holding_ocarina,0,158,,Chưa có bản dịch
holding_digimon,0,158,,Chưa có bản dịch
holding_clock,0,158,,Chưa có bản dịch
bending_of_the_rectum,7,157,,Chưa có bản dịch
haigure_pose,0,156,,Chưa có bản dịch
hugging_partner,7,156,,Chưa có bản dịch
holding_head_wreath,0,156,,Chưa có bản dịch
kiss_from_behind,0,155,,Chưa có bản dịch
lying_upside-down,0,155,,Chưa có bản dịch
hurt_expression,7,155,,Chưa có bản dịch
unzipped_jumpsuit,7,154,,Chưa có bản dịch
holding_tablet_pen,7,154,,Chưa có bản dịch
running_on_liquid,0,154,,Chưa có bản dịch
colombia_pose_(meme),0,154,colombia_pose,Chưa có bản dịch
attack_pose,7,153,,Chưa có bản dịch
wavy_background,0,153,,Nền gợn sóng
spike_ridge,7,153,,Chưa có bản dịch
holding_dustpan,0,153,,Chưa có bản dịch
holding_barbell,7,152,,Chưa có bản dịch
holding_buttplug,7,152,,Chưa có bản dịch
holding_dog_tags,0,152,,Chưa có bản dịch
standard_poodle,0,152,,Chưa có bản dịch
holding_record,0,151,,Chưa có bản dịch
giorno_giovanna's_pose,0,150,giorno_giovanna's_pose_(jojo),Chưa có bản dịch
standing_on_swing,0,150,,Chưa có bản dịch
tears_of_the_tarnished_blood_(e.g.o),0,150,,Chưa có bản dịch
bending_backward,0,150,,Chưa có bản dịch
holding_prey,7,150,,Chưa có bản dịch
looking_at_penetration,7,150,,Chưa có bản dịch
holding_slingshot,0,150,,Chưa có bản dịch
holding_binder,0,149,,Chưa có bản dịch
uterus_pose,0,147,,Chưa có bản dịch
hugging_during_sex,7,147,,Chưa có bản dịch
holding_halo,0,147,,Chưa có bản dịch
kneeling_bodyguard_position,7,147,,Chưa có bản dịch
holding_flame,0,147,,Chưa có bản dịch
smile_(e.g.o),0,147,,Chưa có bản dịch
lying_on_top,7,147,,Chưa có bản dịch
looking_at_partner's_genitalia,7,146,,Chưa có bản dịch
grey_blush,7,146,,Chưa có bản dịch
holding_cocktail,7,146,,Chưa có bản dịch
cure_black_pose,0,146,,Chưa có bản dịch
holding_curling_iron,0,146,,Chưa có bản dịch
sitting_on_butt,7,146,,Chưa có bản dịch
holding_holly,0,146,,Chưa có bản dịch
looking_at_own_genitalia,7,145,,Chưa có bản dịch
holding_soap,0,145,,Chưa có bản dịch
beak_hold,0,145,,Chưa có bản dịch
holding_vacuum_cleaner,0,145,,Chưa có bản dịch
forehead_blush,0,145,,Chưa có bản dịch
babydoll_hold,0,144,,Chưa có bản dịch
nikke's_shooting_pose_(meme),0,143,,Chưa có bản dịch
standalone_balls,7,143,"nutgirl,standalone_testicles",Chưa có bản dịch
holding_beer_mug,7,142,,Chưa có bản dịch
holding_cushion,0,142,,Chưa có bản dịch
looking_down_at_butt,7,142,,Chưa có bản dịch
holding_game_boy,7,141,,Chưa có bản dịch
vendor_stand,7,141,,Chưa có bản dịch
myoukou_pose_(meme),0,141,myoukou_pose,Chưa có bản dịch
kongou_pose,0,141,,Chưa có bản dịch
heart-shaped_blush_stickers,0,141,heart_blush_stickers,Chưa có bản dịch
holding_business_card,0,140,,Chưa có bản dịch
sitting_69_position,7,139,,Chưa có bản dịch
standing_on_rock,0,139,,Chưa có bản dịch
looking_at_sibling,7,139,,Chưa có bản dịch
holding_sniper_rifle,7,138,,Chưa có bản dịch
sad_cat_dance_(meme),0,138,,Chưa có bản dịch
implied_after_fight,0,138,,Chưa có bản dịch
running_blades,0,138,,Chưa có bản dịch
sword_fight,0,137,,Chưa có bản dịch
standing_on_branch,0,137,,Chưa có bản dịch
f-16_fighting_falcon,0,137,,Chưa có bản dịch
autodefenestration,0,137,jumping_out_of_window,Chưa có bản dịch
downward_dog_pose,7,136,,Chưa có bản dịch
foaming_waves,0,136,,Chưa có bản dịch
looking_at_map,0,136,,Chưa có bản dịch
holding_trombone,0,135,,Chưa có bản dịch
looking_at_dildo,7,135,,Chưa có bản dịch
surprise_transformation,7,135,,Chưa có bản dịch
holding_sarong,0,135,,Chưa có bản dịch
holding_boomerang,0,134,,Chưa có bản dịch
holding_pie,7,134,,Chưa có bản dịch
mochi_mochi_dance,0,134,,Chưa có bản dịch
villain_pose,0,133,,Chưa có bản dịch
holding_kickboard,0,133,,Chưa có bản dịch
kiss_mark_covered,7,133,,Chưa có bản dịch
jonathan_joestar's_pose,0,133,jonathan_joestar's_pose_(jojo),Chưa có bản dịch
torn_jumpsuit,0,132,ripped_jumpsuit,Chưa có bản dịch
blushy,7,132,,Chưa có bản dịch
sitting_on_planet,7,132,,Chưa có bản dịch
shy_expression,7,132,,Chưa có bản dịch
dio_brando's_pose,0,132,"dio's_pose,dio_brando's_pose_(jojo)",Chưa có bản dịch
looking_at_doll,0,132,,Chưa có bản dịch
holding_crutch,0,131,,Chưa có bản dịch
standing_on_stool,7,131,,Chưa có bản dịch
wavy_mane,7,130,,Chưa có bản dịch
upright_69,0,130,standing_69,Chưa có bản dịch
facing_animal,0,129,,Chưa có bản dịch
lycanthropy,7,129,,Chưa có bản dịch
holding_tube,0,128,,Chưa có bản dịch
holding_hot_dog,7,128,,Chưa có bản dịch
pen_holder,0,128,,Chưa có bản dịch
holding_pecs,7,127,,Chưa có bản dịch
palate_ridges,7,127,,Chưa có bản dịch
holding_single_card,7,127,,Chưa có bản dịch
holding_basketball,7,127,,Chưa có bản dịch
tonari_ni_tatsu_yasashii_anata_e_(project_sekai),0,126,"standing_next_to_the_kind_and_gentle_you_(project_sekai),to_you_my_caring_companion_(project_sekai)",Chưa có bản dịch
neck_hold,0,126,,Chưa có bản dịch
holding_bug,0,126,,Chưa có bản dịch
holding_submachine_gun,7,126,,Chưa có bản dịch
ga_rune_pose,0,125,,Chưa có bản dịch
holding_partner's_head,7,125,,Chưa có bản dịch
sitting_on_liquid,0,125,,Chưa có bản dịch
holding_grass,0,125,,Chưa có bản dịch
holding_battle_axe,7,125,,Chưa có bản dịch
holding_banana,7,125,,Chưa có bản dịch
head_hold,0,124,,Chưa có bản dịch
phone_stand,0,124,,Chưa có bản dịch
sleeper_hold,0,124,,Chưa có bản dịch
standing_on_sword,0,123,,Chưa có bản dịch
lychee,0,123,,Chưa có bản dịch
holding_lute,0,123,,Chưa có bản dịch
holding_board,0,123,,Chưa có bản dịch
ಠ_ಠ,7,123,look_of_disapproval,Chưa có bản dịch
trying_not_to_laugh,7,123,,Chưa có bản dịch
candle_holder,7,122,,Chưa có bản dịch
holding_kite,0,122,,Chưa có bản dịch
facing_forward,7,122,,Chưa có bản dịch
lycoris_challenge_(meme),0,122,lycoris_challenge,Chưa có bản dịch
tidal_wave,0,122,,Chưa có bản dịch
holding_detonator,0,122,,Chưa có bản dịch
cure_white_pose,0,122,,Chưa có bản dịch
holding_poker_chip,0,122,,Chưa có bản dịch
holding_bong,0,121,,Chưa có bản dịch
walking_together,7,121,,Chưa có bản dịch
stand-up_comedy,0,121,,Chưa có bản dịch
kirara_jump,0,121,,Chưa có bản dịch
leaning_hips,7,121,,Chưa có bản dịch
holding_hip,7,120,,Chưa có bản dịch
nervous_laugh,7,120,,Chưa có bản dịch
holding_power_tool,7,120,,Chưa có bản dịch
riding_bike,7,120,,Chưa có bản dịch
holding_award,7,120,holding_awards,Chưa có bản dịch
rider_gashat,0,120,,Chưa có bản dịch
two-tone_jumpsuit,0,120,,Chưa có bản dịch
holding_snowboard,0,119,,Chưa có bản dịch
kamina_pose,0,119,,Chưa có bản dịch
lying_butler_position,7,119,,Chưa có bản dịch
kneeling_on_sofa,7,119,,Chưa có bản dịch
riding_scooter,0,119,,Chưa có bản dịch
holding_tape_measure,0,118,,Chưa có bản dịch
paizuri_gesture,0,118,,Chưa có bản dịch
looking_at_back,7,117,,Chưa có bản dịch
holding_canteen,0,117,,Chưa có bản dịch
looking_down_at_object,7,117,,Chưa có bản dịch
crying_kasumi_(blue_archive),0,116,,Chưa có bản dịch
sitting_on_viewer,7,116,,Chưa có bản dịch
crooked_smile,0,116,,Chưa có bản dịch
sitting_on_furniture,7,116,,Chưa có bản dịch
holding_floatie,0,116,,Chưa có bản dịch
blue_crystal,7,116,,Chưa có bản dịch
sugar_lyric,0,116,,Chưa có bản dịch
crazy_laugh,0,115,,Chưa có bản dịch
kiss_on_balls,7,115,"ball_kissing,balls_kiss,balls_kissing,kissing_balls",Chưa có bản dịch
holding_paw,0,115,,Chưa có bản dịch
selfie_pose,7,115,,Chưa có bản dịch
kiss_request,7,114,,Chưa có bản dịch
exotic_dancer,7,114,,Chưa có bản dịch
standing_on_bed,0,114,,Chưa có bản dịch
kiddie_ride,0,113,,Chưa có bản dịch
lying_on_branch,0,113,,Chưa có bản dịch
pokemon_cry,7,112,,Chưa có bản dịch
expression_35,0,112,,Chưa có bản dịch
holding_handlebar,0,112,,Chưa có bản dịch
holding_beam_saber,0,112,,Chưa có bản dịch
white_blush,7,112,,Chưa có bản dịch
leaning_on_bed,7,111,,Chưa có bản dịch
holding_parasol,7,111,,Chưa có bản dịch
ridiculous_bulge,7,111,,Chưa có bản dịch
ridewatch,0,111,,Chưa có bản dịch
holding_lightning_bolt,0,111,,Chưa có bản dịch
holding_soda,7,111,,Chưa có bản dịch
frill_ridge,7,110,,Chưa có bản dịch
book_stand,0,110,,Chưa có bản dịch
holding_joint,0,110,,Chưa có bản dịch
holding_iv_stand,0,110,,Chưa có bản dịch
leaning_in,0,110,,Chưa có bản dịch
holding_straw,0,110,,Chưa có bản dịch
standing_on_table,7,110,,Chưa có bản dịch
kitsune_dance,0,109,,Chưa có bản dịch
facing_object,0,109,,Chưa có bản dịch
holding_dart,0,109,,Chưa có bản dịch
sitting_on_another's_back,0,109,,Chưa có bản dịch
holding_feral,7,109,,Chưa có bản dịch
laughing_at_viewer,7,109,,Chưa có bản dịch
crotch_blush,7,108,,Chưa có bản dịch
holding_rosary,0,108,,Chưa có bản dịch
figure_stand,0,108,,Chưa có bản dịch
holding_frog,0,108,,Chưa có bản dịch
leaning_on_car,7,107,,Chưa có bản dịch
crying_while_penetrated,7,107,,Chưa có bản dịch
kissing_during_sex,7,107,,Chưa có bản dịch
d-wheel,0,106,duel_runner,Chưa có bản dịch
dance_pad,0,106,"dance_mat,dance_platform",Chưa có bản dịch
ishowspeed_trying_not_to_laugh_(meme),0,106,,Chưa có bản dịch
riding_machine,0,106,,Chưa có bản dịch
holding_wind_chime,0,106,,Chưa có bản dịch
innocent_smile,7,106,,Chưa có bản dịch
hula_dancer,7,106,,Chưa có bản dịch
holding_bolter,0,105,,Chưa có bản dịch
blush_emoticon,7,105,,Chưa có bản dịch
floating_tears,0,105,,Chưa có bản dịch
holding_another's_head,7,104,,Chưa có bản dịch
holding_anal_beads,7,104,,Chưa có bản dịch
forced_to_top,7,104,forced_to_ride,Chưa có bản dịch
holding_own_ankle,0,104,grabbing_own_ankle,Chưa có bản dịch
sitting_on_swing,7,104,,Chưa có bản dịch
blood_tears,7,104,,Chưa có bản dịch
holding_snout,7,104,,Chưa có bản dịch
waist_hold,0,104,,Chưa có bản dịch
running_water,7,104,,Chưa có bản dịch
holding_glass_shard,0,103,,Chưa có bản dịch
holding_present,7,103,,Chưa có bản dịch
holding_puzzle_piece,0,103,,Chưa có bản dịch
crypters_(fate/grand_order),0,103,,Chưa có bản dịch
paw_holding,7,103,,Chưa có bản dịch
blush_(makeup),7,103,,Chưa có bản dịch
pinch_grip,0,103,pinch_hold,Chưa có bản dịch
holding_tenbou,0,103,,Chưa có bản dịch
holding_skeleton,0,103,,Chưa có bản dịch
holding_meat,7,102,,Chưa có bản dịch
holding_cheese,7,102,,Chưa có bản dịch
kiss_the_cook,0,102,,Chưa có bản dịch
holding_blindfold,0,102,,Chưa có bản dịch
leaning_on_desk,7,102,,Chưa có bản dịch
looking_at_laptop,7,101,,Chưa có bản dịch
holding_portrait,0,101,,Chưa có bản dịch
nelson_pose,7,101,,Chưa có bản dịch
object_riding,0,101,,Chưa có bản dịch
crychic_(bang_dream!),0,101,,Chưa có bản dịch
dramatic_pose,7,101,,Chưa có bản dịch
standing_footjob,0,100,,Chưa có bản dịch
higashikata_josuke's_pose,0,100,higashikata_josuke's_pose_(jojo),Chưa có bản dịch
holding_compass,0,100,,Chưa có bản dịch
orgasm_from_kissing,7,100,,Chưa có bản dịch
walking_cane,7,100,,Chưa có bản dịch
holding_melon,7,100,,Chưa có bản dịch
holding_makeup_palette,0,100,,Chưa có bản dịch
dolls_kissing,0,100,,Chưa có bản dịch
laughing_man_(gits),0,99,"laughing_man,laughing_man_(ghost_in_the_shell)",Chưa có bản dịch
sitting_against_vehicle,0,99,,Chưa có bản dịch
lying_in_water,7,99,,Chưa có bản dịch
sitting_position,7,99,,Chưa có bản dịch
standing_on_torii,0,99,,Chưa có bản dịch
fried_rice_prank_(meme),0,98,rice_wave_(meme),Chưa có bản dịch
leaned_back,7,98,,Chưa có bản dịch
holding_stake,0,98,,Chưa có bản dịch
mean_look,7,98,,Chưa có bản dịch
holding_radio,0,98,,Chưa có bản dịch
holding_pliers,0,98,,Chưa có bản dịch
running_blade,7,97,,Chưa có bản dịch
riding_dinosaur,0,97,"dinosaur_riding,riding_t-rex",Chưa có bản dịch
jumpsuit_pull,0,97,,Chưa có bản dịch
holding_hockey_stick,0,97,,Chưa có bản dịch
holding_game_cartridge,0,97,,Chưa có bản dịch
fighters,7,97,,Chưa có bản dịch
internal_kiss,7,96,,Chưa có bản dịch
lying_sex,7,96,,Chưa có bản dịch
spoken_smile,0,96,,Chưa có bản dịch
blush_marks,7,96,,Chưa có bản dịch
holding_hood,0,96,,Chưa có bản dịch
sitting_on_robot,0,96,,Chưa có bản dịch
holding_teddy_bear,7,96,,Chưa có bản dịch
standing_on_roof,0,95,,Chưa có bản dịch
various_blushing_faces,0,95,,Chưa có bản dịch
holding_jockstrap,7,95,,Chưa có bản dịch
holding_paint_roller,0,95,,Chưa có bản dịch
dance_club,7,95,,Chưa có bản dịch
charizard_pose,0,94,,Chưa có bản dịch
holding_barrel,0,94,,Chưa có bản dịch
holding_blister_pack,0,94,,Chưa có bản dịch
true_velocity_rm338,0,94,general_dynamics_lwmmg,Chưa có bản dịch
looking_relieved,7,94,,Chưa có bản dịch
holding_medal,0,94,,Chưa có bản dịch
holding_tweezers,0,93,,Chưa có bản dịch
looking_into_the_distance,7,93,,Chưa có bản dịch
holding_pendant,0,93,,Chưa có bản dịch
holding_own_butt,7,93,,Chưa có bản dịch
helltaker_dance,0,92,,Chưa có bản dịch
holding_bars,0,92,,Chưa có bản dịch
holding_christmas_tree,0,92,,Chưa có bản dịch
crystal_carillon,0,92,,Chưa có bản dịch
striped_jumpsuit,0,91,,Chưa có bản dịch
holding_watermelon,7,91,,Chưa có bản dịch
tearing_bottomwear,7,91,,Chưa có bản dịch
huge_ass_lying_on_couch_pose_(meme),0,91,,Chưa có bản dịch
cryptocurrency,0,90,,Chưa có bản dịch
sitting_on_mushroom,0,90,,Chưa có bản dịch
holding_stapler,0,90,,Chưa có bản dịch
crystal_empire,7,90,,Chưa có bản dịch
high_jump,0,90,,Chưa có bản dịch
camera_hold_pose_(han-0v0),0,90,,Chưa có bản dịch
holding_rolling_pin,0,90,,Chưa có bản dịch
string_jumpsuit,7,90,stringjumpsuit,Chưa có bản dịch
holding_painting,0,90,,Chưa có bản dịch
holding_berry,7,90,,Chưa có bản dịch
jumper_cable,0,90,,Chưa có bản dịch
lying_on_bench,7,90,,Chưa có bản dịch
holding_goblet,7,90,,Chưa có bản dịch
expressive_sound_effect,7,89,,Chưa có bản dịch
holding_cotton_swab,0,89,,Chưa có bản dịch
holding_carton,7,89,,Chưa có bản dịch
holding_bubble,0,89,,Chưa có bản dịch
holding_macaron,0,89,,Chưa có bản dịch
holding_ice_cream_scoop_(utensil),0,88,holding_ice_cream_scoop,Chưa có bản dịch
guilty_kiss_(love_live!),0,87,,Chưa có bản dịch
holding_blunt,7,87,,Chưa có bản dịch
lying_on_desk,7,87,,Chưa có bản dịch
head_holding,7,87,,Chưa có bản dịch
plow_pose,7,87,,Chưa có bản dịch
looking_at_monitor,7,87,,Chưa có bản dịch
new_wave_(idolmaster),0,87,new_wave,Chưa có bản dịch
holding_pouch,0,87,,Chưa có bản dịch
holding_pool_toy,7,87,,Chưa có bản dịch
looking_from_above,7,86,,Chưa có bản dịch
holding_shogi_piece,0,86,,Chưa có bản dịch
standing_front_split,0,86,,Chưa có bản dịch
holding_feces,7,86,grabbing_feces,Chưa có bản dịch
tears_of_rage,7,86,,Chưa có bản dịch
holding_close,7,86,,Chưa có bản dịch
don't_look,7,85,,Chưa có bản dịch
sitting_in_car,7,85,,Chưa có bản dịch
holding_cupcake,7,85,,Chưa có bản dịch
lying_on_pool_toy,7,85,,Chưa có bản dịch
crying_cat_(meme),0,85,,Chưa có bản dịch
holding_ink_brush,7,85,,Chưa có bản dịch
holding_saber,7,85,,Chưa có bản dịch
facial_expression,7,85,,Chưa có bản dịch
strapless_jumpsuit,0,84,,Chưa có bản dịch
holding_building,7,84,,Chưa có bản dịch
food_fight,0,84,,Chưa có bản dịch
lycanfolf,7,84,,Chưa có bản dịch
holding_hula_hoop,0,84,,Chưa có bản dịch
pounce_pose,7,84,,Chưa có bản dịch
handjob_gesture_(not_ok),0,84,,Chưa có bản dịch
holding_relay_baton,0,84,,Chưa có bản dịch
how_to_hold_x_(meme),0,84,,Chưa có bản dịch
shimushu_pose,0,84,,Chưa có bản dịch
manly_tears,0,83,,Chưa có bản dịch
leaning_on_doorway,7,83,,Chưa có bản dịch
holding_cassette,0,83,,Chưa có bản dịch
holding_side,7,83,,Chưa có bản dịch
lying_on_ball,0,83,,Chưa có bản dịch
poptepipic_pose,0,83,,Chưa có bản dịch
friction_ridges,0,83,,Chưa có bản dịch
holding_machine_gun,7,83,,Chưa có bản dịch
front_sitting_split,0,82,forward_sitting_split,Chưa có bản dịch
holding_device,7,82,,Chưa có bản dịch
sitting_on_railing,7,82,,Chưa có bản dịch
holding_table,0,81,,Chưa có bản dịch
brown_blush,7,81,,Chưa có bản dịch
dynamic,7,81,,Chưa có bản dịch
guitar_stand,0,81,,Chưa có bản dịch
cryostasis_pod,0,81,,Chưa có bản dịch
fingering_gesture,0,80,,Chưa có bản dịch
looking_through_magnifying_glass,0,80,,Chưa có bản dịch
sitting_at_desk,7,80,,Chưa có bản dịch
holding_spice_shaker,0,80,,Chưa có bản dịch
looking_at_stomach,0,80,,Chưa có bản dịch
surprise_oral,7,80,,Chưa có bản dịch
leaning_against_object,7,80,,Chưa có bản dịch
rider_card,0,80,,Chưa có bản dịch
kneeling_over_dildo,7,80,,Chưa có bản dịch
kissing_while_handjob,7,79,,Chưa có bản dịch
awkward_pose,7,79,,Chưa có bản dịch
lying_on_chair,7,79,,Chưa có bản dịch
car_hood_pose,7,79,,Chưa có bản dịch
holding_alarm_clock,0,79,,Chưa có bản dịch
human_kissing_anthro,7,78,,Chưa có bản dịch
implied_after_kiss,0,78,,Chưa có bản dịch
holding_elbow,7,78,,Chưa có bản dịch
looking_at_photo,7,78,,Chưa có bản dịch
nervous_tama-chan_pose,0,78,,Chưa có bản dịch
leaning_on_broom,0,78,leaning_on_mop,Chưa có bản dịch
holding_razor_blade,0,78,,Chưa có bản dịch
holding_macuahuitl,7,78,,Chưa có bản dịch
figure_four_standing,0,78,,Chưa có bản dịch
sitting_on_balloon,7,77,,Chưa có bản dịch
holding_switch,7,77,,Chưa có bản dịch
holding_rake,0,77,,Chưa có bản dịch
stop_gesture,7,77,,Chưa có bản dịch
kiss_mark_on_cheek,7,77,,Chưa có bản dịch
holding_headband,0,76,,Chưa có bản dịch
another_ship_dynamic_i_enjoy_(meme),0,76,,Chưa có bản dịch
holding_halberd,7,76,,Chưa có bản dịch
standing_oral,7,76,,Chưa có bản dịch
holding_sash,0,76,,Chưa có bản dịch
rib_ridge,7,76,,Chưa có bản dịch
laughing_gas,7,76,,Chưa có bản dịch
kneeling_in_water,7,76,,Chưa có bản dịch
lyra_(pokemon)_(cosplay),0,76,,Chưa có bản dịch
holding_detached_steering_wheel,0,76,,Chưa có bản dịch
subarashii_pose,0,76,,Chưa có bản dịch
dragon_rider,7,75,,Chưa có bản dịch
loser_gesture,0,75,,Chưa có bản dịch
holding_serving_tray,7,75,,Chưa có bản dịch
holding_shaved_ice,0,75,,Chưa có bản dịch
ridged_dildo,7,75,,Chưa có bản dịch
kisses,7,75,,Chưa có bản dịch
ballroom_dancing,0,75,,Chưa có bản dịch
sitting_on_piano,0,74,,Chưa có bản dịch
cup_holder,0,74,,Chưa có bản dịch
walking_backwards,0,74,,Chưa có bản dịch
holding_earbud,0,74,,Chưa có bản dịch
looking_at_paper,7,74,,Chưa có bản dịch
riding_tricycle,0,74,,Chưa có bản dịch
holding_javelin,0,74,,Chưa có bản dịch
holding_list,7,74,,Chưa có bản dịch
silly_pose,7,74,,Chưa có bản dịch
crystal_night_party_(idolmaster),0,74,crystal_night_party,Chưa có bản dịch
standing_on_animal,0,73,,Chưa có bản dịch
standing_up,0,73,,Chưa có bản dịch
blushing_at_partner,7,73,,Chưa có bản dịch
holding_raygun,7,73,,Chưa có bản dịch
cossack_dance,0,73,hopak,Chưa có bản dịch
holding_block,0,73,,Chưa có bản dịch
sitting_back,7,73,,Chưa có bản dịch
vertical_standing_split,7,73,,Chưa có bản dịch
sitting_on_crate,7,72,,Chưa có bản dịch
holding_coffee,7,72,,Chưa có bản dịch
holding_lube,7,72,,Chưa có bản dịch
holding_neckerchief,0,72,,Chưa có bản dịch
television_stand,7,72,,Chưa có bản dịch
holding_unworn_slippers,0,72,holding_slippers,Chưa có bản dịch
raspberry_kiss,7,72,,Chưa có bản dịch
frottage_kiss,7,72,,Chưa có bản dịch
tied_jumpsuit,0,72,,Chưa có bản dịch
leaning_on_rock,7,72,,Chưa có bản dịch
reze_dance,0,71,,Chưa có bản dịch
riding_horse,7,71,,Chưa có bản dịch
expression_meme,7,71,,Chưa có bản dịch
tears_of_embarrassment,7,71,,Chưa có bản dịch
walkman_e_series,0,71,,Chưa có bản dịch
sitting_on_weapon,0,71,,Chưa có bản dịch
holding_disposable_cup,7,71,,Chưa có bản dịch
holding_in_urine,7,71,,Chưa có bản dịch
holding_rapier,7,71,,Chưa có bản dịch
holding_prayer_beads,0,71,,Chưa có bản dịch
zombie_walk,7,70,,Chưa có bản dịch
holding_ice,0,70,,Chưa có bản dịch
holding_grater,0,70,,Chưa có bản dịch
saboten_pose,0,70,,Chưa có bản dịch
head_kiss,7,70,,Chưa có bản dịch
smile_of_dreamer_(project_sekai),0,70,,Chưa có bản dịch
blushing_at_another,7,70,,Chưa có bản dịch
riding_boar,0,70,,Chưa có bản dịch
riding_digimon,0,70,,Chưa có bản dịch
weapon_riding,0,70,,Chưa có bản dịch
manhattan_cafe_holding_a_fish_(meme),0,69,,Chưa có bản dịch
ride-on_toy_car,0,69,,Chưa có bản dịch
bungee_jumping,0,69,,Chưa có bản dịch
holding_self,7,69,,Chưa có bản dịch
sitting_on_creature,0,69,,Chưa có bản dịch
crystal_heart,7,69,,Chưa có bản dịch
peaceful_expression,7,69,,Chưa có bản dịch
licking_tears,0,69,licking_tear,Chưa có bản dịch
glowing_blush,7,68,,Chưa có bản dịch
kiss_on_vulva,7,68,"kissing_pussy,kissing_vulva,pussy_kiss,pussy_kissing,vulva_kiss,vulva_kissing",Chưa có bản dịch
holding_baby_bottle,7,68,,Chưa có bản dịch
holding_ball_and_chain_(weapon),0,68,,Chưa có bản dịch
holding_dynamite,0,68,,Chưa có bản dịch
holding_lipstick,7,68,,Chưa có bản dịch
holding_lanyard,0,68,,Chưa có bản dịch
sitting_on_mecha,0,68,,Chưa có bản dịch
looking_at_television,7,68,,Chưa có bản dịch
looking_aroused,7,68,,Chưa có bản dịch
raiden_punching_armstrong_(meme),0,68,standing_here_i_realize_(meme),Chưa có bản dịch
facing_aside,7,68,,Chưa có bản dịch
leaning_against_tree,7,68,,Chưa có bản dịch
bridge_pose,7,68,,Chưa có bản dịch
multicolored_jumpsuit,0,68,,Chưa có bản dịch
cock_sitting,7,68,,Chưa có bản dịch
sitting_on_seat,7,67,,Chưa có bản dịch
wave_emanata,7,67,,Chưa có bản dịch
kakyoin_noriaki's_pose,0,67,kakyoin_noriaki's_pose_(jojo),Chưa có bản dịch
holding_in_feces,7,67,,Chưa có bản dịch
handjob_while_kissing,7,67,,Chưa có bản dịch
standing_on_partner,7,66,,Chưa có bản dịch
shinshun!_shishimai_robo_no_oshougatsu_show!_(project_sekai),0,66,"a_brand_new_year!_lion_dance_robot's_new_year_show!_(project_sekai),happy_new_year!_lion_dance_robot's_new_year's_show!_(project_sekai)",Chưa có bản dịch
holding_own_balls,7,66,,Chưa có bản dịch
holding_moob,7,66,,Chưa có bản dịch
sitting_on_ledge,7,66,,Chưa có bản dịch
blushing_girls_are_cute_(template),0,66,,Chưa có bản dịch
but_you_can't_prove_it_(meme),0,66,doakes_looking_at_guerrero_(meme),Chưa có bản dịch
holding_bookmark,0,66,,Chưa có bản dịch
kagurabachi_pose_(meme),0,66,,Chưa có bản dịch
dancing_pallbearers_(meme),0,66,dancing_pallbearers,Chưa có bản dịch
dynamic_lighting,7,65,,Chưa có bản dịch
kneeling_on_chair,7,65,,Chưa có bản dịch
holding_hairpin,0,65,,Chưa có bản dịch
holding_object_above_head,7,65,,Chưa có bản dịch
holding_television,0,65,,Chưa có bản dịch
surprise_attack,7,65,,Chưa có bản dịch
standing_on_hock,7,65,,Chưa có bản dịch
looking_over,7,65,,Chưa có bản dịch
holding_rubber_duck,0,65,,Chưa có bản dịch
share_crystal_(neptunia),0,64,,Chưa có bản dịch
pumpkin_dance_(meme),0,64,pumpkin_dance,Chưa có bản dịch
ball_holding,7,64,,Chưa có bản dịch
wilt_and_blush,0,64,,Chưa có bản dịch
holding_champagne_glass,7,64,,Chưa có bản dịch
holding_package,7,64,,Chưa có bản dịch
wonder_ride_book,0,64,,Chưa có bản dịch
animal_holding_leash,0,63,,Chưa có bản dịch
holding_butt_plug,0,63,,Chưa có bản dịch
holding_statuette,0,63,,Chưa có bản dịch
surprise_deepthroat,0,63,,Chưa có bản dịch
running_ganger_(meme),0,63,,Chưa có bản dịch
ready_to_fight,7,63,,Chưa có bản dịch
sarong_hold,0,63,,Chưa có bản dịch
sitting_on_pokemon,0,63,,Chưa có bản dịch
tearing_topwear,7,63,,Chưa có bản dịch
heroic_pose,7,62,,Chưa có bản dịch
fluffy_white_puppy_expressions_(meme),0,62,,Chưa có bản dịch
kiss_22_title,0,62,,Chưa có bản dịch
surprise_cockslap,7,62,,Chưa có bản dịch
holding_unworn_chastity_cage,0,62,,Chưa có bản dịch
guided_kiss,0,62,,Chưa có bản dịch
upside_down_kiss,7,62,,Chưa có bản dịch
messy_kiss,7,62,,Chưa có bản dịch
crying_sound_effect,7,62,,Chưa có bản dịch
ride_booker,0,61,,Chưa có bản dịch
holding_ladder,0,61,,Chưa có bản dịch
holding_psp,7,61,,Chưa có bản dịch
looking_at_paw,7,61,,Chưa có bản dịch
looking_at_cup,0,61,,Chưa có bản dịch
holding_throat,7,61,,Chưa có bản dịch
leaning_on_building,7,61,,Chưa có bản dịch
leaning_tower_of_pisa,0,61,,Chưa có bản dịch
cum_from_kissing,7,61,,Chưa có bản dịch
standing_on_butt,7,61,,Chưa có bản dịch
brush_holder,0,61,,Chưa có bản dịch
dancing_flower,0,61,,Chưa có bản dịch
kiss_mark_on_thigh,7,60,,Chưa có bản dịch
lemonade_stand,7,60,,Chưa có bản dịch
turtleneck_jumpsuit,0,60,,Chưa có bản dịch
another_rider_(zi-o),0,60,,Chưa có bản dịch
smile_emoji,0,60,,Chưa có bản dịch
holding_forearm,7,60,,Chưa có bản dịch
holding_butterfly,0,60,,Chưa có bản dịch
slit_throat_(gesture),0,60,"cutthroat_gesture,throat-slitting_gesture",Chưa có bản dịch
zi-o_ridewatch,0,59,,Chưa có bản dịch
holding_laugh,7,59,,Chưa có bản dịch
holding_tank_shell,0,59,,Chưa có bản dịch
surprise_vore,7,59,,Chưa có bản dịch
hoof_blush,7,59,,Chưa có bản dịch
wave_motion_gun,0,59,,Chưa có bản dịch
street_fighter_6_new_challenger_art_contest,0,59,,Chưa có bản dịch
first_kiss,7,59,,Chưa có bản dịch
alexander_anderson's_pose,0,59,,Chưa có bản dịch
akiman_pose,0,59,,Chưa có bản dịch
spoon_bending,0,58,,Chưa có bản dịch
kissing_ass,0,58,ass_kiss,Chưa có bản dịch
kill_me_dance,0,58,,Chưa có bản dịch
dragon_dance,0,58,,Chưa có bản dịch
expressive_object,0,58,,Chưa có bản dịch
riding_shark,0,58,,Chưa có bản dịch
holding_another's_balls,7,58,,Chưa có bản dịch
flea-ridden,7,58,,Chưa có bản dịch
holding_popcorn,7,58,,Chưa có bản dịch
colored_blush,0,58,,Chưa có bản dịch
constellation_crystal_(ff14),0,58,,Chưa có bản dịch
tears_of_joy_emoji,0,57,"joy_emoji,laughing_crying_emoji",Chưa có bản dịch
riding_rocket,0,57,,Chưa có bản dịch
bloody_tears,7,57,,Chưa có bản dịch
lying_on_car,7,57,,Chưa có bản dịch
holding_bulb,0,57,,Chưa có bản dịch
holding_by_neck,7,57,,Chưa có bản dịch
leaning_on_ball,0,57,,Chưa có bản dịch
looking_smug,7,57,,Chưa có bản dịch
holding_perfume,0,57,,Chưa có bản dịch
standing_in_urine,7,57,,Chưa có bản dịch
standing_on_desk,0,57,,Chưa có bản dịch
holding_sheep,0,57,,Chưa có bản dịch
angry_kiss,7,57,,Chưa có bản dịch
fire_dancing,7,57,,Chưa có bản dịch
fighter_plane,7,57,,Chưa có bản dịch
scorpion_pose,0,57,,Chưa có bản dịch
waterfall_tears,7,57,,Chưa có bản dịch
letter_pose,0,56,,Chưa có bản dịch
holding_wrapped_condom,7,56,,Chưa có bản dịch
walking_on_water,7,56,,Chưa có bản dịch
looking_at_plant,7,56,,Chưa có bản dịch
holding_muzzle,7,56,,Chưa có bản dịch
holding_ghost,0,56,,Chưa có bản dịch
holding_first_aid_kit,0,56,,Chưa có bản dịch
holding_cassette_player,0,56,,Chưa có bản dịch
wig_stand,0,56,,Chưa có bản dịch
she_holds_my_weakness_(meme),0,56,,Chưa có bản dịch
kneeling_over_partner,7,56,,Chưa có bản dịch
diaper_lying_around,7,56,,Chưa có bản dịch
riding_moped,0,55,,Chưa có bản dịch
kneeling_on_table,7,55,,Chưa có bản dịch
maniacal_laughing,7,55,,Chưa có bản dịch
holding_bamboo_shoot,0,55,,Chưa có bản dịch
holding_globus_cruciger,0,55,,Chưa có bản dịch
photo_stand-in,0,55,,Chưa có bản dịch
angrykarakuri_(modeler),9,55,,Người đóng góp
holding_onion,7,55,,Chưa có bản dịch
looking_through_hole,7,55,,Chưa có bản dịch
holding_strapon,7,55,,Chưa có bản dịch
matching_pose,0,55,,Chưa có bản dịch
penetrated_while_sitting,7,55,,Chưa có bản dịch
rafiki_holding_simba_(meme),0,54,,Chưa có bản dịch
roundtable_hold_(elden_ring),0,54,,Chưa có bản dịch
blushlines,7,54,,Chưa có bản dịch
holding_with_tentacle,0,54,,Chưa có bản dịch
holding_volleyball,7,54,,Chưa có bản dịch
pencil_holder,7,54,,Chưa có bản dịch
red_crystal,7,54,,Chưa có bản dịch
lonely_lonely_dance_(meme),0,54,,Chưa có bản dịch
holding_pasteur_pipette,0,54,,Chưa có bản dịch
holding_pineapple,0,54,,Chưa có bản dịch
leaning_on_elbows,7,54,,Chưa có bản dịch
holding_button,0,54,,Chưa có bản dịch
neck_ridge,7,54,,Chưa có bản dịch
chopper_crying_(meme),0,54,,Chưa có bản dịch
tearing_flesh,7,54,,Chưa có bản dịch
armpit_hold,0,53,,Chưa có bản dịch
outside_looking_in,7,53,,Chưa có bản dịch
as_above_so_below_pose,7,53,baphomet_pose,Chưa có bản dịch
aris_dance_(meme),0,53,,Chưa có bản dịch
sitting_on_skateboard,7,53,,Chưa có bản dịch
riddle,7,53,,Chưa có bản dịch
holding_light_bulb,0,53,,Chưa có bản dịch
holding_hooves,7,53,,Chưa có bản dịch
lying_on_butt,7,53,,Chưa có bản dịch
holding_briefs,7,53,,Chưa có bản dịch
facing_partner,7,53,,Chưa có bản dịch
head_blush,0,52,,Chưa có bản dịch
painted_on_smile,7,52,,Chưa có bản dịch
holding_mixing_bowl,0,52,,Chưa có bản dịch
ramen_stand,0,52,,Chưa có bản dịch
killer_queen's_pose,0,52,killer_queen's_pose_(jojo),Chưa có bản dịch
holding_thong,7,52,,Chưa có bản dịch
holding_tiara,0,52,,Chưa có bản dịch
dancefloor,7,52,,Chưa có bản dịch
tan_blush,7,52,,Chưa có bản dịch
walker,7,51,,Chưa có bản dịch
standing_on_head,7,51,,Chưa có bản dịch
standing_on_planet,7,51,,Chưa có bản dịch
dance_on_the_galaxy_(idolmaster),0,51,,Chưa có bản dịch
holding_computer_keyboard,0,51,holding_keyboard_(computer),Chưa có bản dịch
expression_print,7,51,,Chưa có bản dịch
holding_dragon_ball,0,51,,Chưa có bản dịch
fearful_expression,7,51,,Chưa có bản dịch
hugging_ass,0,51,,Chưa có bản dịch
leaning_on_vehicle,7,51,,Chưa có bản dịch
fighting_back,7,51,,Chưa có bản dịch
lying_on_balloon,7,51,,Chưa có bản dịch
fighting_game_ui,7,51,,Chưa có bản dịch
fist_fight,0,51,,Chưa có bản dịch
playful_expression,7,51,,Chưa có bản dịch
holding_playing_card,7,51,,Chưa có bản dịch
holding_sledgehammer,0,51,,Chưa có bản dịch
holding_stone_tablet,0,51,,Chưa có bản dịch
holding_receipt,0,50,,Chưa có bản dịch
looking_straight,7,50,,Chưa có bản dịch
pink_crystals,7,50,,Chưa có bản dịch
holding_plunger,0,50,,Chưa có bản dịch
cool_guys_don't_look_at_explosions,7,50,,Chưa có bản dịch
holding_leek,7,50,,Chưa có bản dịch
holding_headdress,0,50,,Chưa có bản dịch
female_holding_male,7,50,,Chưa có bản dịch
holding_game_boy_color,7,50,,Chưa có bản dịch
wave_rider,0,50,,Chưa có bản dịch
princess_of_the_crystal_(cosplay),0,50,,Chưa có bản dịch
coppertone_pose,7,50,,Chưa có bản dịch
holding_cards,7,50,,Chưa có bản dịch
holding_badminton_racket,0,50,,Chưa có bản dịch
smug_smile,7,49,,Chưa có bản dịch
holding_drumstick,7,49,,Chưa có bản dịch
holding_gavel,0,49,,Chưa có bản dịch
sitting_in_corner,0,49,,Chưa có bản dịch
sitting_on_cloud,7,49,,Chưa có bản dịch
looking_at_fire,0,49,,Chưa có bản dịch
walking_on_wall,0,49,wallwalking,Chưa có bản dịch
walking_in_line,0,49,,Chưa có bản dịch
minasoko_ni_kage_wo_sagashite_(project_sekai),0,48,"searching_for_a_reflection_beneath_the_waves_(project_sekai),searching_for_sunken_shadows_(project_sekai)",Chưa có bản dịch
expressionism,7,48,,Chưa có bản dịch
exaggerated_expression,7,48,,Chưa có bản dịch
looking_at_internal_bulge,7,48,,Chưa có bản dịch
lyn_(fire_emblem)_(cosplay),0,48,,Chưa có bản dịch
holding_beer_bottle,7,48,,Chưa có bản dịch
catachan_jungle_fighter,0,48,,Chưa có bản dịch
judgemental_look,7,48,,Chưa có bản dịch
sitting_on_barrel,7,48,,Chưa có bản dịch
tear_stain,0,48,,Chưa có bản dịch
crying_asagiri_aya_(meme),0,48,,Chưa có bản dịch
holding_missile,0,48,,Chưa có bản dịch
running_eyeliner,7,48,,Chưa có bản dịch
holding_severed_head,7,48,,Chưa có bản dịch
sitting_on_window_sill,7,47,,Chưa có bản dịch
fake_smile,7,47,,Chưa có bản dịch
holding_oscar_statuette,7,47,,Chưa có bản dịch
holding_onto,7,47,,Chưa có bản dịch
holding_milk,7,47,,Chưa có bản dịch
weapon_stand,0,47,,Chưa có bản dịch
most_muscular_pose,0,47,,Chưa có bản dịch
wave_makers!_(idolmaster),0,47,,Chưa có bản dịch
walk_on_and_on_(project_sekai),0,47,,Chưa có bản dịch
applying_rouge,0,47,applying_blush,Chưa có bản dịch
glistening_tears,7,47,,Chưa có bản dịch
walking_on_railing,0,46,,Chưa có bản dịch
looking_at_flower,7,46,,Chưa có bản dịch
surprise_penetration,7,46,,Chưa có bản dịch
handstand_with_split_pose,7,46,,Chưa có bản dịch
holding_churro,0,46,,Chưa có bản dịch
sitting_in_box,7,46,,Chưa có bản dịch
holding_log,7,46,,Chưa có bản dịch
sitting_on_micro,7,46,,Chưa có bản dịch
holding_sparkler,7,46,,Chưa có bản dịch
obscured_kiss,7,45,,Chưa có bản dịch
hurt_expressions_of_your_wife_practice,0,45,doing_hurtful_things_to_your_waifu_chart,Chưa có bản dịch
holding_virtual_pet,0,45,,Chưa có bản dịch
holding_yarn,0,45,,Chưa có bản dịch
holding_corn,0,45,,Chưa có bản dịch
waving_goodbye,7,45,,Chưa có bản dịch
kissing_skull,0,45,,Chưa có bản dịch
leaning_down,7,45,,Chưa có bản dịch
lying_on_towel,7,45,,Chưa có bản dịch
squatting_v_pose_(han-0v0),0,44,,Chưa có bản dịch
cicada_cry_(sfx),0,44,,Chưa có bản dịch
holding_abacus,0,44,,Chưa có bản dịch
looking_at_monster,0,44,,Chưa có bản dịch
lookout_platform,0,44,,Chưa có bản dịch
holding_picture,7,44,,Chưa có bản dịch
girly_pose,0,44,,Chưa có bản dịch
burp_kissing,7,44,,Chưa có bản dịch
glowing_tears,0,44,,Chưa có bản dịch
dog_walking,7,43,,Chưa có bản dịch
torture_dance,0,43,,Chưa có bản dịch
lynette_(genshin_impact)_(cosplay),0,43,,Chưa có bản dịch
almost_kissing,7,43,,Chưa có bản dịch
ribbed_jumpsuit,0,43,,Chưa có bản dịch
looking_uncomfortable,7,43,,Chưa có bản dịch
looking_at_cumshot,7,43,,Chưa có bản dịch
sitting_on_pool_toy,7,43,,Chưa có bản dịch
sitting_on_magic_circle,0,43,,Chưa có bản dịch
laying_pose,7,43,,Chưa có bản dịch
chads_dancing_to_california_gurls_(meme),0,43,,Chưa có bản dịch
armpit_blush,7,43,,Chưa có bản dịch
fruit_stand,0,43,,Chưa có bản dịch
holding_uvula,7,42,,Chưa có bản dịch
holding_tape,0,42,,Chưa có bản dịch
kiss_mark_on_pussy,7,42,,Chưa có bản dịch
hugging_blanket,0,42,,Chưa có bản dịch
lying_on_sand,7,42,,Chưa có bản dịch
sitting_on_towel,7,42,,Chưa có bản dịch
double_dumbbell_pose_(han-0v0),0,42,,Chưa có bản dịch
looking_through_donut,0,42,looking_through_doughnut,Chưa có bản dịch
holding_antler,7,42,,Chưa có bản dịch
holding_art,7,42,,Chưa có bản dịch
crystal_temple_(steven_universe),0,42,,Chưa có bản dịch
crystal_rose,0,41,,Chưa có bản dịch
vertical-striped_jumpsuit,0,41,,Chưa có bản dịch
angry_dog_noises_(meme),0,41,angry_dog_noises,Chưa có bản dịch
look_down,7,41,,Chưa có bản dịch
teal_blush,7,41,,Chưa có bản dịch
flying_tears,7,41,,Chưa có bản dịch
mirrored_pose,7,41,,Chưa có bản dịch
tip_kissing,7,41,,Chưa có bản dịch
dancers,7,41,,Chưa có bản dịch
let's_groove_dance_(meme),0,41,,Chưa có bản dịch
fake_tears,0,40,,Chưa có bản dịch
holding_railing,7,40,,Chưa có bản dịch
cleansed_crystal_mirror,0,40,,Chưa có bản dịch
jumpsuit_down,7,40,,Chưa có bản dịch
kneeling_on_another,7,40,,Chưa có bản dịch
hextech_gemstone,0,40,hextech_crystal,Chưa có bản dịch
waverider_crash,0,40,,Chưa có bản dịch
sitting_on_thigh,0,40,,Chưa có bản dịch
running_on_all_fours,7,40,,Chưa có bản dịch
sitting_on_character,7,40,,Chưa có bản dịch
sitting_in_urine,7,40,,Chưa có bản dịch
crystal_cave,7,40,,Chưa có bản dịch
von_lycaon_(cosplay),0,40,,Chưa có bản dịch
retort_stand,0,40,,Chưa có bản dịch
looking_at_tablet,7,40,,Chưa có bản dịch
angry_boss_with_happy_family_irasutoyas_(meme),0,40,,Chưa có bản dịch
looking_at_clipboard,7,40,,Chưa có bản dịch
leaning_on_chair,7,40,,Chưa có bản dịch
expression_bubble,7,40,,Chưa có bản dịch
censored_kiss,0,39,,Chưa có bản dịch
serious_expression,7,39,,Chưa có bản dịch
spiral_blush,7,39,,Chưa có bản dịch
holding_bass,7,39,,Chưa có bản dịch
holding_cheeks,7,39,,Chưa có bản dịch
holding_globe,0,39,,Chưa có bản dịch
holding_shell,7,39,,Chưa có bản dịch
yellow_tears,7,39,,Chưa có bản dịch
sitting_on_cage,0,39,,Chưa có bản dịch
and_he_looks_like_his_stupid_dad_(meme),0,39,,Chưa có bản dịch
sitting_on_hay_bale,7,39,,Chưa có bản dịch
looking_at_moon,7,39,,Chưa có bản dịch
looking_at_side,7,39,,Chưa có bản dịch
looking_for_someone,7,39,,Chưa có bản dịch
rude_gesture,7,39,,Chưa có bản dịch
lyney_(genshin_impact)_(cosplay),0,39,,Chưa có bản dịch
lynx_(constellation),0,39,,Chưa có bản dịch
octopus_hold,0,39,,Chưa có bản dịch
kamen_rider_double_(cosplay),0,39,,Chưa có bản dịch
involved_expression,7,39,,Chưa có bản dịch
proud_expression,7,38,,Chưa có bản dịch
asgore_running_over_dess_(meme),0,38,,Chưa có bản dịch
sadistic_expression,7,38,,Chưa có bản dịch
holding_bar,7,38,,Chưa có bản dịch
holding_coffin,0,38,,Chưa có bản dịch
holding_drawing_pen,7,38,,Chưa có bản dịch
holding_fries,7,38,,Chưa có bản dịch
holding_geographical_area,0,38,,Chưa có bản dịch
holding_lance,7,38,,Chưa có bản dịch
holding_mustache,0,38,,Chưa có bản dịch
holding_tiered_tray,0,38,,Chưa có bản dịch
holding_up_partner,7,38,,Chưa có bản dịch
holding_with_stirrups,7,38,,Chưa có bản dịch
holding_wood,7,38,,Chưa có bản dịch
jumping_on_another,7,38,,Chưa có bản dịch
standard,7,37,,Chưa có bản dịch
surprised_pikachu_(meme),0,37,,Chưa có bản dịch
maitake_dance,0,37,,Chưa có bản dịch
kakushin-teki_metamorphose!,0,37,komaru_dance,Chưa có bản dịch
crystal_sword_(adventure_time),0,37,,Chưa có bản dịch
dunhuang_dance,0,37,,Chưa có bản dịch
holding_balance_scale,0,37,,Chưa có bản dịch
lick_kiss,7,37,,Chưa có bản dịch
fierce_expression,7,37,,Chưa có bản dịch
holding_bun,0,37,,Chưa có bản dịch
forced_dancing,7,37,,Chưa có bản dịch
holding_dowsing_rod,0,37,,Chưa có bản dịch
holding_fire_extinguisher,0,37,,Chưa có bản dịch
holding_filled_condom,7,37,,Chưa có bản dịch
holding_guitar_pick,7,37,,Chưa có bản dịch
holding_kiseru,7,37,,Chưa có bản dịch
sitting_in_shadow,0,37,,Chưa có bản dịch
sitting_cross-legged,7,37,,Chưa có bản dịch
holding_peeler,0,37,,Chưa có bản dịch
holding_walkie_talkie,7,37,,Chưa có bản dịch
kiss_on_head,7,37,,Chưa có bản dịch
laughing_cat_pointing_at_you_(meme),0,37,wajaja,Chưa có bản dịch
jo_crystal,7,37,,Chưa có bản dịch
leaning_on_sword,7,37,,Chưa có bản dịch
holding_tomato,0,36,,Chưa có bản dịch
holding_soccer_ball,7,36,,Chưa có bản dịch
holding_scrunchie,0,36,,Chưa có bản dịch
holding_plushie_during_sex,7,36,,Chưa có bản dịch
holding_keg,7,36,,Chưa có bản dịch
sitting_on_bar,0,36,,Chưa có bản dịch
holding_electronic_cigarette,0,36,holding_vape,Chưa có bản dịch
holding_chastity_cage,7,36,,Chưa có bản dịch
bulge_kiss,7,36,,Chưa có bản dịch
play_fight,7,36,,Chưa có bản dịch
group_kiss,0,36,,Chưa có bản dịch
heron_pose,7,36,,Chưa có bản dịch
looking_at_another's_pussy,7,36,,Chưa có bản dịch
surprising_thanks!!_(ensemble_stars!),0,36,,Chưa có bản dịch
iridescent_crystal,7,36,,Chưa có bản dịch
standing_on_another's_back,0,36,,Chưa có bản dịch
standing_on_stairs,7,35,,Chưa có bản dịch
standee,7,35,,Chưa có bản dịch
wavy_frown,7,35,,Chưa có bản dịch
incoming_kiss,7,35,,Chưa có bản dịch
riding_diaper,7,35,,Chưa có bản dịch
riding_tiger,0,35,,Chưa có bản dịch
looking_at_sheath,7,35,,Chưa có bản dịch
draining_kiss,7,35,,Chưa có bản dịch
jumping_on_bed,0,35,,Chưa có bản dịch
holding_board_eraser,0,35,,Chưa có bản dịch
don't_look_down_on_central_(meme),0,35,,Chưa có bản dịch
holding_game_case,7,35,,Chưa có bản dịch
holding_milkshake,7,35,,Chưa có bản dịch
joseph_joestar's_pose,0,35,joseph_joestar's_pose_(jojo),Chưa có bản dịch
holding_pussy,7,35,,Chưa có bản dịch
crystal_change_rod,0,35,,Chưa có bản dịch
holding_strawberry,7,35,,Chưa có bản dịch
holding_tooth,0,35,,Chưa có bản dịch
holding_upside_down,7,35,,Chưa có bản dịch
hoof_holding,7,35,,Chưa có bản dịch
lap_dance,0,35,,Chưa có bản dịch
kissing_pectoral,0,34,,Chưa có bản dịch
kiss_mark_on_tip,7,34,,Chưa có bản dịch
standoff,7,34,,Chưa có bản dịch
ta-da_pose,0,34,presenting_pose,Chưa có bản dịch
tribadism_gesture,0,34,,Chưa có bản dịch
pacha_edits_(meme),0,34,when_the_sun_hit_that_ridge_just_right_(meme),Chưa có bản dịch
forced_pose,7,34,,Chưa có bản dịch
sitting_on_nothing,7,34,,Chưa có bản dịch
sitting_on_tentacle,0,34,,Chưa có bản dịch
holding_pot,7,34,,Chưa có bản dịch
squid_pose,0,34,,Chưa có bản dịch
holding_car,7,34,,Chưa có bản dịch
cancan_dance,0,34,,Chưa có bản dịch
no_one's_around_to_help_(meme),0,34,smug_dancin_(meme),Chưa có bản dịch
print_jumpsuit,0,34,,Chưa có bản dịch
looking_unpleasured,7,34,,Chưa có bản dịch
looking_from_below,7,34,,Chưa có bản dịch
royal_pose,7,34,,Chưa có bản dịch
anglerfish_dance,0,34,,Chưa có bản dịch
paper_towel_holder,0,33,,Chưa có bản dịch
looking_at_partner's_butt,7,33,,Chưa có bản dịch
looking_at_son,7,33,,Chưa có bản dịch
looking_in,7,33,,Chưa có bản dịch
drawn_blush,0,33,,Chưa có bản dịch
jump_scare,7,33,,Chưa có bản dịch
which_holomem_looks_best_in_these?_(meme),0,33,,Chưa có bản dịch
holding_blueprints,0,33,,Chưa có bản dịch
kneeling_on_grass,7,33,,Chưa có bản dịch
holding_maraca,7,33,,Chưa có bản dịch
sailor_mercury_pose,0,33,,Chưa có bản dịch
crystal_apple,0,33,,Chưa có bản dịch
crystal_print,0,33,,Chưa có bản dịch
holding_unworn_armband,0,33,,Chưa có bản dịch
meaning_of_a_kiss,0,33,,Chưa có bản dịch
chat_pose,7,33,,Chưa có bản dịch
dancing_arona_(meme),0,33,,Chưa có bản dịch
kissing_another_during_anilingus,0,33,,Chưa có bản dịch
kissed_by_animal,0,33,,Chưa có bản dịch
elite_throuple_kiss_(meme),0,32,,Chưa có bản dịch
slow_dancing,7,32,,Chưa có bản dịch
penetration_gesture_duo,0,32,,Chưa có bản dịch
rip_and_tear_(phrase),0,32,,Chưa có bản dịch
angry_mob,7,32,,Chưa có bản dịch
surprise_fingering,7,32,,Chưa có bản dịch
sitting_under_tree,7,32,,Chưa có bản dịch
sitting_on_another's_knee,0,32,,Chưa có bản dịch
leaning_on,7,32,,Chưa có bản dịch
holding_udders,7,32,,Chưa có bản dịch
holding_testicles,0,32,,Chưa có bản dịch
holding_taser,0,32,,Chưa có bản dịch
holding_inner_tube,7,32,,Chưa có bản dịch
holding_handheld_metal_detector,0,32,,Chưa có bản dịch
holding_file,0,32,,Chưa có bản dịch
yawning_tears,7,32,,Chưa có bản dịch
holding_coconut,7,32,,Chưa có bản dịch
holding_baseball,7,32,,Chưa có bản dịch
y-pose,0,32,,Chưa có bản dịch
purple_crystal,7,32,,Chưa có bản dịch
standing_in_line,7,32,,Chưa có bản dịch
sheath_kiss,7,31,,Chưa có bản dịch
prehensile_holding,7,31,,Chưa có bản dịch
potters_wheel_pose,0,31,,Chưa có bản dịch
squatting_bunny_girl_pose_(han-0v0),0,31,,Chưa có bản dịch
where_are_you_sitting_(meme),0,31,,Chưa có bản dịch
dr._livesey_walk_(meme),0,31,,Chưa có bản dịch
kiss_mark_on_neck,7,31,,Chưa có bản dịch
kissing_bulge,0,31,,Chưa có bản dịch
holding_note,7,31,,Chưa có bản dịch
holding_honeypot,0,31,,Chưa có bản dịch
holding_juggling_club,0,31,,Chưa có bản dịch
holding_condom_box,0,31,,Chưa có bản dịch
holding_blaster,7,31,,Chưa có bản dịch
holding_alcohol_bottle,7,31,,Chưa có bản dịch
sideways_sitting_pose_(han-0v0),0,31,,Chưa có bản dịch
dancing_toothless_(meme),0,31,toothless_dance_(meme),Chưa có bản dịch
smile_pact,0,31,,Chưa có bản dịch
lynette_bishop_(cosplay),0,31,,Chưa có bản dịch
animals_kissing,0,31,,Chưa có bản dịch
sitting_on_blanket,7,31,,Chưa có bản dịch
sitting_on_cannon,7,31,,Chưa có bản dịch
sitting_on_photocopier,7,31,,Chưa có bản dịch
looking_at_cum,7,30,,Chưa có bản dịch
sitting_on_stuffed_toy,0,30,,Chưa có bản dịch
looking_at_pred,7,30,,Chưa có bản dịch
looking_at_window,7,30,,Chưa có bản dịch
leaning_on_door,7,30,,Chưa có bản dịch
leaning_on_surface,7,30,,Chưa có bản dịch
f-5_freedom_fighter,0,30,f-5e_tiger_ii,Chưa có bản dịch
riding_bear,0,30,,Chưa có bản dịch
amid_the_wavering_light_(project_sekai),0,30,,Chưa có bản dịch
not_what_it_looks_like,7,30,,Chưa có bản dịch
holding_chips_(food),7,30,,Chưa có bản dịch
holding_both_shins,7,30,,Chưa có bản dịch
rat_dance_(meme),0,30,,Chưa có bản dịch
holding_eggshell,0,30,,Chưa có bản dịch
holding_ice_pick,0,30,,Chưa có bản dịch
soft_smile,7,30,,Chưa có bản dịch
holding_vine,7,30,,Chưa có bản dịch
pee_holding,7,30,,Chưa có bản dịch
goku_farewell_pose,0,30,,Chưa có bản dịch
brave_dragon_wonder_ride_book,0,30,,Chưa có bản dịch
standing_on_cloud,7,30,,Chưa có bản dịch
post_fight,7,30,,Chưa có bản dịch
jet_fighter,7,30,,Chưa có bản dịch
sailor_jupiter_pose,0,30,,Chưa có bản dịch
star_tears,0,29,,Chưa có bản dịch
standing_on_raft,0,29,,Chưa có bản dịch
itsuka_senaka_awase_no_lyric_wo_(project_sekai),0,29,"singing_in_sync_(project_sekai),someday_with_our_lyrics_joined_back-to-back_(project_sekai)",Chưa có bản dịch
walking_on_air,0,29,,Chưa có bản dịch
bun_huggers,7,29,,Chưa có bản dịch
soul_fighter_(league),0,29,soul_fighter_(league_of_legends),Chưa có bản dịch
crypt,7,29,,Chưa có bản dịch
cure_happy_pose,0,29,,Chưa có bản dịch
marcille_crying_(meme),0,29,,Chưa có bản dịch
riding_bomb,0,29,,Chưa có bản dịch
questioning_look,7,29,,Chưa có bản dịch
lying_on_glass,7,29,,Chưa có bản dịch
looking_up_at_object,7,29,,Chưa có bản dịch
looking_at_feces,7,29,,Chưa có bản dịch
bending_barbell,0,29,,Chưa có bản dịch
relaxed_pose,7,29,,Chưa có bản dịch
perspective_for_smile_(project_sekai),0,29,,Chưa có bản dịch
sitting_on_tree_stump,7,29,,Chưa có bản dịch
holding_cocktail_glass,7,29,,Chưa có bản dịch
holding_mouthpiece,0,29,,Chưa có bản dịch
holding_tumbler,0,29,,Chưa có bản dịch
holding_takoyaki_pick,0,29,,Chưa có bản dịch
holding_tennis_ball,7,29,,Chưa có bản dịch
sailor_mars_pose,0,28,,Chưa có bản dịch
sailor_venus_pose,0,28,,Chưa có bản dịch
holding_own_stomach,0,28,,Chưa có bản dịch
holding_laboratory_glassware,7,28,,Chưa có bản dịch
holding_monitor,0,28,,Chưa có bản dịch
holding_erhu,0,28,,Chưa có bản dịch
holding_bible,7,28,,Chưa có bản dịch
hoof_hold,7,28,,Chưa có bản dịch
holding_ball_on_hip,7,28,,Chưa có bản dịch
tree_pose,7,28,,Chưa có bản dịch
back_bend,7,28,,Chưa có bản dịch
squidward_looking_out_the_window_(meme),0,28,,Chưa có bản dịch
kissa_hasu_no_sora_(love_live!),0,28,,Chưa có bản dịch
lateral_surprise,7,28,,Chưa có bản dịch
hugging_head,7,28,,Chưa có bản dịch
sitting_on_rug,7,28,,Chưa có bản dịch
sitting_on_tombstone,0,28,,Chưa có bản dịch
looking_under,7,28,,Chưa có bản dịch
thinker_pose,7,28,,Chưa có bản dịch
un_heavy_fighter_jet_(evangelion),0,28,,Chưa có bản dịch
pillar_men_pose,7,28,,Chưa có bản dịch
obscene_gesture,7,28,,Chưa có bản dịch
awkward_expression,7,28,,Chưa có bản dịch
riding_on_head,7,28,,Chưa có bản dịch
nyan-nyan_dance,0,28,,Chưa có bản dịch
guts_cosplayer_holding_giant_dragonslayer_(meme),0,28,,Chưa có bản dịch
avgn_dancing_dot_mov_(meme),0,28,avgn_dancing_dot_mov,Chưa có bản dịch
maomao_evading_jinshi's_kiss_(meme),0,28,,Chưa có bản dịch
anti-gravity_lean,0,27,,Chưa có bản dịch
queen_never_cry_(meme),0,27,,Chưa có bản dịch
flirting_expression,7,27,,Chưa có bản dịch
wavebird_controller,7,27,,Chưa có bản dịch
crystallized,7,27,,Chưa có bản dịch
looking_at_weapon,7,27,,Chưa có bản dịch
crypto_(apex_legends)_(cosplay),0,27,,Chưa có bản dịch
looking_through_fence,0,27,,Chưa có bản dịch
inside_looking_out,7,27,,Chưa có bản dịch
air_kiss,7,27,,Chưa có bản dịch
bending_knees,7,27,,Chưa có bản dịch
tablet_stand,0,27,,Chưa có bản dịch
gepard_gm6_lynx,0,27,,Chưa có bản dịch
walkthrough_metal_detector,0,27,,Chưa có bản dịch
walk_of_shame,7,27,,Chưa có bản dịch
kiss_cam,0,27,,Chưa có bản dịch
expressive_skull,7,27,,Chưa có bản dịch
stand_stats_graph,7,27,,Chưa có bản dịch
knot_kissing,7,27,,Chưa có bản dịch
holding_artillery_shell,0,27,,Chưa có bản dịch
holding_car_keys,7,27,,Chưa có bản dịch
holding_brain,0,27,,Chưa có bản dịch
holding_condom_wrapper,7,27,,Chưa có bản dịch
holding_foreskin,7,27,,Chưa có bản dịch
holding_food_container,7,27,,Chưa có bản dịch
triple_kiss,7,27,,Chưa có bản dịch
holding_milk_bottle,7,27,,Chưa có bản dịch
holding_pec,7,27,,Chưa có bản dịch
holding_stack,7,27,,Chưa có bản dịch
holding_speedo,7,27,,Chưa có bản dịch
holding_saucepan,0,27,,Chưa có bản dịch
stomach_blush,0,27,,Chưa có bản dịch
holding_steering_wheel,7,27,,Chưa có bản dịch
holding_video_camera,7,27,,Chưa có bản dịch
holding_zipper_pull_tab,0,27,,Chưa có bản dịch
laughing_tom_cruise_(meme),0,26,,Chưa có bản dịch
laughing_girls_(meme),0,26,,Chưa có bản dịch
lean_male,7,26,,Chưa có bản dịch
wave_breaker,0,26,,Chưa có bản dịch
sitting_in_bathtub,7,26,,Chưa có bản dịch
caught_kissing_doll_(onlymaljjong),0,26,,Chưa có bản dịch
pie_fight,7,26,,Chưa có bản dịch
stands,7,26,,Chưa có bản dịch
standing_on_water,7,26,,Chưa có bản dịch
hunter_(little_red_riding_hood)_(cosplay),0,26,,Chưa có bản dịch
looking_at_console,7,26,,Chưa có bản dịch
looking_at_child,7,26,,Chưa có bản dịch
lookout,7,26,,Chưa có bản dịch
freddie_mercury's_rage_pose,0,26,,Chưa có bản dịch
dark_rider_(sonic),0,26,,Chưa có bản dịch
lying_on_hammock,7,26,,Chưa có bản dịch
lying_on_rug,7,26,,Chưa có bản dịch
holding_selfie_stick,7,26,,Chưa có bản dịch
holding_potted_plant,7,26,,Chưa có bản dịch
holding_pda,0,26,,Chưa có bản dịch
holding_loincloth,7,26,,Chưa có bản dịch
holding_incense_burner,0,26,,Chưa có bản dịch
holding_eraser,0,26,,Chưa có bản dịch
holding_crate,0,26,,Chưa có bản dịch
holding_chocolate_bar,7,26,,Chưa có bản dịch
holding_both_calves,7,26,,Chưa có bản dịch
foreskin_blush,7,26,,Chưa có bản dịch
surprise_rimming,7,26,,Chưa có bản dịch
grandmother_(little_red_riding_hood)_(cosplay),0,26,,Chưa có bản dịch
kiss_on_neck,7,26,,Chưa có bản dịch
floating_boy_chasing_running_boy_(meme),0,26,,Chưa có bản dịch
fightstick,7,26,,Chưa có bản dịch
crazed_expression,7,26,,Chưa có bản dịch
walking_in_water,7,25,,Chưa có bản dịch
first_kiss_(meme),0,25,,Chưa có bản dịch
fire_dancer,7,25,,Chưa có bản dịch
last_look,7,25,,Chưa có bản dịch
kinder_surprise,0,25,,Chưa có bản dịch
waving_at_another,7,25,,Chưa có bản dịch
fight_stick,7,25,,Chưa có bản dịch
kissing_tentacle,0,25,,Chưa có bản dịch
sitting_on_egg,7,25,,Chưa có bản dịch
crystal_(ff9),0,25,,Chưa có bản dịch
crystal_tower_(ff14),0,25,,Chưa có bản dịch
street_fighter_6_spy_x_family_collaboration,0,25,,Chưa có bản dịch
sitting_on_speaker,7,25,,Chưa có bản dịch
megururi_acrylic_stand,0,25,,Chưa có bản dịch
kneeling_on_floor,7,25,,Chưa có bản dịch
standing_on_books,7,25,,Chưa có bản dịch
looking_at_card,0,25,,Chưa có bản dịch
looking_at_plushie,7,25,,Chưa có bản dịch
looking_down_at_bulge,7,25,,Chưa có bản dịch
looking_to_right,7,25,,Chưa có bản dịch
gold_tears,0,25,,Chưa có bản dịch
flynn_rider_(cosplay),0,25,,Chưa có bản dịch
slightly_naughty_expressions_practice,0,25,,Chưa có bản dịch
horse_ride,7,25,,Chưa có bản dịch
blush_visible_through_blindfold,0,25,,Chưa có bản dịch
cheerleader_pose,7,25,,Chưa có bản dịch
lying_on_pokemon,0,25,,Chưa có bản dịch
lying_on_tree,7,25,,Chưa có bản dịch
holding_warhammer,7,25,,Chưa có bản dịch
holding_tuning_fork,7,25,,Chưa có bản dịch
getter_team_pose_(meme),0,25,,Chưa có bản dịch
holding_measuring_tape,7,25,,Chưa có bản dịch
holding_mallets_(music),0,25,,Chưa có bản dịch
holding_keytar,7,25,,Chưa có bản dịch
man_looks_at_himself_on_someone's_phone_(meme),0,25,,Chưa có bản dịch
holding_flare,7,25,,Chưa có bản dịch
holding_easter_egg,7,25,,Chưa có bản dịch
holding_computer,7,25,,Chưa có bản dịch
holding_cord,7,25,,Chưa có bản dịch
seductive_dance,7,24,,Chưa có bản dịch
smiling_at_self,7,24,,Chưa có bản dịch
holding_box_of_chocolates,7,24,,Chưa có bản dịch
holding_bug_net,7,24,,Chưa có bản dịch
holding_calculator,0,24,,Chưa có bản dịch
holding_disc,0,24,,Chưa có bản dịch
holding_pill_bottle,7,24,,Chưa có bản dịch
holding_pride_flag,7,24,,Chưa có bản dịch
holding_rocket,0,24,,Chưa có bản dịch
holding_tassel,0,24,,Chưa có bản dịch
holding_used_diaper,7,24,,Chưa có bản dịch
holding_wine_bottle,7,24,,Chưa có bản dịch
lying_on_object,7,24,,Chưa có bản dịch
hershey's_kisses,0,24,,Chưa có bản dịch
heavy_fighter_(eve_online),0,24,,Chưa có bản dịch
hugging_knees,7,24,,Chưa có bản dịch
looking_to_sky,7,24,,Chưa có bản dịch
tap_dance,0,24,,Chưa có bản dịch
bending_object,0,24,,Chưa có bản dịch
standard_kart_(mario),0,24,,Chưa có bản dịch
looking_at_beverage,7,24,,Chưa có bản dịch
willem_dafoe_looking_up_(meme),0,24,,Chưa có bản dịch
cure_peace_pose,0,24,,Chưa có bản dịch
end_crystal,7,24,,Chưa có bản dịch
pee_holding_contest,7,24,,Chưa có bản dịch
sitting_in_feces,7,24,,Chưa có bản dịch
kissing_testicles,0,24,,Chưa có bản dịch
swords_dance_(pokemon),0,24,,Chưa có bản dịch
bird_stand,0,24,,Chưa có bản dịch
leaning_on_sofa,7,24,,Chưa có bản dịch
butt_fight,7,24,,Chưa có bản dịch
detective_dance_(ensemble_stars!),0,24,,Chưa có bản dịch
dynamic_effects,7,24,,Chưa có bản dịch
battle_cry,7,23,,Chưa có bản dịch
watermelon_knee_pose_(han-0v0),0,23,,Chưa có bản dịch
breaking_wave,0,23,,Chưa có bản dịch
sitting_on_side,7,23,,Chưa có bản dịch
sitting_on_soles,7,23,,Chưa có bản dịch
sitting_on_potty,7,23,,Chưa có bản dịch
jamila_pose,0,23,,Chưa có bản dịch
looking_at_money,7,23,,Chưa có bản dịch
looking_at_pecs,7,23,,Chưa có bản dịch
angry_smile,7,23,,Chưa có bản dịch
looking_content,7,23,,Chưa có bản dịch
looking_down_at_diaper,7,23,,Chưa có bản dịch
sheepish_smile,7,23,,Chưa có bản dịch
lying_in_bathtub,7,23,,Chưa có bản dịch
lyrica_prismriver_(cosplay),0,23,,Chưa có bản dịch
holding_stamp,0,23,,Chưa có bản dịch
holding_puppet,0,23,,Chưa có bản dịch
holding_own_neckwear,0,23,,Chưa có bản dịch
holding_fireball,7,23,,Chưa có bản dịch
holding_curtain,7,23,,Chưa có bản dịch
holding_burrito,7,23,,Chưa có bản dịch
tentacle_holding_object,7,23,,Chưa có bản dịch
ressha_sentai_toqger_pose,0,23,,Chưa có bản dịch
crystal_skull,0,23,,Chưa có bản dịch
cryptozoology,7,23,,Chưa có bản dịch
kissing_sheath,7,23,,Chưa có bản dịch
yureru_mama_demo_kimi_wa_mae_e_(project_sekai),0,23,"don't_let_doubts_hold_you_back_(project_sekai),though_wavering_you_continue_moving_forward_(project_sekai)",Chưa có bản dịch
kami's_lookout,0,23,,Chưa có bản dịch
comedic_teardrop,0,23,,Chưa có bản dịch
colt_walker,0,23,,Chưa có bản dịch
running_a_train,7,23,,Chưa có bản dịch
coldplay_kiss_cam_(meme),0,23,,Chưa có bản dịch
gaybar_pose_(meme),0,23,,Chưa có bản dịch
standing_cowgirl_position,7,23,,Chưa có bản dịch
standing_in_feces,7,23,,Chưa có bản dịch
standing_on_rocks,7,23,,Chưa có bản dịch
standing_over_dildo,7,23,,Chưa có bản dịch
city_of_tears,0,23,,Chưa có bản dịch
kazuya_crying_(meme),0,22,,Chưa có bản dịch
standing_spitroast,7,22,,Chưa có bản dịch
stand_up,7,22,,Chưa có bản dịch
aroused_smiling,7,22,,Chưa có bản dịch
foreskin_kiss,7,22,,Chưa có bản dịch
gunslinger_girl_shooting_pose,0,22,,Chưa có bản dịch
kneepit_hold,0,22,,Chưa có bản dịch
jumpsuit_partially_removed,0,22,,Chưa có bản dịch
judo_hold,0,22,,Chưa có bản dịch
cure_march_pose,0,22,,Chưa có bản dịch
about_to_kiss,7,22,,Chưa có bản dịch
backwards_long_jump,0,22,,Chưa có bản dịch
anthro_kissing_male,7,22,,Chưa có bản dịch
holding_accordion,0,22,,Chưa có bản dịch
holding_arthropod_abdomen,7,22,,Chưa có bản dịch
holding_explosives,7,22,,Chưa có bản dịch
holding_grapes,7,22,,Chưa có bản dịch
holding_media_case,7,22,,Chưa có bản dịch
holding_sticker,0,22,,Chưa có bản dịch
holding_taco,7,22,,Chưa có bản dịch
lyric_speech_bubbles_(meme),0,22,,Chưa có bản dịch
silence_gesture,7,22,,Chưa có bản dịch
woman_holding_gun_to_another_woman's_thigh_(meme),0,22,,Chưa có bản dịch
looking_side,7,22,,Chưa có bản dịch
hula_dancing,7,22,,Chưa có bản dịch
angry_masturbation,7,22,,Chưa có bản dịch
looking_at_cloaca,7,22,,Chưa có bản dịch
waver_velvet_(cosplay),0,22,,Chưa có bản dịch
pussy_hold,0,21,,Chưa có bản dịch
sitting_on_ass,0,21,,Chưa có bản dịch
sitting_on_cock,7,21,,Chưa có bản dịch
sitting_on_plushie,7,21,,Chưa có bản dịch
beak_sitting,7,21,,Chưa có bản dịch
runner,7,21,,Chưa có bản dịch
walkman_b_series,0,21,,Chưa có bản dịch
hysterical_laughter,7,21,,Chưa có bản dịch
shinji_holding_a_mug_(meme),0,21,,Chưa có bản dịch
looking_at_bottle,7,21,,Chưa có bản dịch
looking_at_own_crotch,7,21,,Chưa có bản dịch
prostate_milking_gesture,0,21,,Chưa có bản dịch
holding_sunflower,7,21,,Chưa có bản dịch
holding_snowflake,0,21,,Chưa có bản dịch
holding_speaker,0,21,,Chưa có bản dịch
holding_sake_dish,7,21,,Chưa có bản dịch
holding_robot,0,21,,Chưa có bản dịch
holding_palette,7,21,,Chưa có bản dịch
m41_walker_bulldog,0,21,,Chưa có bản dịch
holding_improvised_weapon,7,21,,Chưa có bản dịch
holding_jack-o'-lantern,7,21,,Chưa có bản dịch
holding_guts,7,21,,Chưa có bản dịch
holding_head_down,7,21,,Chưa có bản dịch
tharja's_good_smile_pose,0,21,,Chưa có bản dịch
green_crystal,7,21,,Chưa có bản dịch
holding_document,7,21,,Chưa có bản dịch
holding_energy_drink,7,21,,Chưa có bản dịch
holding_bowgun,0,21,,Chưa có bản dịch
holding_bus,7,21,,Chưa có bản dịch
holding_bloomers,0,21,,Chưa có bản dịch
holding_bill,0,21,,Chưa có bản dịch
butt_hold,7,21,,Chưa có bản dịch
kiss_on_beak,7,21,,Chưa có bản dịch
daniel_radcliffe_holding_two_guns_(meme),0,21,,Chưa có bản dịch
kissed_silly,7,21,,Chưa có bản dịch
table_dance,7,21,,Chưa có bản dịch
fight_scene,7,21,,Chưa có bản dịch
trending_pose,7,21,,Chưa có bản dịch
teat_blush,7,21,,Chưa có bản dịch
cryamore_condenser,0,21,,Chưa có bản dịch
crysknife,0,21,,Chưa có bản dịch
poseidong_lube,7,20,,Chưa có bản dịch
religious_gesture,7,20,,Chưa có bản dịch
blush_emoji,7,20,,Chưa có bản dịch
ride_chemy_card,0,20,,Chưa có bản dịch
scissor_hold,7,20,,Chưa có bản dịch
ridged,7,20,,Chưa có bản dịch
ridge,7,20,,Chưa có bản dịch
tea_stand,0,20,,Chưa có bản dịch
tears_of_asphyxiation,7,20,,Chưa có bản dịch
kneeling_on_bench,7,20,,Chưa có bản dịch
expressions_of_your_wife_being_loved_practice,0,20,not_doing_hurtful_things_to_your_waifu_chart,Chưa có bản dịch
kissing_while_fingering,7,20,,Chưa có bản dịch
kissing_chin,0,20,,Chưa có bản dịch
kiss_mark_on_forehead,7,20,,Chưa có bản dịch
kiss_mark_on_perineum,7,20,,Chưa có bản dịch
holding_cucumber,7,20,,Chưa có bản dịch
holding_game_boy_advance,7,20,,Chưa có bản dịch
holding_frisbee,7,20,,Chưa có bản dịch
netero_heart_pose,0,20,,Chưa có bản dịch
holding_handles,7,20,,Chưa có bản dịch
holding_light,7,20,,Chưa có bản dịch
holding_matchbox,0,20,,Chưa có bản dịch
holding_muffin,7,20,,Chưa có bản dịch
holding_pasties,0,20,,Chưa có bản dịch
holding_paint_can,7,20,,Chưa có bản dịch
grand_zi-o_ridewatch,0,20,,Chưa có bản dịch
holding_string_instrument,7,20,,Chưa có bản dịch
holding_too_many_things,0,20,,Chưa có bản dịch
holding_toilet_paper,7,20,,Chưa có bản dịch
lynxon,7,20,,Chưa có bản dịch
lying_on_magic_circle,0,20,,Chưa có bản dịch
the_last_ride_(furious_7),0,20,,Chưa có bản dịch
angry_prey,7,20,,Chưa có bản dịch
looking_from_afar,7,20,,Chưa có bản dịch
looking_down_at_pussy,7,20,,Chưa có bản dịch
looking_at_picture,7,20,,Chưa có bản dịch
looking_at_paws,7,20,,Chưa có bản dịch
looking_at_parent,7,20,,Chưa có bản dịch
looking_at_poses_to_draw_and_(meme),0,20,,Chưa có bản dịch
looking_at_own_balls,7,20,,Chưa có bản dịch
deadmen_(kamen_rider_revice),0,20,,Chưa có bản dịch
standing_on_glass,7,20,,Chưa có bản dịch
standing_upright,7,20,,Chưa có bản dịch
mutual_leash_holding,0,20,,Chưa có bản dịch
wave_breaker_(splatoon),0,20,,Chưa có bản dịch
unflinching_walk_failure,0,20,,Chưa có bản dịch
