day,0,540955,daytime,Ban ngày
glowing,0,275986,"glow,glow_in_the_dark,glowing_bits,glowy,luminescence,luminescent,luminous_glow",Phát sáng
night,0,259672,"late_night,midnight,night_sky,night_time,nightime,nighttime",Ban đêm
white_border,0,229704,whtie_border,Viền trắng
shadow,0,223740,shadows,Bóng đổ
sunlight,0,121579,"daylight,shining_sun,sun_light,sun_lighting,sun_lit,sun_shine,sun_shining,sunlighting,sunlit,sunshine,sunshining",Ánh nắng
tiger,0,116503,"black_tiger,golden_tabby_tiger,golden_tiger,maltese_tiger,snow_tiger,tigeress,tigers",Chưa có bản dịch
white_sailor_collar,0,93141,,Chưa có bản dịch
blue_sailor_collar,0,92269,,Chưa có bản dịch
pink_areola,7,86389,"pink_areolae,pink_areolas",Chưa có bản dịch
light_particles,0,81549,glowing_motes,Chưa có bản dịch
red_neckerchief,0,80696,,Chưa có bản dịch
colored_sclera,0,78651,,Chưa có bản dịch
halloween,0,75221,"halloween_2018,halloween_2019,halloween_2020,halloween_2021,halloween_2022,halloween_2023,halloween_2024,halloween_candy,halloween_theme,haloween,nightmare_night",Chưa có bản dịch
spot_color,0,72561,"splash_of_color,splash_of_colour,spot_coloring,spot_colors,spot_colour,spot_colouring",Chưa có bản dịch
white_outline,0,72056,,Chưa có bản dịch
black_border,0,66580,,Chưa có bản dịch
light,7,66516,,Chưa có bản dịch
black_sailor_collar,0,65819,,Chưa có bản dịch
blue_halo,0,61107,,Chưa có bản dịch
black_collar,0,59015,,Chưa có bản dịch
sunset,0,56976,"sun_set,sundown",Hoàng hôn
pink_halo,0,55868,,Chưa có bản dịch
black_claws,0,53166,black_claw,Chưa có bản dịch
pink_pawpads,7,52773,"pink_fingerpads,pink_paw_pad,pink_paw_pads,pink_pawpad",Chưa có bản dịch
black_topwear,7,51765,,Chưa có bản dịch
backlighting,0,49081,"back_light,back_lighting,back_lit,backlight,backlit,light_from_behind",Ánh sáng ngược
alternate_color,0,48450,"/ac,/acol,alternate_colors,alternate_colour,alternative_color,alternative_colour,color_swap,coloring_swap,colour_swap,colouring_swap",Chưa có bản dịch
white_topwear,7,46675,white_top,Chưa có bản dịch
red_rose,0,45902,,Chưa có bản dịch
white_feathers,0,45481,whtie_feathers,Chưa có bản dịch
blue_feathers,0,45433,"blue_feather,cyan_feathers",Chưa có bản dịch
blue_theme,0,43860,cyan_theme,Chưa có bản dịch
white_balls,7,43714,,Chưa có bản dịch
black_serafuku,0,41765,,Chưa có bản dịch
yellow_ascot,0,41641,yellow_jabot,Chưa có bản dịch
chocolate,0,41406,"chocolates,those_chocolates_where_everyone_always_eats_the_orange_cremes_before_you_get_any_and_all_you_get_is_the_coconut",Chưa có bản dịch
green_scales,0,41107,,Chưa có bản dịch
red_halo,0,40117,,Chưa có bản dịch
yellow_halo,0,39926,,Chưa có bản dịch
black_bottomwear,7,37734,,Chưa có bản dịch
white_countershading,7,35441,white_countershade,Chưa có bản dịch
white_capelet,0,34923,,Chưa có bản dịch
blue_scales,0,34912,cyan_scales,Chưa có bản dịch
red_panda,0,33749,"blue_panda,green_panda,lesser_panda,red-panda,redpanda",Chưa có bản dịch
blue_topwear,7,33715,cyan_topwear,Chưa có bản dịch
light_rays,0,33474,,Chưa có bản dịch
black_tank_top,0,32755,black_tanktop,Chưa có bản dịch
black_pawpads,7,31610,"black_fingerpads,black_paw_pad,black_paw_pads,black_pawpad,blakc_pawpads",Chưa có bản dịch
yellow_neckerchief,0,31336,,Chưa có bản dịch
white_tank_top,0,30682,white_tanktop,Chưa có bản dịch
blue_gem,0,30324,"blue_gemstone,sapphire_(gemstone)",Chưa có bản dịch
white_streaks,0,29903,,Chưa có bản dịch
valentine,0,29380,"valentien,valentines,valentines_day",Chưa có bản dịch
white_wrist_cuffs,0,28689,,Chưa có bản dịch
pink_glans,7,28667,,Chưa có bản dịch
white_ascot,0,28471,white_jabot,Chưa có bản dịch
blue_neckerchief,0,28096,,Chưa có bản dịch
black_legwear,7,27865,,Chưa có bản dịch
colored_tips,0,27428,"dip-dyed_hair,frosted_tips",Chưa có bản dịch
red_topwear,7,27348,,Chưa có bản dịch
white_collar,0,27299,,Chưa có bản dịch
red_streaks,0,27109,,Chưa có bản dịch
red_scales,0,27061,,Chưa có bản dịch
red_ascot,0,26876,red_jabot,Chưa có bản dịch
limited_palette,0,26705,,Chưa có bản dịch
blue_bottomwear,7,26665,cyan_bottomwear,Chưa có bản dịch
blue_rose,0,26608,,Chưa có bản dịch
black_scales,0,26432,"black_scale,blakc_scales",Chưa có bản dịch
black_capelet,0,26193,,Chưa có bản dịch
dark,0,26073,,Chưa có bản dịch
white_claws,7,26021,whtie_claws,Chưa có bản dịch
black_feathers,0,25812,"black_feather,black_feathrs,blakc_feather,blakc_feathers",Chưa có bản dịch
red_collar,0,25653,,Chưa có bản dịch
german_shepherd,0,25328,"alsatian,american_white_shepherd,german-shepard,german_shep,german_shepard,german_shepard_dog,german_sheperd,german_sheperd_dog,german_shephard,german_shephed,german_shepherd_dog,german_shepherd_mix,german_sheppard,german_sherherd,german_sherpard_dog,germanshepard,germansheperd,germanshepherd,gsd,gshep,white_american_shepherd,white_german_shepherd,white_shepherd",Chưa có bản dịch
light_frown,0,24945,,Chưa có bản dịch
white_scales,0,24716,"white_sclaes,whtie_scales",Chưa có bản dịch
red_eyeshadow,0,24714,,Chưa có bản dịch
censor_bar,7,24421,"black_rectangles,censor_bars",Chưa có bản dịch
blue_streaks,0,24360,,Chưa có bản dịch
black_balls,7,24108,,Chưa có bản dịch
white_handwear,7,23780,,Chưa có bản dịch
green_topwear,7,23575,,Chưa có bản dịch
yellow_feathers,0,23534,gold_feathers,Chưa có bản dịch
multicolored_scales,0,23244,"black_and_white_scales,multi-colored_scales,multi_tone_scales,three-tone_scales,three-toned_scales,three_tone_scales,three_toned_scales",Chưa có bản dịch
shade,0,23089,in_shadow,Chưa có bản dịch
pink_theme,0,22948,,Chưa có bản dịch
black_suit,0,22805,,Chưa có bản dịch
white_rose,0,22603,,Chưa có bản dịch
white_sclera,7,21923,"white_scleras,white_slcera",Chưa có bản dịch
red_eyeliner,0,21431,,Chưa có bản dịch
black_markings,7,21145,"black_markigns,black_marking",Chưa có bản dịch
black_cat,0,21080,black_cat_(animal),Chưa có bản dịch
red_hakama,0,20580,,Chưa có bản dịch
leopard,0,20564,"black_leopard,leapord,leopards,melanistic_leopard,pink_leopard,spotted_leopard,strawberry_leopard,white_leopard",Chưa có bản dịch
rainbow,0,20518,rainbows,Chưa có bản dịch
red_gem,0,20376,ruby_(gemstone),Chưa có bản dịch
pink_rose,0,20074,,Chưa có bản dịch
green_halo,0,19963,,Chưa có bản dịch
black_areola,7,19531,"black_areolae,black_areolas,blakc_areola,blakc_areolae,blakc_areolas",Chưa có bản dịch
blue_eyeshadow,0,19525,,Chưa có bản dịch
yellow_scales,0,19511,,Chưa có bản dịch
red_capelet,0,19465,,Chưa có bản dịch
black_halo,0,19338,,Chưa có bản dịch
black_neckerchief,0,19143,,Chưa có bản dịch
white_camisole,0,18917,,Chưa có bản dịch
blue_markings,7,18298,"blue_markigns,blue_marking,cyan_markings,indigo_markings",Chưa có bản dịch
purple_scales,0,18187,lavender_scales,Chưa có bản dịch
blue_areola,7,18166,"blue_areolae,blue_areolas,cyan_areola",Chưa có bản dịch
drop_shadow,0,18164,,Chưa có bản dịch
white_veil,0,18023,,Chưa có bản dịch
chalkboard,0,17997,"black_board,blackboard,chalk_board",Chưa có bản dịch
black_stripes,7,17840,,Chưa có bản dịch
red_sash,0,17644,,Chưa có bản dịch
dark_persona,0,17402,,Chưa có bản dịch
white_markings,7,17296,"white_markigns,white_marking",Chưa có bản dịch
purple_eyeshadow,0,17063,,Chưa có bản dịch
red_theme,0,17029,,Chưa có bản dịch
grey_scales,0,17003,"dark_grey_scales,gray_scales,silver_scales",Chưa có bản dịch
black_streaks,0,16952,,Chưa có bản dịch
nightgown,0,16775,"night_dress,night_gown,nightdress,nightie,nighty",Chưa có bản dịch
colored_speech_bubble,0,16646,colored_thought_bubble,Chưa có bản dịch
black_handwear,7,16613,,Chưa có bản dịch
red_markings,7,16548,"red_markigns,red_marking",Chưa có bản dịch
purple_theme,0,16206,,Chưa có bản dịch
pink_topwear,7,15948,,Chưa có bản dịch
blue_fire,0,15670,blue_flame,Chưa có bản dịch
black_bars,7,15599,,Chưa có bản dịch
blue_vulva,7,15268,"blue_cunt,blue_labia,blue_twat,blue_vag,blue_vagina,cyan_cunt,cyan_labia,cyan_pussy,cyan_twat,cyan_vag,cyan_vagina,cyan_vulva",Chưa có bản dịch
blue_pawpads,7,15192,"blue_fingerpads,blue_paw_pad,blue_paw_pads,blue_pawpad,cyan_pawpads,indigo_pawpads,light_blue_pawpads",Chưa có bản dịch
white_neckerchief,0,15073,,Chưa có bản dịch
grey_halo,0,14968,,Chưa có bản dịch
glowing_genitalia,7,14781,"glowing_genitals,glowing_private_part,glowing_private_parts,glowing_privates",Chưa có bản dịch
pink_streaks,0,14389,,Chưa có bản dịch
black_vulva,7,14321,"black_cunt,black_labia,black_pussy,black_twat,black_vag,black_vagina,blakc_pussy",Chưa có bản dịch
blue_butterfly,0,14250,,Chưa có bản dịch
black_thigh_highs,7,14247,,Chưa có bản dịch
black_corset,0,13653,,Chưa có bản dịch
grey_feathers,0,13619,gray_feathers,Chưa có bản dịch
purple_halo,0,13615,,Chưa có bản dịch
green_theme,0,13360,,Chưa có bản dịch
grey_topwear,7,13251,gray_topwear,Chưa có bản dịch
orange_scales,0,13179,,Chưa có bản dịch
red_armband,0,13101,,Chưa có bản dịch
spotlight,0,13035,"spot_light,spot_lights,spotlights",Chưa có bản dịch
red_feathers,0,13032,,Chưa có bản dịch
grey_balls,7,12980,gray_balls,Chưa có bản dịch
purple_topwear,7,12948,violet_topwear,Chưa có bản dịch
blue_balls,7,12866,,Chưa có bản dịch
red_headband,0,12797,,Chưa có bản dịch
green_gem,0,12778,"emerald_(gemstone),green_gemstone",Chưa có bản dịch
black_ascot,0,12756,black_jabot,Chưa có bản dịch
blue_overalls,0,12620,,Chưa có bản dịch
white_bloomers,0,12554,,Chưa có bản dịch
purple_areola,7,12487,"purple_areolae,purple_areolas",Chưa có bản dịch
pink_neckerchief,0,12399,,Chưa có bản dịch
blue_capelet,0,11928,,Chưa có bản dịch
black_spots,7,11612,,Chưa có bản dịch
orange_(fruit),0,11428,"orange,orange_(food),oranges",Chưa có bản dịch
dark_elf,0,11378,,Chưa có bản dịch
grey_border,0,11352,gray_border,Chưa có bản dịch
yellow_beak,7,11351,,Chưa có bản dịch
purple_feathers,0,11260,"lavender_feathers,lilac_feathers",Chưa có bản dịch
crab,0,11156,"blue_crab,crab_(animal),crabs,true_crab",Chưa có bản dịch
grey_sailor_collar,0,11086,,Chưa có bản dịch
multicolored_feathers,0,11071,"black_and_white_feathers,multi-colored_feathers,multi_tone_feathers",Chưa có bản dịch
blue_ascot,0,11005,blue_jabot,Chưa có bản dịch
blue_claws,0,10860,cyan_claws,Chưa có bản dịch
moonlight,0,10843,moon_light,Ánh trăng
black_leggings,0,10837,,Chưa có bản dịch
pink_eyeshadow,0,10817,,Chưa có bản dịch
white_headband,0,10727,,Chưa có bản dịch
grey_bottomwear,7,10717,gray_bottomwear,Chưa có bản dịch
black_veil,0,10696,,Chưa có bản dịch
white_headdress,0,10674,,Chưa có bản dịch
red_buruma,0,10653,,Chưa có bản dịch
yellow_markings,7,10643,"yellow_markigns,yellow_marking",Chưa có bản dịch
black_sash,0,10606,,Chưa có bản dịch
green_sailor_collar,0,10562,,Chưa có bản dịch
black_latex,7,10551,black_rubber,Chưa có bản dịch
yellow_topwear,7,10546,,Chưa có bản dịch
black_camisole,0,10502,,Chưa có bản dịch
blue_buruma,0,10412,,Chưa có bản dịch
pink_petals,0,10017,,Chưa có bản dịch
white_cat,0,10003,,Chưa có bản dịch
glowing_markings,0,9924,"glowing_mark,glowing_markigns,glowing_marking,glowing_marks",Chưa có bản dịch
purple_rose,0,9847,,Chưa có bản dịch
blue_border,0,9836,,Chưa có bản dịch
red_sailor_collar,0,9835,,Chưa có bản dịch
red_bottomwear,7,9737,,Chưa có bản dịch
red_trim,0,9716,,Chưa có bản dịch
glowstick,0,9685,"glow_stick,glow_sticks,glowsticks,light_stick,lightstick",Chưa có bản dịch
white_legwear,7,9561,,Chưa có bản dịch
suggestive_fluid,0,9501,ambiguous_white_liquid,Chưa có bản dịch
red_rope,0,9474,,Chưa có bản dịch
muted_colors,0,9432,muted_color,Chưa có bản dịch
colored_blood,0,9413,,Chưa có bản dịch
blue_scrunchie,0,9410,,Chưa có bản dịch
black_bridal_gauntlets,0,9391,,Chưa có bản dịch
black_eyeshadow,0,9373,,Chưa có bản dịch
purple_gem,0,9340,"amethyst_(gemstone),purple_gemstone",Chưa có bản dịch
purple_streaks,0,9317,,Chưa có bản dịch
blue_sash,0,9305,,Chưa có bản dịch
white_halo,0,9220,,Chưa có bản dịch
green_areola,7,9115,"green_areolae,green_areolas",Chưa có bản dịch
color_swatch,7,9003,"color_palette,color_swatches,colour_swatch",Chưa có bản dịch
black_headband,0,8911,,Chưa có bản dịch
yellow_theme,0,8832,,Chưa có bản dịch
blue_collar,0,8830,blue_dog_collar,Chưa có bản dịch
red_scrunchie,0,8795,,Chưa có bản dịch
green_feathers,0,8712,,Chưa có bản dịch
yellow_rose,0,8694,,Chưa có bản dịch
green_bottomwear,7,8641,,Chưa có bản dịch
imagining,0,8607,"day_dreaming,daydreaming",Chưa có bản dịch
pink_scales,0,8478,,Chưa có bản dịch
purple_markings,7,8252,"lilac_markings,purple_markigns,purple_marking",Chưa có bản dịch
black_shrug,0,8170,,Chưa có bản dịch
white_briefs,7,8151,,Chưa có bản dịch
black_armwear,7,8108,,Chưa có bản dịch
white_bottomwear,7,8062,,Chưa có bản dịch
color_guide,0,8055,"color_palette,palette_(guide)",Chưa có bản dịch
blue_serafuku,0,8042,,Chưa có bản dịch
pink_collar,0,8035,,Chưa có bản dịch
colored_cum,0,8017,coloured_cum,Chưa có bản dịch
black_beak,7,7941,blakc_beak,Chưa có bản dịch
purple_sailor_collar,0,7929,,Chưa có bản dịch
purple_sash,0,7847,"lilac_sash,purple_obi",Chưa có bản dịch
white_suit,0,7809,,Chưa có bản dịch
white_trim,0,7799,,Chưa có bản dịch
white_sash,0,7686,,Chưa có bản dịch
red_moon,0,7610,blood_moon,Chưa có bản dịch
grey_claws,0,7534,gray_claws,Chưa có bản dịch
yellow_balls,7,7526,,Chưa có bản dịch
grey_areola,7,7512,"gray_areola,gray_areolae,gray_areolas,grey_areolae,grey_areolas",Chưa có bản dịch
white_scrunchie,0,7512,,Chưa có bản dịch
mandarin_orange,0,7431,"clementine,mandarin,mikan",Chưa có bản dịch
orange_topwear,7,7361,,Chưa có bản dịch
black_outline,0,7268,,Chưa có bản dịch
neon_lights,0,7217,neon_light,Chưa có bản dịch
pink_border,0,7116,,Chưa có bản dịch
sunrise,0,7053,sun_rise,Bình minh
purple_serafuku,0,6899,,Chưa có bản dịch
black_scrunchie,0,6876,,Chưa có bản dịch
red_claws,0,6851,,Chưa có bản dịch
white_headscarf,0,6832,,Chưa có bản dịch
string_of_fate,0,6818,red_thread,Chưa có bản dịch
white_shrug,0,6803,,Chưa có bản dịch
yellow_trim,0,6735,,Chưa có bản dịch
white_hanfu,0,6696,,Chưa có bản dịch
jaguar,0,6688,"black_jaguar,melanistic_jaguar,white_jaguar",Chưa có bản dịch
black_hanfu,0,6659,,Chưa có bản dịch
orange_feathers,0,6656,,Chưa có bản dịch
green_balls,7,6612,,Chưa có bản dịch
ceiling_light,0,6596,,Chưa có bản dịch
yellow_sash,0,6545,,Chưa có bản dịch
pink_scrunchie,0,6533,,Chưa có bản dịch
light_trail,0,6507,,Chưa có bản dịch
light_bulb,0,6489,lightbulb,Chưa có bản dịch
red_bandana,0,6426,,Chưa có bản dịch
green_neckerchief,0,6414,,Chưa có bản dịch
white_bird,0,6392,,Chưa có bản dịch
orange_theme,0,6356,,Chưa có bản dịch
red_tattoo,0,6314,red_tattoos,Chưa có bản dịch
purple_balls,7,6237,,Chưa có bản dịch
red_areola,7,6223,"red_areolae,red_areolas",Chưa có bản dịch
happy_valentine,0,6214,happy_valentine's_day,Chưa có bản dịch
brown_spots,7,6193,dark_brown_spots,Chưa có bản dịch
purple_vulva,7,6133,"lavender_labia,lavender_pussy,purple_cunt,purple_labia,purple_twat,purple_vag,purple_vagina,violet_cunt,violet_labia,violet_pussy,violet_twat,violet_vag,violet_vagina,violet_vulva",Chưa có bản dịch
green_markings,7,6104,"green_markigns,green_marking",Chưa có bản dịch
pink_feathers,0,6031,,Chưa có bản dịch
light_beam,7,5994,"beam_of_light,beams_of_light,light_beams,light_ray,lightbeam,lightbeams,lightray,lightrays,ray_of_light,rays_of_light",Chưa có bản dịch
orange_neckerchief,0,5958,,Chưa có bản dịch
black_lipstick,7,5946,,Chưa có bản dịch
black_rose,0,5944,black_rose_(flower),Chưa có bản dịch
black_hakama,0,5906,,Chưa có bản dịch
red_border,0,5859,,Chưa có bản dịch
pink_pajamas,0,5800,,Chưa có bản dịch
red_lipstick,7,5768,,Chưa có bản dịch
blue_trim,0,5694,,Chưa có bản dịch
red_highlights,7,5678,"red_highlight,red_streak",Chưa có bản dịch
blue_highlights,7,5653,"blue_highlight,blue_streak,cyan_highlight,cyan_highlights,cyan_streak,cyan_streaks",Chưa có bản dịch
blue_hakama,0,5535,,Chưa có bản dịch
yellow_scrunchie,0,5527,,Chưa có bản dịch
grey_neckerchief,0,5476,gray_neckerchief,Chưa có bản dịch
blue_armband,0,5471,,Chưa có bản dịch
purple_bottomwear,7,5439,"magenta_bottomwear,magenta_panties,violet_bottomwear",Chưa có bản dịch
dark_areola,7,5384,dark_areolas,Chưa có bản dịch
red_hood,0,5366,,Chưa có bản dịch
white_sheath,7,5335,,Chưa có bản dịch
black_hood,0,5298,,Chưa có bản dịch
red_balls,7,5202,,Chưa có bản dịch
purple_capelet,0,5199,,Chưa có bản dịch
red_kerchief,7,5186,red_bandanna,Chưa có bản dịch
color_coded,7,5155,,Chưa có bản dịch
pink_bottomwear,7,5141,,Chưa có bản dịch
blonde_streaks,0,5072,yellow_streaks,Chưa có bản dịch
red_tank_top,0,5049,red_tanktop,Chưa có bản dịch
orange_markings,7,5049,"orange_markigns,orange_marking",Chưa có bản dịch
neon_trim,0,5019,,Chưa có bản dịch
blue_headband,0,4986,,Chưa có bản dịch
blue_stripes,7,4981,blue_striped,Chưa có bản dịch
yellow_border,0,4943,,Chưa có bản dịch
black_armband,0,4905,,Chưa có bản dịch
black_glans,7,4852,,Chưa có bản dịch
white_romper,0,4825,,Chưa có bản dịch
black_mane,7,4812,,Chưa có bản dịch
nightclub,0,4802,night_club,Chưa có bản dịch
purple_fire,0,4789,,Chưa có bản dịch
white_serafuku,0,4759,,Chưa có bản dịch
red_cross,0,4698,,Chưa có bản dịch
white_snake,0,4677,,Chưa có bản dịch
purple_pawpads,7,4650,"purple_fingerpads,purple_paw_pad,purple_paw_pads,purple_pawpad",Chưa có bản dịch
black_hooves,7,4644,"black_hoof,black_hoove",Chưa có bản dịch
blue_jay,0,4590,"bluejay,jaybird",Chưa có bản dịch
red_glans,7,4569,,Chưa có bản dịch
blue_helmet,0,4563,,Chưa có bản dịch
blue_tank_top,0,4563,blue_tanktop,Chưa có bản dịch
white_theme,0,4540,,Chưa có bản dịch
lipstick_tube,0,4537,red_lipstick_tube,Chưa có bản dịch
grey_countershading,7,4535,"gray_countershading,grey_countershade",Chưa có bản dịch
white_hood,0,4532,,Chưa có bản dịch
blue_insides,7,4513,,Chưa có bản dịch
black_tiara,0,4467,,Chưa có bản dịch
black_helmet,0,4454,,Chưa có bản dịch
pink_blood,0,4443,,Chưa có bản dịch
orange_areola,7,4442,"orange_areolae,orange_areolas",Chưa có bản dịch
blue_swimwear,7,4431,"blue_swimsuit,cyan_swimsuit,cyan_swimwear",Chưa có bản dịch
white_perineum,7,4427,,Chưa có bản dịch
white_diaper,7,4398,,Chưa có bản dịch
purple_claws,0,4374,,Chưa có bản dịch
blueberry,0,4369,"blue_berry,blueberries",Chưa có bản dịch
blue_tunic,0,4366,,Chưa có bản dịch
black_skinsuit,7,4316,,Chưa có bản dịch
purple_rope,0,4313,,Chưa có bản dịch
pink_claws,0,4305,,Chưa có bản dịch
colored_fire,7,4300,,Chưa có bản dịch
red_helmet,0,4299,,Chưa có bản dịch
black_tube_top,0,4293,,Chưa có bản dịch
green_tunic,0,4288,,Chưa có bản dịch
white_thigh_highs,7,4277,,Chưa có bản dịch
red_petals,0,4270,,Chưa có bản dịch
traffic_light,0,4265,"stop_light,stoplight,traffic_lights,traffic_signal",Chưa có bản dịch
pink_markings,7,4245,"pink_markigns,pink_marking,rose_markings",Chưa có bản dịch
caustics,0,4243,caustic_lighting,Chưa có bản dịch
purple_border,0,4241,"lavender_border,lilac_border",Chưa có bản dịch
purple_collar,0,4237,,Chưa có bản dịch
rainbow_pride_colors,7,4234,,Chưa có bản dịch
window_shadow,0,4232,,Chưa có bản dịch
white_corset,0,4206,,Chưa có bản dịch
grey_markings,7,4162,"gray_marking,gray_markings,grey_markigns,grey_marking",Chưa có bản dịch
colored_shadow,0,4154,,Chưa có bản dịch
black_buruma,0,4147,,Chưa có bản dịch
white_mane,7,4124,,Chưa có bản dịch
black_eyeliner,0,4112,,Chưa có bản dịch
orange_slice,0,4103,,Chưa có bản dịch
grey_tank_top,0,4096,"gray_tank_top,gray_tanktop,grey_tanktop",Chưa có bản dịch
pink_sailor_collar,0,4094,,Chưa có bản dịch
yellow_claws,0,4070,,Chưa có bản dịch
white_stripes,7,4061,,Chưa có bản dịch
purple_highlights,7,4058,"lilac_highlights,purple_highlight,purple_streak,violet_highlights",Chưa có bản dịch
fused_shadow,7,4048,,Chưa có bản dịch
pink_gem,0,4043,pink_gemstone,Chưa có bản dịch
purple_ascot,0,4041,purple_jabot,Chưa có bản dịch
official_alternate_color,0,4021,,Chưa có bản dịch
red_pawpads,7,4021,"red_fingerpads,red_paw_pad,red_paw_pads,red_pawpad",Chưa có bản dịch
pink_highlights,7,4020,"pink_highlight,pink_streak",Chưa có bản dịch
green_capelet,0,4020,,Chưa có bản dịch
white_tube_top,0,4003,,Chưa có bản dịch
black_wrist_cuffs,0,4001,,Chưa có bản dịch
pink_camisole,0,3985,,Chưa có bản dịch
purple_neckerchief,0,3975,,Chưa có bản dịch
pink_clitoris,7,3964,pink_clit,Chưa có bản dịch
green_claws,7,3959,,Chưa có bản dịch
blue_mane,7,3950,cyan_mane,Chưa có bản dịch
pink_lipstick,7,3937,,Chưa có bản dịch
pale_colors,0,3932,pale_color,Chưa có bản dịch
color_connection,0,3900,,Chưa có bản dịch
pink_capelet,0,3860,,Chưa có bản dịch
yellow_areola,7,3858,"yellow_areolae,yellow_areolas",Chưa có bản dịch
white_spots,7,3856,,Chưa có bản dịch
blue_pajamas,0,3851,,Chưa có bản dịch
orange_scrunchie,0,3851,,Chưa có bản dịch
pink_balls,7,3798,pink_ballsack,Chưa có bản dịch
red_cheeks,7,3768,,Chưa có bản dịch
orange_balls,7,3751,,Chưa có bản dịch
white_lily,0,3714,,Chưa có bản dịch
yellow_armband,0,3672,,Chưa có bản dịch
blue_tabard,0,3668,,Chưa có bản dịch
green_pawpads,7,3654,"green_fingerpads,green_paw_pad,green_paw_pads,green_pawpad",Chưa có bản dịch
red_handwear,7,3643,,Chưa có bản dịch
orange_halo,0,3640,,Chưa có bản dịch
red_legwear,7,3621,,Chưa có bản dịch
black_thong,0,3603,,Chưa có bản dịch
green_headband,0,3599,,Chưa có bản dịch
purple_lipstick,7,3597,"lavender_lipstick,violet_lipstick",Chưa có bản dịch
orange_beak,7,3589,,Chưa có bản dịch
pocky_day,0,3575,pepero_day,Chưa có bản dịch
blue_glans,7,3561,,Chưa có bản dịch
green_highlights,0,3501,"green_highlight,green_streak",Chưa có bản dịch
purple_legwear,7,3491,violet_legwear,Chưa có bản dịch
purple_veil,0,3484,,Chưa có bản dịch
white_leggings,0,3484,,Chưa có bản dịch
dark_aura,0,3480,,Chưa có bản dịch
multicolored_mane,7,3462,"black_and_white_mane,multi_tone_mane",Chưa có bản dịch
grey_beak,7,3457,gray_beak,Chưa có bản dịch
green_tank_top,0,3438,green_tanktop,Chưa có bản dịch
paint_palette,0,3421,palette_(object),Chưa có bản dịch
green_eyeshadow,0,3389,,Chưa có bản dịch
grey_sclera,0,3382,"gray_sclera,grey_scleras,grey_slcera",Chưa có bản dịch
lightsaber,0,3353,"light_saber,light_sabre,lightsabre",Chưa có bản dịch
blue_veil,0,3330,,Chưa có bản dịch
white_butterfly,0,3323,,Chưa có bản dịch
neon,7,3291,,Chưa có bản dịch
blue_legwear,7,3214,cyan_legwear,Chưa có bản dịch
blue_hood,0,3177,,Chưa có bản dịch
blue_outline,0,3177,,Chưa có bản dịch
purple_butterfly,0,3167,,Chưa có bản dịch
pink_ascot,0,3159,pink_jabot,Chưa có bản dịch
candlelight,0,3149,candle_light,Chưa có bản dịch
bunny_day,0,3140,,Chưa có bản dịch
pink_chastity_cage,7,3136,,Chưa có bản dịch
glowing_tattoo,0,3123,glowing_tattoos,Chưa có bản dịch
purple_glans,7,3120,,Chưa có bản dịch
yellow_gem,0,3113,yellow_gemstone,Chưa có bản dịch
green_border,0,3109,,Chưa có bản dịch
cat_day,0,3109,,Chưa có bản dịch
glowing_cum,7,3107,"nuclear_cum,radioactive_cum",Chưa có bản dịch
blue_suit,0,3103,,Chưa có bản dịch
red_stripes,7,3089,,Chưa có bản dịch
six-stripe_rainbow_pride_colors,7,3088,,Chưa có bản dịch
pink_wrist_cuffs,0,3082,,Chưa có bản dịch
pink_legwear,7,3081,,Chưa có bản dịch
yellow_tank_top,0,3069,yellow_tanktop,Chưa có bản dịch
purple_scrunchie,0,3060,,Chưa có bản dịch
grey_theme,0,3047,gray_theme,Chưa có bản dịch
purple_stripes,7,3015,lavender_stripes,Chưa có bản dịch
green_streaks,0,2960,,Chưa có bản dịch
rainbow_gradient,0,2943,,Chưa có bản dịch
black_bandeau,0,2926,,Chưa có bản dịch
rainbow_order,0,2923,,Chưa có bản dịch
green_collar,0,2920,green_dog_collar,Chưa có bản dịch
white_wool,7,2912,,Chưa có bản dịch
pink_tank_top,0,2848,pink_tanktop,Chưa có bản dịch
orange_border,0,2836,,Chưa có bản dịch
grey_capelet,0,2835,,Chưa có bản dịch
black_trim,0,2831,,Chưa có bản dịch
yellow_bottomwear,7,2829,,Chưa có bản dịch
grey_pawpads,7,2829,"gray_fingerpads,gray_paw_pad,gray_paw_pads,gray_pawpad,gray_pawpads,grey_fingerpads,grey_paw_pad,grey_paw_pads,grey_pawpad",Chưa có bản dịch
corrupted_halo,0,2823,dark_halo,Chưa có bản dịch
white_armwear,7,2817,,Chưa có bản dịch
white_bridal_gauntlets,0,2807,,Chưa có bản dịch
red_outline,0,2781,,Chưa có bản dịch
yellow_outline,0,2780,,Chưa có bản dịch
grey_suit,0,2776,gray_suit,Chưa có bản dịch
white_helmet,0,2765,,Chưa có bản dịch
pink_outline,0,2757,,Chưa có bản dịch
yellow_pawpads,7,2756,"yellow_fingerpads,yellow_paw_pad,yellow_paw_pads",Chưa có bản dịch
yellow_butterfly,0,2754,,Chưa có bản dịch
dim_lighting,0,2743,,Chưa có bản dịch
white_sarong,0,2737,,Chưa có bản dịch
blue_camisole,0,2733,,Chưa có bản dịch
pink_trim,0,2716,,Chưa có bản dịch
miku_day,0,2710,mikupa,Chưa có bản dịch
blue_spots,7,2706,indigo_spots,Chưa có bản dịch
orange_rose,0,2692,,Chưa có bản dịch
pink_sash,0,2690,pink_obi,Chưa có bản dịch
glowing_butterfly,0,2686,,Chưa có bản dịch
red_mane,7,2683,,Chưa có bản dịch
white_highlights,7,2678,"white_highlight,white_streak",Chưa có bản dịch
umamusume_horse_relations,0,2676,the_dark_side_of_the_horse_(umamusume),Chưa có bản dịch
yellow_countershading,7,2660,yellow_countershade,Chưa có bản dịch
red_suit,0,2646,,Chưa có bản dịch
black_bear,0,2645,,Chưa có bản dịch
grey_serafuku,0,2644,,Chưa có bản dịch
green_armband,0,2643,,Chưa có bản dịch
purple_tabard,0,2639,,Chưa có bản dịch
blue_handwear,7,2633,,Chưa có bản dịch
white_butt,7,2611,"white_ass,white_booty",Chưa có bản dịch
orange_sailor_collar,0,2599,,Chưa có bản dịch
blue_lipstick,7,2598,,Chưa có bản dịch
white_shawl,0,2578,,Chưa có bản dịch
yellow_handwear,7,2557,,Chưa có bản dịch
purple_mane,7,2550,lilac_mane,Chưa có bản dịch
macaw,0,2536,blue_macaw,Chưa có bản dịch
pride_color_flag,7,2531,,Chưa có bản dịch
white_head,7,2518,,Chưa có bản dịch
pink_mane,7,2507,,Chưa có bản dịch
red_corset,0,2506,,Chưa có bản dịch
yellow_headband,0,2494,,Chưa có bản dịch
light_censor,0,2485,,Chưa có bản dịch
orange_bottomwear,7,2462,,Chưa có bản dịch
white_bandeau,0,2461,,Chưa có bản dịch
yellow_raincoat,0,2453,,Chưa có bản dịch
red_tabard,0,2437,,Chưa có bản dịch
purple_trim,0,2428,,Chưa có bản dịch
grey_streaks,0,2428,,Chưa có bản dịch
pink_slippers,0,2428,,Chưa có bản dịch
white_armband,0,2416,,Chưa có bản dịch
purple_armwear,7,2411,violet_armwear,Chưa có bản dịch
orange_tank_top,0,2411,orange_tanktop,Chưa có bản dịch
orange_headband,0,2409,,Chưa có bản dịch
white_bonnet,0,2407,,Chưa có bản dịch
string_lights,0,2374,fairy_lighting,Chưa có bản dịch
black_theme,0,2373,,Chưa có bản dịch
white_nightgown,0,2356,,Chưa có bản dịch
color_coded_speech_bubble,7,2353,,Chưa có bản dịch
black_fingernails,7,2346,,Chưa có bản dịch
white_mittens,0,2334,,Chưa có bản dịch
blue_wrist_cuffs,0,2332,,Chưa có bản dịch
rainbow_symbol,7,2326,,Chưa có bản dịch
blue_shawl,0,2290,,Chưa có bản dịch
reverse_countershading,7,2284,"dark_countershade,dark_countershading",Chưa có bản dịch
green_fire,0,2272,green_flames,Chưa có bản dịch
purple_swimwear,7,2265,"purple_swimsuit,violet_swimsuit,violet_swimwear",Chưa có bản dịch
blue_countershading,7,2251,"blue_countershade,cyan_countershading",Chưa có bản dịch
blue_bandana,0,2240,,Chưa có bản dịch
red_butterfly,0,2235,,Chưa có bản dịch
white_bandana,0,2233,,Chưa có bản dịch
black_babydoll,0,2229,,Chưa có bản dịch
white_babydoll,0,2226,,Chưa có bản dịch
grey_stripes,7,2223,gray_stripes,Chưa có bản dịch
pink_headband,0,2217,,Chưa có bản dịch
grey_cat,0,2216,,Chưa có bản dịch
green_trim,0,2211,,Chưa có bản dịch
white_pajamas,0,2208,,Chưa có bản dịch
orange_ascot,0,2206,,Chưa có bản dịch
gradient_halo,0,2205,,Chưa có bản dịch
pink_knot,7,2203,,Chưa có bản dịch
red_wrist_cuffs,0,2198,,Chưa có bản dịch
black_pubes,7,2193,,Chưa có bản dịch
grey_spots,7,2169,gray_spots,Chưa có bản dịch
red_hanfu,0,2168,,Chưa có bản dịch
black_bird,0,2166,,Chưa có bản dịch
ben-day_dots,0,2152,,Chưa có bản dịch
green_scrunchie,0,2149,,Chưa có bản dịch
green_hakama,0,2147,,Chưa có bản dịch
blue_sarong,0,2133,,Chưa có bản dịch
maid_day,0,2133,,Chưa có bản dịch
purple_handwear,7,2132,,Chưa có bản dịch
red_wine,0,2129,,Chưa có bản dịch
black_highlights,7,2118,"black_highlight,black_streak",Chưa có bản dịch
black_crop_top,7,2118,,Chưa có bản dịch
grey_vulva,7,2113,"gray_cunt,gray_labia,gray_pussy,gray_twat,gray_vag,gray_vagina,gray_vulva,grey_cunt,grey_labia,grey_pussy,grey_twat,grey_vag,grey_vagina,silver_pussy",Chưa có bản dịch
green_sash,0,2103,,Chưa có bản dịch
orange_pawpads,7,2074,"orange_fingerpads,orange_paw_pad,orange_paw_pads,orange_pawpad",Chưa có bản dịch
gradient_legwear,0,2062,"gradient_kneehighs,gradient_leggings",Chưa có bản dịch
white_tabard,0,2033,,Chưa có bản dịch
white_beard,0,2012,,Chưa có bản dịch
light_areolae,0,2011,,Chưa có bản dịch
black_beard,0,2010,,Chưa có bản dịch
red_mittens,0,1994,,Chưa có bản dịch
black_paws,7,1988,,Chưa có bản dịch
orange_stripes,7,1985,,Chưa có bản dịch
green_headscarf,0,1977,,Chưa có bản dịch
black_whiskers,7,1969,,Chưa có bản dịch
black_hole,0,1964,blackhole,Chưa có bản dịch
black_sheath,7,1955,,Chưa có bản dịch
red_carpet,0,1938,,Chưa có bản dịch
dark_sclera,7,1930,,Chưa có bản dịch
blue_haori,0,1930,,Chưa có bản dịch
multicolored_thigh_highs,7,1923,"black_and_orange_thigh_highs,black_and_pink_thigh_highs,black_and_red_thigh_highs,black_and_white_thigh_highs,blue_and_white_thigh_highs,green_and_white_thigh_highs,grey_and_white_thigh_highs,multi_tone_thigh_highs,pink_and_white_thigh_highs,purple_and_black_thigh_highs,purple_and_white_thigh_highs,red_and_grey_thigh_highs,red_and_white_thigh_highs",Chưa có bản dịch
rainbow_flag,0,1912,gay_pride_flag,Chưa có bản dịch
red_track_suit,0,1904,,Chưa có bản dịch
pink_thigh_highs,7,1881,,Chưa có bản dịch
white_tunic,0,1879,,Chưa có bản dịch
grey_eyeshadow,0,1879,gray_eyeshadow,Chưa có bản dịch
yellow_stripes,7,1870,,Chưa có bản dịch
blue_petals,0,1867,,Chưa có bản dịch
hanging_light,0,1867,,Chưa có bản dịch
grey_helmet,0,1862,gray_helmet,Chưa có bản dịch
white_petals,0,1862,,Chưa có bản dịch
green_glans,7,1842,,Chưa có bản dịch
oral_sandwich,0,1830,blue_plate_special_(sex),Chưa có bản dịch
white_speech_bubble,7,1830,,Chưa có bản dịch
purple_tank_top,0,1827,purple_tanktop,Chưa có bản dịch
koishi_day,0,1822,,Chưa có bản dịch
green_ascot,0,1821,green_jabot,Chưa có bản dịch
white_fundoshi,7,1818,,Chưa có bản dịch
yellow_petals,0,1814,,Chưa có bản dịch
green_outline,0,1811,,Chưa có bản dịch
green_legwear,7,1809,,Chưa có bản dịch
red_bandeau,0,1805,,Chưa có bản dịch
red_light,0,1797,red_lights,Chưa có bản dịch
orange_streaks,0,1793,,Chưa có bản dịch
contrast_lapels,0,1769,colored_lapels,Chưa có bản dịch
color_timer,0,1761,,Chưa có bản dịch
red_oni,0,1756,,Chưa có bản dịch
black_bonnet,0,1753,,Chưa có bản dịch
pink_paws,7,1753,,Chưa có bản dịch
white_tiger,0,1745,,Chưa có bản dịch
blue_bird,0,1744,,Chưa có bản dịch
excalibur_morgan_(fate),0,1733,"dark_excalibur,excalibur_morgan",Chưa có bản dịch
green_handwear,7,1729,,Chưa có bản dịch
window_light,0,1728,,Chưa có bản dịch
orange_cat,0,1720,,Chưa có bản dịch
blue_cum,7,1704,,Chưa có bản dịch
green_assault_visor,0,1695,,Chưa có bản dịch
grey_camisole,0,1692,,Chưa có bản dịch
green_helmet,0,1691,,Chưa có bản dịch
white_whiskers,7,1681,,Chưa có bản dịch
red_fundoshi,0,1679,,Chưa có bản dịch
red_haori,0,1667,,Chưa có bản dịch
purple_eyelids,7,1665,,Chưa có bản dịch
yellow_camisole,0,1663,,Chưa có bản dịch
grey_legwear,7,1657,gray_legwear,Chưa có bản dịch
black_overalls,0,1652,,Chưa có bản dịch
green_tea,0,1650,,Chưa có bản dịch
purple_hood,0,1646,,Chưa có bản dịch
white_day,0,1645,,Chưa có bản dịch
pink_handwear,7,1638,,Chưa có bản dịch
grey_hooves,7,1634,"gray_hoof,gray_hoove,gray_hooves,grey_hoof,grey_hoove",Chưa có bản dịch
green_stripes,7,1632,,Chưa có bản dịch
red_pubes,7,1630,,Chưa có bản dịch
red_thigh_highs,7,1626,,Chưa có bản dịch
white_pawpads,7,1623,"white_fingerpads,white_paw_pad,white_paw_pads,white_pawpad",Chưa có bản dịch
red_star,0,1619,,Chưa có bản dịch
blue_corset,0,1597,,Chưa có bản dịch
orange_mane,7,1589,,Chưa có bản dịch
pink_track_suit,0,1589,,Chưa có bản dịch
red_shawl,0,1582,,Chưa có bản dịch
black_bandana,0,1581,,Chưa có bản dịch
green_bandana,0,1580,,Chưa có bản dịch
purple_hakama,0,1579,,Chưa có bản dịch
night_vision_device,0,1572,,Chưa có bản dịch
red_heart,7,1570,,Chưa có bản dịch
white_haori,0,1564,,Chưa có bản dịch
red_crown,0,1562,,Chưa có bản dịch
neon_sign,0,1559,,Chưa có bản dịch
black_eyelids,7,1556,,Chưa có bản dịch
yellow_collar,0,1553,,Chưa có bản dịch
blue_shrug,0,1548,,Chưa có bản dịch
black_unitard,0,1535,,Chưa có bản dịch
mother's_day,0,1530,mothers_day,Chưa có bản dịch
purple_outline,0,1526,,Chưa có bản dịch
yellow_bandeau,0,1509,,Chưa có bản dịch
orange_gem,0,1507,orange_gemstone,Chưa có bản dịch
pink_hakama,0,1503,,Chưa có bản dịch
grey_sheath,7,1497,gray_sheath,Chưa có bản dịch
orange_juice,0,1485,,Chưa có bản dịch
blue_thigh_highs,7,1480,blue_striped_thigh_highs,Chưa có bản dịch
white_paws,7,1479,,Chưa có bản dịch
different_shadow,0,1473,,Chưa có bản dịch
white_rope,0,1463,,Chưa có bản dịch
white_slippers,0,1461,,Chưa có bản dịch
purple_thigh_highs,7,1460,,Chưa có bản dịch
yellow_sailor_collar,0,1456,,Chưa có bản dịch
green_overalls,0,1454,,Chưa có bản dịch
green_tentacles,7,1450,green_tentacle,Chưa có bản dịch
blue_perineum,7,1439,,Chưa có bản dịch
orange_eyeshadow,0,1435,,Chưa có bản dịch
grey_outline,0,1431,gray_outline,Chưa có bản dịch
red_shrug,0,1422,,Chưa có bản dịch
red_armwear,7,1413,,Chưa có bản dịch
green_hood,0,1410,,Chưa có bản dịch
purple_tentacles,7,1409,purple_tentacle,Chưa có bản dịch
black_headdress,0,1409,,Chưa có bản dịch
blue_hanfu,0,1408,,Chưa có bản dịch
blue_blood,0,1406,,Chưa có bản dịch
pink_butterfly,0,1406,,Chưa có bản dịch
black_hiphighs,0,1388,,Chưa có bản dịch
purple_armband,0,1383,,Chưa có bản dịch
pink_cheeks,7,1377,,Chưa có bản dịch
yellow_eyeshadow,0,1377,,Chưa có bản dịch
black_butt,7,1374,"black_ass,black_booty",Chưa có bản dịch
blue_kerchief,7,1372,blue_bandanna,Chưa có bản dịch
red_camisole,0,1369,,Chưa có bản dịch
orange_claws,7,1368,,Chưa có bản dịch
black_chastity_cage,0,1366,,Chưa có bản dịch
green_pajamas,0,1365,,Chưa có bản dịch
blue_hooves,7,1357,"blue_hoof,blue_hoove",Chưa có bản dịch
black_exoskeleton,7,1356,,Chưa có bản dịch
pink_tulip,0,1355,,Chưa có bản dịch
dark_labia,0,1354,dark_pussy,Chưa có bản dịch
black_perineum,7,1353,,Chưa có bản dịch
blue_paws,7,1348,,Chưa có bản dịch
ambiguous_red_liquid,0,1344,,Chưa có bản dịch
black_nightgown,0,1340,,Chưa có bản dịch
black_haori,0,1336,,Chưa có bản dịch
green_rose,0,1333,,Chưa có bản dịch
white_dog,0,1323,,Chưa có bản dịch
purple_headband,0,1322,,Chưa có bản dịch
lightning_bolt,7,1322,"lighting_bolt,lightings",Chưa có bản dịch
purple_dildo,7,1318,,Chưa có bản dịch
black_overskirt,0,1315,,Chưa có bản dịch
yellow_capelet,0,1310,,Chưa có bản dịch
pink_diaper,7,1306,pink-diapers,Chưa có bản dịch
pink_fire,0,1300,pink_flame,Chưa có bản dịch
pink_heart,7,1295,,Chưa có bản dịch
rainbow_pride_flag,7,1292,"gay_colors,gay_flag,gay_pride_colors,gay_pride_flag,homosexual_flag,lgbt_colors,lgbt_flag,lgbt_pride_colors,lgbt_pride_flag,rainbow_flag_(colors),rainbow_flag_(pride)",Chưa có bản dịch
red_thong,0,1291,,Chưa có bản dịch
colored_toenails,7,1285,"coloured_toenails,painted_toenails,polished_toenails",Chưa có bản dịch
white_hakama,0,1285,,Chưa có bản dịch
black_speech_bubble,7,1278,,Chưa có bản dịch
grey_collar,0,1270,gray_collar,Chưa có bản dịch
red_panda_girl,0,1266,,Chưa có bản dịch
black_spikes,7,1260,,Chưa có bản dịch
great_white_shark,0,1252,,Chưa có bản dịch
red_tube_top,0,1251,,Chưa có bản dịch
black_bustier,0,1248,,Chưa có bản dịch
grey_ascot,0,1240,grey_jabot,Chưa có bản dịch
black_countershading,7,1239,black_countershade,Chưa có bản dịch
orange_bandana,0,1233,,Chưa có bản dịch
blue_mittens,0,1231,,Chưa có bản dịch
green_suit,0,1230,,Chưa có bản dịch
orange_sash,0,1229,,Chưa có bản dịch
pink_buruma,0,1225,,Chưa có bản dịch
screen_light,0,1224,monitor_light,Chưa có bản dịch
blue_light,0,1216,,Chưa có bản dịch
blue_eyeliner,0,1213,,Chưa có bản dịch
blue_butt,7,1211,"blue_ass,blue_booty",Chưa có bản dịch
pink_stripes,7,1205,,Chưa có bản dịch
light_persona,0,1200,,Chưa có bản dịch
pink_dildo,7,1200,,Chưa có bản dịch
black_bodystocking,0,1198,,Chưa có bản dịch
crack_of_light,0,1193,,Chưa có bản dịch
green_cum,7,1187,,Chưa có bản dịch
black_goo,7,1186,,Chưa có bản dịch
purple_suit,0,1183,,Chưa có bản dịch
gradient,7,1176,,Chưa có bản dịch
grey_mane,7,1175,gray_mane,Chưa có bản dịch
daydream,0,1170,"day_dream,day_dreaming,daydreaming",Chưa có bản dịch
yellow_bandana,0,1169,,Chưa có bản dịch
grey_glans,7,1168,gray_glans,Chưa có bản dịch
green_spots,7,1157,,Chưa có bản dịch
black_sarong,0,1154,,Chưa có bản dịch
black_vs_white,0,1154,white_vs_black,Chưa có bản dịch
yellow_pajamas,0,1152,,Chưa có bản dịch
blue_bandeau,0,1152,,Chưa có bản dịch
blonde_pubes,7,1151,yellow_pubes,Chưa có bản dịch
red_knot,7,1148,,Chưa có bản dịch
purple_corset,0,1136,,Chưa có bản dịch
purple_spots,7,1134,,Chưa có bản dịch
super_saiyan_blue,0,1133,super_saiyan_god_super_saiyan,Chưa có bản dịch
pink_crown,0,1128,,Chưa có bản dịch
black_crown,0,1124,,Chưa có bản dịch
light-skinned_human,7,1124,,Chưa có bản dịch
purple_sarong,0,1119,,Chưa có bản dịch
orange_trim,0,1119,,Chưa có bản dịch
neon_palette,0,1117,,Chưa có bản dịch
green_camisole,0,1115,,Chưa có bản dịch
black_antennae,7,1113,black_antenna,Chưa có bản dịch
white_latex,7,1112,white_rubber,Chưa có bản dịch
pink_countershading,7,1111,pink_countershade,Chưa có bản dịch
pink_armwear,7,1109,,Chưa có bản dịch
pink_tentacles,7,1103,pink_tentacle,Chưa có bản dịch
blue_armwear,7,1103,cyan_armwear,Chưa có bản dịch
purple_camisole,0,1095,,Chưa có bản dịch
multicolored_markings,7,1094,"multi-colored_marking,multi-colored_markings,multi_colored_marking,multi_colored_markings,multi_tone_markings,multicolored_marking",Chưa có bản dịch
blue_tentacles,7,1094,blue_tentacle,Chưa có bản dịch
green_serafuku,0,1093,,Chưa có bản dịch
grey_handwear,7,1091,gray_handwear,Chưa có bản dịch
multicolored_beak,7,1088,"multi-coloured_beak,multi_colored_beak,multi_coloured_beak,multi_tone_beak,multicoloured_beak",Chưa có bản dịch
color_trace,0,1086,,Chưa có bản dịch
orange_glans,7,1084,,Chưa có bản dịch
blue_tube_top,0,1082,,Chưa có bản dịch
black_cum,7,1080,,Chưa có bản dịch
orange_outline,0,1071,,Chưa có bản dịch
green_mane,7,1070,,Chưa có bản dịch
pink_babydoll,0,1070,,Chưa có bản dịch
blue_oni,0,1070,,Chưa có bản dịch
white_tulip,0,1067,,Chưa có bản dịch
green_hanfu,0,1066,,Chưa có bản dịch
dark_areolae,0,1057,,Chưa có bản dịch
pink_overalls,0,1052,,Chưa có bản dịch
blue_antlers,7,1049,blue_antler,Chưa có bản dịch
purple_cum,7,1049,lilac_cum,Chưa có bản dịch
warm_lighting,7,1047,,Chưa có bản dịch
red_countershading,7,1045,"brown_countershade,red_countershade",Chưa có bản dịch
black_coded,7,1045,,Chưa có bản dịch
pink_spots,7,1045,,Chưa có bản dịch
blue_knot,7,1043,,Chưa có bản dịch
pink_sarong,0,1041,,Chưa có bản dịch
white_crop_top,7,1037,,Chưa có bản dịch
black_liquid,0,1037,,Chưa có bản dịch
light_switch,0,1036,,Chưa có bản dịch
grey_overalls,0,1035,gray_overalls,Chưa có bản dịch
black_knot,7,1025,,Chưa có bản dịch
colored_fingernails,7,1024,"coloured_fingernails,fingernail_polish,painted_fingernails,polished_fingernails",Chưa có bản dịch
yellow_tulip,0,1022,,Chưa có bản dịch
black_shawl,0,1019,,Chưa có bản dịch
black_tentacles,7,1016,black_tentacle,Chưa có bản dịch
yellow_headscarf,0,1016,,Chưa có bản dịch
blue_briefs,7,1016,light_blue_briefs,Chưa có bản dịch
lighting_cigarette,0,1014,,Chưa có bản dịch
blue_latex,7,1013,blue_rubber,Chưa có bản dịch
green_countershading,7,1012,green_countershade,Chưa có bản dịch
grey_butt,7,1012,"gray_ass,gray_booty,gray_butt,grey_ass,grey_booty,silver_butt",Chưa có bản dịch
colored_blindfold,0,1011,"aqua_blindfold,brown_blindfold,green_blindfold,orange_blindfold,yellow_blindfold",Chưa có bản dịch
red_veil,0,1009,,Chưa có bản dịch
grey_perineum,7,1007,gray_perineum,Chưa có bản dịch
red_overalls,0,1007,,Chưa có bản dịch
purple_wrist_cuffs,0,1006,,Chưa có bản dịch
gradient_border,0,1005,,Chưa có bản dịch
blue_assault_visor,0,1001,,Chưa có bản dịch
black_mustache,7,999,,Chưa có bản dịch
white_spikes,7,998,,Chưa có bản dịch
green_bonnet,0,996,,Chưa có bản dịch
black_lingerie,7,996,,Chưa có bản dịch
black_leash,0,991,,Chưa có bản dịch
red_bull,0,989,,Chưa có bản dịch
blue_eyelids,7,989,,Chưa có bản dịch
white_areola,7,981,"white_areolae,white_areolas",Chưa có bản dịch
white_flag,0,980,,Chưa có bản dịch
purple_countershading,7,972,purple_countershade,Chưa có bản dịch
blue_screen_of_death,0,961,bsod,Chưa có bản dịch
red_tulip,0,960,,Chưa có bản dịch
yellow_overalls,0,959,,Chưa có bản dịch
orange_tabard,0,952,,Chưa có bản dịch
yellow_cum,7,952,gold_cum,Chưa có bản dịch
black_tunic,0,950,,Chưa có bản dịch
blue_pubes,7,948,,Chưa có bản dịch
green_lipstick,7,948,,Chưa có bản dịch
blue_glow,7,947,,Chưa có bản dịch
red_beard,7,947,,Chưa có bản dịch
blue_membrane,7,945,"azure_membrane,cyan_membrane",Chưa có bản dịch
red_lightsaber,0,945,,Chưa có bản dịch
pink_eyeliner,0,939,,Chưa có bản dịch
black_butterfly,0,938,,Chưa có bản dịch
pink_helmet,0,937,,Chưa có bản dịch
yellow_blood,0,936,,Chưa có bản dịch
purple_hooves,7,936,"purple_hoof,purple_hoove",Chưa có bản dịch
red_bonnet,0,934,,Chưa có bản dịch
red_leash,0,933,,Chưa có bản dịch
glowing_halo,0,933,,Chưa có bản dịch
pink_serafuku,0,932,,Chưa có bản dịch
black_harness,7,932,,Chưa có bản dịch
yellow_helmet,0,929,,Chưa có bản dịch
dark_eyelids,7,926,,Chưa có bản dịch
pink_tattoo,0,924,pink_tattoos,Chưa có bản dịch
black_blood,0,923,,Chưa có bản dịch
red_sun,0,922,,Chưa có bản dịch
purple_insides,7,920,,Chưa có bản dịch
purple_pajamas,0,920,,Chưa có bản dịch
colored_smoke,0,913,,Chưa có bản dịch
grey_hakama,0,910,,Chưa có bản dịch
red_briefs,7,909,,Chưa có bản dịch
blue_skinsuit,7,909,,Chưa có bản dịch
orange_collar,0,908,,Chưa có bản dịch
purple_petals,0,907,,Chưa có bản dịch
glowing_gem,0,903,,Chưa có bản dịch
yellow_kerchief,7,898,yellow_bandanna,Chưa có bản dịch
pink_fingernails,7,893,,Chưa có bản dịch
white_heart,7,892,,Chưa có bản dịch
black_keys_(type-moon),0,892,"black_key,black_keys,black_keys_(fate)",Chưa có bản dịch
light_bondage,7,891,,Chưa có bản dịch
pink_thong,0,890,,Chưa có bản dịch
red_fingernails,7,886,,Chưa có bản dịch
pink_beak,7,884,,Chưa có bản dịch
black_bandages,0,873,,Chưa có bản dịch
orange_lesbian_pride_colors,7,868,,Chưa có bản dịch
pink_hooves,7,867,"pink_hoof,pink_hoove",Chưa có bản dịch
red_tunic,0,867,,Chưa có bản dịch
blue_fingernails,7,866,turquoise_fingernails,Chưa có bản dịch
colored_pussy,0,864,,Chưa có bản dịch
yellow_bird,0,864,,Chưa có bản dịch
pink_hood,0,857,,Chưa có bản dịch
red_spikes,7,854,,Chưa có bản dịch
orange_capelet,0,854,,Chưa có bản dịch
blue_dildo,7,853,,Chưa có bản dịch
yellow_hood,0,850,,Chưa có bản dịch
white_overalls,0,847,,Chưa có bản dịch
green_head,7,846,,Chưa có bản dịch
purple_bridal_gauntlets,0,842,,Chưa có bản dịch
dark_markings,7,839,dark_marking,Chưa có bản dịch
purple_tunic,0,838,,Chưa có bản dịch
black_romper,0,836,,Chưa có bản dịch
rainbow_theme,0,835,,Chưa có bản dịch
colored_eyepatch,0,833,"aqua_eyepatch,blue_eyepatch,brown_eyepatch,green_eyepatch,orange_eyepatch,pink_eyepatch,purple_eyepatch,red_eyepatch,yellow_eyepatch",Chưa có bản dịch
orange_highlights,7,832,,Chưa có bản dịch
cirno_day,0,831,,Chưa có bản dịch
colored_condom,0,831,,Chưa có bản dịch
yellow_butt,7,826,"yellow_ass,yellow_booty",Chưa có bản dịch
red_latex,7,825,red_rubber,Chưa có bản dịch
red_sarong,0,824,,Chưa có bản dịch
yellow_cheeks,7,823,,Chưa có bản dịch
white_soles,7,823,,Chưa có bản dịch
glowing_areola,7,822,"glowing_areolae,glowing_areolas",Chưa có bản dịch
yellow_glans,7,821,,Chưa có bản dịch
white_horse,0,821,,Chưa có bản dịch
red_dot_sight,0,821,,Chưa có bản dịch
red_spots,7,821,,Chưa có bản dịch
red_headscarf,0,820,,Chưa có bản dịch
green_shell,7,819,,Chưa có bản dịch
blue_sheath,7,816,,Chưa có bản dịch
yellow_spots,7,813,,Chưa có bản dịch
red_butt,7,808,"red_ass,red_booty",Chưa có bản dịch
glowing_pawpads,7,803,"glowing_fingerpads,glowing_paw_pad,glowing_paw_pads,glowing_pawpad",Chưa có bản dịch
blue_leggings,0,802,,Chưa có bản dịch
blue_beak,7,801,,Chưa có bản dịch
dark_claws,7,799,,Chưa có bản dịch
outer_glow,0,795,,Chưa có bản dịch
blue_headscarf,0,794,,Chưa có bản dịch
black_sheath_slit,7,792,,Chưa có bản dịch
orange_countershading,7,791,orange_countershade,Chưa có bản dịch
pink_corset,0,790,,Chưa có bản dịch
green_kerchief,7,788,green_bandanna,Chưa có bản dịch
blue_lightsaber,0,787,,Chưa có bản dịch
green_butterfly,0,787,,Chưa có bản dịch
yellow_perineum,7,787,,Chưa có bản dịch
white_loincloth,0,784,,Chưa có bản dịch
rim_light,7,784,,Chưa có bản dịch
pink_latex,7,781,pink_rubber,Chưa có bản dịch
colored_saliva,0,780,,Chưa có bản dịch
string_of_light_bulbs,0,779,,Chưa có bản dịch
glowing_petals,0,771,,Chưa có bản dịch
red_slippers,0,771,,Chưa có bản dịch
yellow_legwear,7,770,,Chưa có bản dịch
glowing_claws,0,762,,Chưa có bản dịch
black_briefs,7,757,,Chưa có bản dịch
black_tattoo,7,754,black_tattoos,Chưa có bản dịch
blue_diaper,7,752,,Chưa có bản dịch
green_light,0,752,,Chưa có bản dịch
green_insides,7,748,,Chưa có bản dịch
gradient_filter,0,747,,Chưa có bản dịch
pink_foreskin,7,747,,Chưa có bản dịch
purple_eyeliner,0,746,,Chưa có bản dịch
pink_tube_top,0,746,,Chưa có bản dịch
pink_armband,0,745,,Chưa có bản dịch
orange_spots,7,744,,Chưa có bản dịch
grey_rose,0,744,gray_rose,Chưa có bản dịch
purple_latex,7,741,purple_rubber,Chưa có bản dịch
pink_mittens,0,740,,Chưa có bản dịch
grey_hood,0,738,,Chưa có bản dịch
pink_crop_top,7,735,,Chưa có bản dịch
glowing_lines,0,731,,Chưa có bản dịch
blue_fin,7,731,,Chưa có bản dịch
blue_clitoris,7,728,blue_clit,Chưa có bản dịch
pink_nightgown,0,727,,Chưa có bản dịch
blue_spikes,7,724,,Chưa có bản dịch
bright_colors,7,721,,Chưa có bản dịch
aviation_obstruction_lighting,0,720,,Chưa có bản dịch
black_toenails,7,719,,Chưa có bản dịch
rainbow_legwear,0,718,,Chưa có bản dịch
white_neck,7,717,,Chưa có bản dịch
blue_babydoll,0,717,,Chưa có bản dịch
black_slippers,0,713,,Chưa có bản dịch
yellow_shawl,0,709,,Chưa có bản dịch
blonde_beard,7,709,yellow_beard,Chưa có bản dịch
purple_helmet,0,709,,Chưa có bản dịch
white_gem,0,707,white_gemstone,Chưa có bản dịch
black_mittens,0,705,,Chưa có bản dịch
red_tentacles,7,703,red_tentacle,Chưa có bản dịch
father's_day,0,696,fathers_day,Chưa có bản dịch
green_butt,7,695,"green_ass,green_booty",Chưa có bản dịch
green_thigh_highs,7,692,,Chưa có bản dịch
multicolored_swimwear,7,691,"blue_and_green_swimsuit,blue_and_green_swimwear,multi_tone_swimwear",Chưa có bản dịch
orange_armband,0,691,,Chưa có bản dịch
white_hooves,7,689,"white_hoof,white_hoove",Chưa có bản dịch
children's_day,0,687,,Chưa có bản dịch
pink_shawl,0,685,,Chưa có bản dịch
umbrakinesis,0,684,"dark_power,darkness_manipulation",Chưa có bản dịch
light_areola,7,684,light_areolas,Chưa có bản dịch
split_color,7,683,,Chưa có bản dịch
blue_tattoo,0,683,blue_tattoos,Chưa có bản dịch
pink_eyelids,7,683,,Chưa có bản dịch
grey_pubes,7,682,gray_pubes,Chưa có bản dịch
orange_eyeliner,0,680,,Chưa có bản dịch
grey_highlights,7,680,gray_highlights,Chưa có bản dịch
red_bandage,0,678,,Chưa có bản dịch
blue_speedo,7,675,,Chưa có bản dịch
25-ji_nightcord_de._(project_sekai),0,673,25-ji_night_code_de._(project_sekai),Chưa có bản dịch
blue_slippers,0,670,,Chưa có bản dịch
blue_crown,0,668,,Chưa có bản dịch
blue_jingasa,0,666,,Chưa có bản dịch
orange_butterfly,0,663,,Chưa có bản dịch
orange_legwear,7,661,,Chưa có bản dịch
orange_handwear,7,661,,Chưa có bản dịch
red_serafuku,0,661,,Chưa có bản dịch
grey_sash,0,660,,Chưa có bản dịch
green_corset,0,657,,Chưa có bản dịch
black_pajamas,0,656,,Chưa có bản dịch
colored_stripes,0,656,,Chưa có bản dịch
purple_blood,0,648,,Chưa có bản dịch
white_bedding,7,648,,Chưa có bản dịch
green_buruma,0,647,,Chưa có bản dịch
purple_fingernails,7,647,,Chưa có bản dịch
pink_diamond_765_(idolmaster),0,647,pink_diamond_765,Chưa có bản dịch
grey_veil,0,642,,Chưa có bản dịch
black_gem,0,642,black_gemstone,Chưa có bản dịch
red_beak,7,641,,Chưa có bản dịch
purple_shawl,0,640,,Chưa có bản dịch
yellow_sheath,7,637,,Chưa có bản dịch
black_talons,7,635,,Chưa có bản dịch
red_crop_top,7,633,,Chưa có bản dịch
light_balls,7,633,,Chưa có bản dịch
green_blood,0,632,,Chưa có bản dịch
pink_cloaca,7,632,,Chưa có bản dịch
green_sarong,0,631,,Chưa có bản dịch
grey_thigh_highs,7,629,gray_thigh_highs,Chưa có bản dịch
headlight,7,622,"head_light,head_lights,head_lights_head_light_headlights,headlights",Chưa có bản dịch
colored_pencil,0,621,coloured_pencil,Chưa có bản dịch
white_beak,7,618,,Chưa có bản dịch
black_headscarf,0,618,,Chưa có bản dịch
orange_butt,7,618,"orange_ass,orange_booty",Chưa có bản dịch
blue_head,7,616,,Chưa có bản dịch
pov_shadow,0,616,,Chưa có bản dịch
yellow_spikes,7,615,,Chưa có bản dịch
dark_balls,7,612,,Chưa có bản dịch
pink_leggings,0,610,,Chưa có bản dịch
white_chemise,0,608,,Chưa có bản dịch
blue_swim_trunks,0,607,,Chưa có bản dịch
blue_overskirt,0,599,,Chưa có bản dịch
red_flag,0,599,,Chưa có bản dịch
red_speedo,7,596,,Chưa có bản dịch
grey_wall,7,595,gray_wall,Chưa có bản dịch
valentine's_day_card,7,594,valentines_day_card,Chưa có bản dịch
blue_thong,7,594,,Chưa có bản dịch
blue_crop_top,7,594,,Chưa có bản dịch
black_tea,0,592,,Chưa có bản dịch
green_pubes,7,591,,Chưa có bản dịch
yellow_urine,7,591,,Chưa có bản dịch
colored_petticoat,0,590,"aqua_petticoat,black_petticoat,blue_petticoat,pink_petticoat,purple_petticoat,red_petticoat,yellow_petticoat",Chưa có bản dịch
green_shawl,0,589,,Chưa có bản dịch
red_jockstrap,7,588,,Chưa có bản dịch
green_apple,0,585,,Chưa có bản dịch
red_glow,7,585,,Chưa có bản dịch
element_drop_shadow,7,584,,Chưa có bản dịch
rainbow_print,0,581,,Chưa có bản dịch
red_dildo,7,581,,Chưa có bản dịch
pink_light,0,580,,Chưa có bản dịch
grey_trim,0,580,,Chưa có bản dịch
purple_leggings,0,575,,Chưa có bản dịch
colored_lactation,7,575,,Chưa có bản dịch
color_coordination,0,572,,Chưa có bản dịch
shadow_puppet,0,572,,Chưa có bản dịch
purple_pubes,7,572,,Chưa có bản dịch
pink_clitoral_hood,7,570,,Chưa có bản dịch
energy_arrow,0,569,"light_arrow,magic_arrow,virtual_arrow",Chưa có bản dịch
yellow_hooves,7,569,"yellow_hoof,yellow_hoove",Chưa có bản dịch
purple_knot,7,567,,Chưa có bản dịch
yellow_scutes,7,567,,Chưa có bản dịch
orange_pubes,7,566,,Chưa có bản dịch
yellow_moon,0,564,,Chưa có bản dịch
glowing_womb_tattoo,7,564,,Chưa có bản dịch
green_perineum,7,562,,Chưa có bản dịch
purple_light,0,561,,Chưa có bản dịch
black_jockstrap,7,561,,Chưa có bản dịch
green_glow,7,560,,Chưa có bản dịch
purple_spikes,7,558,,Chưa có bản dịch
red_loincloth,0,557,,Chưa có bản dịch
night_elf_(warcraft),0,557,,Chưa có bản dịch
red_skinsuit,7,557,,Chưa có bản dịch
black_antlers,7,557,black_antler,Chưa có bản dịch
black_membrane,7,553,,Chưa có bản dịch
white_seam_briefs,7,549,,Chưa có bản dịch
dappled_light,7,547,,Chưa có bản dịch
black_dildo,7,546,,Chưa có bản dịch
palette_swap,0,545,,Chưa có bản dịch
light_markings,7,542,light_marking,Chưa có bản dịch
shadow_(persona),0,540,,Chưa có bản dịch
pride_color_topwear,7,538,"pride_colored_topwear,pride_colors_topwear,pride_colour_topwear,pride_coloured_topwear,pride_colours_topwear,pride_flag_topwear,pride_topwear",Chưa có bản dịch
black_gauntlets,0,538,,Chưa có bản dịch
grey_beard,0,537,gray_beard,Chưa có bản dịch
pink_cum,7,537,,Chưa có bản dịch
white_kerchief,7,536,white_bandanna,Chưa có bản dịch
white_antlers,7,536,white_antler,Chưa có bản dịch
blue_flesh,7,534,,Chưa có bản dịch
black_heart,7,534,,Chưa có bản dịch
blue_wall,7,533,,Chưa có bản dịch
green_slippers,0,533,,Chưa có bản dịch
colored_seam_briefs,7,528,,Chưa có bản dịch
pink_rope,0,527,,Chưa có bản dịch
red_pajamas,0,525,,Chưa có bản dịch
pink_butt,7,523,"pink_ass,pink_booty",Chưa có bản dịch
yellow_lipstick,7,521,,Chưa có bản dịch
white_raincoat,0,520,,Chưa có bản dịch
black_bloomers,0,520,,Chưa có bản dịch
purple_overalls,0,520,,Chưa có bản dịch
red_lighting,7,519,,Chưa có bản dịch
white_skinsuit,7,519,,Chưa có bản dịch
black_undershirt,0,517,,Chưa có bản dịch
red_membrane,7,517,,Chưa có bản dịch
cat_shadow_puppet_(meme),0,514,,Chưa có bản dịch
yellow_membrane,7,514,,Chưa có bản dịch
dramatic_lighting,7,513,,Chưa có bản dịch
light_in_heart,0,513,,Chưa có bản dịch
black_loincloth,0,511,,Chưa có bản dịch
blue_rope,0,510,,Chưa có bản dịch
pink_pubes,7,510,,Chưa có bản dịch
color_drain,0,509,,Chưa có bản dịch
blue_bridal_gauntlets,0,509,,Chưa có bản dịch
purple_cat,0,508,,Chưa có bản dịch
grey_leggings,0,507,gray_leggings,Chưa có bản dịch
blue_bonnet,0,507,,Chưa có bản dịch
blue_track_suit,0,504,,Chưa có bản dịch
black_wristband,7,504,,Chưa có bản dịch
white_mustache,7,503,,Chưa có bản dịch
pride_color_legwear,7,502,"pride_colors_legwear,pride_colour_legwear,pride_colours_legwear,pride_flag_legwear,pride_legwear",Chưa có bản dịch
glowing_balls,7,502,,Chưa có bản dịch
purple_perineum,7,501,,Chưa có bản dịch
green_tube_top,0,500,,Chưa có bản dịch
black_sun,0,498,,Chưa có bản dịch
white_turban,0,498,,Chưa có bản dịch
red_leggings,0,497,,Chưa có bản dịch
purple_thong,0,496,,Chưa có bản dịch
purple_kerchief,7,495,purple_bandanna,Chưa có bản dịch
orange_kerchief,7,493,orange_bandanna,Chưa có bản dịch
green_fingernails,7,493,,Chưa có bản dịch
yellow_cat,0,492,,Chưa có bản dịch
yellow_exoskeleton,7,492,,Chưa có bản dịch
good_meat_day,0,490,,Chưa có bản dịch
purple_butt,7,490,"purple_ass,purple_booty",Chưa có bản dịch
cast_shadow,7,489,,Chưa có bản dịch
pink_bloomers,0,489,,Chưa có bản dịch
purple_flesh,7,489,,Chưa có bản dịch
pink_hanfu,0,488,,Chưa có bản dịch
green_briefs,7,487,,Chưa có bản dịch
light_scales,7,485,,Chưa có bản dịch
red_bedding,7,484,,Chưa có bản dịch
black_kerchief,7,483,black_bandanna,Chưa có bản dịch
blue_nightgown,0,482,,Chưa có bản dịch
yellow_crown,0,482,,Chưa có bản dịch
palette,7,482,,Chưa có bản dịch
white_membrane,7,482,,Chưa có bản dịch
red_exoskeleton,7,482,,Chưa có bản dịch
purple_skinsuit,7,480,,Chưa có bản dịch
dark-skinned_human,7,480,,Chưa có bản dịch
purple_shrug,0,479,,Chưa có bản dịch
yellow_sarong,0,478,,Chưa có bản dịch
blue_heart,7,478,,Chưa có bản dịch
green_lightsaber,0,477,,Chưa có bản dịch
green_liquid,0,477,,Chưa có bản dịch
green_slime,7,476,,Chưa có bản dịch
firelight,7,476,firelit,Chưa có bản dịch
white_jockstrap,7,473,,Chưa có bản dịch
multicolored_pawpads,7,473,"multi-colored_paw_pad,multi-colored_paw_pads,multi-colored_pawpad,multi-colored_pawpads,multi-coloured_paw_pad,multi-coloured_paw_pads,multi-coloured_pawpad,multi-coloured_pawpads,multi_colored_paw_pad,multi_colored_paw_pads,multi_colored_pawpad,multi_colored_pawpads,multi_coloured_paw_pad,multi_coloured_paw_pads,multi_coloured_pawpad,multi_coloured_pawpads,multicolor_pawpads,multicolored_fingerpads,multicolored_paw_pad,multicolored_paw_pads,multicolored_pawpad,multicoloured_paw_pad,multicoloured_paw_pads,multicoloured_pawpad,multicoloured_pawpads",Chưa có bản dịch
pink_shrug,0,471,,Chưa có bản dịch
game_boy_color,0,471,gameboy_color,Chưa có bản dịch
pink_scar,7,468,pink_scars,Chưa có bản dịch
blue_quills,7,468,,Chưa có bản dịch
green_spikes,7,468,,Chưa có bản dịch
red_hooves,7,468,"red_hoof,red_hoove",Chưa có bản dịch
white_coif,0,467,,Chưa có bản dịch
pink_kerchief,7,466,pink_bandanna,Chưa có bản dịch
light_truck,7,466,,Chưa có bản dịch
green_antennae,7,464,green_antenna,Chưa có bản dịch
green_haori,0,464,,Chưa có bản dịch
white_snout,7,462,,Chưa có bản dịch
red_bridal_gauntlets,0,460,,Chưa có bản dịch
blue_speech_bubble,7,458,,Chưa có bản dịch
green_bandeau,0,458,,Chưa có bản dịch
good_ass_day,0,454,,Chưa có bản dịch
green_armwear,7,454,,Chưa có bản dịch
red_perineum,7,454,,Chưa có bản dịch
purple_buruma,0,454,,Chưa có bản dịch
dark_scales,7,452,,Chưa có bản dịch
pink_soles,7,451,,Chưa có bản dịch
orange_overalls,0,451,,Chưa có bản dịch
light-skinned_palms,0,451,,Chưa có bản dịch
spoken_light_bulb,0,451,spoken_lightbulb,Chưa có bản dịch
black_tabard,0,450,,Chưa có bản dịch
black_fire,0,450,black_flame,Chưa có bản dịch
white_tiara,0,449,,Chưa có bản dịch
pink_veil,0,448,,Chưa có bản dịch
white_foreskin,7,445,,Chưa có bản dịch
grey_corset,0,443,,Chưa có bản dịch
pink_cat,0,443,,Chưa có bản dịch
day_count,7,443,,Chưa có bản dịch
grey_armwear,7,442,gray_armwear,Chưa có bản dịch
dark_humor,7,442,,Chưa có bản dịch
blue_internal,7,441,,Chưa có bản dịch
purple_membrane,7,440,,Chưa có bản dịch
orange_peel,0,439,,Chưa có bản dịch
purple_babydoll,0,439,,Chưa có bản dịch
white_freckles,0,439,,Chưa có bản dịch
pink_suit,0,439,,Chưa có bản dịch
seven-stripe_rainbow_pride_colors,7,438,,Chưa có bản dịch
white_thong,7,434,,Chưa có bản dịch
color_wheel_challenge,0,434,,Chưa có bản dịch
orange_shrug,0,433,,Chưa có bản dịch
orange_tunic,0,433,,Chưa có bản dịch
rainbow_mane,7,431,,Chưa có bản dịch
green_exoskeleton,7,431,,Chưa có bản dịch
purple_hanfu,0,431,,Chưa có bản dịch
grey_shawl,0,430,,Chưa có bản dịch
grey_shrug,0,430,,Chưa có bản dịch
purple_bonnet,0,430,,Chưa có bản dịch
grey_exoskeleton,7,429,gray_exoskeleton,Chưa có bản dịch
black_head,7,427,,Chưa có bản dịch
pink_leash,0,425,,Chưa có bản dịch
dark_orb_(madoka_magica),0,424,,Chưa có bản dịch
grey_head,7,424,,Chưa có bản dịch
bright,7,424,,Chưa có bản dịch
blue_seam_briefs,7,423,,Chưa có bản dịch
glowing_paint,7,421,,Chưa có bản dịch
blue_cheeks,7,421,,Chưa có bản dịch
string_light_bondage,7,421,christmas_light_bondage,Chưa có bản dịch
black_wool,7,421,,Chưa có bản dịch
orange_pajamas,0,420,,Chưa có bản dịch
pink_teats,7,420,,Chưa có bản dịch
red_aura,0,420,,Chưa có bản dịch
blue_aura,0,420,,Chưa có bản dịch
purple_paws,7,419,,Chưa có bản dịch
pink_bandana,0,417,,Chưa có bản dịch
red_curtains,7,416,,Chưa có bản dịch
grey_spikes,7,415,gray_spikes,Chưa có bản dịch
black_neck,7,414,,Chưa có bản dịch
bright_light,7,413,,Chưa có bản dịch
green_paws,7,413,,Chưa có bản dịch
red_lingerie,7,413,,Chưa có bản dịch
marine_day,0,410,,Chưa có bản dịch
red_sofa,7,410,red_couch,Chưa có bản dịch
pink_udders,7,410,,Chưa có bản dịch
white_chocolate,0,410,,Chưa có bản dịch
green_bell_pepper,0,410,green_pepper,Chưa có bản dịch
black_foreskin,7,409,,Chưa có bản dịch
orange_tulip,0,409,,Chưa có bản dịch
white_glans,7,407,,Chưa có bản dịch
orange_assault_visor,0,406,,Chưa có bản dịch
black_coif,0,406,,Chưa có bản dịch
yellow_leaves,0,405,,Chưa có bản dịch
red_headdress,0,405,,Chưa có bản dịch
cammy_white_(cosplay),0,405,,Chưa có bản dịch
black_speedo,7,404,,Chưa có bản dịch
purple_bandeau,0,404,,Chưa có bản dịch
purple_bandana,0,404,,Chưa có bản dịch
blue_whale,0,403,,Chưa có bản dịch
pink_toenails,7,402,,Chưa có bản dịch
yellow_antennae,7,402,yellow_antenna,Chưa có bản dịch
yellow_light,0,402,,Chưa có bản dịch
yellow_latex,7,402,yellow_rubber,Chưa có bản dịch
green_track_suit,0,401,,Chưa có bản dịch
white_hanbok,0,399,,Chưa có bản dịch
red-crowned_crane,0,398,"japanese_crane,manchurian_crane,red-crown_crane,red_crown_crane,red_crowned_crane",Chưa có bản dịch
led_light,7,397,,Chưa có bản dịch
gradient_neckerchief,0,397,,Chưa có bản dịch
yellow_suit,0,397,,Chưa có bản dịch
grey_paws,7,395,gray_paws,Chưa có bản dịch
blue_antennae,7,395,blue_antenna,Chưa có bản dịch
blue_hawaii,0,394,,Chưa có bản dịch
shadow_(shadows_house),0,394,,Chưa có bản dịch
green_hooves,7,394,"green_hoof,green_hoove",Chưa có bản dịch
white_crown,0,393,,Chưa có bản dịch
grey_neck,7,393,,Chưa có bản dịch
horizontal_spotlight,0,390,,Chưa có bản dịch
colored_claws,7,390,,Chưa có bản dịch
yellow_glow,7,389,,Chưa có bản dịch
yellow_slippers,0,389,,Chưa có bản dịch
glowing_insides,7,388,,Chưa có bản dịch
blue_bedding,7,387,,Chưa có bản dịch
white_tiger_print,0,386,,Chưa có bản dịch
purple_exoskeleton,7,385,,Chưa có bản dịch
yellow_gauntlets,0,383,,Chưa có bản dịch
pink_frills,0,382,,Chưa có bản dịch
grey_bridal_gauntlets,0,382,,Chưa có bản dịch
blue-and-yellow_macaw,0,382,"blue-and-gold_macaw,blue_and_gold_macaw,blue_and_yellow_macaw",Chưa có bản dịch
orange_sarong,0,382,,Chưa có bản dịch
green_neck,7,381,,Chưa có bản dịch
green_leggings,0,381,,Chưa có bản dịch
grey_eyelids,7,381,,Chưa có bản dịch
red_eyelids,7,380,,Chưa có bản dịch
makeup_palette,0,380,eyeshadow_box,Chưa có bản dịch
black_panther,0,380,,Chưa có bản dịch
black_boxer_briefs,7,379,,Chưa có bản dịch
green_tabard,0,379,,Chưa có bản dịch
blue_pussy,0,379,,Chưa có bản dịch
yellow_antlers,7,378,yellow_antler,Chưa có bản dịch
pink_liquid,0,378,,Chưa có bản dịch
white_overskirt,0,377,,Chưa có bản dịch
red_clitoris,7,376,red_clit,Chưa có bản dịch
blue_beard,7,376,,Chưa có bản dịch
dark_stripes,7,375,,Chưa có bản dịch
light_claws,7,375,,Chưa có bản dịch
yellow_tunic,0,373,,Chưa có bản dịch
green_screen,0,371,,Chưa có bản dịch
lambent_light,0,371,,Chưa có bản dịch
red_snake,0,371,,Chưa có bản dịch
purple_glow,7,371,,Chưa có bản dịch
multicolored_tentacles,7,371,"four_color_tentacles,multi-color_tentacles,multi-colored_tentacles,multi-colour_tentacles,multi-coloured_tentacles,multi-tone_tentacles,multi_color_tentacles,multi_colored_tentacles,multi_colour_tentacles,multi_coloured_tentacles,multicolor_tentacles,multicolour_tentacles,multicoloured_tentacles,three_color_tentacles",Chưa có bản dịch
pink_bedding,7,371,,Chưa có bản dịch
black_track_suit,0,370,,Chưa có bản dịch
orange_hood,0,370,,Chưa có bản dịch
gradient_feathers,0,370,,Chưa có bản dịch
red_babydoll,0,369,,Chưa có bản dịch
grey_tunic,0,369,,Chưa có bản dịch
orange_print,0,369,,Chưa có bản dịch
grey_headband,0,367,gray_headband,Chưa có bản dịch
blue_moon,0,367,,Chưa có bản dịch
fade_to_black,0,366,,Chưa có bản dịch
light_butt,7,366,"light_ass,light_booty",Chưa có bản dịch
green_veil,0,365,,Chưa có bản dịch
white_exoskeleton,7,364,,Chưa có bản dịch
white_towel,7,363,,Chưa có bản dịch
green_membrane,7,363,,Chưa có bản dịch
dark_lighting,7,363,,Chưa có bản dịch
orange_cum,7,363,,Chưa có bản dịch
color_switch,0,362,,Chưa có bản dịch
youmu_day,0,360,,Chưa có bản dịch
yellow_insides,7,360,,Chưa có bản dịch
dark_bottomwear,7,359,,Chưa có bản dịch
white_negligee,0,359,,Chưa có bản dịch
black_fundoshi,0,358,,Chưa có bản dịch
pink_insides,7,358,pink_internal,Chưa có bản dịch
yellow_haori,0,357,,Chưa có bản dịch
yellow_armwear,7,356,,Chưa có bản dịch
orange_insides,7,355,,Chưa có bản dịch
yellow_paws,7,354,,Chưa có bản dịch
yellow_hanfu,0,354,,Chưa có bản dịch
yellow_happi,0,353,,Chưa có bản dịch
purple_liquid,0,353,,Chưa có bản dịch
pink_perineum,7,353,,Chưa có bản dịch
day_and_night,0,352,,Chưa có bản dịch
purple_bedding,7,350,,Chưa có bản dịch
light-skinned_soles,0,350,,Chưa có bản dịch
orange_head,7,349,,Chưa có bản dịch
blue_cat,0,349,,Chưa có bản dịch
red_assault_visor,0,349,,Chưa có bản dịch
black_scutes,7,348,,Chưa có bản dịch
orange_camisole,0,348,,Chưa có bản dịch
green_crop_top,7,348,,Chưa có bản dịch
night_vision_effect,0,347,nightvision,Chưa có bản dịch
light_neck,7,346,,Chưa có bản dịch
white_fingernails,7,346,,Chưa có bản dịch
yellow_head,7,345,,Chưa có bản dịch
colored_feces,7,344,colored_poop,Chưa có bản dịch
color_wheel,0,344,,Chưa có bản dịch
yellow_shrug,0,343,,Chưa có bản dịch
orange_thigh_highs,7,342,,Chưa có bản dịch
white_wall,7,341,,Chưa có bản dịch
purple_crop_top,7,341,,Chưa có bản dịch
pink_sheath_slit,7,340,,Chưa có bản dịch
blue_exoskeleton,7,340,,Chưa có bản dịch
pink_wool,7,340,,Chưa có bản dịch
blue_boxer_briefs,7,339,,Chưa có bản dịch
green_latex,7,339,green_rubber,Chưa có bản dịch
colored_fingertips,0,338,,Chưa có bản dịch
white_facepaint,0,338,,Chưa có bản dịch
green_leaves,7,337,,Chưa có bản dịch
red_harness,7,336,,Chưa có bản dịch
rainbow_piercings,7,335,,Chưa có bản dịch
glowing_mushroom,0,335,"bioluminescent_mushroom,bioluminescent_mushrooms,glowing_mushrooms",Chưa có bản dịch
blue_neck,7,334,,Chưa có bản dịch
blue_surcoat,0,334,,Chưa có bản dịch
yellow_mittens,0,333,,Chưa có bản dịch
purple_tube_top,0,332,,Chưa có bản dịch
green_goo,7,332,,Chưa có bản dịch
white_lingerie,7,332,,Chưa có bản dịch
white_bustier,0,331,,Chưa có bản dịch
pink_top,0,331,,Chưa có bản dịch
pink_bridal_gauntlets,0,331,,Chưa có bản dịch
tokarev_tt-33,0,330,"tt-33,type_54_black_star",Chưa có bản dịch
yellow_wrist_cuffs,0,330,,Chưa có bản dịch
red_hiphighs,0,330,,Chưa có bản dịch
orange_latex,7,329,orange_rubber,Chưa có bản dịch
green_thong,7,329,,Chưa có bản dịch
green_dildo,7,328,,Chưa có bản dịch
dark_topwear,7,328,,Chưa có bản dịch
purple_slippers,0,327,,Chưa có bản dịch
orange_beard,7,327,,Chưa có bản dịch
glowing_veins,0,327,,Chưa có bản dịch
orange_helmet,0,327,,Chưa có bản dịch
color-coded,0,327,,Chưa có bản dịch
orange_light,0,326,,Chưa có bản dịch
orange_membrane,7,326,,Chưa có bản dịch
blacklight,7,325,"black_light,uv_light",Chưa có bản dịch
dark_magician_girl_(cosplay),0,325,,Chưa có bản dịch
white_devil,0,325,,Chưa có bản dịch
pink_lingerie,7,325,,Chưa có bản dịch
pink_bonnet,0,324,,Chưa có bản dịch
blue_pacifier,7,323,,Chưa có bản dịch
red_toenails,7,323,,Chưa có bản dịch
white_tattoo,7,322,white_tattoos,Chưa có bản dịch
purple_nightgown,0,321,,Chưa có bản dịch
red_shell,7,321,,Chưa có bản dịch
dark_pawpads,7,321,"dark_paw_pad,dark_paw_pads,dark_pawpad",Chưa có bản dịch
grey_tube_top,0,320,,Chưa có bản dịch
pink_wall,7,320,,Chưa có bản dịch
grey_pajamas,0,320,,Chưa có bản dịch
glowing_feather,0,318,,Chưa có bản dịch
black_rope,0,317,,Chưa có bản dịch
romantic_night,7,317,,Chưa có bản dịch
white_neck_warmer,0,316,,Chưa có bản dịch
yellow_thigh_highs,7,316,,Chưa có bản dịch
black_negligee,0,315,,Chưa có bản dịch
rainbow_arch,7,315,,Chưa có bản dịch
red_seam_briefs,7,314,,Chưa có bản dịch
blue_toenails,7,314,,Chưa có bản dịch
light_pussy,7,312,,Chưa có bản dịch
stomach_day,0,312,,Chưa có bản dịch
orange_cheeks,7,312,,Chưa có bản dịch
pink_briefs,7,311,,Chưa có bản dịch
pink_headscarf,0,311,,Chưa có bản dịch
yellow_underbelly,7,310,,Chưa có bản dịch
red_paws,7,310,,Chưa có bản dịch
dressed_shadow_(meme),0,309,,Chưa có bản dịch
black_dog,0,309,,Chưa có bản dịch
rainbow_markings,7,309,"rainbow_markigns,rainbow_marking",Chưa có bản dịch
orange_sheath,7,309,,Chưa có bản dịch
dark_glans,7,309,,Chưa có bản dịch
orange_fox,7,308,,Chưa có bản dịch
pride_color_thigh_highs,7,307,,Chưa có bản dịch
pink_quills,7,307,,Chưa có bản dịch
orange_neck,7,306,,Chưa có bản dịch
black_horse,0,306,,Chưa có bản dịch
orange_tentacles,7,305,orange_tentacle,Chưa có bản dịch
black_flesh,7,305,,Chưa có bản dịch
purple_haori,0,304,,Chưa có bản dịch
purple_clitoris,7,304,purple_clit,Chưa có bản dịch
blue_loincloth,0,302,,Chưa có bản dịch
pink_blanket,0,301,,Chưa có bản dịch
blue_jockstrap,7,301,,Chưa có bản dịch
grey_slippers,0,301,,Chưa có bản dịch
green_wrist_cuffs,0,301,,Chưa có bản dịch
blue_blanket,7,301,,Chưa có bản dịch
soft_lighting,7,300,,Chưa có bản dịch
orange_perineum,7,299,,Chưa có bản dịch
glowing_hot,0,299,"glowing_red,incandescence,red_hot",Chưa có bản dịch
blue_apple,0,298,,Chưa có bản dịch
grey_hanfu,0,296,,Chưa có bản dịch
red_fire,0,296,,Chưa có bản dịch
blue_tiara,0,295,,Chưa có bản dịch
purple_aura,0,293,,Chưa có bản dịch
grey_antlers,7,293,"gray_antler,gray_antlers,grey_antler",Chưa có bản dịch
yellow_serafuku,0,292,,Chưa có bản dịch
green_shrug,0,291,,Chưa có bản dịch
green_wall,7,291,,Chưa có bản dịch
black_snake,0,291,,Chưa có bản dịch
pride_color_neckwear,7,290,,Chưa có bản dịch
pink_flesh,7,290,,Chưa có bản dịch
yellow_frill,7,290,,Chưa có bản dịch
colored-in,7,289,,Chưa có bản dịch
light_head,7,288,,Chưa có bản dịch
black_assault_visor,0,288,,Chưa có bản dịch
red_circle,0,287,,Chưa có bản dịch
purple_mittens,0,287,,Chưa có bản dịch
blue_frill,7,286,,Chưa có bản dịch
purple_beak,7,285,,Chưa có bản dịch
green_eyelids,7,285,,Chưa có bản dịch
ben_day_dots,7,285,,Chưa có bản dịch
red_lightning,0,283,,Chưa có bản dịch
purple_briefs,7,283,,Chưa có bản dịch
grey_scrunchie,0,283,,Chưa có bản dịch
glowing_heart,0,282,,Chưa có bản dịch
blue_negligee,0,282,,Chưa có bản dịch
night_battle_idiot,0,281,,Chưa có bản dịch
black_insides,7,281,,Chưa có bản dịch
pink_frosted_sprinkled_doughnut,7,281,,Chưa có bản dịch
black_blindfold,7,280,black_blind_fold,Chưa có bản dịch
green_eyeliner,0,279,,Chưa có bản dịch
blueprint,7,279,"blue_print,blueprints",Chưa có bản dịch
desert_camouflage,0,278,"choco-chip_(camouflage),desert_pattern,three-color_desert_(camo),tri-color_desert,tropentarn",Chưa có bản dịch
purple_diaper,7,277,,Chưa có bản dịch
green_diaper,7,277,,Chưa có bản dịch
pink_glow,7,277,,Chưa có bản dịch
purple_internal,7,276,,Chưa có bản dịch
black_teats,7,275,,Chưa có bản dịch
red_carnation,0,274,,Chưa có bản dịch
yellow_thong,7,274,,Chưa có bản dịch
white_eyeshadow,0,273,,Chưa có bản dịch
white_emanata,7,273,,Chưa có bản dịch
green_bird,0,273,,Chưa có bản dịch
blue_towel,7,272,,Chưa có bản dịch
red_boxer_briefs,7,272,,Chưa có bản dịch
red_bean_paste,0,272,"anko_(food),bean_paste",Chưa có bản dịch
orange_paws,7,272,,Chưa có bản dịch
green_knot,7,271,,Chưa có bản dịch
flandre_day,0,270,,Chưa có bản dịch
purple_goo,7,270,,Chưa có bản dịch
red_neckwear,7,269,,Chưa có bản dịch
purple_head,7,269,,Chưa có bản dịch
grey_armband,0,268,gray_armband,Chưa có bản dịch
blue_hotpants,7,268,,Chưa có bản dịch
red_poncho,0,268,,Chưa có bản dịch
grey_crop_top,7,268,,Chưa có bản dịch
alternate_rainbow_pride_colors,7,268,,Chưa có bản dịch
dark_magic,7,267,,Chưa có bản dịch
blue_goo,7,266,,Chưa có bản dịch
orange_petals,0,265,,Chưa có bản dịch
purple_sheath,7,265,,Chưa có bản dịch
pink_moon,0,264,,Chưa có bản dịch
glowing_tentacles,7,264,,Chưa có bản dịch
orange_armwear,7,264,,Chưa có bản dịch
white_cheeks,7,263,,Chưa có bản dịch
colored_veins,0,263,,Chưa có bản dịch
blue_swimming_trunks,7,263,,Chưa có bản dịch
grey_fin,7,262,gray_fin,Chưa có bản dịch
purple_lighting,7,262,,Chưa có bản dịch
pink_pacifier,7,262,,Chưa có bản dịch
black_diaper,7,262,,Chưa có bản dịch
lactating_juice,7,262,lactating_orange_juice,Chưa có bản dịch
pink_antennae,7,260,pink_antenna,Chưa có bản dịch
green_speedo,7,260,,Chưa có bản dịch
ultraviolet_light,0,260,uv_light,Chưa có bản dịch
black_leather,7,259,,Chưa có bản dịch
white_tentacles,7,259,white_tentacle,Chưa có bản dịch
pink_bandeau,0,259,,Chưa có bản dịch
grey_floor,7,259,,Chưa có bản dịch
black_snout,7,258,,Chưa có bản dịch
yellow_crop_top,7,258,,Chưa có bản dịch
purple_wall,7,257,,Chưa có bản dịch
purple_heart,7,257,,Chưa có bản dịch
green_skinsuit,7,256,,Chưa có bản dịch
blue_liquid,0,256,,Chưa có bản dịch
white_fangs,7,256,,Chưa có bản dịch
red_wristband,7,256,,Chưa có bản dịch
grey_membrane,7,255,gray_membrane,Chưa có bản dịch
yellow_speedo,7,255,,Chưa có bản dịch
pink_gums,7,255,,Chưa có bản dịch
yellow_poncho,0,254,,Chưa có bản dịch
grey_crown,0,254,,Chưa có bản dịch
red_button,0,253,,Chưa có bản dịch
green_snout,7,252,,Chưa có bản dịch
ominous_shadow,0,252,,Chưa có bản dịch
black_clitoris,7,252,black_clit,Chưa có bản dịch
black_makeup,7,252,,Chưa có bản dịch
green_heart,7,252,,Chưa có bản dịch
red_sheet,0,251,,Chưa có bản dịch
red_foreskin,7,250,,Chưa có bản dịch
glowing_flesh,7,250,,Chưa có bản dịch
black_smoke,0,250,,Chưa có bản dịch
black_hanbok,0,249,,Chưa có bản dịch
yellow_assault_visor,0,249,,Chưa có bản dịch
white_hijab,0,249,,Chưa có bản dịch
pink_lighting,7,249,,Chưa có bản dịch
pink_membrane,7,249,,Chưa có bản dịch
fourth_of_july,0,248,independence_day_(usa),Chưa có bản dịch
blue_gakuran,0,248,,Chưa có bản dịch
red_blanket,7,248,,Chưa có bản dịch
colored_chastity_cage,0,248,,Chưa có bản dịch
piper_perri_surrounded_(meme),0,248,orgy_is_the_new_black,Chưa có bản dịch
blue_foreskin,7,247,,Chưa có bản dịch
white_unitard,0,246,,Chưa có bản dịch
black_miniskirt,7,246,,Chưa có bản dịch
white_polka_dots,0,245,,Chưa có bản dịch
purple_tulip,0,245,,Chưa có bản dịch
white_thighs,7,245,,Đùi trắng
black_soles,7,245,,Chưa có bản dịch
two_tone_tentacles,7,245,"two-tone_tentacles,two-toned_tentacles,two_color_tentacles,two_toned_tentacles",Chưa có bản dịch
white_spider_lily,0,245,,Chưa có bản dịch
blue_shell,7,245,,Chưa có bản dịch
yellow_eyelids,7,244,,Chưa có bản dịch
paizuri_day,0,244,,Chưa có bản dịch
white_gakuran,0,243,,Chưa có bản dịch
green_beak,7,242,,Chưa có bản dịch
green_speech_bubble,7,242,,Chưa có bản dịch
glowing_glans,7,242,,Chưa có bản dịch
colored_pussy_juice,7,242,,Chưa có bản dịch
pride_color_markings,7,242,,Chưa có bản dịch
gardevoir_day,0,241,,Chưa có bản dịch
blue_leash,7,241,,Chưa có bản dịch
white_back,7,241,,Chưa có bản dịch
purple_antennae,7,240,purple_antenna,Chưa có bản dịch
grey_skinsuit,7,240,gray_skinsuit,Chưa có bản dịch
dark_spots,7,240,,Chưa có bản dịch
low_light,7,240,,Chưa có bản dịch
blue_freckles,7,239,,Chưa có bản dịch
green_clitoris,7,239,green_clit,Chưa có bản dịch
black_hotpants,7,239,,Chưa có bản dịch
red_swimming_trunks,7,239,,Chưa có bản dịch
spotlight_beam,7,239,,Chưa có bản dịch
rainbow_armwear,7,238,,Chưa có bản dịch
yellow_briefs,7,238,,Chưa có bản dịch
pink_spikes,7,237,,Chưa có bản dịch
glowing_fungus,7,236,"bioluminescent_fungi,bioluminescent_fungus,glowing_fungi",Chưa có bản dịch
red_speech_bubble,7,234,,Chưa có bản dịch
white_fire,0,234,,Chưa có bản dịch
glowing_headgear,0,233,,Chưa có bản dịch
yellow_tentacles,7,233,yellow_tentacle,Chưa có bản dịch
blue_headdress,0,233,,Chưa có bản dịch
pink_skinsuit,7,233,,Chưa có bản dịch
pink_inner_labia,7,233,,Chưa có bản dịch
pink_speech_bubble,7,232,,Chưa có bản dịch
green_spines,7,232,,Chưa có bản dịch
purple_cheeks,7,232,,Chưa có bản dịch
cure_black_(cosplay),0,232,,Chưa có bản dịch
yellow_skinsuit,7,232,,Chưa có bản dịch
red_stone_of_aja,0,231,,Chưa có bản dịch
orange_leggings,0,231,,Chưa có bản dịch
purple_makeup,7,230,,Chưa có bản dịch
shadow_censor,0,229,,Chưa có bản dịch
black_bulls_(emblem),0,228,,Chưa có bản dịch
red_insides,7,227,,Chưa có bản dịch
white_antennae,7,226,white_antenna,Chưa có bản dịch
black_saliva,0,226,,Chưa có bản dịch
mood_lighting,7,226,,Chưa có bản dịch
black_rock_shooter_(character)_(cosplay),0,226,,Chưa có bản dịch
pride_color_bodypaint,7,226,,Chưa có bản dịch
orange_suit,0,225,,Chưa có bản dịch
blue_chastity_cage,7,225,,Chưa có bản dịch
white_frill,7,225,,Chưa có bản dịch
light_topwear,7,224,,Chưa có bản dịch
dark_feathers,7,224,,Chưa có bản dịch
green_saliva,7,224,,Chưa có bản dịch
grey_scutes,7,224,gray_scutes,Chưa có bản dịch
pink_head,7,223,,Chưa có bản dịch
green_mittens,0,223,,Chưa có bản dịch
blue_sofa,7,223,blue_couch,Chưa có bản dịch
white_hiphighs,0,223,,Chưa có bản dịch
glowing_scales,7,222,glowing_scale,Chưa có bản dịch
white_undershirt,7,221,,Chưa có bản dịch
rainbow_thigh_highs,7,221,,Chưa có bản dịch
yellow_talons,7,221,,Chưa có bản dịch
colored_outline,7,221,,Chưa có bản dịch
black_headgear,7,220,,Chưa có bản dịch
blue_slime,7,220,,Chưa có bản dịch
black_chemise,0,220,,Chưa có bản dịch
snow_white_(disney)_(cosplay),0,220,,Chưa có bản dịch
orange_snout,7,220,,Chưa có bản dịch
grey_sweatpants,7,220,,Chưa có bản dịch
blue_fundoshi,0,219,,Chưa có bản dịch
white_day_(love_live!),0,219,,Chưa có bản dịch
orange_eyelids,7,219,,Chưa có bản dịch
blue_unitard,0,219,,Chưa có bản dịch
purple_speech_bubble,7,218,,Chưa có bản dịch
satori_day,0,218,,Chưa có bản dịch
orange_mittens,0,218,,Chưa có bản dịch
red_sheath,7,217,,Chưa có bản dịch
grey_briefs,7,217,gray_briefs,Chưa có bản dịch
yellow_fingernails,7,217,,Chưa có bản dịch
purple_turban,0,217,,Chưa có bản dịch
orange_hooves,7,216,"orange_hoof,orange_hoove",Chưa có bản dịch
orange_glow,7,216,,Chưa có bản dịch
rgb_lighting,7,214,,Chưa có bản dịch
red_neck,7,213,,Chưa có bản dịch
green_poncho,0,213,,Chưa có bản dịch
yellow_emanata,7,212,,Chưa có bản dịch
black_seam_briefs,7,212,,Chưa có bản dịch
light_feathers,7,212,,Chưa có bản dịch
black_emanata,7,211,,Chưa có bản dịch
dark_legwear,7,211,,Chưa có bản dịch
cure_white_(cosplay),0,211,,Chưa có bản dịch
grey_latex,7,209,grey_rubber,Chưa có bản dịch
pink_tunic,0,209,,Chưa có bản dịch
purple_pansy,0,209,,Chưa có bản dịch
black_roots,0,209,,Chưa có bản dịch
flashing_light,0,208,,Chưa có bản dịch
black_legband,7,208,,Chưa có bản dịch
tenshi_day,0,208,,Chưa có bản dịch
black_and_green,7,208,green_and_black,Chưa có bản dịch
grey_gem,0,208,grey_gemstone,Chưa có bản dịch
black_chaps,0,207,,Chưa có bản dịch
pride_color_armwear,7,207,"pride_armwear,pride_colors_armwear,pride_colour_armwear,pride_colours_armwear,pride_flag_armwear",Chưa có bản dịch
green_snake,0,206,,Chưa có bản dịch
green_sheath,7,206,,Chưa có bản dịch
glowing_liquid,0,206,,Chưa có bản dịch
white_blanket,0,205,,Chưa có bản dịch
pink_headdress,0,205,,Chưa có bản dịch
white_dougi,0,205,,Chưa có bản dịch
five_o'clock_shadow,7,205,,Chưa có bản dịch
orange_dougi,0,205,,Chưa có bản dịch
grey_mustache,7,205,,Chưa có bản dịch
green_sofa,7,205,green_couch,Chưa có bản dịch
red_leather,0,203,,Chưa có bản dịch
green_flesh,7,203,,Chưa có bản dịch
glowing_scar,0,202,,Chưa có bản dịch
pink_condom,7,202,,Chưa có bản dịch
grey_fingernails,7,202,gray_fingernails,Chưa có bản dịch
orange_tattoo,7,202,orange_tattoos,Chưa có bản dịch
pink_negligee,0,201,,Chưa có bản dịch
yellow_eyeliner,0,201,,Chưa có bản dịch
green_jockstrap,7,201,,Chưa có bản dịch
black_neckwear,7,200,,Chưa có bản dịch
orange_exoskeleton,7,200,,Chưa có bản dịch
yellow_tube_top,0,200,,Chưa có bản dịch
green_lighting,7,199,,Chưa có bản dịch
light_bottomwear,7,199,,Chưa có bản dịch
yellow_speech_bubble,7,199,,Chưa có bản dịch
red_spines,7,199,,Chưa có bản dịch
blue_makeup,7,198,,Chưa có bản dịch
purple_slime,7,198,,Chưa có bản dịch
pride_color_swimwear,7,198,"pride_color_bathing_suit,pride_color_swim_suit,pride_color_swim_wear,pride_color_swimming_wear,pride_color_swimmingsuit,pride_color_swimmingwear,pride_color_swimsuit,pride_color_swimsuits,pride_colors_bathing_suit,pride_colors_swim_suit,pride_colors_swim_wear,pride_colors_swimming_wear,pride_colors_swimmingsuit,pride_colors_swimmingwear,pride_colors_swimsuit,pride_colors_swimsuits,pride_colour_bathing_suit,pride_colour_swim_suit,pride_colour_swim_wear,pride_colour_swimming_wear,pride_colour_swimmingsuit,pride_colour_swimmingwear,pride_colour_swimsuit,pride_colour_swimsuits,pride_colours_bathing_suit,pride_colours_swim_suit,pride_colours_swim_wear,pride_colours_swimming_wear,pride_colours_swimmingsuit,pride_colours_swimmingwear,pride_colours_swimsuit,pride_colours_swimsuits",Chưa có bản dịch
orange_buruma,0,198,,Chưa có bản dịch
black_pasties,7,197,,Chưa có bản dịch
color_partitioning,7,197,,Chưa có bản dịch
red_leaf,0,196,,Chưa có bản dịch
glowing_muzzle,0,196,,Chưa có bản dịch
grey_mittens,0,195,,Chưa có bản dịch
regal_blue_tang,0,195,,Chưa có bản dịch
yellow_corset,0,194,,Chưa có bản dịch
white_buruma,0,194,,Chưa có bản dịch
pink_harness,7,194,,Chưa có bản dịch
grey_wrist_cuffs,0,194,gray_wrist_cuffs,Chưa có bản dịch
pure_white_memories_(idolmaster),0,194,pure_white_memories,Chưa có bản dịch
night_vision,7,194,,Chưa có bản dịch
light_source,7,193,,Chưa có bản dịch
black_fin,7,193,,Chưa có bản dịch
grey_seam_briefs,7,193,,Chưa có bản dịch
purple_toenails,7,193,,Chưa có bản dịch
blue_visor,0,192,,Chưa có bản dịch
rainbow_trail,0,192,,Chưa có bản dịch
glowing_spikes,0,191,,Chưa có bản dịch
pink_snout,7,191,,Chưa có bản dịch
red_quills,7,191,,Chưa có bản dịch
kaitou_shinshi_no_harahara!?_white_day_(project_sekai),0,191,"a_gentleman_thief's_white_day?!_(project_sekai),the_gentleman_thief's_thrilling_white_day!?_(project_sekai)",Chưa có bản dịch
black_and_orange,7,191,orange_and_black,Chưa có bản dịch
marisa_day,0,191,,Chưa có bản dịch
purple_speedo,7,190,,Chưa có bản dịch
grey_soles,7,190,,Chưa có bản dịch
patchouli_day,0,190,,Chưa có bản dịch
color_coded_hearts,7,190,,Chưa có bản dịch
pink_sheath,7,190,,Chưa có bản dịch
bisexual_lighting,7,190,,Chưa có bản dịch
blue_tulip,0,189,,Chưa có bản dịch
white_light,7,189,,Chưa có bản dịch
green_toenails,7,189,,Chưa có bản dịch
photokinesis,0,189,light_magic,Chưa có bản dịch
purple_lightning,0,189,,Chưa có bản dịch
purple_loincloth,0,188,,Chưa có bản dịch
shadow_sex,7,188,,Chưa có bản dịch
glowing_dildo,0,187,,Chưa có bản dịch
glowing_fist,0,186,,Chưa có bản dịch
dark_rhongomyniad_(fate),0,186,dark_rhongomyniad,Chưa có bản dịch
pride_color_kerchief,7,186,,Chưa có bản dịch
color_change,7,186,,Chưa có bản dịch
glowing_stripes,7,186,,Chưa có bản dịch
grey_shell,7,186,gray_shell,Chưa có bản dịch
purple_leash,7,185,,Chưa có bản dịch
palette_suit,0,185,,Chưa có bản dịch
red_boxers,7,185,,Chưa có bản dịch
green_tattoo,0,185,green_tattoos,Chưa có bản dịch
dark_type_theme_(pokemon),0,185,,Chưa có bản dịch
purple_pussy,0,185,,Chưa có bản dịch
pink_carnation,0,185,,Chưa có bản dịch
meat_day,0,184,,Chưa có bản dịch
purple_beard,7,184,,Chưa có bản dịch
red_wall,7,183,,Chưa có bản dịch
pride_color_bandanna,7,183,,Chưa có bản dịch
blue_happi,0,182,,Chưa có bản dịch
yellow_heart,7,182,,Chưa có bản dịch
yellow_wall,7,182,,Chưa có bản dịch
grey_back,7,181,,Chưa có bản dịch
orange_headscarf,0,180,,Chưa có bản dịch
red_mustache,7,180,,Chưa có bản dịch
black_bodice,0,180,,Chưa có bản dịch
gradient_sarong,0,179,,Chưa có bản dịch
red_fin,7,179,,Chưa có bản dịch
yellow_fin,7,179,,Chưa có bản dịch
grey_sarong,0,179,,Chưa có bản dịch
red_smoke,7,179,,Chưa có bản dịch
white_eyelids,7,179,,Chưa có bản dịch
blue_bloomers,0,179,,Chưa có bản dịch
red_paint,0,179,,Chưa có bản dịch
orange_spikes,7,178,,Chưa có bản dịch
pink_breastplate,7,178,,Chưa có bản dịch
blue_whiskers,7,178,,Chưa có bản dịch
blue_lighting,7,178,,Chưa có bản dịch
reimu_day,0,178,,Chưa có bản dịch
white_boxer_briefs,7,177,,Chưa có bản dịch
teto_day,0,177,,Chưa có bản dịch
purple_tattoo,0,177,purple_tattoos,Chưa có bản dịch
black_armlet,0,177,,Chưa có bản dịch
white_gown,0,177,,Chưa có bản dịch
red_snout,7,176,,Chưa có bản dịch
grey_foreskin,7,176,gray_foreskin,Chưa có bản dịch
blue_cloaca,7,176,,Chưa có bản dịch
pride_color_neckerchief,7,175,,Chưa có bản dịch
red_headgear,7,175,,Chưa có bản dịch
sekibanki_day,0,175,,Chưa có bản dịch
red_lining,0,174,,Chưa có bản dịch
parsee_day,0,174,,Chưa có bản dịch
dia_de_muertos,0,174,"day_of_the_dead_(holiday),dia_de_los_muertos",Chưa có bản dịch
green_bedding,7,174,,Chưa có bản dịch
red_antennae,7,174,red_antenna,Chưa có bản dịch
glowing_antlers,0,173,,Chưa có bản dịch
red_headkerchief,7,173,,Chưa có bản dịch
purple_foreskin,7,173,,Chưa có bản dịch
green_cat,0,173,,Chưa có bản dịch
pink_exoskeleton,7,172,,Chưa có bản dịch
dark_thigh_highs,7,172,,Chưa có bản dịch
happy_white_day,0,171,,Chưa có bản dịch
fluorescent_light,7,171,,Chưa có bản dịch
pride_color_bottomwear,7,170,"pride_bottomwear,pride_colors_bottomwear,pride_colour_bottomwear,pride_colours_bottomwear,pride_flag_bottomwear",Chưa có bản dịch
green_swimming_trunks,7,170,,Chưa có bản dịch
dark_mane,7,170,,Chưa có bản dịch
black_sideburns,7,169,,Chưa có bản dịch
yellow_rope,0,169,,Chưa có bản dịch
green_rope,0,169,,Chưa có bản dịch
team_rainbow_rocket,0,169,,Chưa có bản dịch
black_swim_trunks,0,169,,Chưa có bản dịch
rainbow_feathers,7,169,,Chưa có bản dịch
black_freckles,7,168,,Chưa có bản dịch
pink_haori,0,168,,Chưa có bản dịch
red_frill,7,168,,Chưa có bản dịch
rainbow_topwear,7,168,,Chưa có bản dịch
orange_bandeau,0,168,,Chưa có bản dịch
grey_speech_bubble,7,167,,Chưa có bản dịch
gradient_outline,0,167,,Chưa có bản dịch
living_shadow,0,167,,Chưa có bản dịch
rainbow_outline,0,167,,Chưa có bản dịch
glowing_paws,7,167,,Chưa có bản dịch
orange_crop_top,7,166,,Chưa có bản dịch
yellow_veil,0,166,,Chưa có bản dịch
yellow_foreskin,7,166,,Chưa có bản dịch
orange_lipstick,7,166,,Chưa có bản dịch
red_happi,0,166,,Chưa có bản dịch
black_spiked_collar,7,164,,Chưa có bản dịch
green_loincloth,0,164,,Chưa có bản dịch
himitsu_no_valentine_daisakusen!_(project_sekai),0,164,"operation_secret_valentine!_(project_sekai),secret_operation_valentine's_day_(project_sekai)",Chưa có bản dịch
black_lace_trim,0,164,,Chưa có bản dịch
green_fin,7,163,,Chưa có bản dịch
white_fence,0,163,,Chưa có bản dịch
light_glans,7,163,,Chưa có bản dịch
black_moon_clan,0,163,,Chưa có bản dịch
blue_raincoat,0,163,,Chưa có bản dịch
green_blanket,0,162,,Chưa có bản dịch
yellow_star,7,162,,Chưa có bản dịch
purple_lightsaber,0,161,,Chưa có bản dịch
blue_lekku,7,161,,Chưa có bản dịch
blue_scar,7,161,blue_scars,Chưa có bản dịch
white_cane,0,161,,Chưa có bản dịch
red_pepper,0,161,,Chưa có bản dịch
orange_wrist_cuffs,0,160,,Chưa có bản dịch
green_smoke,7,160,,Chưa có bản dịch
blue_electricity,7,160,,Chưa có bản dịch
neapolitan_palette,0,159,,Chưa có bản dịch
black_goatee,7,159,,Chưa có bản dịch
dark_butt,7,159,"dark_ass,dark_booty",Chưa có bản dịch
dark_cure_(precure),0,159,dark_cure_(yes!_precure_5),Chưa có bản dịch
yellow_dog,0,158,,Chưa có bản dịch
red_bird,0,158,,Chưa có bản dịch
yellow_tang,0,158,,Chưa có bản dịch
snow_white_(fairy_tale_character)_(cosplay),0,158,,Chưa có bản dịch
green_boxer_briefs,7,158,,Chưa có bản dịch
blue_onesie,7,158,,Chưa có bản dịch
orange_tube_top,0,158,,Chưa có bản dịch
purple_crown,0,157,,Chưa có bản dịch
yellow_hakama,0,156,,Chưa có bản dịch
glowing_runes,7,155,,Chưa có bản dịch
white_java_sparrow,0,155,,Chưa có bản dịch
blue_paint,0,154,,Chưa có bản dịch
yellow_leggings,0,154,,Chưa có bản dịch
overhead_lighting,7,154,,Chưa có bản dịch
black_udders,7,154,,Chưa có bản dịch
purple_blanket,0,154,,Chưa có bản dịch
orange_speech_bubble,7,154,,Chưa có bản dịch
surgical_light,0,153,,Chưa có bản dịch
red_scar,7,153,red_scars,Chưa có bản dịch
purple_and_black,7,153,,Chưa có bản dịch
pride_color_collar,7,153,,Chưa có bản dịch
black_sofa,7,152,black_couch,Chưa có bản dịch
orange_skinsuit,7,152,,Chưa có bản dịch
rim_lighting,7,151,,Chưa có bản dịch
pink_gills,7,151,,Chưa có bản dịch
yellow_neck,7,151,,Chưa có bản dịch
purple_curtains,7,151,lavender_curtains,Chưa có bản dịch
purple_headscarf,0,151,,Chưa có bản dịch
moonbeam,0,151,"beam_of_moonlight,beams_of_moonlight,moon_beam,moon_beams,moonbeams,moonlight_beam,moonlight_beams,moonlight_ray,moonlight_rays,ray_of_moonlight,rays_of_moonlight",Chưa có bản dịch
orange_briefs,7,151,,Chưa có bản dịch
grey_wool,7,150,gray_wool,Chưa có bản dịch
dark_border,7,150,,Chưa có bản dịch
yellow_pansy,0,150,,Chưa có bản dịch
test_card,0,150,"smpte_color_bars,test_pattern",Chưa có bản dịch
blue_condom,7,150,,Chưa có bản dịch
digimon_day,0,149,,Chưa có bản dịch
purple_lingerie,7,149,,Chưa có bản dịch
glowing_arrow,0,149,,Chưa có bản dịch
grey_snout,7,149,,Chưa có bản dịch
green_lactation,7,149,,Chưa có bản dịch
moody_lighting,7,148,,Chưa có bản dịch
rainbow_party,7,148,,Chưa có bản dịch
purple_jockstrap,7,148,,Chưa có bản dịch
orange_shawl,0,148,,Chưa có bản dịch
red_cross_armband,0,148,,Chưa có bản dịch
orange_hanfu,0,148,,Chưa có bản dịch
remilia_day,0,147,,Chưa có bản dịch
purple_smoke,7,147,,Chưa có bản dịch
green_foreskin,7,147,,Chưa có bản dịch
white_glow,7,147,,Chưa có bản dịch
white_bodystocking,0,147,,Chưa có bản dịch
green_aura,0,147,,Chưa có bản dịch
red_balloon,7,146,,Chưa có bản dịch
red_back,7,146,,Chưa có bản dịch
red_lower_jaw,7,146,,Chưa có bản dịch
rainbow_cum,7,146,,Chưa có bản dịch
person_of_color,7,146,,Chưa có bản dịch
black_boxers,7,146,,Chưa có bản dịch
green_upper_jaw,7,145,,Chưa có bản dịch
green_leaf,0,145,,Chưa có bản dịch
light_border,7,145,,Chưa có bản dịch
blue_back,7,145,,Chưa có bản dịch
red_sheet_(e.g.o),0,144,,Chưa có bản dịch
black_sweatpants,7,144,,Chưa có bản dịch
pink_beard,7,144,,Chưa có bản dịch
yellow_jockstrap,7,144,,Chưa có bản dịch
yellow_aura,0,144,,Chưa có bản dịch
rainbow_stripes,7,144,,Chưa có bản dịch
red_cum,7,143,,Chưa có bản dịch
orange_knot,7,143,,Chưa có bản dịch
black_tailcoat,0,143,,Chưa có bản dịch
glowing_windows,0,143,,Chưa có bản dịch
grey_bandeau,0,143,,Chưa có bản dịch
pride_color_wristband,7,143,,Chưa có bản dịch
brown_back,7,143,dark_brown_back,Chưa có bản dịch
green_raincoat,0,143,,Chưa có bản dịch
orange_gills,7,142,,Chưa có bản dịch
dark_matter_(kakine_teitoku),0,142,,Chưa có bản dịch
blue_wristband,7,142,,Chưa có bản dịch
black_turtleneck,7,142,,Chưa có bản dịch
grey_headscarf,0,142,,Chưa có bản dịch
blue_headgear,7,142,,Chưa có bản dịch
black_mascara,7,141,,Chưa có bản dịch
rainbow_colors,7,141,,Chưa có bản dịch
grey_bandana,0,141,,Chưa có bản dịch
pink_goo,7,141,,Chưa có bản dịch
white_goatee,7,140,,Chưa có bản dịch
white_egg,7,140,,Chưa có bản dịch
rainbow_collar,7,140,,Chưa có bản dịch
black_changpao,0,139,,Chưa có bản dịch
blue-footed_booby,0,139,blue_footed_booby,Chưa có bản dịch
screen_glow,7,139,,Chưa có bản dịch
pink_slime,7,138,,Chưa có bản dịch
yellow_buruma,0,138,,Chưa có bản dịch
yellow_bloomers,0,137,,Chưa có bản dịch
light_eyelids,7,137,,Chưa có bản dịch
grey_waistband,7,137,,Chưa có bản dịch
black_slime,7,137,,Chưa có bản dịch
black_petals,0,137,,Chưa có bản dịch
white_bathrobe,0,137,,Chưa có bản dịch
purple_track_suit,0,137,,Chưa có bản dịch
pink_freckles,7,136,,Chưa có bản dịch
dark_handwear,7,136,,Chưa có bản dịch
green_frill,7,136,,Chưa có bản dịch
grey_boxer_briefs,7,136,gray_boxer_briefs,Chưa có bản dịch
masturbation_day,0,136,,Chưa có bản dịch
black_culottes,0,136,,Chưa có bản dịch
pride_color_jockstrap,7,136,,Chưa có bản dịch
blue_carpet,0,135,,Chưa có bản dịch
green_pussy,0,135,,Chưa có bản dịch
dark_collar,7,135,,Chưa có bản dịch
black_headphones,7,135,,Chưa có bản dịch
blue_string,0,135,,Chưa có bản dịch
blue_flag,0,134,,Chưa có bản dịch
white_fin,7,134,,Chưa có bản dịch
black_visor,0,134,,Chưa có bản dịch
stadium_lighting,7,134,,Chưa có bản dịch
gradient_limbs,7,134,,Chưa có bản dịch
orange_leaves,7,134,,Chưa có bản dịch
purple_moon,0,134,,Chưa có bản dịch
purple_sofa,7,133,purple_couch,Chưa có bản dịch
yellow_clitoris,7,133,yellow_clit,Chưa có bản dịch
red_panda_boy,0,133,,Chưa có bản dịch
grey_kerchief,7,133,"gray_bandanna,gray_kerchief,grey_bandanna",Chưa có bản dịch
light_stripes,7,133,,Chưa có bản dịch
purple_frill,7,133,,Chưa có bản dịch
red_diaper,7,133,,Chưa có bản dịch
dappled_moonlight,0,133,,Chưa có bản dịch
movie_night,7,132,,Chưa có bản dịch
red_underbelly,7,132,,Chưa có bản dịch
yellow_soles,7,132,,Chưa có bản dịch
red_antlers,7,131,red_antler,Chưa có bản dịch
red_feathered_crest,7,131,,Chưa có bản dịch
dark_headgear,7,130,,Chưa có bản dịch
night_raven_college_ceremonial_robes,0,130,,Chưa có bản dịch
purple_chastity_cage,7,130,,Chưa có bản dịch
pink_jockstrap,7,130,,Chưa có bản dịch
green_beard,7,129,,Chưa có bản dịch
yellow_lightsaber,0,129,,Chưa có bản dịch
orange_blood,0,129,,Chưa có bản dịch
red_crest,7,129,,Chưa có bản dịch
red_visor,0,128,,Chưa có bản dịch
yellow_wool,7,128,,Chưa có bản dịch
red_swim_trunks,0,128,,Chưa có bản dịch
white_sheets,7,128,,Chưa có bản dịch
white_shell,7,128,,Chưa có bản dịch
pink_antlers,7,128,pink_antler,Chưa có bản dịch
blue_harness,7,128,,Chưa có bản dịch
pink_speedo,7,128,,Chưa có bản dịch
red_gills,7,128,,Chưa có bản dịch
orange_slippers,0,127,,Chưa có bản dịch
white_talons,7,127,,Chưa có bản dịch
white_feathered_crest,7,126,,Chưa có bản dịch
green_crown,0,126,,Chưa có bản dịch
yellow_knot,7,126,,Chưa có bản dịch
red_cat,0,125,,Chưa có bản dịch
green_babydoll,0,125,,Chưa có bản dịch
purple_neck,7,125,,Chưa có bản dịch
green_flag,0,125,,Chưa có bản dịch
white_speedo,7,124,,Chưa có bản dịch
dark_repulser,0,124,,Chưa có bản dịch
orange_moon,0,124,,Chưa có bản dịch
pink_shell,7,124,,Chưa có bản dịch
black_sheep,0,124,,Chưa có bản dịch
pink_towel,7,124,,Chưa có bản dịch
white_floor,7,123,,Chưa có bản dịch
red_throat,7,123,,Chưa có bản dịch
orange_loincloth,0,123,,Chưa có bản dịch
orange_jockstrap,7,123,,Chưa có bản dịch
glowing_collar,7,123,,Chưa có bản dịch
tv_lighting,7,123,,Chưa có bản dịch
glowing_symbol,0,123,,Chưa có bản dịch
white_lekku,7,122,,Chưa có bản dịch
red_feather,7,122,,Chưa có bản dịch
green_visor,0,122,,Chưa có bản dịch
dog_shadow_puppet,0,122,,Chưa có bản dịch
rainbow_kerchief,7,122,rainbow_bandanna,Chưa có bản dịch
orange_wall,7,122,,Chưa có bản dịch
dark_flesh,7,121,,Chưa có bản dịch
blue_snout,7,121,,Chưa có bản dịch
blue_clitoral_hood,7,121,,Chưa có bản dịch
pink_vibrator,7,121,,Chưa có bản dịch
pink_smoke,7,121,,Chưa có bản dịch
glowing_feathers,7,121,,Chưa có bản dịch
white_headgear,7,121,,Chưa có bản dịch
dark_paws,7,121,,Chưa có bản dịch
orange_hakama,0,120,,Chưa có bản dịch
red_overskirt,0,120,,Chưa có bản dịch
glowing_antennae,7,120,"glowing_antenna,lantern_antenna,lantern_antennae,lantern_antennaes,lantern_antennas",Chưa có bản dịch
red_(pokemon)_(cosplay),0,120,,Chưa có bản dịch
black_knee_highs,7,120,,Chưa có bản dịch
black_and_tan,7,120,tan_and_black,Chưa có bản dịch
sunset_nostalgie_(idolmaster),0,120,sunset_nostalgie,Chưa có bản dịch
long_shadow,0,119,,Chưa có bản dịch
grey_sofa,7,119,"gray_couch,gray_sofa,grey_couch",Chưa có bản dịch
black_hose,7,119,,Chưa có bản dịch
bordeaux_black_(va),9,119,bordeauxblack_(va),Người đóng góp
blue_egg,7,119,,Chưa có bản dịch
green_egg,7,119,,Chưa có bản dịch
pride_color_tank_top,7,119,,Chưa có bản dịch
white_headkerchief,7,118,,Chưa có bản dịch
white_ensign,0,118,,Chưa có bản dịch
threshold_light,7,118,,Chưa có bản dịch
grey_tentacles,7,118,"gray_tentacle,gray_tentacles,grey_tentacle",Chưa có bản dịch
orange_thong,7,118,,Chưa có bản dịch
dark_eyeshadow,7,118,,Chưa có bản dịch
glowing_orb,7,118,,Chưa có bản dịch
night_lords,0,118,,Chưa có bản dịch
orange_frill,7,118,,Chưa có bản dịch
green_hose,7,117,,Chưa có bản dịch
wriggle_day,0,117,,Chưa có bản dịch
dark_mage_(fire_emblem_awakening),0,117,,Chưa có bản dịch
pink_onesie,7,117,,Chưa có bản dịch
blue_spines,7,116,,Chưa có bản dịch
yellow_loincloth,0,116,,Chưa có bản dịch
dark_whiskers,7,116,,Chưa có bản dịch
red_chastity_cage,7,116,,Chưa có bản dịch
blue_lingerie,7,115,,Chưa có bản dịch
black_back,7,115,,Chưa có bản dịch
bright_me_up!!_(ensemble_stars!),0,115,,Chưa có bản dịch
white_paint,0,115,,Chưa có bản dịch
white_outer_labia,7,115,,Chưa có bản dịch
light_legwear,7,115,,Chưa có bản dịch
green_condom,7,115,,Chưa có bản dịch
blue_headkerchief,7,115,,Chưa có bản dịch
purple_shell,7,115,,Chưa có bản dịch
black_swimming_trunks,7,114,,Chưa có bản dịch
orange_blossoms,0,114,orange_blossom,Chưa có bản dịch
nue_day,0,114,,Chưa có bản dịch
red_nightgown,0,114,,Chưa có bản dịch
magic_glow,7,114,,Chưa có bản dịch
pink_tabard,0,114,,Chưa có bản dịch
yellow_dildo,7,114,,Chưa có bản dịch
glowing_spots,7,114,,Chưa có bản dịch
purple_fin,7,114,,Chưa có bản dịch
grey_whiskers,7,114,gray_whiskers,Chưa có bản dịch
black_facial_markings,7,114,,Chưa có bản dịch
white_bib,7,114,,Chưa có bản dịch
green_towel,7,114,,Chưa có bản dịch
dark_tattoo,7,114,,Chưa có bản dịch
orange_fire,0,113,,Chưa có bản dịch
white_curtains,7,113,,Chưa có bản dịch
white_tailcoat,0,112,,Chưa có bản dịch
cure_arcana_shadow_(cosplay),0,112,,Chưa có bản dịch
purple_happi,0,112,,Chưa có bản dịch
red_leaves,7,112,,Chưa có bản dịch
green_leash,7,112,,Chưa có bản dịch
purple_condom,7,112,,Chưa có bản dịch
white_mage_(final_fantasy)_(cosplay),0,111,,Chưa có bản dịch
junko_day,0,111,,Chưa có bản dịch
orange_antennae,7,111,orange_antenna,Chưa có bản dịch
white_palms,7,111,,Chưa có bản dịch
orange_speedo,7,111,,Chưa có bản dịch
purple_electricity,0,111,,Chưa có bản dịch
glowing_lactation,7,110,,Chưa có bản dịch
red_towel,7,110,,Chưa có bản dịch
purple_harness,7,110,,Chưa có bản dịch
pillar_of_light,0,110,,Chưa có bản dịch
red_bustier,0,110,,Chưa có bản dịch
black_helm,0,109,,Chưa có bản dịch
yellow_babydoll,0,109,,Chưa có bản dịch
purple_cloaca,7,109,,Chưa có bản dịch
gradient_markings,7,109,,Chưa có bản dịch
purple_boxer_briefs,7,109,,Chưa có bản dịch
blue_cere,7,109,,Chưa có bản dịch
orange_heart,7,109,,Chưa có bản dịch
blue_floor,7,109,,Chưa có bản dịch
dark_angels,0,109,,Chưa có bản dịch
blonde_mustache,7,109,yellow_mustache,Chưa có bản dịch
blue_fins,7,109,,Chưa có bản dịch
black_poncho,0,109,,Chưa có bản dịch
blue_lactation,7,109,,Chưa có bản dịch
purple_wristband,7,109,,Chưa có bản dịch
black_metal,0,109,,Chưa có bản dịch
dark_beak,7,108,,Chưa có bản dịch
grey_talons,7,108,gray_talons,Chưa có bản dịch
blue_gills,7,108,,Chưa có bản dịch
speech_bubble_drop_shadow,7,108,,Chưa có bản dịch
black_lightning,0,107,,Chưa có bản dịch
ashley_orange_(modeler),9,107,,Người đóng góp
blue_hiphighs,0,107,,Chưa có bản dịch
blue_spider_lily,0,107,,Chưa có bản dịch
dark_eldar,0,107,,Chưa có bản dịch
red_rug,7,107,,Chưa có bản dịch
white_wristband,7,107,,Chưa có bản dịch
good_thighs_day,0,106,,Chưa có bản dịch
star_color_pen,0,106,,Chưa có bản dịch
dark_green_leaves,7,106,,Chưa có bản dịch
blue_hanbok,0,106,,Chưa có bản dịch
purple_saliva,7,106,,Chưa có bản dịch
green_internal,7,106,,Chưa có bản dịch
m87_black_hole,0,106,,Chưa có bản dịch
blue_curtains,7,106,,Chưa có bản dịch
rudolph_the_red_nosed_reindeer_(cosplay),0,106,,Chưa có bản dịch
green_antlers,7,106,green_antler,Chưa có bản dịch
gradient_scales,0,106,,Chưa có bản dịch
purple_headdress,0,106,,Chưa có bản dịch
yellow_diaper,7,105,,Chưa có bản dịch
yellow_neckwear,7,105,,Chưa có bản dịch
grey_antennae,7,105,"gray_antenna,gray_antennae,grey_antenna",Chưa có bản dịch
pink_sofa,7,105,pink_couch,Chưa có bản dịch
blue_pussy_juice,7,105,,Chưa có bản dịch
white_ruff,7,105,,Chưa có bản dịch
white_poncho,0,105,,Chưa có bản dịch
red_gag,7,105,,Chưa có bản dịch
enamel_leather_dark_nurse,0,105,,Chưa có bản dịch
white_blood,0,104,,Chưa có bản dịch
lily_white_(love_live!),0,104,,Chưa có bản dịch
blue_hijab,0,104,,Chưa có bản dịch
colored_lights,0,104,,Chưa có bản dịch
black_spines,7,104,,Chưa có bản dịch
rainbow_pawpads,7,104,"rainbow_paw_pad,rainbow_paw_pads,rainbow_pawpad",Chưa có bản dịch
yellow_whiskers,7,103,,Chưa có bản dịch
black_whip_(boku_no_hero_academia),0,103,,Chưa có bản dịch
orange_leaf,0,103,,Chưa có bản dịch
blue_dougi,0,103,,Chưa có bản dịch
pink_overskirt,0,103,,Chưa có bản dịch
yellow_liquid,0,102,,Chưa có bản dịch
rainbow_dildo,7,102,,Chưa có bản dịch
glowing_saliva,7,102,,Chưa có bản dịch
white_boxers,7,102,,Chưa có bản dịch
orange_scutes,7,102,,Chưa có bản dịch
green_shell_(mario),0,102,,Chưa có bản dịch
green_nightgown,0,101,,Chưa có bản dịch
red_magic,7,101,,Chưa có bản dịch
warm_light,7,101,,Chưa có bản dịch
colored_sperm_cell,7,101,,Chưa có bản dịch
white_sideburns,7,101,,Chưa có bản dịch
goku_day,0,100,,Chưa có bản dịch
green_seam_briefs,7,100,,Chưa có bản dịch
green_swim_trunks,0,100,,Chưa có bản dịch
mandarin_orange_slice,0,100,,Chưa có bản dịch
grey_bird,0,100,,Chưa có bản dịch
black_eagles_(fire_emblem),0,100,,Chưa có bản dịch
trailing_rainbow,7,99,,Chưa có bản dịch
orange_clitoris,7,99,orange_clit,Chưa có bản dịch
white_lotus,0,99,,Chưa có bản dịch
black_thighlet,0,99,,Chưa có bản dịch
purple_headgear,7,99,,Chưa có bản dịch
light_bulb_above_head,0,99,,Chưa có bản dịch
blue_boxers,7,99,,Chưa có bản dịch
changing_color,7,99,,Chưa có bản dịch
red_cup,7,99,,Chưa có bản dịch
yellow_pepper,0,99,,Chưa có bản dịch
yellow_sponge,0,99,,Chưa có bản dịch
shocked_black_guy_(meme),0,98,,Chưa có bản dịch
penalty_card,0,98,"red_card_(soccer),soccer_card,yellow_card_(soccer)",Chưa có bản dịch
white_toenails,7,98,,Chưa có bản dịch
blue_cutoffs,7,98,,Chưa có bản dịch
rainbow_heart,7,98,,Chưa có bản dịch
grey_butterfly,0,98,gray_butterfly,Chưa có bản dịch
grey_overskirt,0,98,,Chưa có bản dịch
purple_bloomers,0,98,,Chưa có bản dịch
colored_flesh,7,98,coloured_flesh,Chưa có bản dịch
torch_light,7,98,,Chưa có bản dịch
pride_color_patch,7,98,,Chưa có bản dịch
yellow_bonnet,0,98,,Chưa có bản dịch
glowing_bulge,7,98,,Chưa có bản dịch
game_boy_color_console,7,98,,Chưa có bản dịch
orange_fin,7,98,,Chưa có bản dịch
pink_carpet,0,97,,Chưa có bản dịch
dark_mage_(fire_emblem_fates),0,97,,Chưa có bản dịch
glowing_animal,0,97,,Chưa có bản dịch
black_thought_bubble,7,97,,Chưa có bản dịch
green_stem_(e.g.o),0,97,,Chưa có bản dịch
grey_bedding,7,97,,Chưa có bản dịch
glowing_precum,7,96,,Chưa có bản dịch
blue_saliva,7,96,,Chưa có bản dịch
black_frill,7,96,,Chưa có bản dịch
low_lighting,7,96,,Chưa có bản dịch
yellow_snake,0,96,,Chưa có bản dịch
light_fixture,0,96,,Chưa có bản dịch
glowing_staff,0,96,,Chưa có bản dịch
orange_bridal_gauntlets,0,96,,Chưa có bản dịch
orange_rope,0,96,,Chưa có bản dịch
white_jersey,0,96,,Chưa có bản dịch
dark_neck,7,95,,Chưa có bản dịch
green_onesie,7,95,,Chưa có bản dịch
green_paint,7,95,,Chưa có bản dịch
blue_lions_(fire_emblem),0,95,,Chưa có bản dịch
blue_neckwear,7,95,,Chưa có bản dịch
grey_buruma,0,95,,Chưa có bản dịch
grey_haori,0,95,,Chưa có bản dịch
blue_soles,7,95,,Chưa có bản dịch
black_dickey,0,95,,Chưa có bản dịch
light_pawpads,7,95,"light_paw_pad,light_paw_pads,light_pawpad",Chưa có bản dịch
purple_hotpants,7,94,,Chưa có bản dịch
white_underside,7,94,,Chưa có bản dịch
ancient_dark,0,94,,Chưa có bản dịch
yellow_tattoo,7,94,yellow_tattoos,Chưa có bản dịch
orange_dildo,7,94,,Chưa có bản dịch
orange_diaper,7,94,,Chưa có bản dịch
orange_lighting,7,94,,Chưa có bản dịch
white_sofa,7,94,white_couch,Chưa có bản dịch
white_dickey,0,94,,Chưa có bản dịch
red_jersey,0,94,,Chưa có bản dịch
red_mushroom,7,94,,Chưa có bản dịch
glowing_snowflake,0,94,,Chưa có bản dịch
grey_alien,0,93,,Chưa có bản dịch
night_light,0,93,,Chưa có bản dịch
red_hotpants,7,93,,Chưa có bản dịch
purple_leaves,7,92,,Chưa có bản dịch
red_forehead_gem,7,92,,Chưa có bản dịch
yellow_electricity,7,92,,Chưa có bản dịch
light_back,7,92,,Chưa có bản dịch
blue_goatee,7,92,,Chưa có bản dịch
night_howlers,7,92,,Chưa có bản dịch
orange_back,7,92,,Chưa có bản dịch
orange_bloomers,0,92,,Chưa có bản dịch
glowing_throat,7,91,,Chưa có bản dịch
greenery_day,0,91,,Chưa có bản dịch
green_wristband,7,91,,Chưa có bản dịch
angel_day,0,91,,Chưa có bản dịch
green_cheeks,7,91,,Chưa có bản dịch
light-skinned_gynomorph,7,91,,Chưa có bản dịch
purple_antlers,7,91,purple_antler,Chưa có bản dịch
red_bloomers,0,91,,Chưa có bản dịch
grey_clitoris,7,90,"gray_clit,gray_clitoris,grey_clit",Chưa có bản dịch
glowing_egg,7,90,,Chưa có bản dịch
white_bars,7,90,,Chưa có bản dịch
volumetric_lighting,7,90,,Chưa có bản dịch
blue_legband,7,90,,Chưa có bản dịch
black_balaclava,7,90,,Chưa có bản dịch
green_lining,0,90,,Chưa có bản dịch
red_miniskirt,7,90,,Chưa có bản dịch
green_bridal_gauntlets,0,89,,Chưa có bản dịch
colored_lighting,7,89,,Chưa có bản dịch
green_scutes,7,89,,Chưa có bản dịch
arabian_oryx,0,89,white_oryx,Chưa có bản dịch
yellow_wristband,7,89,,Chưa có bản dịch
black_headkerchief,7,89,,Chưa có bản dịch
glow-in-the-dark,0,89,,Chưa có bản dịch
purple_towel,7,89,,Chưa có bản dịch
light_swimwear,7,88,,Chưa có bản dịch
light_spots,7,88,,Chưa có bản dịch
red_queen_(sword),0,88,,Chưa có bản dịch
orange_pussy_juice,7,88,,Chưa có bản dịch
color_coded_thought_bubble,7,88,,Chưa có bản dịch
purple_lactation,7,88,,Chưa có bản dịch
night_raven_college_labwear,0,88,,Chưa có bản dịch
purple_soles,7,88,,Chưa có bản dịch
white_goo,7,88,,Chưa có bản dịch
black_turban,0,87,,Chưa có bản dịch
rotating_light,0,87,,Chưa có bản dịch
yellow_bridal_gauntlets,0,87,,Chưa có bản dịch
black_straps,7,87,,Chưa có bản dịch
purple_assault_visor,0,87,,Chưa có bản dịch
black_moon,0,87,,Chưa có bản dịch
yellow_tabard,0,87,,Chưa có bản dịch
blue_lines,7,87,,Chưa có bản dịch
light_handwear,7,87,,Chưa có bản dịch
blue_journey_(hololive),0,86,,Chưa có bản dịch
blue_shell_(mario),0,86,,Chưa có bản dịch
green_harness,7,86,,Chưa có bản dịch
energy_whip,0,86,glowing_whip,Chưa có bản dịch
orange_freckles,7,86,,Chưa có bản dịch
yellow_blanket,0,86,,Chưa có bản dịch
pink_donut,0,86,pink_doughnut,Chưa có bản dịch
glowing_pussy_juice,7,86,,Chưa có bản dịch
fire_light,0,86,,Chưa có bản dịch
green_pussy_juice,7,85,,Chưa có bản dịch
grey_lipstick,7,85,gray_lipstick,Chưa có bản dịch
dark_fingernails,7,85,,Chưa có bản dịch
dark_foreground,0,85,,Chưa có bản dịch
black_hijab,0,85,,Chưa có bản dịch
red_telephone_box_(british),0,85,,Chưa có bản dịch
red_shell_(mario),0,85,,Chưa có bản dịch
green_petals,0,84,,Chưa có bản dịch
yellow_fire,0,84,,Chưa có bản dịch
grateful_blue_(idolmaster),0,84,grateful_blue,Chưa có bản dịch
blue_teats,7,84,,Chưa có bản dịch
pink_fin,7,84,,Chưa có bản dịch
pink_neck,7,84,,Chưa có bản dịch
black_paint,7,84,,Chưa có bản dịch
blue_crest,7,83,,Chưa có bản dịch
black_lives_matter,0,83,,Chưa có bản dịch
flow_glow_(hololive),0,83,,Chưa có bản dịch
grey_loincloth,7,83,gray_loincloth,Chưa có bản dịch
glowing_outline,7,83,,Chưa có bản dịch
red_bodice,0,83,,Chưa có bản dịch
rainbow_halo,0,82,,Chưa có bản dịch
red_facial_markings,7,82,,Chưa có bản dịch
blue_gums,7,82,,Chưa có bản dịch
red_cheekdots,7,82,,Chưa có bản dịch
glowing_bird,0,82,,Chưa có bản dịch
orange_shell,7,82,,Chưa có bản dịch
orange_seam_briefs,7,82,,Chưa có bản dịch
white_headphones,7,82,,Chưa có bản dịch
orange_fingernails,7,82,,Chưa có bản dịch
black_anklet,7,82,,Chưa có bản dịch
grey_heart,7,82,gray_heart,Chưa có bản dịch
pride_color_thong,7,82,,Chưa có bản dịch
light_through_window,7,82,,Chưa có bản dịch
grey_underbelly,7,82,,Chưa có bản dịch
green_headgear,7,82,,Chưa có bản dịch
blue_wool,7,81,,Chưa có bản dịch
orange_antlers,7,81,orange_antler,Chưa có bản dịch
internal_glow_(penetration),7,81,,Chưa có bản dịch
white_lipstick,7,81,,Chưa có bản dịch
white_seam_boxer_briefs,7,81,,Chưa có bản dịch
blue_hairclip,7,81,,Chưa có bản dịch
white_tusks,7,81,,Chưa có bản dịch
pink_lactation,7,81,,Chưa có bản dịch
dark_head,7,80,,Chưa có bản dịch
white_lightsaber,0,80,,Chưa có bản dịch
green_back,7,80,,Chưa có bản dịch
radiant_light,0,80,,Chưa có bản dịch
minimal_color,7,80,,Chưa có bản dịch
orange_goo,7,80,,Chưa có bản dịch
blue_leaf,0,80,,Chưa có bản dịch
wedding_night,7,80,,Chưa có bản dịch
purple_district,7,80,,Chưa có bản dịch
green_makeup,7,80,,Chưa có bản dịch
yellow_paint,7,80,,Chưa có bản dịch
red-and-green_macaw,0,79,"green-winged_macaw,green_winged_macaw,red_and_green_macaw",Chưa có bản dịch
yellow_spines,7,79,,Chưa có bản dịch
pink_chemise,0,79,,Chưa có bản dịch
pink_curtains,7,79,,Chưa có bản dịch
pink_frill,7,79,,Chưa có bản dịch
416_day,0,79,,Chưa có bản dịch
colored_ovum,7,79,,Chưa có bản dịch
grey_bloomers,0,79,,Chưa có bản dịch
yellow_seam_briefs,7,79,,Chưa có bản dịch
pink_leaves,7,79,,Chưa có bản dịch
pink_mustache,7,79,,Chưa có bản dịch
blue_emanata,7,79,,Chưa có bản dịch
glowing_head,7,79,,Chưa có bản dịch
green_fundoshi,7,78,,Chưa có bản dịch
grey_frill,7,78,,Chưa có bản dịch
orange_swimming_trunks,7,78,,Chưa có bản dịch
light_sheath,7,78,,Chưa có bản dịch
blue_poncho,0,78,,Chưa có bản dịch
blue_pansy,0,78,,Chưa có bản dịch
black_top,7,78,,Chưa có bản dịch
red_gums,7,78,,Chưa có bản dịch
white_crotch,7,78,,Chưa có bản dịch
gradient_hiphighs,0,78,,Chưa có bản dịch
dark_fountain,7,78,,Chưa có bản dịch
red_apple,7,78,,Chưa có bản dịch
black_fishnets,7,78,,Chưa có bản dịch
red_candle,0,78,,Chưa có bản dịch
pink_wristband,7,77,,Chưa có bản dịch
green_floor,7,77,,Chưa có bản dịch
white_cravat,7,77,,Chưa có bản dịch
yellow_fangs,7,77,,Chưa có bản dịch
pink_hiphighs,0,77,,Chưa có bản dịch
green_turtleneck,7,77,,Chưa có bản dịch
light_paws,7,77,,Chưa có bản dịch
blue_miniskirt,7,77,,Chưa có bản dịch
grey_assault_visor,0,77,,Chưa có bản dịch
technicolor_yawn,7,76,"rainbow_barf,rainbow_vomit",Chưa có bản dịch
glowing_clitoris,7,76,glowing_clit,Chưa có bản dịch
blue_headphones,7,76,,Chưa có bản dịch
black_scapular,0,76,,Chưa có bản dịch
blue_accents,7,76,,Chưa có bản dịch
pink_hotpants,7,76,,Chưa có bản dịch
rainbow_handwear,7,76,,Chưa có bản dịch
black_beak_tip,7,76,,Chưa có bản dịch
red_makeup,7,76,,Chưa có bản dịch
green_chastity_cage,7,76,,Chưa có bản dịch
green_carpet,0,76,,Chưa có bản dịch
yellow_nightgown,0,76,,Chưa có bản dịch
green_freckles,7,75,,Chưa có bản dịch
pink_hijab,0,75,,Chưa có bản dịch
pink_headgear,7,75,,Chưa có bản dịch
dark_world,7,75,,Chưa có bản dịch
detailed_lighting,7,75,,Chưa có bản dịch
purple_spines,7,75,,Chưa có bản dịch
night_and_day_amcg_(idolmaster),0,75,,Chưa có bản dịch
blue_sideburns,7,74,,Chưa có bản dịch
red_handkerchief,7,74,,Chưa có bản dịch
pink_bird,0,74,,Chưa có bản dịch
black_quills,7,74,,Chưa có bản dịch
pink_moon_stick,0,74,,Chưa có bản dịch
rainbow_highlights,7,73,,Chưa có bản dịch
purple_hiphighs,0,73,,Chưa có bản dịch
dark_armwear,7,73,,Chưa có bản dịch
good_twins_day,0,73,,Chưa có bản dịch
grey_teats,7,73,gray_teats,Chưa có bản dịch
pink_hanbok,0,73,,Chưa có bản dịch
glowing_hooves,7,72,,Chưa có bản dịch
red_waistband,7,72,,Chưa có bản dịch
women's_day,0,72,,Chưa có bản dịch
moonlight_butterfly_(gundam),0,72,,Chưa có bản dịch
pink_floor,7,72,,Chưa có bản dịch
mitasarenai_pale_color_(project_sekai),0,72,"insatiable_pale_color_(project_sekai),unsatisfied_pale_color_(project_sekai)",Chưa có bản dịch
red_pendant,0,72,,Chưa có bản dịch
nazrin_day,0,72,,Chưa có bản dịch
gradient_ascot,0,72,,Chưa có bản dịch
blue_anklet,0,72,,Chưa có bản dịch
black_suspenders,7,72,,Chưa có bản dịch
green_neckwear,7,72,,Chưa có bản dịch
green_boxers,7,72,,Chưa có bản dịch
glowing_mane,7,72,bioluminescent_mane,Chưa có bản dịch
rainbow_scales,7,71,,Chưa có bản dịch
blue_balloon,7,71,,Chưa có bản dịch
black_bracer,0,71,,Chưa có bản dịch
grey_boxers,7,71,gray_boxers,Chưa có bản dịch
happy_mother's_day,0,71,,Chưa có bản dịch
black_limbs,7,71,,Chưa có bản dịch
partial_color,7,71,,Chưa có bản dịch
lime_green,7,71,,Chưa có bản dịch
white_string,0,71,,Chưa có bản dịch
pink_boxers,7,71,,Chưa có bản dịch
white_wraps,7,71,,Chưa có bản dịch
red_changpao,0,70,,Chưa có bản dịch
pink_chastity_device,7,70,,Chưa có bản dịch
miniskirt_day,0,70,,Chưa có bản dịch
off-color_cum,0,70,off-color_semen,Chưa có bản dịch
black_singlet,0,70,,Chưa có bản dịch
grey_bonnet,0,70,,Chưa có bản dịch
frieren's_three-day_tantrum,0,70,,Chưa có bản dịch
green_gas,7,70,,Chưa có bản dịch
pink_inner_pussy,7,70,,Chưa có bản dịch
blue_pendant,0,69,,Chưa có bản dịch
black_dougi,0,69,,Chưa có bản dịch
black_shell,7,69,,Chưa có bản dịch
mega_man_day,0,69,,Chưa có bản dịch
black_and_pink,7,69,pink_and_black,Chưa có bản dịch
orange_veil,0,69,,Chưa có bản dịch
orange_mustache,7,69,,Chưa có bản dịch
orange_corset,0,69,,Chưa có bản dịch
orange_amps,0,69,orange_amplifiers,Chưa có bản dịch
red_tiara,0,69,,Chưa có bản dịch
white_carnation,0,69,,Chưa có bản dịch
light_perineum,7,69,,Chưa có bản dịch
pride_color_crop_top,7,69,,Chưa có bản dịch
pride_color_handwear,7,69,"pride_colors_handwear,pride_colour_handwear,pride_colours_handwear,pride_flag_handwear,pride_handwear",Chưa có bản dịch
meiling_day,0,68,,Chưa có bản dịch
red_pacifier,7,68,,Chưa có bản dịch
pink_pasties,7,68,,Chưa có bản dịch
pink_undergarments,7,68,,Chưa có bản dịch
black_and_brown,7,68,brown_and_black,Chưa có bản dịch
fundoshi_day,0,68,,Chưa có bản dịch
star_wars_day,0,68,,Chưa có bản dịch
black_materia,0,68,,Chưa có bản dịch
purple_floor,7,68,,Chưa có bản dịch
grey_thong,7,68,,Chưa có bản dịch
purple_wool,7,67,,Chưa có bản dịch
grey_dildo,7,67,gray_dildo,Chưa có bản dịch
black_gums,7,67,,Chưa có bản dịch
blue_thighs,7,67,,Đùi xanh dương
yellow_lighting,7,67,,Chưa có bản dịch
yellow_flesh,7,67,,Chưa có bản dịch
polka_dot_shadow,0,67,,Chưa có bản dịch
rainbow_claws,7,67,,Chưa có bản dịch
yellow_snow,7,67,,Chưa có bản dịch
altered_shadow,7,67,,Chưa có bản dịch
red_romper,0,67,,Chưa có bản dịch
red_headphones,7,67,,Chưa có bản dịch
red_floor,7,67,,Chưa có bản dịch
red_envelope,7,67,,Chưa có bản dịch
red_facepaint,0,67,,Chưa có bản dịch
black_thighs,7,67,,Đùi đen
pride_color_highlights,7,67,,Chưa có bản dịch
black_trenchcoat,7,67,,Chưa có bản dịch
white_loose_feather,7,67,,Chưa có bản dịch
white_neckwear,7,67,,Chưa có bản dịch
white_whale,0,67,,Chưa có bản dịch
pink_pussy_juice,7,67,,Chưa có bản dịch
blue_outerwear,7,67,,Chưa có bản dịch
pink_scutes,7,66,,Chưa có bản dịch
dark_territory_(sao),0,66,,Chưa có bản dịch
dark_pit_staff_(kid_icarus),0,66,,Chưa có bản dịch
blue_diaper_fastener,7,66,,Chưa có bản dịch
red_sheets,7,66,,Chưa có bản dịch
red_onesie,7,66,,Chưa có bản dịch
black_spandex,7,66,,Chưa có bản dịch
light_thigh_highs,7,66,,Chưa có bản dịch
pride_color_banner,7,66,,Chưa có bản dịch
black_tape_project,0,66,,Chưa có bản dịch
pride_color_sticker,7,65,,Chưa có bản dịch
light_armwear,7,65,,Chưa có bản dịch
dark_fountain_(deltarune),0,65,,Chưa có bản dịch
dog_day,0,65,,Chưa có bản dịch
red_flesh,7,65,,Chưa có bản dịch
green_facial_markings,7,65,,Chưa có bản dịch
orange_spines,7,65,,Chưa có bản dịch
orange_facial_markings,7,65,,Chưa có bản dịch
red_turtleneck,7,65,,Chưa có bản dịch
white_waistband,7,65,,Chưa có bản dịch
purple_gums,7,65,,Chưa có bản dịch
blue_precum,7,65,,Chưa có bản dịch
red_plume,0,64,,Chưa có bản dịch
majiwaru_senritsu_tomoru_nukumori_(project_sekai),0,64,"intersecting_melodies_glowing_warmth_(project_sekai),the_warmth_of_intersecting_melodies_(project_sekai)",Chưa có bản dịch
red_cloaca,7,64,,Chưa có bản dịch
in_the_dark,7,64,,Chưa có bản dịch
blue_bustier,0,64,,Chưa có bản dịch
purple_back,7,64,,Chưa có bản dịch
lily_white_(cosplay),0,64,,Chưa có bản dịch
yellow_leaf,0,64,,Chưa có bản dịch
white_teats,7,64,,Chưa có bản dịch
grey_dog,0,64,,Chưa có bản dịch
blue_magic,7,63,,Chưa có bản dịch
green_pacifier,7,63,,Chưa có bản dịch
pride_color_palette,7,63,,Chưa có bản dịch
green_gakuran,0,63,,Chưa có bản dịch
green_dougi,0,63,,Chưa có bản dịch
rainbow_neckerchief,7,63,,Chưa có bản dịch
yellow_onesie,7,63,,Chưa có bản dịch
ambient_lighting,7,63,,Chưa có bản dịch
white_bodice,0,63,,Chưa có bản dịch
red_fangs,7,63,,Chưa có bản dịch
red_freckles,7,63,,Chưa có bản dịch
red_loose_feather,7,63,,Chưa có bản dịch
purple_onesie,7,62,,Chưa có bản dịch
grey_headphones,7,62,,Chưa có bản dịch
blue_smoke,7,62,,Chưa có bản dịch
la_black_luna,0,62,,Chưa có bản dịch
red_string,7,62,,Chưa có bản dịch
harsh_lighting,7,62,,Chưa có bản dịch
yellow_toenails,7,62,,Chưa có bản dịch
pink_anal_beads,7,62,,Chưa có bản dịch
glowing_crown,0,62,,Chưa có bản dịch
glowing_blood,7,62,,Chưa có bản dịch
white_onesie,7,62,,Chưa có bản dịch
light_from_below,7,62,,Chưa có bản dịch
light_speedo,7,62,,Chưa có bản dịch
purple_pacifier,7,61,,Chưa có bản dịch
purple_mascara,7,61,,Chưa có bản dịch
purple_neckwear,7,61,,Chưa có bản dịch
light-skinned_intersex,7,61,,Chưa có bản dịch
shadow_the_hedgehog_(cosplay),0,61,,Chưa có bản dịch
black_buttplug,7,61,,Chưa có bản dịch
black_cuffs,7,61,,Chưa có bản dịch
pink_dog,0,61,,Chưa có bản dịch
rainbow_badge,0,61,,Chưa có bản dịch
pink_gas,7,61,,Chưa có bản dịch
pink_feces,7,61,pink_poop,Chưa có bản dịch
color_picker,0,61,,Chưa có bản dịch
grey_hiphighs,0,61,,Chưa có bản dịch
pink_visor,7,61,,Chưa có bản dịch
green_moon,0,61,,Chưa có bản dịch
grey_thighs,7,61,,Đùi xám
blue_sweatshirt,7,61,,Chưa có bản dịch
orange_foreskin,7,60,,Chưa có bản dịch
blue_fastener,7,60,,Chưa có bản dịch
james_day,0,60,,Chưa có bản dịch
red_emanata,7,60,,Chưa có bản dịch
red_ginger_(flower),0,60,,Chưa có bản dịch
blue_tracksuit,7,60,,Chưa có bản dịch
pink_leaf,0,60,,Chưa có bản dịch
glowing_silhouette,7,60,,Chưa có bản dịch
green_lantern_corps,0,60,,Chưa có bản dịch
orange_bird,0,60,,Chưa có bản dịch
glowing_neckwear,0,60,,Chưa có bản dịch
yellow_button,7,60,,Chưa có bản dịch
blue_waistband,7,60,,Chưa có bản dịch
white_insides,7,60,,Chưa có bản dịch
red_wattle,7,60,,Chưa có bản dịch
orange_wristband,7,60,,Chưa có bản dịch
white_carpet,0,60,,Chưa có bản dịch
purple_clitoral_hood,7,60,,Chưa có bản dịch
light_beard,7,60,,Chưa có bản dịch
blue_mustache,7,60,,Chưa có bản dịch
light_mane,7,60,,Chưa có bản dịch
green_gills,7,59,,Chưa có bản dịch
red_trenchcoat,7,59,,Chưa có bản dịch
red_yarn,0,59,,Chưa có bản dịch
rainbow_blood,0,59,,Chưa có bản dịch
black_fluid,7,59,,Chưa có bản dịch
rainbow_pubes,7,59,,Chưa có bản dịch
heart_day,0,59,,Chưa có bản dịch
dark_pubes,7,59,,Chưa có bản dịch
blue_spine,0,59,,Chưa có bản dịch
red_accents,7,59,,Chưa có bản dịch
kitasan_black_(umamusume)_(cosplay),0,59,,Chưa có bản dịch
pink_headphones,7,59,,Chưa có bản dịch
glowing_pussy,0,59,,Chưa có bản dịch
russian_anti-war_flag,0,58,white_blue_white_flag,Chưa có bản dịch
dark_talons,7,58,,Chưa có bản dịch
orange_paint,7,58,,Chưa có bản dịch
green_emanata,7,58,,Chưa có bản dịch
blue_romper,0,58,,Chưa có bản dịch
grey_hose,7,58,,Chưa có bản dịch
miko_day,0,58,,Chưa có bản dịch
white_wine,0,58,,Chưa có bản dịch
pink_lightsaber,0,58,,Chưa có bản dịch
pink_raincoat,0,58,,Chưa có bản dịch
yellow_lactation,7,58,,Chưa có bản dịch
yellow_tiara,0,58,,Chưa có bản dịch
purple_underbelly,7,57,,Chưa có bản dịch
yellow_pendant,7,57,,Chưa có bản dịch
purple_magic,7,57,,Chưa có bản dịch
orange_slime,7,57,,Chưa có bản dịch
sunny_day,7,57,,Chưa có bản dịch
green_feces,7,57,green_poop,Chưa có bản dịch
pink_neckwear,7,57,,Chưa có bản dịch
grey_headdress,0,57,,Chưa có bản dịch
red_arrow,7,57,,Chưa có bản dịch
red_blindfold,7,57,red_blind_fold,Chưa có bản dịch
black_tape,7,57,,Chưa có bản dịch
red_snapper,0,57,,Chưa có bản dịch
into_the_new_light_(project_sekai),0,57,,Chưa có bản dịch
color_filter,0,56,,Chưa có bản dịch
red_dougi,0,56,,Chưa có bản dịch
red_anklet,7,56,,Chưa có bản dịch
black_gills,7,56,,Chưa có bản dịch
panther_pink_(precure),0,56,,Chưa có bản dịch
white_army,0,56,white_movement,Chưa có bản dịch
white_cuffs,7,56,,Chưa có bản dịch
grey_tabard,0,56,,Chưa có bản dịch
grey_jockstrap,7,56,gray_jockstrap,Chưa có bản dịch
glowing_chain,0,56,,Chưa có bản dịch
white_scars,0,56,,Chưa có bản dịch
white_singlet,0,56,,Chưa có bản dịch
white_star,7,56,,Chưa có bản dịch
rainbow_sticker,0,56,,Chưa có bản dịch
green_magic,7,56,,Chưa có bản dịch
purple_pasties,0,56,,Chưa có bản dịch
cooper_black,7,56,,Chưa có bản dịch
orange_dice,7,56,,Chưa có bản dịch
purple_pussy_juice,7,56,,Chưa có bản dịch
yellow_snout,7,55,,Chưa có bản dịch
purple_snout,7,55,,Chưa có bản dịch
purple_precum,7,55,,Chưa có bản dịch
yellow_pussy_juice,7,55,,Chưa có bản dịch
purple_overskirt,0,55,,Chưa có bản dịch
purple_gas,7,55,,Chưa có bản dịch
yellow_lock_symbol,7,55,,Chưa có bản dịch
green_headdress,0,55,,Chưa có bản dịch
pink_hairclip,7,55,,Chưa có bản dịch
white_thought_bubble,7,55,,Chưa có bản dịch
glowing_cracks,0,55,,Chưa có bản dịch
dark_back,7,55,,Chưa có bản dịch
ff_gradient,0,55,,Chưa có bản dịch
colored_edit,7,55,,Chưa có bản dịch
color_scheme,7,55,,Chưa có bản dịch
red_head_(anatomy),7,55,,Chưa có bản dịch
red_lock_symbol,7,55,,Chưa có bản dịch
eyed_shadow,0,55,,Chưa có bản dịch
red_tailcoat,0,55,,Chưa có bản dịch
purple_teats,7,55,,Chưa có bản dịch
black_short,7,54,,Chưa có bản dịch
1978_rainbow_pride_colors,7,54,,Chưa có bản dịch
star_color_pendant,0,54,,Chưa có bản dịch
red_cloth,7,54,,Chưa có bản dịch
archer_summoning_day,0,54,,Chưa có bản dịch
shadow_tentacles,7,54,,Chưa có bản dịch
white_knee_highs,7,54,,Chưa có bản dịch
white_pelvic_curtain,0,54,,Chưa có bản dịch
yellow_fins,7,54,,Chưa có bản dịch
glowing_nostrils,7,54,,Chưa có bản dịch
blue_lights,7,54,,Chưa có bản dịch
pink_paint,7,54,,Chưa có bản dịch
night_awls_(identity)_(project_moon),0,54,,Chưa có bản dịch
at_night,7,54,,Chưa có bản dịch
gradient_shadow,0,54,,Chưa có bản dịch
white_knight_(nikke),0,53,,Chưa có bản dịch
maliketh's_black_blade_(elden_ring),0,53,,Chưa có bản dịch
black_swan_(bird),0,53,,Chưa có bản dịch
black_shading,7,53,,Chưa có bản dịch
white_spines,7,53,,Chưa có bản dịch
pink_anklet,0,53,,Chưa có bản dịch
blue_snake,0,53,,Chưa có bản dịch
turning_blue,7,53,,Chưa có bản dịch
yellow_band-aid,7,53,,Chưa có bản dịch
red_comb_(anatomy),7,53,,Chưa có bản dịch
inverted_color,7,53,,Chưa có bản dịch
blue_bib,7,53,,Chưa có bản dịch
yellow_track_suit,0,53,,Chưa có bản dịch
purple_egg,7,53,,Chưa có bản dịch
dark_vulva,7,53,,Chưa có bản dịch
orange_haori,0,52,,Chưa có bản dịch
purple_dougi,0,52,,Chưa có bản dịch
c.c._day,0,52,,Chưa có bản dịch
dark_mustache,7,52,,Chưa có bản dịch
purple_negligee,0,52,,Chưa có bản dịch
mario_day,0,52,,Chưa có bản dịch
black_cheeks,7,52,,Chưa có bản dịch
glowing_fish,0,52,,Chưa có bản dịch
glowing_abdominal_bulge,7,52,,Chưa có bản dịch
green_fluid,7,52,,Chưa có bản dịch
red_arrow_and_circle_(meme),0,52,,Chưa có bản dịch
green_veins,7,52,,Chưa có bản dịch
red_goo,7,52,,Chưa có bản dịch
saint_patrick's_day,0,52,,Chưa có bản dịch
negative_energy_(legacy),7,52,red_swirly_stuff_of_doom,Chưa có bản dịch
giant_of_light,0,52,,Chưa có bản dịch
black_tulip,0,52,,Chưa có bản dịch
black_underbelly,7,51,,Chưa có bản dịch
shadow_star,0,51,,Chưa có bản dịch
green_bean,0,51,,Chưa có bản dịch
green_curtains,7,51,,Chưa có bản dịch
orange_lactation,7,51,,Chưa có bản dịch
purple_bodystocking,0,51,,Chưa có bản dịch
green_lightning,0,51,,Chưa có bản dịch
purple_carpet,7,51,,Chưa có bản dịch
green_lingerie,7,51,,Chưa có bản dịch
green_overskirt,0,51,,Chưa có bản dịch
white_snow's_merry_xmas_(ensemble_stars!),0,51,,Chưa có bản dịch
dark_swimwear,7,51,,Chưa có bản dịch
blue_feces,7,51,blue_poop,Chưa có bản dịch
dark_hooves,7,51,,Chưa có bản dịch
purple_tiara,0,51,,Chưa có bản dịch
black_bedding,7,51,,Chưa có bản dịch
lighting_practice,0,51,,Chưa có bản dịch
red_soles,7,51,,Chưa có bản dịch
glowing_organ,0,51,,Chưa có bản dịch
grey_headgear,7,50,,Chưa có bản dịch
glowing_trim,0,50,,Chưa có bản dịch
blue_screen,7,50,,Chưa có bản dịch
glowing_abdomen,7,50,,Chưa có bản dịch
dark_beard,7,50,,Chưa có bản dịch
pink_diaper_fastener,7,50,,Chưa có bản dịch
pink_saliva,7,50,,Chưa có bản dịch
green_whiskers,7,50,,Chưa có bản dịch
dark_lipstick,7,50,,Chưa có bản dịch
super_saiyan_blue_evolved,0,50,,Chưa có bản dịch
white_changpao,0,50,,Chưa có bản dịch
colored_seam_boxer_briefs,7,50,,Chưa có bản dịch
white_drawstring,7,50,,Chưa có bản dịch
spiny_shell_(mario_kart),7,50,blue_shell_(mario_kart),Chưa có bản dịch
burnice_white_(cosplay),0,50,,Chưa có bản dịch
purple_bird,0,49,,Chưa có bản dịch
good_armpit_day,0,49,,Chưa có bản dịch
kogasa_day,0,49,,Chưa có bản dịch
green_scar,7,49,green_scars,Chưa có bản dịch
orange_boxers,7,49,,Chưa có bản dịch
brown_cheeks,7,49,dark_brown_cheeks,Chưa có bản dịch
purple_tailcoat,7,49,,Chưa có bản dịch
light_censorship,7,49,,Chưa có bản dịch
light_flesh,7,49,,Chưa có bản dịch
black_ankleband,0,49,,Chưa có bản dịch
red_liquid,7,49,,Chưa có bản dịch
light_neckwear,7,49,,Chưa có bản dịch
grey_chastity_device,7,49,,Chưa có bản dịch
pride_color_tailband,7,49,,Chưa có bản dịch
grey_knot,7,49,,Chưa có bản dịch
yellow_spider_lily,0,49,,Chưa có bản dịch
grey_tiara,0,49,,Chưa có bản dịch
pink_cuffs,7,49,,Chưa có bản dịch
pink_egg,7,49,,Chưa có bản dịch
rainbow_border,0,49,,Chưa có bản dịch
yellow_back,7,49,,Chưa có bản dịch
white_swimming_trunks,7,49,,Chưa có bản dịch
black_rhinophores,7,49,,Chưa có bản dịch
black_screen,7,49,,Chưa có bản dịch
white_earbuds,7,49,,Chưa có bản dịch
black_templars,0,49,,Chưa có bản dịch
white_fluff,7,48,,Chưa có bản dịch
yellow_headgear,7,48,,Chưa có bản dịch
yellow_leash,7,48,,Chưa có bản dịch
glowing_card,0,48,,Chưa có bản dịch
white_ankle_cuffs,0,48,,Chưa có bản dịch
pink_bathrobe,7,48,,Chưa có bản dịch
grey_wristband,7,48,gray_wristband,Chưa có bản dịch
blue_talons,7,48,,Chưa có bản dịch
blue_milk,7,48,,Chưa có bản dịch
rough_day_for_mom_(meme),0,48,,Chưa có bản dịch
green_bloomers,0,48,,Chưa có bản dịch
good_oshi_day,0,48,,Chưa có bản dịch
purple_energy,0,48,,Chưa có bản dịch
orange_crest,7,48,,Chưa có bản dịch
black_clitoral_hood,7,48,,Chưa có bản dịch
gradient_hakama,0,47,,Chưa có bản dịch
purple_scar,7,47,purple_scars,Chưa có bản dịch
purple_hanbok,0,47,,Chưa có bản dịch
black_internal,7,47,,Chưa có bản dịch
purple_chemise,0,47,,Chưa có bản dịch
green_cloaca,7,47,,Chưa có bản dịch
shadow_tendrils,7,47,,Chưa có bản dịch
pink_sheets,7,47,,Chưa có bản dịch
blue_napoleon_(idolmaster),0,47,blue_napoleon,Chưa có bản dịch
red_hijab,0,47,,Chưa có bản dịch
light_eyeshadow,7,47,,Chưa có bản dịch
grey_babydoll,0,47,,Chưa có bản dịch
grey_toenails,7,47,gray_toenails,Chưa có bản dịch
wall_lighting,7,47,,Chưa có bản dịch
mabayui_hikari_no_stage_de_(project_sekai),0,47,on_the_stage_of_dazzling_light_(project_sekai),Chưa có bản dịch
pink_booties,7,47,,Chưa có bản dịch
pink_(e.g.o),0,47,,Chưa có bản dịch
pink_aura,7,47,,Chưa có bản dịch
pink_assault_visor,0,47,,Chưa có bản dịch
glowing_milk,7,47,,Chưa có bản dịch
white_apple,0,47,,Chưa có bản dịch
rainbow_mika_(cosplay),0,47,,Chưa có bản dịch
white_ceiling,7,47,,Chưa có bản dịch
white_clitoris,7,47,white_clit,Chưa có bản dịch
strawberry_day,0,47,,Chưa có bản dịch
white_hotpants,7,46,,Chưa có bản dịch
white_metal,7,46,,Chưa có bản dịch
rainbow_bottomwear,7,46,,Chưa có bản dịch
rainbow_jockstrap,7,46,,Chưa có bản dịch
white_blood_cell_(hataraku_saibou)_(cosplay),0,46,,Chưa có bản dịch
yellow_pussy,0,46,,Chưa có bản dịch
yellow_swimming_trunks,7,46,,Chưa có bản dịch
glowing_vein,7,46,,Chưa có bản dịch
pink_boxer_briefs,7,46,,Chưa có bản dịch
blue_turban,0,46,,Chưa có bản dịch
grey_poncho,0,46,,Chưa có bản dịch
light_foreskin,7,46,,Chưa có bản dịch
black_wall,7,46,,Chưa có bản dịch
red_blood_cell_(hataraku_saibou)_(cosplay),0,46,,Chưa có bản dịch
dark_sheath,7,46,,Chưa có bản dịch
d-day,0,46,,Chưa có bản dịch
orange_bonnet,0,46,,Chưa có bản dịch
purple_visor,7,46,,Chưa có bản dịch
black_flash_(jujutsu_kaisen),0,46,,Chưa có bản dịch
black_bracers,7,46,,Chưa có bản dịch
black_gag,7,45,,Chưa có bản dịch
black_genitalia,7,45,,Chưa có bản dịch
purple_paint,7,45,,Chưa có bản dịch
blue_chemise,0,45,,Chưa có bản dịch
green_precum,7,45,,Chưa có bản dịch
black_skull,7,45,,Chưa có bản dịch
black_sweatshirt,7,45,,Chưa có bản dịch
pink_polka_dots,0,45,,Chưa có bản dịch
red_jewel,7,45,,Chưa có bản dịch
red_oven_mitts,0,45,,Chưa có bản dịch
grey_goo,7,45,,Chưa có bản dịch
funade_no_mae_no_one_day_trip_(project_sekai),0,45,"one-day_trip_before_setting_sail_(project_sekai),one_small_trip_before_a_big_journey_(project_sekai)",Chưa có bản dịch
complex_lighting,0,45,,Chưa có bản dịch
yellow_circle,0,45,,Chưa có bản dịch
white_feather,7,45,,Chưa có bản dịch
white_fingertips,7,45,,Chưa có bản dịch
colored_precum,7,44,,Chưa có bản dịch
red_negligee,0,44,,Chưa có bản dịch
mellow_yellow_(idolmaster),0,44,,Chưa có bản dịch
tokyo_rainbow_bridge,0,44,,Chưa có bản dịch
sunset_sarsaparilla,0,44,,Chưa có bản dịch
white_dildo,7,44,,Chưa có bản dịch
blue_top,7,44,,Chưa có bản dịch
blue_underbelly,7,44,,Chưa có bản dịch
grey_spines,7,44,gray_spines,Chưa có bản dịch
purple_anal_beads,7,44,,Chưa có bản dịch
cool_lighting,7,44,,Chưa có bản dịch
yellow_towel,7,44,,Chưa có bản dịch
green_wool,7,44,,Chưa có bản dịch
blue_flames,7,44,,Chưa có bản dịch
iucn_red_list,0,44,,Chưa có bản dịch
purple_snake,0,44,,Chưa có bản dịch
black_undergarments,7,44,,Chưa có bản dịch
kunoichi_day,0,44,,Chưa có bản dịch
gradient_mane,7,44,,Chưa có bản dịch
glowing_butt,7,44,,Chưa có bản dịch
glowing_internals,7,43,,Chưa có bản dịch
glowing_leaves,0,43,,Chưa có bản dịch
dark_emperors,0,43,,Chưa có bản dịch
blue_bodice,0,43,,Chưa có bản dịch
rainbow_rose_(genshin_impact),0,43,,Chưa có bản dịch
purple_poncho,0,43,,Chưa có bản dịch
blue_circle,0,43,,Chưa có bản dịch
blue_cloth,7,43,,Chưa có bản dịch
yellow_shell,7,43,,Chưa có bản dịch
yellow_scar,7,43,yellow_scars,Chưa có bản dịch
black_fangs,7,43,,Chưa có bản dịch
grey_romper,0,43,gray_romper,Chưa có bản dịch
white_udders,7,43,,Chưa có bản dịch
boob_shadow_(meme),0,43,,Chưa có bản dịch
red_velvet_cake,0,43,,Chưa có bản dịch
red_slime,7,43,,Chưa có bản dịch
pink_miniskirt,7,43,,Chưa có bản dịch
red_guard,0,43,,Chưa có bản dịch
colored_edge_camisole,7,43,,Chưa có bản dịch
colored_waistband,7,42,,Chưa có bản dịch
red_bathrobe,7,42,,Chưa có bản dịch
pink_pansy,0,42,,Chưa có bản dịch
red_sideburns,7,42,,Chưa có bản dịch
red_straps,7,42,,Chưa có bản dịch
kaguya_day,0,42,,Chưa có bản dịch
purple_swimming_trunks,7,42,,Chưa có bản dịch
black_onesie,7,42,,Chưa có bản dịch
night_guard,7,42,,Chưa có bản dịch
dark_alleyway,0,42,,Chưa có bản dịch
blinding_light,0,42,,Chưa có bản dịch
pride_color_tattoo,7,42,,Chưa có bản dịch
pride_color_towel,7,42,,Chưa có bản dịch
dark_ron,7,42,,Chưa có bản dịch
good_night,7,42,,Chưa có bản dịch
blue_stripe,7,42,,Chưa có bản dịch
blue_mascara,7,42,,Chưa có bản dịch
orange_talons,7,42,,Chưa có bản dịch
orange-shaped_ornament,0,42,,Chưa có bản dịch
orange_romper,0,42,,Chưa có bản dịch
blue_flip_flops,7,42,,Chưa có bản dịch
taste_the_rainbow,7,42,,Chưa có bản dịch
green_goatee,7,42,,Chưa có bản dịch
orange_lockseed,0,42,,Chưa có bản dịch
orange_harness,7,42,,Chưa có bản dịch
blue_booties,7,42,,Chưa có bản dịch
green_energy,7,41,,Chưa có bản dịch
green_headkerchief,7,41,,Chưa có bản dịch
orange_onesie,7,41,,Chưa có bản dịch
blue_diaper_tape,7,41,,Chưa có bản dịch
orange_sofa,7,41,orange_couch,Chưa có bản dịch
yellow_balloon,7,41,,Chưa có bản dịch
yellow_thighs,7,41,,Đùi vàng
blue_udders,7,41,,Chưa có bản dịch
pride_color_armband,7,41,,Chưa có bản dịch
dark_sailor,0,41,,Chưa có bản dịch
purple_boxers,7,41,,Chưa có bản dịch
neon_lighting,7,41,,Chưa có bản dịch
empress_blue_(va),9,41,,Người đóng góp
white_feces,7,41,white_poop,Chưa có bản dịch
little_green_men,0,41,,Chưa có bản dịch
dark_datura_(love_and_deepspace),0,41,,Chưa có bản dịch
deep_dark_for_light_(project_sekai),0,41,,Chưa có bản dịch
glowing_visor,7,41,,Chưa có bản dịch
glowing_knot,7,41,,Chưa có bản dịch
white_tummy,7,41,,Chưa có bản dịch
pink_buttplug,7,41,,Chưa có bản dịch
heart_drop_shadow,7,41,,Chưa có bản dịch
light_pubes,7,41,,Chưa có bản dịch
pink_rug,0,41,,Chưa có bản dịch
pink_talons,7,41,,Chưa có bản dịch
on_traffic_light,0,40,,Chưa có bản dịch
black_slacks,7,40,,Chưa có bản dịch
purple_hijab,0,40,,Chưa có bản dịch
purple_freckles,7,40,,Chưa có bản dịch
purple_fins,7,40,,Chưa có bản dịch
black_headset,7,40,,Chưa có bản dịch
swiss_flag_as_red_cross,7,40,,Chưa có bản dịch
black_halter_top,7,40,,Chưa có bản dịch
gradient_innertube,0,40,,Chưa có bản dịch
yellow_accents,7,40,,Chưa có bản dịch
yellow_chemise,0,40,,Chưa có bản dịch
yellow_boxer_briefs,7,40,,Chưa có bản dịch
yellow_crest,7,40,,Chưa có bản dịch
flickering_light,7,40,,Chưa có bản dịch
green_lock_symbol,7,40,,Chưa có bản dịch
blue_genitalia,7,40,,Chưa có bản dịch
orange_visor,7,40,,Chưa có bản dịch
grey_insides,7,40,grey_internal,Chưa có bản dịch
grey_tattoo,7,40,"gray_tattoo,gray_tattoos,grey_tattoos",Chưa có bản dịch
white_button_(fastener),7,40,,Chưa có bản dịch
white_turtleneck,7,40,,Chưa có bản dịch
pink_bodystocking,0,40,,Chưa có bản dịch
red_raincoat,0,40,,Chưa có bản dịch
red_pauldron,7,40,,Chưa có bản dịch
red_legband,7,40,,Chưa có bản dịch
pink_seam_briefs,7,40,,Chưa có bản dịch
pink_string,0,40,,Chưa có bản dịch
red_clitoral_hood,7,40,,Chưa có bản dịch
purple_blindfold,7,39,purple_blind_fold,Chưa có bản dịch
pride_color_lineup,7,39,,Chưa có bản dịch
pride_color_knee_highs,7,39,,Chưa có bản dịch
rainbow_lineup,7,39,,Chưa có bản dịch
rainbow_spots,7,39,,Chưa có bản dịch
hololive_shadow_puppet_(meme),0,39,,Chưa có bản dịch
color_chip_(splatoon),0,39,,Chưa có bản dịch
black_and_white_and_blue,7,39,,Chưa có bản dịch
pink_thighs,7,39,,Đùi hồng
pink_outer_labia,7,39,,Chưa có bản dịch
black_circle,0,39,,Chưa có bản dịch
pink_fastener,7,39,,Chưa có bản dịch
black_cloaca,7,39,,Chưa có bản dịch
pink_bustier,0,39,,Chưa có bản dịch
pink_balloon,7,39,,Chưa có bản dịch
black_floor,7,39,,Chưa có bản dịch
green_miniskirt,7,39,,Chưa có bản dịch
green_hanbok,0,39,,Chưa có bản dịch
green_accents,7,39,,Chưa có bản dịch
blue_archive_2025_hack,0,39,,Chưa có bản dịch
white_bandages,7,39,,Chưa có bản dịch
blossom_bright_(dagger),0,39,,Chưa có bản dịch
black_precum,7,39,,Chưa có bản dịch
dark_knight,0,39,,Chưa có bản dịch
glowing_through,7,39,,Chưa có bản dịch
black_thighband,7,39,,Chưa có bản dịch
black_widow_(cosplay),0,39,,Chưa có bản dịch
shadow_vulva,7,38,,Chưa có bản dịch
stage_light,7,38,,Chưa có bản dịch
purple_bustier,0,38,,Chưa có bản dịch
purple_udders,7,38,,Chưa có bản dịch
meiko_day,0,38,,Chưa có bản dịch
black_spaghetti,0,38,"spaghetti_al_nero,squid_ink_spaghetti",Chưa có bản dịch
yellow_curtains,7,38,,Chưa có bản dịch
yellow_pacifier,7,38,,Chưa có bản dịch
black_pepper,7,38,"black_peppercorn,peppercorn",Chưa có bản dịch
orange_hotpants,7,38,,Chưa có bản dịch
orange_internal,7,38,,Chưa có bản dịch
orange_floor,7,38,,Chưa có bản dịch
orange_boxer_briefs,7,38,,Chưa có bản dịch
luno_(duet_night_abyss),0,38,,Chưa có bản dịch
colored_hooves,7,38,,Chưa có bản dịch
red_bodypaint,7,38,,Chưa có bản dịch
red_gemstone,7,38,,Chưa có bản dịch
red_sweatshirt,7,38,,Chưa có bản dịch
red_whiskers,7,38,,Chưa có bản dịch
gradient_sclera,7,38,,Chưa có bản dịch
white_chaps,0,38,,Chưa có bản dịch
blue_blazer,7,38,,Chưa có bản dịch
white_door,7,38,,Chưa có bản dịch
white_toga,7,38,,Chưa có bản dịch
blue_scutes,7,38,,Chưa có bản dịch
green_electricity,7,38,,Chưa có bản dịch
blue_roan_(marking),7,38,,Chưa có bản dịch
respect_for_the_aged_day,0,38,,Chưa có bản dịch
green_hairtips,7,38,,Chưa có bản dịch
white_paw,7,38,,Chưa có bản dịch
blue_inner_labia,7,38,,Chưa có bản dịch
simple_color,7,37,,Chưa có bản dịch
green_hijab,0,37,,Chưa có bản dịch
blue_metal,7,37,,Chưa có bản dịch
blue_pasties,7,37,,Chưa có bản dịch
purple_bathrobe,7,37,,Chưa có bản dịch
grey_chastity_cage,7,37,gray_chastity_cage,Chưa có bản dịch
purple_buttplug,7,37,,Chưa có bản dịch
day_with_dna,7,37,,Chưa có bản dịch
blue_coif,0,37,,Chưa có bản dịch
white_void,7,37,,Chưa có bản dịch
pink_dot_balloon_(idolmaster),0,37,pink_dot_balloon,Chưa có bản dịch
suwako_day,0,37,,Chưa có bản dịch
scallion,7,37,green_onion,Chưa có bản dịch
black_buttons,7,37,,Chưa có bản dịch
black_arthropod_abdomen,7,37,,Chưa có bản dịch
bird_shadow_puppet,0,37,,Chưa có bản dịch
pride_color_speedo,7,37,,Chưa có bản dịch
satokoi_day,0,37,,Chưa có bản dịch
saten_day,0,37,,Chưa có bản dịch
light_arrow_(zelda),0,37,,Chưa có bản dịch
red_goatee,7,37,,Chưa có bản dịch
red_(among_us)_(cosplay),0,37,,Chưa có bản dịch
off-white_(brand),0,37,,Chưa có bản dịch
television_glow,7,37,,Chưa có bản dịch
black_sun_(symbol),0,37,,Chưa có bản dịch
orange_blanket,7,37,,Chưa có bản dịch
yellow_cloaca,7,37,,Chưa có bản dịch
rainbow_beam,7,37,,Chưa có bản dịch
yellow_feather,7,37,,Chưa có bản dịch
yellow_hijab,0,37,,Chưa có bản dịch
doorway_light,7,37,,Chưa có bản dịch
black_pussy_juice,7,37,,Chưa có bản dịch
dark_neckwear,7,36,,Chưa có bản dịch
yellow_pattern,7,36,,Chưa có bản dịch
yellow_harness,7,36,,Chưa có bản dịch
rainbow_cake,0,36,,Chưa có bản dịch
glowing_light,7,36,,Chưa có bản dịch
black_minishorts,7,36,,Chưa có bản dịch
glowing_blue,7,36,,Chưa có bản dịch
light_beak,7,36,,Chưa có bản dịch
red_sequin_(idolmaster),0,36,,Chưa có bản dịch
black_legion_(warhammer_40k),0,36,,Chưa có bản dịch
philadelphia_rainbow_pride_colors,7,36,,Chưa có bản dịch
gradient_dildo,7,36,,Chưa có bản dịch
pink_swim_trunks,0,36,,Chưa có bản dịch
pink_quartz_(gem),7,36,,Chưa có bản dịch
black_cat_(marvel)_(cosplay),0,36,,Chưa có bản dịch
long_day_at_work,7,36,,Chưa có bản dịch
grey_miniskirt,7,36,,Chưa có bản dịch
white_eyeliner,0,36,,Chưa có bản dịch
green_dog,0,36,,Chưa có bản dịch
white_happi,0,36,,Chưa có bản dịch
black_flip_flops,7,36,,Chưa có bản dịch
into_the_sunset_(e.g.o),0,35,,Chưa có bản dịch
shadow_magic,7,35,,Chưa có bản dịch
dark_brotherhood,7,35,,Chưa có bản dịch
purple_seam_briefs,7,35,,Chưa có bản dịch
ripple_lighting,7,35,,Chưa có bản dịch
dark_knee_highs,7,35,,Chưa có bản dịch
white_cloaca,7,35,,Chưa có bản dịch
date_night,7,35,,Chưa có bản dịch
green_hotpants,7,35,,Chưa có bản dịch
blue_loose_feather,7,35,,Chưa có bản dịch
white_pasties,7,35,,Chưa có bản dịch
black_polka_dots,0,35,,Chưa có bản dịch
blue_rose_(gun),0,35,,Chưa có bản dịch
grey_freckles,7,35,,Chưa có bản dịch
blue_spacesuit,7,35,,Chưa có bản dịch
blue_sweatpants,7,35,,Chưa có bản dịch
pink_changpao,0,35,,Chưa có bản dịch
pink_fluff,7,35,,Chưa có bản dịch
pink_paris_design,7,35,,Chưa có bản dịch
pink_poncho,0,35,,Chưa có bản dịch
pink_swimming_trunks,7,35,,Chưa có bản dịch
pink_throat,7,35,,Chưa có bản dịch
red_saliva,7,35,,Chưa có bản dịch
light_up_the_fire_(project_sekai),0,35,,Chưa có bản dịch
neo_geo_pocket_color,0,35,,Chưa có bản dịch
yellow_anklet,7,35,,Chưa có bản dịch
yellow_condom,7,35,,Chưa có bản dịch
yellow_sofa,7,35,yellow_couch,Chưa có bản dịch
orange_towel,7,35,,Chưa có bản dịch
orange_pendant,7,34,,Chưa có bản dịch
twins_day,0,34,,Chưa có bản dịch
ano_hi_kanadeta_neiro_wo_(project_sekai),0,34,"the_tone_played_on_that_day_(project_sekai),the_way_i_played_that_day_(project_sekai)",Chưa có bản dịch
yellow_goo,7,34,,Chưa có bản dịch
glowing_hood,7,34,,Chưa có bản dịch
purple_feces,7,34,purple_poop,Chưa có bản dịch
rainbow_leggings,7,34,,Chưa có bản dịch
good_hips_day,0,34,,Chưa có bản dịch
neon_tetra,0,34,,Chưa có bản dịch
red_flannel,7,34,,Chưa có bản dịch
black_chitin,7,34,,Chưa có bản dịch
red_tailband,7,34,,Chưa có bản dịch
black_tailband,7,34,,Chưa có bản dịch
blue_bathrobe,7,34,,Chưa có bản dịch
black_fedora,7,34,,Chưa có bản dịch
green_jersey,7,34,,Chưa có bản dịch
green_vines,7,34,,Chưa có bản dịch
white_scapular,0,34,,Chưa có bản dịch
blue_popsicle,7,34,,Chưa có bản dịch
black_pearl,0,34,,Chưa có bản dịch
grey_hotpants,7,34,,Chưa có bản dịch
white_tuxedo,7,34,,Chưa có bản dịch
pink_crotch,7,34,,Chưa có bản dịch
black_magic,7,33,,Chưa có bản dịch
pink_unitard,0,33,,Chưa có bản dịch
grey_scar,7,33,grey_scars,Chưa có bản dịch
blue_spandex,7,33,,Chưa có bản dịch
grey_diaper,7,33,,Chưa có bản dịch
pride_color_emoji,7,33,,Chưa có bản dịch
white_rug,7,33,,Chưa có bản dịch
white_mug,7,33,,Chưa có bản dịch
blue_gag,7,33,,Chưa có bản dịch
green_lekku,7,33,,Chưa có bản dịch
team_dark_(sonic),0,33,,Chưa có bản dịch
blue_bodypaint,7,33,,Chưa có bản dịch
monster_of_the_day,7,33,,Chưa có bản dịch
blue_anal_beads,7,33,,Chưa có bản dịch
red_spacesuit,7,33,,Chưa có bản dịch
red_pasties,7,33,,Chưa có bản dịch
red_panda_hood,0,33,,Chưa có bản dịch
light_streak,7,33,,Chưa có bản dịch
light_outline,7,33,,Chưa có bản dịch
light_pole,7,33,,Chưa có bản dịch
red_inner_labia,7,33,,Chưa có bản dịch
light_of_foliar_incision_(genshin_impact),0,33,,Chưa có bản dịch
red_hood_(nikke)_(cosplay),0,33,,Chưa có bản dịch
lgbt_rainbow,7,33,,Chưa có bản dịch
impending_day_(e.g.o),0,33,,Chưa có bản dịch
purple_whiskers,7,33,,Chưa có bản dịch
yellow_gills,7,33,,Chưa có bản dịch
rainbow_pride_collar,7,33,,Chưa có bản dịch
yellow_legband,7,33,,Chưa có bản dịch
orange_lightsaber,7,33,,Chưa có bản dịch
orange_poncho,0,33,,Chưa có bản dịch
glowing_whiskers,7,32,,Chưa có bản dịch
dark_fantasy,7,32,,Chưa có bản dịch
dark_perineum,7,32,,Chưa có bản dịch
gradient_antlers,7,32,,Chưa có bản dịch
gradient_claws,7,32,,Chưa có bản dịch
gradient_veil,0,32,,Chưa có bản dịch
black_striped_markings,7,32,,Chưa có bản dịch
green_balloon,7,32,,Chưa có bản dịch
love_is_blue_(bayonetta),0,32,,Chưa có bản dịch
green_happi,0,32,,Chưa có bản dịch
white_outerwear,7,32,,Chưa có bản dịch
gretsch_white_falcon,0,32,,Chưa có bản dịch
blue_pattern,7,32,,Chưa có bản dịch
grey_blanket,7,32,,Chưa có bản dịch
grey_bodystocking,0,32,,Chưa có bản dịch
grey_cloaca,7,32,,Chưa có bản dịch
grey_ceiling,7,32,,Chưa có bản dịch
white_swim_trunks,0,32,,Chưa có bản dịch
blue_seam_bottomwear,7,32,,Chưa có bản dịch
blue_sheets,7,32,,Chưa có bản dịch
white_track_suit,0,32,,Chưa có bản dịch
pink_apollo_(idolmaster),0,32,,Chưa có bản dịch
pink_star,7,32,,Chưa có bản dịch
pink_sweatshirt,7,32,,Chưa có bản dịch
rubber_day,0,32,,Chưa có bản dịch
black_knee_pads,7,32,,Chưa có bản dịch
nitori_day,0,32,,Chưa có bản dịch
red_pansy,0,32,,Chưa có bản dịch
black_anal_beads,7,32,,Chưa có bản dịch
doro_orange_story_(nikke),0,32,,Chưa có bản dịch
alternate_mega_stone_color,7,32,,Chưa có bản dịch
rainbow_sparkles,7,32,,Chưa có bản dịch
yellow_fedora,7,32,,Chưa có bản dịch
knit_day,0,32,,Chưa có bản dịch
knock_the_future!!_(project_sekai),0,32,a_bright_future!!_(project_sekai),Chưa có bản dịch
acchi_kocchi_shiikuin_taiken!_(project_sekai),0,32,"over_here!_over_there!_zookeeper_experience!_(project_sekai),this_way!_that_way!_zookeeper_day_(project_sekai)",Chưa có bản dịch
purple_legband,7,32,,Chưa có bản dịch
purple_accents,7,32,,Chưa có bản dịch
shadow_border,0,32,,Chưa có bản dịch
purple_gills,7,31,,Chưa có bản dịch
colored_smegma,7,31,,Chưa có bản dịch
purple_heart_(neptunia)_(cosplay),0,31,,Chưa có bản dịch
purple_miniskirt,7,31,,Chưa có bản dịch
purple_quills,7,31,,Chưa có bản dịch
purple_swim_trunks,0,31,,Chưa có bản dịch
purple_sweatshirt,7,31,,Chưa có bản dịch
pink_triangle,7,31,,Chưa có bản dịch
black_patterns,7,31,,Chưa có bản dịch
pink_magic,7,31,,Chưa có bản dịch
black_raincoat,0,31,,Chưa có bản dịch
black_ruff,7,31,,Chưa có bản dịch
black_spade,7,31,,Chưa có bản dịch
white_shoelaces,7,31,,Chưa có bản dịch
white_scutes,7,31,,Chưa có bản dịch
white_strawberry,0,31,,Chưa có bản dịch
double_rainbow,0,31,,Chưa có bản dịch
menacing_shadow,7,31,,Chưa có bản dịch
rainbow_lights,7,31,,Chưa có bản dịch
rainbow_power,7,31,,Chưa có bản dịch
green_fangs,7,31,,Chưa có bản dịch
green_mustache,7,31,,Chưa có bản dịch
grey_goatee,7,31,,Chưa có bản dịch
grey_knight,0,31,,Chưa có bản dịch
red_seam_boxer_briefs,7,31,,Chưa có bản dịch
tomoshibi_wo_teguri_yosete_(project_sekai),0,31,a_light_drawn_closer_(project_sekai),Chưa có bản dịch
dark_sakura_(cosplay),0,31,,Chưa có bản dịch
fade_to_white,0,31,,Chưa có bản dịch
faded_color,7,31,,Chưa có bản dịch
hard_shadows,7,31,,Chưa có bản dịch
blue_diaper_frill,7,31,,Chưa có bản dịch
orange_scar,7,31,orange_scars,Chưa có bản dịch
orange_goatee,7,31,,Chưa có bản dịch
yellow_boxers,7,31,,Chưa có bản dịch
blue_oak_(cosplay),0,31,,Chưa có bản dịch
blue_rug,7,31,,Chưa có bản dịch
light_headgear,7,31,,Chưa có bản dịch
lighting_cigar,0,31,,Chưa có bản dịch
blue_sphere,7,31,,Chưa có bản dịch
light_suit_(metroid),0,30,light_suit,Chưa có bản dịch
blue_neckline,7,30,,Chưa có bản dịch
blue_ovum,7,30,,Chưa có bản dịch
orange_accents,7,30,,Chưa có bản dịch
yellow_diaper_frill,7,30,,Chưa có bản dịch
blue_jersey,7,30,,Chưa có bản dịch
levitating_orange_trick,0,30,,Chưa có bản dịch
yellow_freckles,7,30,,Chưa có bản dịch
blue_dickey,0,30,,Chưa có bản dịch
hard_light_construct,7,30,,Chưa có bản dịch
blue_(among_us)_(cosplay),0,30,,Chưa có bản dịch
dark_loincloth,7,30,,Chưa có bản dịch
red_suspenders,7,30,,Chưa có bản dịch
red_string_of_fate,7,30,,Chưa có bản dịch
red_outerwear,7,30,,Chưa có bản dịch
red_coin,0,30,,Chưa có bản dịch
grey_carpet,7,30,,Chưa có bản dịch
grey_cum,7,30,gray_cum,Chưa có bản dịch
grey_hanbok,0,30,,Chưa có bản dịch
green_lines,0,30,,Chưa có bản dịch
green_changpao,0,30,,Chưa có bản dịch
rainbow_tattoo,7,30,rainbow_tattoos,Chưa có bản dịch
white_walls,7,30,,Chưa có bản dịch
black_wristwatch,7,30,,Chưa có bản dịch
glowing_sclera,7,30,,Chưa có bản dịch
black_strapon,7,30,,Chưa có bản dịch
white_electricity,7,30,,Chưa có bản dịch
white_cloth,7,30,,Chưa có bản dịch
pink_back,7,30,,Chưa có bản dịch
pink_emanata,7,30,,Chưa có bản dịch
pink_mascara,7,30,,Chưa có bản dịch
pink_shiso_leaf,0,30,,Chưa có bản dịch
spot_shadow,7,30,,Chưa có bản dịch
butt_shadow,7,30,,Chưa có bản dịch
purple_star,7,30,,Chưa có bản dịch
club_lighting,7,30,,Chưa có bản dịch
black_ankle_cuffs,0,29,,Chưa có bản dịch
black_credit_card,0,29,,Chưa có bản dịch
black_mage_(final_fantasy)_(cosplay),0,29,,Chưa có bản dịch
black_mage_village_(ff9),0,29,,Chưa có bản dịch
black_outerwear,7,29,,Chưa có bản dịch
iris_black_games,0,29,,Chưa có bản dịch
glowing_cross,0,29,,Chưa có bản dịch
good_brothers_day,0,29,,Chưa có bản dịch
gradient_theme,0,29,,Chưa có bản dịch
green_headphones,7,29,,Chưa có bản dịch
green_milk,7,29,,Chưa có bản dịch
green_outerwear,7,29,,Chưa có bản dịch
green_rug,7,29,,Chưa có bản dịch
green_quills,7,29,,Chưa có bản dịch
rock_day,0,29,,Chưa có bản dịch
green_whisker_spots,7,29,,Chưa có bản dịch
grow_glorious_glow_(project_sekai),0,29,,Chưa có bản dịch
imouto_day,0,29,,Chưa có bản dịch
pink_whiskers,7,29,,Chưa có bản dịch
pink_mist,7,29,,Chưa có bản dịch
pink_loincloth,7,29,,Chưa có bản dịch
pink_lesbian_pride_colors,7,29,,Chưa có bản dịch
pink_fins,7,29,,Chưa có bản dịch
white_bodypaint,7,29,,Chưa có bản dịch
dark_bride,0,29,,Chưa có bản dịch
blue_button,7,29,,Chưa có bản dịch
happy_beans_day,0,29,,Chưa có bản dịch
blue_changpao,0,29,,Chưa có bản dịch
yellow_udders,7,29,,Chưa có bản dịch
yellow_teats,7,29,,Chưa có bản dịch
blue_cravat,7,29,,Chưa có bản dịch
blue_ectobody,7,29,,Chưa có bản dịch
yellow_egg,7,29,,Chưa có bản dịch
lighting_another's_cigarette,0,29,,Chưa có bản dịch
light_whiskers,7,29,,Chưa có bản dịch
orange_leash,7,29,,Chưa có bản dịch
orange_pepper,0,29,,Chưa có bản dịch
orange_serafuku,0,29,,Chưa có bản dịch
red_thighs,7,29,,Đùi đỏ
rainbow_refraction,0,29,,Chưa có bản dịch
red_condom,7,29,,Chưa có bản dịch
sibi2028_boob_shadow_(meme),0,29,,Chưa có bản dịch
pride_color_paint,7,28,,Chưa có bản dịch
color_coded_message_box,7,28,,Chưa có bản dịch
red_card,7,28,,Chưa có bản dịch
red_leader_(eddsworld)_(cosplay),0,28,,Chưa có bản dịch
red_square,0,28,,Chưa có bản dịch
red_x,0,28,,Chưa có bản dịch
black_elbow_pads,7,28,,Chưa có bản dịch
black_fishnet_legwear,7,28,,Chưa có bản dịch
orange_neckwear,7,28,,Chưa có bản dịch
orange_crown,0,28,,Chưa có bản dịch
light_bdsm,7,28,,Chưa có bản dịch
light_leak,0,28,,Chưa có bản dịch
glowing_crotch,0,28,,Chưa có bản dịch
black_wraps,7,28,,Chưa có bản dịch
glowing_pubes,7,28,,Chưa có bản dịch
purple_lines,7,28,,Chưa có bản dịch
blue_tile,7,28,,Chưa có bản dịch
blue_pill,0,28,,Chưa có bản dịch
purple_veins,7,28,,Chưa có bản dịch
yellow_arthropod_abdomen,7,28,,Chưa có bản dịch
gradient_sash,0,28,,Chưa có bản dịch
yellow_facial_markings,7,28,,Chưa có bản dịch
yellow_swim_trunks,0,28,,Chưa có bản dịch
green_anklet,7,28,,Chưa có bản dịch
green_bottle,7,28,,Chưa có bản dịch
green_juice,0,28,,Chưa có bản dịch
white_pauldron,7,28,,Chưa có bản dịch
white_lighting,7,28,,Chưa có bản dịch
green_sweatshirt,7,28,,Chưa có bản dịch
green_tea_(beverage),7,28,,Chưa có bản dịch
no_shadow,0,28,,Chưa có bản dịch
grey_cheeks,7,28,,Chưa có bản dịch
blue_and_red,7,28,,Chưa có bản dịch
dark_urine,7,28,,Chưa có bản dịch
dark_tentacles,7,28,,Chưa có bản dịch
grey_leash,7,28,gray_leash,Chưa có bản dịch
grey_nightgown,0,28,,Chưa có bản dịch
grey_udders,7,28,,Chưa có bản dịch
white_clitoral_hood,7,28,,Chưa có bản dịch
pink_blindfold,7,28,pink_blind_fold,Chưa có bản dịch
in_the_shadows,7,28,,Chưa có bản dịch
pink_box,0,28,,Chưa có bản dịch
ano_hi_no_yume_no_kanata_mukou_e_(project_sekai),0,28,beyond_the_dream_on_that_day_(project_sekai),Chưa có bản dịch
white_accents,7,28,,Chưa có bản dịch
pink_gag,7,28,,Chưa có bản dịch
pink_sweatpants,7,27,,Chưa có bản dịch
white_arthropod_abdomen,7,27,,Chưa có bản dịch
pink_flip_flops,7,27,,Chưa có bản dịch
pink_beans,7,27,,Chưa có bản dịch
white_dots,7,27,,Chưa có bản dịch
white_harness,7,27,,Chưa có bản dịch
the_white_devil_arrives_(meme),0,27,,Chưa có bản dịch
green_fins,7,27,,Chưa có bản dịch
yellow_visor,7,27,,Chưa có bản dịch
yellow_stole,0,27,,Chưa có bản dịch
yellow_sign,0,27,,Chưa có bản dịch
yellow_headdress,0,27,,Chưa có bản dịch
yellow_feces,7,27,yellow_poop,Chưa có bản dịch
yellow_bustier,0,27,,Chưa có bản dịch
international_cat_day,0,27,,Chưa có bản dịch
blue_suspenders,7,27,,Chưa có bản dịch
purple_rug,7,27,,Chưa có bản dịch
glowing_shield,0,27,,Chưa có bản dịch
black_widow_(spider),0,27,,Chưa có bản dịch
glowing_bodypaint,7,27,,Chưa có bản dịch
glow-in-the-dark_bodypaint,0,27,,Chưa có bản dịch
black_thunder_(chocolate),0,27,,Chưa có bản dịch
light_fin,7,27,,Chưa có bản dịch
light_brand,0,27,,Chưa có bản dịch
black_seam_boxer_briefs,7,27,,Chưa có bản dịch
orange_saliva,7,27,,Chưa có bản dịch
black_palms,7,27,,Chưa có bản dịch
black_lactation,7,27,,Chưa có bản dịch
ghost_day,0,27,,Chưa có bản dịch
hug_day,0,27,,Chưa có bản dịch
black_condom,7,27,,Chưa có bản dịch
red_top,7,27,,Chưa có bản dịch
red_surcoat,0,27,,Chưa có bản dịch
rainbow_thong,7,27,,Chưa có bản dịch
red_rocket,7,27,,Chưa có bản dịch
red_pom_poms,7,27,,Chưa có bản dịch
simple_lighting,7,27,,Chưa có bản dịch
red_cuffs,7,27,,Chưa có bản dịch
victory_day,0,27,,Chưa có bản dịch
red_bean,0,27,,Chưa có bản dịch
red_armchair,7,27,,Chưa có bản dịch
natural_light,7,27,,Chưa có bản dịch
colored_pencil_(object),7,27,,Chưa có bản dịch
honey_day,0,27,,Chưa có bản dịch
pink_palms,7,26,,Chưa có bản dịch
orange_pansy,0,26,,Chưa có bản dịch
light_gums,7,26,,Chưa có bản dịch
white_knot,7,26,,Chưa có bản dịch
white_spacesuit,7,26,,Chưa có bản dịch
i've_only_had_arlo_for_a_day_and_a_half_(meme),0,26,,Chưa có bản dịch
pride_color_harness,7,26,,Chưa có bản dịch
pride_color_dildo,7,26,,Chưa có bản dịch
pride_color_diaper,7,26,,Chưa có bản dịch
pride_color_collar_tag,7,26,,Chưa có bản dịch
pride_color_briefs,7,26,,Chưa có bản dịch
black_and_purple,7,26,,Chưa có bản dịch
black_cellphone,7,26,,Chưa có bản dịch
dark_tank_top,7,26,,Chưa có bản dịch
color_of_myself!_(project_sekai),0,26,my_color!_(project_sekai),Chưa có bản dịch
colored_milk,7,26,,Chưa có bản dịch
dark_sanctuary_(deltarune),0,26,,Chưa có bản dịch
black_curtains,7,26,,Chưa có bản dịch
dark_exoskeleton,7,26,,Chưa có bản dịch
red_curtain,7,26,,Chưa có bản dịch
red_crotch_tentacles,7,26,,Chưa có bản dịch
red_fabric,7,26,,Chưa có bản dịch
red_heart_symbol,7,26,,Chưa có bản dịch
red_pill,0,26,,Chưa có bản dịch
red_symbol,7,26,,Chưa có bản dịch
red_wool,7,26,,Chưa có bản dịch
spotlight_time_(ensemble_stars!),0,26,,Chưa có bản dịch
glowing_fluid,7,26,,Chưa có bản dịch
glowing_star,7,26,,Chưa có bản dịch
solid_color,7,26,,Chưa có bản dịch
blue_wrestling_singlet,7,26,,Chưa có bản dịch
blue_seam_boxer_briefs,7,26,,Chưa có bản dịch
yellow_chastity_cage,7,26,,Chưa có bản dịch
yellow_internal,7,26,,Chưa có bản dịch
yellow_pasties,7,26,,Chưa có bản dịch
yellow_tape,7,26,,Chưa có bản dịch
green_kilt,7,26,,Chưa có bản dịch
green_stomach_acid,7,26,,Chưa có bản dịch
grey_fire,0,26,,Chưa có bản dịch
grey_neckwear,7,26,gray_neckwear,Chưa có bản dịch
fully_colored,7,25,,Chưa có bản dịch
grey_outer_labia,7,25,,Chưa có bản dịch
grey_headset,7,25,,Chưa có bản dịch
night_orchid,0,25,,Chưa có bản dịch
shadow_charger,0,25,,Chưa có bản dịch
bright_slap,0,25,,Chưa có bản dịch
purple_headkerchief,7,25,,Chưa có bản dịch
purple_headphones,7,25,,Chưa có bản dịch
green_watch,7,25,,Chưa có bản dịch
green_pipe,7,25,,Chưa có bản dịch
green_legband,7,25,,Chưa có bản dịch
green_dickey,0,25,,Chưa có bản dịch
green_chaos_emerald,7,25,,Chưa có bản dịch
green_beans,7,25,,Chưa có bản dịch
pink_stomach,7,25,,Chưa có bản dịch
orange_cloaca,7,25,,Chưa có bản dịch
k2_black_panther,0,25,,Chưa có bản dịch
gradient_capelet,0,25,,Chưa có bản dịch
blue_buttplug,7,25,,Chưa có bản dịch
white_rollita,0,25,,Chưa có bản dịch
yellow_pom_poms,7,25,,Chưa có bản dịch
blue_fangs,7,25,,Chưa có bản dịch
yellow_hairclip,7,25,,Chưa có bản dịch
yellow_floor,7,25,,Chưa có bản dịch
blue_paw,7,25,,Chưa có bản dịch
blue_pauldron,7,25,,Chưa có bản dịch
has_colored-in_version,7,25,,Chưa có bản dịch
blue_urine,7,25,,Chưa có bản dịch
koakuma_day,0,25,,Chưa có bản dịch
palette_print,0,25,,Chưa có bản dịch
horror_night_halloween_(ensemble_stars!),0,25,,Chưa có bản dịch
glowing_rope,0,25,,Chưa có bản dịch
glowing_genetalia,7,25,,Chưa có bản dịch
colored-in_version,7,25,,Chưa có bản dịch
black_facepaint,0,25,,Chưa có bản dịch
red_wraps,7,25,,Chưa có bản dịch
black_hairclip,7,25,,Chưa có bản dịch
red_hanbok,0,25,,Chưa có bản dịch
sunset_skypassage_(idolmaster),0,25,,Chưa có bản dịch
red_dot,7,25,,Chưa có bản dịch
xiphos'_moonlight_(genshin_impact),0,25,,Chưa có bản dịch
black_lace,7,24,,Chưa có bản dịch
red_dickey,0,24,,Chưa có bản dịch
red_horse,0,24,,Chưa có bản dịch
red_spot_color,7,24,,Chưa có bản dịch
red_seam_bottomwear,7,24,,Chưa có bản dịch
black_shoelace,7,24,,Chưa có bản dịch
hollow_purple_(jujutsu_kaisen),7,24,,Chưa có bản dịch
black_swan_(e.g.o),0,24,,Chưa có bản dịch
dark_legion,7,24,,Chưa có bản dịch
holy_night_gifter_(idolmaster),0,24,,Chưa có bản dịch
colored_in,7,24,,Chưa có bản dịch
dark_speedo,7,24,,Chưa có bản dịch
dark_young_(fate)_(cosplay),0,24,,Chưa có bản dịch
edge_lighting,7,24,,Chưa có bản dịch
black_veins,7,24,,Chưa có bản dịch
glowing_condom,7,24,,Chưa có bản dịch
glowing_drool,7,24,,Chưa có bản dịch
black_bunny_(ensemble_stars!),0,24,,Chưa có bản dịch
black_blazer,7,24,,Chưa có bản dịch
hot_pink,7,24,,Chưa có bản dịch
rainbow_speedo,7,24,,Chưa có bản dịch
blue_slit,7,24,,Chưa có bản dịch
after_glow,7,24,,Chưa có bản dịch
blue_hose,7,24,,Chưa có bản dịch
yellow_flag,0,24,,Chưa có bản dịch
cure_moonlight_(cosplay),0,24,,Chưa có bản dịch
blue_cerata,7,24,,Chưa có bản dịch
white_facial_markings,7,24,,Chưa có bản dịch
neon_pink,7,24,,Chưa có bản dịch
gradient_beard,0,24,,Chưa có bản dịch
gradient_haori,0,24,,Chưa có bản dịch
gradient_genitalia,7,24,,Chưa có bản dịch
light_thong,7,24,,Chưa có bản dịch
light_tentacles,7,24,,Chưa có bản dịch
gradient_speech_bubble,7,24,,Chưa có bản dịch
perfect_blue_ice_pick_murder,0,24,,Chưa có bản dịch
halftone_shadow,0,24,,Chưa có bản dịch
orange_whiskers,7,24,,Chưa có bản dịch
green_flip_flops,7,24,,Chưa có bản dịch
green_clitoral_hood,7,24,,Chưa có bản dịch
green_romper,0,24,,Chưa có bản dịch
pink_ovum,7,24,,Chưa có bản dịch
purple_goatee,7,24,,Chưa có bản dịch
purple_feather,7,24,,Chưa có bản dịch
purple_flames,7,24,,Chưa có bản dịch
grey_onesie,7,24,gray_onesie,Chưa có bản dịch
shadow_people,0,23,,Chưa có bản dịch
shadow_boxing,0,23,,Chưa có bản dịch
purple_emanata,7,23,,Chưa có bản dịch
purple_mushroom,7,23,,Chưa có bản dịch
purple_scutes,7,23,,Chưa có bản dịch
purple_sperm_cell,7,23,,Chưa có bản dịch
purple_vibrator,7,23,,Chưa có bản dịch
orange_legband,7,23,,Chưa có bản dịch
orange_liquid,7,23,,Chưa có bản dịch
light_membrane,7,23,,Chưa có bản dịch
light_helmet,7,23,,Chưa có bản dịch
white_anklet,7,23,,Chưa có bản dịch
white_candle,7,23,,Chưa có bản dịch
white_seam_bottomwear,7,23,,Chưa có bản dịch
white_sweatshirt,7,23,,Chưa có bản dịch
rainbow_paint,7,23,,Chưa có bản dịch
rainbow_prime_(idolmaster),0,23,,Chưa có bản dịch
dark_foreskin,7,23,,Chưa có bản dịch
red_anal_beads,7,23,,Chưa có bản dịch
red_faced,7,23,,Chưa có bản dịch
red_xiii_(cosplay),0,23,,Chưa có bản dịch
non_color,7,23,,Chưa có bản dịch
blue_rhinophores,7,23,,Chưa có bản dịch
blue_ink,7,23,,Chưa có bản dịch
yellow_magic,7,23,,Chưa có bản dịch
blue_facepaint,0,23,,Chưa có bản dịch
blue_breastplate,7,23,,Chưa có bản dịch
mini_day,0,23,,Chưa có bản dịch
grey_hijab,0,23,,Chưa có bản dịch
green_tusks,7,23,,Chưa có bản dịch
green_suspenders,7,23,,Chưa có bản dịch
green_soles,7,23,,Chưa có bản dịch
green_star,7,23,,Chưa có bản dịch
green_chemise,0,23,,Chưa có bản dịch
neon_green,7,23,,Chưa có bản dịch
goku_black_(cosplay),0,23,,Chưa có bản dịch
glowing_spines,0,23,,Chưa có bản dịch
glowing_floor,0,23,,Chưa có bản dịch
black_panel,7,23,,Chưa có bản dịch
four-leaf_clover_day,0,23,,Chưa có bản dịch
black_pauldron,7,23,,Chưa có bản dịch
black_lobelia_(cosplay),0,23,,Chưa có bản dịch
black_earbuds,7,23,,Chưa có bản dịch
multicolored_antlers,7,23,"multi_color_antler,multi_color_antlers,multi_colored_antler,multi_colored_antlers",Chưa có bản dịch
multicolored_lingerie,7,23,"multi-colored_lingerie,multi-coloured_lingerie,multi_colored_lingerie,multi_coloured_lingerie,multicoloured_lingerie",Chưa có bản dịch
pink_tiara,0,23,,Chưa có bản dịch
pink_womb_tattoo,7,23,,Chưa có bản dịch
caliculus_bright_(dagger),0,23,,Chưa có bản dịch
pink_accents,7,23,,Chưa có bản dịch
friday_night_funkin'_(style),0,22,,Chưa có bản dịch
upside-down_rainbow,0,22,,Chưa có bản dịch
black_and_white_and_pink,7,22,,Chưa có bản dịch
black_bar,7,22,,Chưa có bản dịch
color_variation,7,22,,Chưa có bản dịch
black_g-string,7,22,,Chưa có bản dịch
black_happi,0,22,,Chưa có bản dịch
black_jersey,0,22,,Chưa có bản dịch
black_lady_(sailor_moon)_(cosplay),0,22,,Chưa có bản dịch
black_obi,7,22,,Chưa có bản dịch
black_rukh_(magi),0,22,,Chưa có bản dịch
black_waistband,7,22,,Chưa có bản dịch
glowing_potion,7,22,,Chưa có bản dịch
gradient_beak,7,22,,Chưa có bản dịch
green_circle,0,22,,Chưa có bản dịch
green_line_test_(meme),0,22,,Chưa có bản dịch
green_sperm_cell,7,22,,Chưa có bản dịch
green_underbelly,7,22,,Chưa có bản dịch
grey_clitoral_hood,7,22,,Chưa có bản dịch
grey_sideburns,7,22,,Chưa có bản dịch
grey_turtleneck,7,22,gray_turtleneck,Chưa có bản dịch
night_kingdom_(nijisanji),0,22,,Chưa có bản dịch
yellow_slime,7,22,,Chưa có bản dịch
yellow_saliva,7,22,,Chưa có bản dịch
blue_hairpin,7,22,,Chưa có bản dịch
yellow_headkerchief,7,22,,Chưa có bản dịch
yellow_hanbok,0,22,,Chưa có bản dịch
blue_scale,7,22,,Chưa có bản dịch
blue_turtleneck,7,22,,Chưa có bản dịch
blue_veins,7,22,,Chưa có bản dịch
soft_serve_day,0,22,,Chưa có bản dịch
red_velvet,7,22,,Chưa có bản dịch
yagami_light_(cosplay),0,22,,Chưa có bản dịch
red_toga,0,22,,Chưa có bản dịch
red_fins,7,22,,Chưa có bản dịch
red_door,7,22,,Chưa có bản dịch
red_ballad_(idolmaster),0,22,red_ballad,Chưa có bản dịch
red_band,7,22,,Chưa có bản dịch
transgender_day_of_visibility,0,22,,Chưa có bản dịch
pride_color_wall,7,22,,Chưa có bản dịch
dark_alley,7,22,,Chưa có bản dịch
dark_chocolate,0,22,,Chưa có bản dịch
dark_magician_(cosplay),0,22,,Chưa có bản dịch
holy_samba_night,0,22,,Chưa có bản dịch
dark_particles,0,22,,Chưa có bản dịch
rainbow_trim,0,22,,Chưa có bản dịch
rainbow_tank_top,7,22,rainbow_tanktop,Chưa có bản dịch
rainbow_liquid,0,22,,Chưa có bản dịch
white_miniskirt,7,22,,Chưa có bản dịch
white_leash,7,22,,Chưa có bản dịch
white_(among_us)_(cosplay),0,22,,Chưa có bản dịch
shadow_play,7,22,,Chưa có bản dịch
light_tank_top,7,22,,Chưa có bản dịch
light_wall,7,22,,Chưa có bản dịch
light_spikes,7,22,,Chưa có bản dịch
light_pauldron,7,22,,Chưa có bản dịch
orange_babydoll,0,22,,Chưa có bản dịch
improvised_flesh_light,7,22,,Chưa có bản dịch
orange_soles,7,22,,Chưa có bản dịch
orange_toenails,7,22,,Chưa có bản dịch
purple_strapon,7,22,,Chưa có bản dịch
purple_turtleneck,7,21,,Chưa có bản dịch
purple_top,7,21,,Chưa có bản dịch
purple_talons,7,21,,Chưa có bản dịch
pink_lolita,7,21,,Chưa có bản dịch
purple_oven_mitts,7,21,,Chưa có bản dịch
purple_leaf,0,21,,Chưa có bản dịch
pink_romper,0,21,,Chưa có bản dịch
orange_headkerchief,7,21,,Chưa có bản dịch
orange_bill,7,21,,Chưa có bản dịch
purple_crotch_tentacles,7,21,,Chưa có bản dịch
purple_coif,0,21,,Chưa có bản dịch
purple_ceiling,7,21,,Chưa có bản dịch
light_show,7,21,,Chưa có bản dịch
light_wristwear,7,21,,Chưa có bản dịch
white_headset,7,21,,Chưa có bản dịch
white_scar,7,21,,Chưa có bản dịch
white_throat,7,21,,Chưa có bản dịch
white_visor,7,21,,Chưa có bản dịch
african_grey_parrot,0,21,african_gray_parrot,Chưa có bản dịch
black_egg,7,21,,Chưa có bản dịch
black_friday,0,21,,Chưa có bản dịch
rainbow_frill,7,21,,Chưa có bản dịch
rainbow_wristband,7,21,,Chưa có bản dịch
black_tubes,7,21,,Chưa có bản dịch
black_wrist_warmers,7,21,,Chưa có bản dịch
dark_membrane,7,21,,Chưa có bản dịch
seinaru_yoru_ni_kono_utagoe_wo_(project_sekai),0,21,"on_this_holy_night_i_sing_(project_sekai),on_this_holy_night_with_this_singing_voice_(project_sekai)",Chưa có bản dịch
grey_feather,7,21,,Chưa có bản dịch
grey_pauldron,7,21,,Chưa có bản dịch
grey_swimming_trunks,7,21,gray_swimming_trunks,Chưa có bản dịch
grey_undershirt,7,21,,Chưa có bản dịch
secret_night_(idolish7),0,21,,Chưa có bản dịch
prideful_blue_(idolmaster_side-m),0,21,,Chưa có bản dịch
red_and_grey,7,21,,Chưa có bản dịch
red_bean_ice_cream,0,21,,Chưa có bản dịch
red_christmas_ornament,7,21,,Chưa có bản dịch
red_crotch,7,21,,Chưa có bản dịch
red_dreadlocks,7,21,,Chưa có bản dịch
red_mascara,7,21,,Chưa có bản dịch
red_onion,0,21,,Chưa có bản dịch
red_spandex,7,21,,Chưa có bản dịch
red_wrestling_singlet,7,21,,Chưa có bản dịch
northern_white-faced_owl,0,21,,Chưa có bản dịch
blue_blindfold,7,21,blue_blind_fold,Chưa có bản dịch
yellow_lantern,7,21,,Chưa có bản dịch
yellow_headphones,7,21,,Chưa có bản dịch
blue_impulse_(team),0,21,,Chưa có bản dịch
yellow_armlet,7,21,,Chưa có bản dịch
blue_rose_(tiger_&_bunny)_(cosplay),0,21,,Chưa có bản dịch
blue_strap,0,20,,Chưa có bản dịch
blue_poison_(arknights)_(cosplay),0,20,,Chưa có bản dịch
yellow_(among_us)_(cosplay),0,20,,Chưa có bản dịch
blue_facial_markings,7,20,,Chưa có bản dịch
blue_coveralls,7,20,,Chưa có bản dịch
teal_glow,7,20,,Chưa có bản dịch
red_turban,0,20,,Chưa có bản dịch
red_plaid,7,20,,Chưa có bản dịch
red_ropes,7,20,,Chưa có bản dịch
red_orb,7,20,,Chưa có bản dịch
red_marker,7,20,,Chưa có bản dịch
grey_towel,7,20,gray_towel,Chưa có bản dịch
grey_metal,7,20,,Chưa có bản dịch
grey_anklet,7,20,,Chưa có bản dịch
green_talons,7,20,,Chưa có bản dịch
green_sweatpants,7,20,,Chưa có bản dịch
green_hairclip,7,20,,Chưa có bản dịch
green_hiphighs,0,20,,Chưa có bản dịch
the_dark_berry_grove,7,20,,Chưa có bản dịch
gradient_butterfly,0,20,,Chưa có bản dịch
glowing_smoke,0,20,,Chưa có bản dịch
black_wristwear,7,20,,Chưa có bản dịch
glowing_cheeks,7,20,,Chưa có bản dịch
itsuka_hanasaku_stage_e_(project_sekai),0,20,to_one_day_reach_that_flowery_stage_(project_sekai),Chưa có bản dịch
black_facewear,7,20,,Chưa có bản dịch
suki_wo_egaite_rainbow_canvas_(project_sekai),0,20,"paint_what_i_love_rainbow_canvas_(project_sekai),paint_what_you_love_rainbow_canvas_(project_sekai)",Chưa có bản dịch
colored_egg,7,20,,Chưa có bản dịch
black_castor_(nikke),0,20,,Chưa có bản dịch
black_box,0,20,,Chưa có bản dịch
black-eyed_susan,0,20,,Chưa có bản dịch
white_tablecloth,7,20,,Chưa có bản dịch
decorative_light,7,20,,Chưa có bản dịch
white_neck_frill,7,20,,Chưa có bản dịch
white_pollux_(nikke),0,20,,Chưa có bản dịch
white_legband,7,20,,Chưa có bản dịch
white_gills,7,20,,Chưa có bản dịch
shadow_copy,7,20,,Chưa có bản dịch
light_shafts,7,20,,Chưa có bản dịch
light_manipulation,7,20,,Chưa có bản dịch
light_briefs,7,20,,Chưa có bản dịch
light_fundoshi,7,20,,Chưa có bản dịch
purple_balloon,7,20,,Chưa có bản dịch
purple_booties,7,20,,Chưa có bản dịch
orange_(among_us)_(cosplay),0,20,,Chưa có bản dịch
orange_bedding,7,20,,Chưa có bản dịch
orange_emanata,7,20,,Chưa có bản dịch
orange_egg,7,20,,Chưa có bản dịch
pink_tutu,7,20,,Chưa có bản dịch
orange_fluids,7,20,,Chưa có bản dịch
orange_track_suit,0,20,,Chưa có bản dịch
pink_shadow,7,20,,Chưa có bản dịch
purple_inner_labia,7,20,,Chưa có bản dịch
purple_mustache,7,20,,Chưa có bản dịch
pink_happi,0,20,,Chưa có bản dịch
pink_goatee,7,20,,Chưa có bản dịch
