shirt,0,Áo sơ mi
clothing,7,Trang phục
long_sleeves,0,Tay áo dài
skirt,0,Chân váy
gloves,0,Găng tay
dress,0,Váy liền
jacket,0,Áo khoác
thighhighs,0,Tất cao đùi
clothed,7,Mặc quần áo
underwear,0,Đồ lót
white_shirt,0,Áo trắng
shoes,0,Giày
school_uniform,0,Đồng phục học sinh
panties,0,Quần lót
pants,0,Quần dài
swimsuit,0,Đồ bơi
short_sleeves,0,Tay áo ngắn
shorts,0,Quần short
bikini,0,Đồ bơi bikini
boots,0,Ủng
collared_shirt,0,Áo sơ mi có cổ
open_clothes,0,Quần áo mở
pantyhose,0,Quần tất
pleated_skirt,0,Chân váy ly
black_gloves,0,Găng tay đen
socks,0,Tất
alternate_costume,0,Trang phục thay thế
sleeveless,0,Không tay
detached_sleeves,0,Tay áo rời
official_alternate_costume,0,Trang phục thay thế chính thức
japanese_clothes,0,Trang phục Nhật Bản
puffy_sleeves,0,Tay áo phồng
black_thighhighs,0,Tất cao đùi đen
black_skirt,0,Chân váy đen
white_gloves,0,Găng tay trắng
elbow_gloves,0,Găng tay dài quá khuỷu
white_dress,0,Váy trắng
fingerless_gloves,0,Găng tay hở ngón
armor,0,Áo giáp
coat,0,Áo khoác dài
black_shirt,0,Áo đen
miniskirt,0,Váy ngắn
black_jacket,0,Áo khoác màu đen
open_jacket,0,Áo khoác mở
black_dress,0,Váy đen
high_heels,0,Giày cao gót
bra,0,Áo ngực
footwear,7,Giày dép
sweater,0,Áo len
wide_sleeves,0,Tay áo rộng
striped_clothes,0,Quần áo sọc
vest,0,Áo gile
kimono,0,Áo kimono
white_thighhighs,0,Tất cao đùi trắng
leotard,0,Đồ liền thân
cape,0,Áo choàng
apron,0,Tạp dề
crop_top,0,Áo croptop
black_pantyhose,0,Quần tất đen
clothes_lift,0,Vén quần áo
black_shoes,0,Giày màu đen
black_pants,0,Quần màu đen
hoodie,0,Áo hoodie
blue_skirt,0,Chân váy xanh dương
clothing_cutout,0,Lỗ cắt trên quần áo
puffy_short_sleeves,0,Tay áo ngắn phồng
white_panties,0,Quần lót trắng
sleeves_past_wrists,0,Tay áo che qua cổ tay
sleeveless_shirt,0,Áo sơ mi không tay
sleeveless_dress,0,Váy không tay
white_socks,0,Tất màu trắng
see-through_clothes,0,Quần áo xuyên thấu
one-piece_swimsuit,0,Đồ bơi một mảnh
torn_clothes,0,Quần áo rách
bodysuit,0,Đồ liền thân
black_shorts,0,Quần short màu đen
plaid_clothes,0,Quần áo kẻ caro
white_jacket,0,Áo khoác màu trắng
black_panties,0,Quần lót đen
short_shorts,0,Quần short ngắn
blue_dress,0,Váy xanh dương
black_boots,0,Bốt màu đen
blue_shirt,0,Áo xanh dương
dress_shirt,0,Áo sơ mi
black_clothing,7,Trang phục đen
open_shirt,0,Áo sơ mi mở
sandals,0,Dép xăng đan
black_bikini,0,Bikini đen
red_skirt,0,Chân váy đỏ
chinese_clothes,0,Quần áo kiểu Trung Quốc
blue_jacket,0,Áo khoác màu xanh dương
red_dress,0,Váy đỏ
black_socks,0,Tất màu đen
frilled_dress,0,Váy nhún xếp
playboy_bunny,0,Đồ thỏ Playboy
white_skirt,0,Chân váy trắng
t-shirt,0,Áo phông
stockings,7,Bít tất dài
white_bikini,0,Bikini màu trắng
thigh_boots,0,Bốt đùi
garter_straps,0,Dây giữ bít tất
shirt_lift,0,Tốc áo
plaid_skirt,0,Chân váy kẻ caro
short_dress,0,Váy ngắn
white_clothing,7,Trang phục màu trắng
cardigan,0,Áo cardigan
no_bra,0,Không mặc áo ngực
no_shoes,0,Không đi giày
white_apron,0,Tạp dề màu trắng
side-tie_bikini_bottom,0,Quần bikini buộc bên
red_shirt,0,Áo đỏ
frilled_sleeves,0,Tay áo nhún xếp
military_uniform,0,Đồng phục quân đội
frilled_skirt,0,Chân váy nhún xếp
no_panties,0,Không mặc quần lót
black_leotard,0,Leotard đen
underwear_only,0,Chỉ mặc đồ lót
grey_shirt,0,Áo xám
sneakers,0,Giày thể thao
two-piece_swimsuit,7,Đồ bơi hai mảnh
clothes_pull,0,Kéo quần áo
shoulder_armor,0,Giáp vai
skirt_lift,0,Tốc váy
strapless_leotard,0,Leotard không quai
pink_dress,0,Váy hồng
juliet_sleeves,0,Tay áo phồng kiểu Juliet
black_coat,0,Áo khoác màu đen
white_shoes,0,Giày màu trắng
tight_clothing,7,Quần áo bó
cloak,0,Áo choàng
puffy_long_sleeves,0,Tay dài phồng
red_jacket,0,Áo khoác màu đỏ
clothing_aside,0,Kéo quần áo sang bên
brown_shoes,0,Giày màu nâu
robe,0,Áo choàng dài
black_bra,0,Áo ngực màu đen
blue_clothing,7,Trang phục màu xanh dương
red_clothing,7,Trang phục màu đỏ
torn_clothing,7,Quần áo rách
white_pantyhose,0,Quần tất trắng
hooded_jacket,0,Áo khoác có mũ
green_skirt,0,Chân váy xanh lá
lifting_own_clothes,0,Tự tốc quần áo
knee_boots,0,Bốt cao đến gối
white_sleeves,0,Tay áo trắng
grey_skirt,0,Chân váy xám
single_thighhigh,0,Một tất cao đùi
maid_apron,0,Tạp dề hầu gái
purple_dress,0,Váy tím
pink_shirt,0,Áo hồng
ribbon_trim,0,Viền ruy băng
open_coat,0,Áo khoác mở
cropped_jacket,0,Áo khoác lửng
gloves_(marking),7,Hoa văn găng tay
brown_boots,0,Bốt màu nâu
sleeves_past_fingers,0,Tay áo quá ngón tay
highleg_leotard,0,Leotard cắt cao
strapless_dress,0,Váy không quai
formal_clothes,0,Quần áo trang trọng
jeans,0,Quần jean
qipao,0,Sườn xám
black_vest,0,Áo ghi-lê màu đen
string_bikini,0,Bikini dây
school_swimsuit,0,Đồ bơi học đường
blue_shorts,0,Quần short màu xanh dương
white_pants,0,Quần màu trắng
no_pants,0,Không mặc quần
clothed_sex,0,Quan hệ khi còn mặc đồ
blue_pants,0,Quần màu xanh dương
uniform,7,Đồng phục
skimpy,7,Hở hang
red_shoes,0,Giày màu đỏ
white_coat,0,Áo khoác màu trắng
waist_apron,0,Tạp dề ngang eo
pink_panties,0,Quần lót hồng
red_gloves,0,Găng tay đỏ
striped_thighhighs,0,Tất cao đùi kẻ sọc
yellow_shirt,0,Áo vàng
revealing_clothes,0,Trang phục hở hang
pink_skirt,0,Chân váy hồng
green_shirt,0,Áo xanh lá
brown_gloves,0,Găng tay nâu
winter_uniform,0,Đồng phục mùa đông
sweater_vest,0,Áo ghi-lê len
purple_shirt,0,Áo tím
frilled_apron,0,Tạp dề nhún xếp
skirt_set,0,Bộ váy đồng bộ
green_jacket,0,Áo khoác màu xanh lá
grey_jacket,0,Áo khoác màu xám
adapted_costume,0,Trang phục chuyển thể
brown_jacket,0,Áo khoác màu nâu
vertical-striped_clothes,0,Quần áo kẻ sọc dọc
sports_bra,0,Áo ngực thể thao
white_boots,0,Bốt màu trắng
micro_bikini,0,Bikini rất nhỏ
bike_shorts,0,Quần đạp xe
blue_bikini,0,Bikini màu xanh dương
socks_(marking),7,Hoa văn trên tất
panty_pull,0,Kéo quần lót
bow_panties,0,Quần lót nơ
black_sleeves,0,Tay áo đen
pattern_clothing,7,Quần áo có hoa văn
green_dress,0,Váy xanh lá
wet_clothes,0,Quần áo ướt
denim_shorts,0,Quần short bò
frilled_shirt_collar,0,Cổ áo sơ mi nhún xếp
brown_pantyhose,0,Quần tất nâu
purple_skirt,0,Chân váy tím
clothes_writing,0,Chữ viết trên quần áo
sleeves_rolled_up,0,Cuộn tay áo
turtleneck_sweater,0,Áo len cổ lọ
pencil_skirt,0,Váy bút chì
white_kimono,0,Kimono trắng
single_glove,0,Một chiếc găng tay
high_heel_boots,0,Bốt cao gót
upskirt,0,Chụp từ dưới váy
open_clothing,7,Trang phục mở
black_bodysuit,0,Đồ liền thân đen
shirt_tucked_in,0,Sơ-vin áo
white_shorts,0,Quần short màu trắng
track_jacket,0,Áo khoác thể thao
long_skirt,0,Chân váy dài
green_clothing,7,Trang phục màu xanh lá
striped_shirt,0,Áo sơ mi kẻ sọc
high-waist_skirt,0,Chân váy cạp cao
striped_panties,0,Quần lót kẻ sọc
pink_clothing,7,Trang phục màu hồng
frilled_bikini,0,Bikini nhún xếp
skin_tight,0,Bó sát da
long_dress,0,Váy dài
blouse,0,Áo kiểu nữ
brown_skirt,0,Chân váy nâu
seiza,0,Ngồi seiza
summer_uniform,0,Đồng phục mùa hè
collared_dress,0,Váy có cổ
lab_coat,0,Áo choàng phòng thí nghiệm
ribbon-trimmed_sleeves,0,Tay áo ruy băng viền
grey_pants,0,Quần màu xám
red_bikini,0,Bikini màu đỏ
sailor_dress,0,Váy thủy thủ
side-tie_panties,0,Quần lót buộc bên
clothing_lift,7,Tốc quần áo
dress_lift,0,Nâng váy
ribbed_sweater,0,Áo len gân
layered_sleeves,0,Tay áo nhiều lớp
garter_belt,0,Thắt lưng giữ tất
santa_costume,0,Trang phục ông già Noel
white_bra,0,Áo ngực màu trắng
white_leotard,0,Leotard trắng
red_cape,0,Áo choàng màu đỏ
pink_jacket,0,Áo khoác màu hồng
denim_clothing,7,Trang phục jean
hakama_skirt,0,Váy hakama
latex_clothing,7,Trang phục cao su
panties_aside,0,Kéo quần lót sang bên
cropped_shirt,0,Áo sơ mi lửng
pajamas,0,Đồ ngủ
torn_pantyhose,0,Quần tất bị rách
off-shoulder_dress,0,Váy trễ vai
blue_one-piece_swimsuit,0,Đồ bơi một mảnh màu xanh dương
costume,7,Trang phục
blue_gloves,0,Găng tay xanh dương
bikini_top_only,0,Chỉ có áo bikini
purple_clothing,7,Trang phục màu tím
gym_uniform,0,Đồng phục thể dục
tracen_school_uniform,0,Đồng phục trường Tracen
fishnet_clothing,7,Trang phục lưới
white_sweater,0,Áo len màu trắng
brown_dress,0,Váy nâu
holding_unworn_clothes,0,Cầm quần áo không mặc
partially_fingerless_gloves,0,Găng tay hở ngón một phần
black_cape,0,Áo choàng màu đen
yellow_jacket,0,Áo khoác màu vàng
brown_pants,0,Quần màu nâu
blue_kimono,0,Kimono xanh dương
brown_shirt,0,Áo nâu
fur-trimmed_jacket,0,Áo khoác lông thú viền
wearing_glasses,7,Đeo kính mắt
striped_clothing,7,Trang phục kẻ sọc
fishnet_pantyhose,0,Quần tất lưới
print_bikini,0,Bikini họa tiết
competition_swimsuit,0,Đồ bơi thi đấu
impossible_clothes,0,Quần áo bất khả thi
sailor_shirt,0,Áo sơ mi thủy thủ
lace-up_boots,0,Bốt buộc dây
black_sweater,0,Áo len màu đen
asian_clothing,7,Trang phục châu Á
pants_down,7,Kéo quần dài xuống
frilled_shirt,0,Áo sơ mi nhún xếp
red_vest,0,Áo ghi-lê màu đỏ
toeless_legwear,0,Đồ che chân hở ngón chân
pinafore_dress,0,Váy yếm
blue_shoes,0,Giày màu xanh dương
east_asian_clothing,7,Trang phục Đông Á
blue_panties,0,Quần lót xanh dương
thighband_pantyhose,0,Quần tất dải đùi
off-shoulder_shirt,0,Áo trễ vai
striped_bikini,0,Bikini kẻ sọc
adjusting_clothes,0,Đang chỉnh quần áo
blood_on_clothes,0,Máu trên quần áo
panties_under_pantyhose,0,Quần lót bên dưới quần tất
two-tone_dress,0,Váy hai tông
white_one-piece_swimsuit,0,Đồ bơi một mảnh màu trắng
black_one-piece_swimsuit,0,Đồ bơi một mảnh màu đen
brown_thighhighs,0,Tất cao đùi nâu
print_kimono,0,Kimono họa tiết
jacket_on_shoulders,0,Áo khoác trên vai
black_hoodie,0,Áo hoodie đen
front-tie_bikini_top,0,Áo bikini cà vạt phía trước
wedding_dress,0,Váy cưới
grey_dress,0,Váy xám
purple_jacket,0,Áo khoác màu tím
underwear_down,7,Kéo đồ lót xuống
yukata,0,Áo yukata
pleated_dress,0,Váy xếp ly
cross-laced_clothes,0,Quần áo chữ thập buộc dây
panties_around_one_leg,0,Quần lót quanh một chân
shiny_clothes,0,Quần áo bóng
translucent_clothing,7,Trang phục bán trong suốt
grey_clothing,7,Trang phục màu xám
blue_leotard,0,Leotard xanh dương
pink_bikini,0,Bikini màu hồng
black_kimono,0,Kimono đen
print_shirt,0,Áo sơ mi họa tiết
japanese_clothing,7,Trang phục Nhật Bản
purple_gloves,0,Găng tay tím
white_cape,0,Áo choàng màu trắng
wearing_diaper,7,Mặc tã lót
blue_vest,0,Áo ghi-lê màu xanh dương
blue_cape,0,Áo choàng màu xanh dương
purple_thighhighs,0,Tất cao đùi tím
halloween_costume,0,Trang phục Halloween
brown_clothing,7,Trang phục màu nâu
pink_bra,0,Áo ngực màu hồng
bloomers,0,Quần phồng
microskirt,0,Váy siêu ngắn
suspender_skirt,0,Chân váy có dây đeo
open_cardigan,0,Áo cardigan mở
bikini_under_clothes,0,Đồ bơi bikini bên dưới quần áo
highleg_panties,0,Quần lót cắt cao
yellow_clothing,7,Trang phục màu vàng
multicolored_jacket,0,Áo khoác nhiều màu
half_gloves,0,Găng tay một nửa
sleeve_cuffs,0,Ống bọc cổ tay áo
yellow_dress,0,Váy vàng
red_boots,0,Bốt màu đỏ
red_thighhighs,0,Tất cao đùi đỏ
checkered_clothes,0,Quần áo kẻ ca-rô
torn_pants,0,Quần dài bị rách
red_kimono,0,Kimono đỏ
police_uniform,0,Đồng phục cảnh sát
highleg_one-piece_swimsuit,0,Đồ bơi cắt cao một mảnh
winter_clothes,0,Quần áo mùa đông
japanese_armor,0,Giáp Nhật Bản
brown_coat,0,Áo khoác màu nâu
red_coat,0,Áo khoác màu đỏ
pink_shoes,0,Giày màu hồng
red_pants,0,Quần màu đỏ
white_hoodie,0,Áo hoodie trắng
fishnet_thighhighs,0,Tất cao đùi lưới
armored_boots,0,Bốt bọc giáp
no_underwear,7,Không có đồ lót
wet_clothing,7,Trang phục ướt
blue_thighhighs,0,Tất cao đùi xanh dương
black_underwear,7,Đồ lót màu đen
tight_clothes,0,Quần áo ôm sát
white_underwear,7,Đồ lót màu trắng
torn_thighhighs,0,Tất cao đùi bị rách
fur-trimmed_coat,0,Áo khoác lông thú viền
red_shorts,0,Quần short màu đỏ
ankle_boots,0,Bốt cổ chân
purple_bikini,0,Bikini màu tím
bikini_armor,0,Giáp bikini
sundress,0,Váy dạo nắng
collared_jacket,0,Áo khoác có cổ
asymmetrical_gloves,0,Găng tay bất đối xứng
layered_dress,0,Váy nhiều lớp
orange_shirt,0,Áo cam
blue_boots,0,Bốt màu xanh dương
highleg_bikini,0,Bikini cắt cao
erection_under_clothing,7,Cương cứng bên dưới trang phục
blue_coat,0,Áo khoác màu xanh dương
wet_shirt,0,Áo sơ mi ướt
grey_shorts,0,Quần short màu xám
suit_jacket,0,Áo khoác vest
yellow_bikini,0,Bikini màu vàng
paw_gloves,0,Găng tay chân thú
tied_shirt,0,Áo sơ mi được buộc
brown_shorts,0,Quần short màu nâu
red_panties,0,Quần lót đỏ
short_over_long_sleeves,0,Ngắn phía trên tay áo dài
clothes_around_waist,0,Quần áo quanh eo
layered_skirt,0,Chân váy nhiều lớp
raised_clothing,7,Trang phục dựng lên
red_leotard,0,Leotard đỏ
taut_clothes,0,Quần áo căng chặt
green_pants,0,Quần màu xanh lá
loose_socks,0,Tất rộng
pink_kimono,0,Kimono hồng
thong_panties,0,Quần lót chữ T
text_on_clothing,7,Chữ trong ảnh trên trang phục
high_heeled_boots,7,Bốt cao gót
pulling_own_clothes,0,Đang kéo quần áo của mình
animal_costume,0,Trang phục động vật
backless_dress,0,Váy hở lưng
male_underwear,0,Đồ lót nam
brown_cardigan,0,Áo cardigan nâu
dolphin_shorts,0,Quần short cá heo
torn_shirt,0,Áo sơ mi bị rách
purple_kimono,0,Kimono tím
frilled_thigh_strap,0,Dây đeo đùi nhún xếp
grey_sweater,0,Áo len màu xám
striped_dress,0,Váy kẻ sọc
multicolored_clothing,7,Trang phục nhiều màu
brown_sweater,0,Áo len màu nâu
green_bikini,0,Bikini màu xanh lá
holding_own_dress,0,Cầm váy của mình
christmas_clothing,7,Trang phục Giáng sinh
bow_bra,0,Áo ngực nơ
black_footwear,7,Giày dép đen
blue_hoodie,0,Áo hoodie xanh dương
purple_panties,0,Quần lót tím
panties_down,7,Kéo quần lót xuống
see-through_shirt,0,Áo sơ mi xuyên thấu
blue_sweater,0,Áo len màu xanh dương
maid_uniform,7,Đồng phục hầu gái
clothing_pull,7,Kéo quần áo
yellow_skirt,0,Chân váy vàng
naked_shirt,0,Áo sơ mi trần
open_kimono,0,Kimono mở
green_shorts,0,Quần short màu xanh lá
pink_gloves,0,Găng tay hồng
see-through_sleeves,0,Tay áo xuyên thấu
hooded_cloak,0,Áo choàng có mũ trùm
bikini_skirt,0,Chân váy bikini
coat_on_shoulders,0,Áo khoác dài trên vai
gold_bikini,0,Bikini màu vàng kim
green_vest,0,Áo ghi-lê màu xanh lá
underwear_aside,7,Kéo đồ lót sang bên
white_bodysuit,0,Đồ liền thân trắng
pink_thighhighs,0,Tất cao đùi hồng
unworn_shoes,0,Giày không mặc
fur-trimmed_sleeves,0,Tay áo lông thú viền
bare_pectorals,0,Cơ ngực trụi lá
swimsuit_under_clothes,0,Đồ bơi bên dưới quần áo
gym_shirt,0,Áo sơ mi thể dục
blue_bra,0,Áo ngực màu xanh dương
orange_clothing,7,Trang phục màu cam
clothes_between_breasts,0,Quần áo giữa ngực
micro_shorts,0,Quần short rất nhỏ
pink_sweater,0,Áo len màu hồng
oversized_clothes,0,Quần áo quá khổ
grey_gloves,0,Găng tay xám
yellow_gloves,0,Găng tay vàng
pants_pull,0,Đang kéo quần dài
two-tone_jacket,0,Áo khoác hai tông
two-tone_shirt,0,Áo sơ mi hai tông
black_sports_bra,0,Áo ngực thể thao màu đen
diagonal-striped_clothes,0,Quần áo kẻ sọc chéo
red_sweater,0,Áo len màu đỏ
short_kimono,0,Kimono ngắn
armored_dress,0,Váy bọc giáp
slingshot_swimsuit,0,Đồ bơi dây chéo
cow_print_bikini,0,Bikini họa tiết bò
pantyhose_under_shorts,0,Quần tất bên dưới quần short
striped_socks,0,Tất kẻ sọc
open_vest,0,Áo ghi-lê mở
leather_jacket,0,Áo khoác da
fur-trimmed_gloves,0,Găng tay lông thú viền
brown_vest,0,Áo ghi-lê màu nâu
fur-trimmed_cape,0,Áo choàng lông thú viền
lace-trimmed_thighhighs,0,Tất cao đùi ren viền
multicolored_dress,0,Váy nhiều màu
dress_bow,0,Nơ trên váy
lace-trimmed_bra,0,Áo ngực ren viền
cum_on_clothes,0,Tinh dịch trên quần áo
blue_sleeves,0,Tay áo xanh dương
grey_thighhighs,0,Tất cao đùi xám
argyle_clothes,0,Quần áo kẻ quả thoi
multicolored_gloves,0,Găng tay nhiều màu
print_thighhighs,0,Tất cao đùi họa tiết
green_gloves,0,Găng tay xanh lá
floating_clothes,0,Quần áo lơ lửng
hasu_no_sora_school_uniform,0,Đồng phục trường Hasu no Sora
bikini_top,7,Áo bikini
pink_cardigan,0,Áo cardigan hồng
clothes_grab,0,Nắm quần áo
fur-trimmed_dress,0,Váy lông thú viền
red_bodysuit,0,Đồ liền thân đỏ
white_robe,0,Áo choàng trắng
yellow_sweater,0,Áo len màu vàng
blue_socks,0,Tất màu xanh dương
showgirl_skirt,0,Chân váy showgirl
casual_one-piece_swimsuit,0,Đồ bơi thường ngày một mảnh
print_dress,0,Váy họa tiết
sleeveless_jacket,0,Áo khoác không tay
orange_skirt,0,Chân váy cam
hooded_coat,0,Áo khoác có mũ trùm
erection_under_clothes,0,Cương cứng bên dưới quần áo
asymmetrical_clothes,0,Quần áo bất đối xứng
green_kimono,0,Kimono xanh lá
latex_gloves,0,Găng tay cao su
bra_strap,0,Dây đeo áo ngực
blue_bodysuit,0,Đồ liền thân xanh dương
lace-trimmed_panties,0,Quần lót ren viền
turtleneck_shirt,0,Áo sơ mi cổ lọ
black_cloak,0,Áo choàng màu đen
no_shirt,0,Không có áo sơ mi
halter_dress,0,Váy dạng yếm
pink_underwear,7,Đồ lót màu hồng
medium_dress,0,Váy vừa
white_footwear,7,Giày dép trắng
purple_shoes,0,Giày màu tím
grey_pantyhose,0,Quần tất xám
orange_jacket,0,Áo khoác màu cam
pantyhose_pull,0,Kéo quần tất
grey_vest,0,Áo ghi-lê màu xám
hakama_short_skirt,0,Chân váy hakama ngắn
pink_boots,0,Bốt màu hồng
naval_uniform,0,Đồng phục hải quân
grey_hoodie,0,Áo hoodie xám
mismatched_gloves,0,Găng tay lệch đôi
plaid_shirt,0,Áo sơ mi kẻ caro
frilled_thighhighs,0,Tất cao đùi nhún xếp
green_sweater,0,Áo len màu xanh lá
grey_coat,0,Áo khoác màu xám
floral_print_kimono,0,Kimono họa tiết thêu hoa
vertical-striped_shirt,0,Áo sơ mi dọc kẻ sọc
mitakihara_school_uniform,0,Đồng phục trường Mitakihara
print_panties,0,Quần lót họa tiết
shorts_under_skirt,0,Quần short bên dưới chân váy
striped_pantyhose,0,Quần tất kẻ sọc
open_pants,0,Quần mở
gym_shorts,0,Quần short thể dục
orange_dress,0,Váy cam
bra_lift,0,Nhấc áo ngực
red_sleeves,0,Tay áo đỏ
footwear_only,7,Chỉ mặc giày dép
kita_high_school_uniform,0,Đồng phục trường Kita
black_robe,0,Áo choàng đen
naked_apron,0,Tạp dề trần
green_panties,0,Quần lót xanh lá
raised_shirt,7,Áo sơ mi dựng lên
unworn_panties,0,Quần lót không mặc
footwear_bow,0,Nơ trên giày
idol_clothes,0,Quần áo thần tượng
red_bra,0,Áo ngực màu đỏ
single_leg_pantyhose,0,Quần tất chân một chiếc
tight_pants,0,Quần ôm sát
sweater_dress,0,Váy len
grey_shoes,0,Giày màu xám
military_jacket,0,Áo khoác quân đội
print_gloves,0,Găng tay họa tiết
red_underwear,7,Đồ lót màu đỏ
white_vest,0,Áo ghi-lê màu trắng
black_armor,0,Giáp đen
two_tone_clothing,7,Trang phục hai tông
ineffective_clothing,7,Quần áo chẳng che được gì
fur-trimmed_boots,0,Bốt lông thú viền
medium_skirt,0,Chân váy vừa
multicolored_bodysuit,0,Đồ liền thân nhiều màu
asymmetrical_sleeves,0,Tay áo bất đối xứng
long_coat,0,Áo khoác dài
glistening_clothing,7,Trang phục bóng nhẫy
purple_pantyhose,0,Quần tất tím
two-tone_gloves,0,Găng tay hai tông
pink_shorts,0,Quần short màu hồng
leather_clothing,7,Trang phục da
waist_cape,0,Áo choàng eo
open_hoodie,0,Áo hoodie mở
clothed_feral,7,Nhân vật bán thú mặc đồ
bra_visible_through_clothes,0,Áo ngực nhìn thấy được xuyên qua quần áo
bunny_costume,7,Trang phục thỏ
sweater_lift,0,Nhấc áo len
purple_bra,0,Áo ngực màu tím
vertical-striped_thighhighs,0,Tất cao đùi dọc kẻ sọc
skirt_pull,0,Kéo chân váy
purple_pants,0,Quần màu tím
frilled_bra,0,Áo ngực nhún xếp
full_armor,0,Giáp toàn thân
green_shoes,0,Giày màu xanh lá
print_skirt,0,Chân váy họa tiết
multicolored_bikini,0,Bikini nhiều màu
red_cloak,0,Áo choàng màu đỏ
plaid_vest,0,Áo ghi-lê kẻ caro
striped_jacket,0,Áo khoác kẻ sọc
grey_socks,0,Tất màu xám
yellow_shoes,0,Giày màu vàng
text_on_shirt,7,Chữ trong ảnh trên áo sơ mi
holding_own_skirt,0,Cầm chân váy của mình
purple_leotard,0,Leotard tím
torn_dress,0,Váy liền bị rách
unworn_jacket,0,Áo khoác không mặc
striped_skirt,0,Chân váy kẻ sọc
platform_heels,0,Giày cao gót đế dày
vertical-striped_dress,0,Váy kẻ sọc dọc
frilled_panties,0,Quần lót nhún xếp
single_elbow_glove,0,Găng tay khuỷu tay một chiếc
yellow_cardigan,0,Áo cardigan vàng
ankle_socks,0,Tất cổ chân
yellow_shorts,0,Quần short màu vàng
grey_cardigan,0,Áo cardigan xám
shirt_pull,0,Kéo áo sơ mi
wearing_chastity_device,7,Mặc đai cấm dục
purple_sleeves,0,Tay áo tím
arm_garter,0,Dây treo cánh tay
sakuragaoka_high_school_uniform,0,Đồng phục trường Sakuragaoka
shorts_pull,0,Đang kéo quần short
green_cape,0,Áo choàng màu xanh lá
pattern_shirt,7,Áo sơ mi có hoa văn
sleeveless_kimono,0,Kimono không tay
toeless_footwear,7,Giày dép hở ngón chân
two-sided_cape,0,Áo choàng mặt hai
unworn_skirt,0,Chân váy không mặc
gradient_clothes,0,Quần áo chuyển sắc
wearing_sunglasses,7,Đeo kính râm
leotard_under_clothes,0,Đồ liền thân bên dưới quần áo
cow_print_thighhighs,0,Tất cao đùi họa tiết bò
purple_vest,0,Áo ghi-lê màu tím
latex_bodysuit,0,Đồ liền thân cao su
orange_bikini,0,Bikini màu cam
grey_boots,0,Bốt màu xám
unworn_clothes,0,Quần áo không mặc
high-waist_shorts,0,Quần short eo cao
ooarai_school_uniform,0,Đồng phục trường Ooarai
competition_school_swimsuit,0,Đồ bơi học đường thi đấu
red_socks,0,Tất màu đỏ
track_pants,0,Quần điền kinh
blue_underwear,7,Đồ lót màu xanh dương
collared_coat,0,Áo khoác có cổ
single_detached_sleeve,0,Tay áo một chiếc tách rời
purple_coat,0,Áo khoác màu tím
red_footwear,7,Giày dép đỏ
plaid_dress,0,Váy kẻ caro
power_armor,0,Giáp cường lực
wet_panties,0,Quần lót ướt
sailor_senshi_uniform,0,Đồng phục Sailor Senshi
aqua_shirt,0,Áo xanh ngọc
athletic_wear,7,Quần áo thể thao
frilled_gloves,0,Găng tay nhún xếp
high-waist_pants,0,Quần eo cao
crotchless,0,Không có đũng quần
leotard_aside,0,Kéo đồ liền thân sang bên
winter_coat,0,Áo khoác mùa đông
wearing_condom,7,Mặc bao cao su
tight_bottomwear,7,Đồ mặc dưới ôm sát
clothing_around_one_leg,7,Trang phục quanh một chân
old_school_swimsuit,0,Đồ bơi học đường cũ
thong_bikini,0,Bikini chữ T
bra_pull,0,Đang kéo áo ngực
green_coat,0,Áo khoác màu xanh lá
santa_dress,0,Váy ông già Noel
pattern_underwear,7,Đồ lót hoa văn
single_sleeve,0,Một tay áo
unbuttoned_shirt,0,Áo sơ mi mở khuy
two-sided_jacket,0,Áo khoác mặt hai
wearing_chastity_cage,7,Đeo lồng trinh tiết
see-through_dress,0,Váy liền xuyên thấu
thighhighs_under_boots,0,Tất cao đùi bên dưới ủng
asymmetrical_footwear,0,Giày dép bất đối xứng
layered_clothes,0,Quần áo nhiều lớp
purple_shorts,0,Quần short màu tím
jacket_around_waist,0,Áo khoác quanh eo
purple_cape,0,Áo choàng màu tím
thigh_socks,7,Tất đùi
print_clothing,7,Trang phục họa tiết
holding_underwear,0,Cầm đồ lót
pink_leotard,0,Leotard hồng
print_pantyhose,0,Quần tất họa tiết
white_cloak,0,Áo choàng màu trắng
demon_slayer_uniform,0,Đồng phục diệt quỷ
two-tone_skirt,0,Chân váy hai tông
tracen_training_uniform,0,Đồng phục tập luyện Tracen
underwear_pull,7,Đang kéo đồ lót
untied_bikini_top,0,Áo bikini cởi dây
bubble_skirt,0,Chân váy bọt khí
aqua_dress,0,Váy xanh ngọc
no_socks,0,Không có tất
polka_dot_panties,0,Quần lót chấm bi
pink_hoodie,0,Áo hoodie hồng
pink_sleeves,0,Tay áo hồng
bike_shorts_under_skirt,0,Quần đạp xe bên dưới chân váy
tokiwadai_school_uniform,0,Đồng phục trường Tokiwadai
dress_flower,0,Hoa đính trên váy
multicolored_shirt,0,Áo sơ mi nhiều màu
boxing_gloves,0,Găng tay quyền Anh
red_hoodie,0,Áo hoodie đỏ
grey_panties,0,Quần lót xám
purple_boots,0,Bốt màu tím
frilled_socks,0,Tất nhún xếp
taut_shirt,0,Áo sơ mi căng chặt
green_hoodie,0,Áo hoodie xanh lá
orange_gloves,0,Găng tay cam
pink_socks,0,Tất màu hồng
red_pantyhose,0,Quần tất đỏ
black_cardigan,0,Áo cardigan đen
strapless_bikini,0,Bikini không quai
otonokizaka_school_uniform,0,Đồng phục trường Otonokizaka
sleeveless_sweater,0,Áo len không tay
yellow_panties,0,Quần lót vàng
brown_sweater_vest,0,Áo len gilê nâu
ribbed_shirt,0,Áo sơ mi sống dọc
discarded_clothing,7,Trang phục đã bỏ đi
bra_peek,0,Áo ngực lấp ló
blue_pantyhose,0,Quần tất xanh dương
torn_skirt,0,Chân váy bị rách
green_sleeves,0,Tay áo xanh lá
red_armor,0,Giáp đỏ
multicolored_skirt,0,Chân váy nhiều màu
frilled_one-piece_swimsuit,0,Đồ bơi nhún xếp một mảnh
apron_only,7,Chỉ mặc tạp dề
green_thighhighs,0,Tất cao đùi xanh lá
frilly_clothing,7,Trang phục nhún diềm
striped_pants,0,Quần kẻ sọc
cow_print_gloves,0,Găng tay họa tiết bò
holding_clothing,7,Cầm trang phục
blue_cardigan,0,Áo cardigan xanh dương
greco-roman_clothes,0,Quần áo Hy-La cổ
sleeve_bow,0,Nơ tay áo
aqua_skirt,0,Chân váy xanh ngọc
yellow_kimono,0,Kimono vàng
torn_shorts,0,Quần short bị rách
underwear_around_one_leg,0,Đồ lót quanh một chân
dress_pull,0,Kéo váy
orange_shorts,0,Quần short màu cam
garreg_mach_monastery_uniform,0,Đồng phục tu viện Garreg Mach
oversized_shirt,0,Áo sơ mi quá khổ
wearing_mask,7,Đeo mặt nạ
frilled_kimono,0,Kimono nhún xếp
lace_panties,0,Quần lót ren
platform_footwear,7,Giày dép đế dày
multicolored_shoes,0,Giày nhiều màu
hooded_cape,0,Áo choàng có mũ trùm
shirt_only,7,Chỉ mặc áo sơ mi
pink_pants,0,Quần màu hồng
lowleg_panties,0,Quần lót cạp trễ
latex_stockings,7,Bít tất cao su
tail_through_clothes,0,Đuôi xuyên qua quần áo
shibari_over_clothes,0,Trói shibari đè quần áo
paizuri_under_clothes,0,Ép ngực vào dương vật bên dưới quần áo
yellow_boots,0,Bốt màu vàng
pink_apron,0,Tạp dề màu hồng
green_boots,0,Bốt màu xanh lá
unconvincing_armor,7,Giáp phi thực tế
bikini_top_lift,0,Nâng lên bikini áo
oversized_clothing,7,Trang phục quá khổ
black_apron,0,Tạp dề màu đen
purple_sweater,0,Áo len màu tím
soccer_uniform,0,Đồng phục bóng đá
chaldea_master_uniform,0,Đồng phục Chaldea Master
black_stockings,7,Bít tất màu đen
under-elbow_gloves,0,Găng tay quá khuỷu tay
single_fingerless_glove,0,Găng tay hở ngón một chiếc
two-tone_bikini,0,Bikini hai tông
one-piece_swimsuit_pull,0,Đang kéo đồ bơi một mảnh
swimsuit_aside,0,Kéo đồ bơi sang bên
cropped_hoodie,0,Áo hoodie lửng
white_cardigan,0,Áo cardigan trắng
strapless_shirt,0,Áo sơ mi không quai
turtleneck_dress,0,Váy cổ lọ
maid_bikini,0,Bikini hầu gái
black_garter_straps,0,Dây đeo dây giữ bít tất đen
pattern_panties,7,Quần lót hoa văn
hand_under_clothes,0,Bàn tay bên dưới quần áo
torn_jeans,0,Quần jean bị rách
eyepatch_bikini,0,Bikini kèm bịt mắt
black_sweater_vest,0,Áo len gilê đen
puffy_detached_sleeves,0,Tay áo phồng tách rời
platform_shoes,0,Giày đế dày
striped_sleeves,0,Tay áo kẻ sọc
brown_footwear,7,Giày dép nâu
two-tone_bodysuit,0,Đồ liền thân hai tông
borrowed_clothes,0,Quần áo mượn
purple_bodysuit,0,Đồ liền thân tím
impossible_bodysuit,0,Đồ liền thân bất khả thi
impossible_shirt,0,Áo sơ mi bất khả thi
green_leotard,0,Leotard xanh lá
torn_bodysuit,0,Đồ liền thân bị rách
torn_sleeves,0,Tay áo bị rách
flag_print_bikini,0,Bikini họa tiết hình cờ
white_sports_bra,0,Áo ngực thể thao màu trắng
unworn_bra,0,Áo ngực không mặc
side_cape,0,Áo choàng lệch bên
blue_apron,0,Tạp dề màu xanh dương
thong_leotard,0,Leotard chữ T
striped_underwear,0,Đồ lót kẻ sọc
ancient_greek_clothes,0,Quần áo Hy Lạp cổ đại
ribbon-trimmed_thighhighs,0,Tất cao đùi ruy băng viền
unworn_shirt,0,Áo sơ mi không mặc
open_robe,0,Áo choàng mở
american_flag_bikini,0,Bikini hình cờ Mỹ
checkered_skirt,0,Chân váy kẻ ca-rô
employee_uniform,0,Đồng phục nhân viên
green_bra,0,Áo ngực màu xanh lá
yellow_hoodie,0,Áo hoodie vàng
gekkoukan_high_school_uniform,0,Đồng phục trường trung học phổ thông Gekkoukan
mismatched_footwear,0,Giày dép lệch đôi
cum_in_clothing,7,Tinh dịch trong trang phục
blue_armor,0,Giáp xanh dương
yellow_vest,0,Áo ghi-lê màu vàng
open_shorts,0,Quần short mở
layered_bikini,0,Bikini nhiều lớp
denim_skirt,0,Chân váy bò
monotone_clothing,7,Trang phục một tông
bodysuit_under_clothes,0,Đồ liền thân bên dưới quần áo
ribbon-trimmed_skirt,0,Chân váy ruy băng viền
two-tone_swimsuit,0,Đồ bơi hai tông
polka_dot_bikini,0,Bikini chấm bi
clothes_in_mouth,0,Quần áo trong miệng
toeless_socks,0,Tất kín ngón
tan_clothing,7,Trang phục màu nâu rám nắng
kindergarten_uniform,0,Đồng phục mẫu giáo
baseball_uniform,0,Đồng phục bóng chày
brown_cape,0,Áo choàng màu nâu
torn_cape,0,Áo choàng bị rách
gold_armor,0,Giáp vàng kim
ancient_egyptian_clothes,0,Quần áo Ai Cập cổ đại
see-through_skirt,0,Chân váy xuyên thấu
lace_bra,0,Áo ngực ren
clothes_hanger,0,Móc treo quần áo
striped_sweater,0,Áo len kẻ sọc
argyle_pantyhose,0,Quần tất kẻ quả thoi
black_swimwear,7,Đồ bơi màu đen
precum_through_clothing,7,Dịch tiền xuất tinh xuyên qua trang phục
haneoka_school_uniform,0,Đồng phục trường Haneoka
lowleg_bikini,0,Bikini cạp trễ
triangle_bikini_top,0,Áo bikini hình tam giác
roswaal_mansion_maid_uniform,0,Đồng phục hầu gái Roswaal Mansion
yellow_coat,0,Áo khoác màu vàng
orange_shoes,0,Giày màu cam
sleeves_pushed_up,0,Tay áo đẩy hướng lên
platform_boots,0,Bốt đế dày
paw_shoes,0,Giày chân thú
holding_panties,0,Cầm quần lót
white_armor,0,Giáp trắng
aqua_jacket,0,Áo khoác màu xanh ngọc
purple_hoodie,0,Áo hoodie tím
grey_sleeves,0,Tay áo xám
orange_pants,0,Quần màu cam
brown_socks,0,Tất màu nâu
cum_on_clothing,7,Tinh dịch trên trang phục
grey_kimono,0,Kimono xám
cross-laced_dress,0,Váy chữ thập buộc dây
blue_footwear,7,Giày dép xanh dương
fur_coat,0,Áo khoác lông thú
open_dress,0,Váy mở
lace-trimmed_dress,0,Váy ren viền
green_apron,0,Tạp dề màu xanh lá
untied_bikini_bottom,0,Quần bikini cởi dây
uneven_gloves,0,Găng tay không đều
nijigasaki_school_uniform,0,Đồng phục trường Nijigasaki
untucked_shirt,0,Áo sơ mi bỏ giắt
skirt_suit,0,Bộ vest chân váy
long_shirt,0,Áo sơ mi dài
pink_coat,0,Áo khoác màu hồng
yellow_pants,0,Quần màu vàng
green_socks,0,Tất màu xanh lá
aqua_bikini,0,Bikini màu xanh ngọc
tokyo-3_middle_school_uniform,0,Đồng phục trường trung học cơ sở Tokyo-3
tail_under_skirt,7,Đuôi bên dưới chân váy
polo_shirt,0,Áo sơ mi polo
adjusting_swimsuit,0,Đang chỉnh đồ bơi
purple_underwear,7,Đồ lót màu tím
lifting_another's_clothes,0,Đang nhấc quần áo người khác lên
multicolored_leotard,0,Leotard nhiều màu
striped_footwear,0,Giày dép kẻ sọc
chainmail,0,Áo giáp lưới
ryouou_school_uniform,0,Đồng phục trường Ryouou
korean_clothes,0,Trang phục Hàn Quốc
rudder_footwear,0,Giày bánh lái
shoes_only,7,Chỉ đi giày
bikini_thong,7,Quần lót dây bikini
backless_leotard,0,Leotard hở lưng
bathrobe,0,Áo choàng tắm
orange_kimono,0,Kimono cam
multicolored_swimsuit,0,Đồ bơi nhiều màu
wet_underwear,7,Đồ lót ướt
cropped_vest,0,Áo ghi-lê lửng
striped_shorts,0,Quần short kẻ sọc
bow_bikini,0,Bikini nơ
wet_swimsuit,0,Đồ bơi ướt
tight_shirt,0,Áo sơ mi ôm sát
blue_robe,0,Áo choàng xanh dương
yellow_sweater_vest,0,Áo len gilê vàng
dirty_clothes,0,Quần áo bẩn
undersized_clothes,0,Quần áo quá nhỏ
rubber_boots,0,Bốt cao su
naked_jacket,0,Áo khoác trần
legwear_garter,0,Dây giữ quần tất
sleeve_garter,0,Dây treo tay áo
pattern_footwear,7,Giày dép hoa văn
egyptian_clothing,7,Trang phục Ai Cập
mismatched_bikini,0,Bikini lệch đôi
tail_through_skirt,7,Đuôi xuyên qua chân váy
yellow_thighhighs,0,Tất cao đùi vàng
arabian_clothes,0,Quần áo Ả Rập
plate_armor,0,Giáp giáp tấm
pattern_socks,7,Tất hoa văn
red_one-piece_swimsuit,0,Đồ bơi một mảnh màu đỏ
uranohoshi_school_uniform,0,Đồng phục trường Uranohoshi
see-through_leotard,0,Đồ liền thân xuyên thấu
no_jacket,0,Không có áo khoác
gloves_only,7,Chỉ đeo găng tay
white_garter_straps,0,Dây đeo dây giữ bít tất trắng
pseudo_clothing,7,Trang phục giả
cum_through_clothing,7,Tinh dịch xuyên qua trang phục
pirate_costume,0,Trang phục cướp biển
nurse_clothing,7,Trang phục y tá
shorts_down,7,Kéo quần short xuống
pink_vest,0,Áo ghi-lê màu hồng
shirt_tug,0,Kéo áo sơ mi
pink_bodysuit,0,Đồ liền thân hồng
multicolored_thighhighs,0,Tất cao đùi nhiều màu
grey_bodysuit,0,Đồ liền thân xám
triangle_bikini,7,Bikini hình tam giác
vertical-striped_skirt,0,Chân váy dọc kẻ sọc
plaid_pants,0,Quần kẻ caro
blue_cloak,0,Áo choàng màu xanh dương
green_underwear,7,Đồ lót màu xanh lá
vibrator_under_clothes,0,Đồ chơi rung bên dưới quần áo
ribbed_dress,0,Váy sống dọc
striped_bra,0,Áo ngực kẻ sọc
hooded_robe,0,Áo choàng có mũ trùm
breastless_clothes,0,Quần áo không ngực
cropped_sweater,0,Áo len lửng
open-toe_boots,0,Bốt ngón chân mở
ofuda_on_clothes,0,Bùa ofuda dán trên quần áo
turtleneck_leotard,0,Leotard cổ lọ
pink_pantyhose,0,Quần tất hồng
adjusting_gloves,0,Đang chỉnh găng tay
sleeveless_coat,0,Áo khoác không tay
pink_footwear,7,Giày dép hồng
orange_bodysuit,0,Đồ liền thân cam
fur-trimmed_skirt,0,Chân váy lông thú viền
pulling_another's_clothes,0,Đang kéo quần áo người khác
uneven_sleeves,0,Tay áo không đều
plaid_jacket,0,Áo khoác kẻ caro
tsukinomori_school_uniform,0,Đồng phục trường Tsukinomori
asticassia_school_uniform,0,Đồng phục trường Asticassia
side-tie_bikini,7,Bikini cà vạt lệch bên
bomber_jacket,0,Áo khoác bomber
brown_kimono,0,Kimono nâu
tight_shorts,7,Quần short ôm sát
chinese_clothing,7,Trang phục Trung Quốc
purple_socks,0,Tất màu tím
two-sided_coat,0,Áo khoác mặt hai
shared_clothes,0,Quần áo dùng chung
american_flag_dress,0,Váy cờ Mỹ
multicolored_coat,0,Áo khoác nhiều màu
arm_armor,0,Giáp cánh tay
skirt_tug,0,Đang kéo chân váy
collared_cape,0,Áo choàng có cổ
dress_shoes,0,Giày diện váy
hatsuboshi_gakuen_school_uniform,0,Đồng phục học viện Hatsuboshi
cat_ear_panties,0,Quần lót tai mèo
nanamori_school_uniform,0,Đồng phục trường Nanamori
lace-trimmed_sleeves,0,Tay áo ren viền
tactical_clothes,0,Quần áo chiến thuật
holding_unworn_shoes,0,Cầm giày không mặc
sailor_bikini,0,Bikini thủy thủ
panties_only,7,Chỉ mặc quần lót
hawaiian_shirt,0,Áo Hawaii
gradient_dress,0,Váy chuyển sắc
leg_armor,0,Giáp chân
halter_shirt,0,Áo sơ mi dạng yếm
fishnet_gloves,0,Găng tay lưới
strapless_bra,0,Áo ngực không quai
garter,7,Dây treo
puffy_shorts,0,Quần short phồng
plaid_clothing,7,Trang phục kẻ caro
clothes_down,0,Hạ quần áo xuống
ribbed_socks,0,Tất sống dọc
yellow_socks,0,Tất màu vàng
pattern_bikini,7,Bikini hoa văn
pencil_dress,0,Váy bút chì
fold-over_boots,0,Bốt gập cổ
tight_dress,0,Váy ôm sát
black_garter_belt,0,Dây treo tất đen
heel_up,0,Gót chân hướng lên
hakama_pants,0,Quần quần hakama
pink_one-piece_swimsuit,0,Đồ bơi một mảnh màu hồng
leotard_pull,0,Đang kéo đồ liền thân
orange_sweater,0,Áo len màu cam
orange_hoodie,0,Áo hoodie cam
yellow_cape,0,Áo choàng màu vàng
grey_sports_bra,0,Áo ngực thể thao màu xám
red_swimwear,7,Đồ bơi màu đỏ
fur-trimmed_cloak,0,Áo choàng lông thú viền
black_male_underwear,0,Đồ lót nam màu đen
colored_shoe_soles,0,Đế giày có màu
leather_gloves,0,Găng tay da
multicolored_footwear,7,Giày dép nhiều màu
santa_bikini,0,Bikini ông già Noel
aloha_shirt,7,Áo aloha
hanasakigawa_school_uniform,0,Đồng phục trường Hanasakigawa
paradis_military_uniform,0,Đồng phục quân đội Paradis
orange_thighhighs,0,Tất cao đùi cam
plaid_bikini,0,Bikini kẻ caro
grey_bra,0,Áo ngực màu xám
floating_cape,0,Áo choàng lơ lửng
taut_dress,0,Váy căng chặt
sleeveless_hoodie,0,Áo hoodie không tay
impossible_dress,0,Váy bất khả thi
pattern_stockings,7,Bít tất hoa văn
yellow_sleeves,0,Tay áo vàng
sweater_around_waist,0,Áo len quanh eo
frilled_shorts,0,Quần short nhún xếp
ghost_costume,0,Trang phục ma
bow_underwear,7,Đồ lót nơ
black_elbow_gloves,7,Găng tay khuỷu tay màu đen
suit_pants,0,Quần vest
impossible_leotard,0,Leotard bất khả thi
naked_sweater,0,Áo len trần
polka_dot_dress,0,Váy chấm bi
white_male_underwear,0,Đồ lót nam màu trắng
brown_cloak,0,Áo choàng màu nâu
fur-trimmed_kimono,0,Kimono lông thú viền
naoetsu_high_school_uniform,0,Đồng phục trường trung học phổ thông Naoetsu
kitauji_high_school_uniform,0,Đồng phục trường trung học phổ thông Kitauji
brown_apron,0,Tạp dề màu nâu
striped_gloves,0,Găng tay kẻ sọc
cargo_pants,0,Quần túi hộp
red_apron,0,Tạp dề màu đỏ
side-tie_leotard,0,Leotard cà vạt lệch bên
striped_stockings,7,Bít tất kẻ sọc
green_bodysuit,0,Đồ liền thân xanh lá
basketball_uniform,0,Đồng phục bóng rổ
puffy_pants,0,Quần phồng
two-tone_leotard,0,Leotard hai tông
overall_shorts,0,Quần short yếm
yellow_bra,0,Áo ngực màu vàng
raised_skirt,7,Chân váy dựng lên
leather_boots,0,Bốt da
biker_clothes,0,Quần áo dân phượt
vertical-striped_pantyhose,0,Quần tất dọc kẻ sọc
shirt_in_mouth,0,Áo sơ mi trong miệng
open_bra,0,Áo ngực mở
pink_cape,0,Áo choàng màu hồng
two-tone_one-piece_swimsuit,0,Đồ bơi hai tông một mảnh
kuromorimine_military_uniform,0,Đồng phục quân đội Kuromorimine
loose_clothes,0,Quần áo rộng
skimpy_bikini,7,Bikini ít vải
frilly_underwear,7,Đồ lót nhún diềm
through_clothes,0,Xuyên qua quần áo
sleeve_ribbon,0,Ruy băng tay áo
yasogami_school_uniform,0,Đồng phục trường Yasogami
multicolored_boots,0,Bốt nhiều màu
gem_uniform_(houseki_no_kuni),0,Đồng phục đá quý
lycoris_uniform,0,Đồng phục Lycoris
hoodie_only,7,Chỉ mặc áo hoodie
striped_kimono,0,Kimono kẻ sọc
torn_leotard,0,Đồ liền thân bị rách
naked_coat,0,Áo khoác trần
fur-trimmed_shorts,0,Quần short lông thú viền
layered_kimono,0,Kimono nhiều lớp
red_robe,0,Áo choàng đỏ
pinstripe_jacket,0,Áo khoác sọc chỉ
green_cloak,0,Áo choàng màu xanh lá
tail_clothing,7,Trang phục đuôi
strapless_clothing,7,Trang phục không quai
vertical-striped_jacket,0,Áo khoác dọc kẻ sọc
heart_clothing,7,Trang phục trái tim
yellow_apron,0,Tạp dề màu vàng
meiji_schoolgirl_uniform,0,Đồng phục nữ sinh thời Minh Trị
bondage_gloves,7,Găng tay trói buộc
pinstripe_shirt,0,Áo sơ mi sọc chỉ
print_jacket,0,Áo khoác họa tiết
crotchless_clothing,7,Quần áo hở đũng
two-tone_shoes,0,Giày hai tông
sports_bikini,0,Bikini thể thao
claw_ring,0,Nhẫn móng vuốt
body_armor,0,Giáp cơ thể
orange_vest,0,Áo ghi-lê màu cam
diaper_under_clothing,7,Tã lót bên dưới trang phục
naked_shoes,0,Giày trần
training_bra,0,Áo ngực tập luyện
circle_skirt,0,Chân váy hình tròn
feather-trimmed_sleeves,0,Tay áo lông vũ viền
volleyball_uniform,0,Đồng phục bóng chuyền
ainu_clothes,0,Trang phục Ainu
denim_jacket,0,Áo khoác bò
checkered_kimono,0,Kimono kẻ ca-rô
unworn_socks,0,Tất không mặc
cross-laced_shoes,0,Giày chữ thập buộc dây
cardigan_around_waist,0,Áo cardigan quanh eo
cross-laced_sleeves,0,Tay áo chữ thập buộc dây
yellow_bodysuit,0,Đồ liền thân vàng
unworn_boots,0,Bốt không mặc
tennis_uniform,0,Đồng phục quần vợt
hakama_shorts,0,Quần short quần hakama
brown_hoodie,0,Áo hoodie nâu
leather_pants,0,Quần da
frilled_leotard,0,Leotard nhún xếp
untied_panties,0,Quần lót cởi dây
german_clothes,0,Trang phục Đức
see-through_jacket,0,Áo khoác xuyên thấu
layered_shirt,0,Áo sơ mi nhiều lớp
open_skirt,0,Chân váy mở
holding_unworn_jacket,0,Cầm áo khoác không mặc
open-chest_sweater,0,Áo len ngực mở
skirt_around_one_leg,0,Chân váy quanh một chân
print_bra,0,Áo ngực họa tiết
single_garter_strap,0,Dây đeo dây giữ bít tất một chiếc
latex_elbow_gloves,7,Găng tay khuỷu tay cao su
knee_socks,7,Tất đầu gối
collared_vest,0,Áo ghi-lê có cổ
cowboy_boots,0,Bốt cao bồi
masturbation_through_clothes,0,Thủ dâm xuyên qua quần áo
stirrup_socks,7,Tất đai giữ
grey_bikini,0,Bikini màu xám
colored_seam_underwear,7,Đồ lót đường may nhuộm màu
toeless_stockings,7,Bít tất hở ngón chân
latex_boots,0,Bốt cao su
cross-laced_top,0,Áo chữ thập buộc dây
tight_foreskin,7,Bao quy đầu ôm sát
sniffing_clothes,7,Ngửi quần áo
vampire_costume,0,Trang phục ma cà rồng
jujutsu_tech_uniform,0,Đồng phục Jujutsu Tech
mismatched_sleeves,0,Tay áo lệch đôi
micro_panties,0,Quần lót rất nhỏ
camouflage_pants,0,Quần rằn ri
blue_sports_bra,0,Áo ngực thể thao màu xanh dương
camouflage_jacket,0,Áo khoác rằn ri
floral_print_bikini,0,Bikini họa tiết thêu hoa
cocktail_dress,0,Váy cocktail
fur_cape,0,Áo choàng lông thú
fourth_east_high_school_uniform,0,Đồng phục trường trung học phổ thông Fourth East
socks_only,7,Chỉ mang tất
stirrup_stockings,7,Bít tất đai giữ
leather_armor,0,Giáp da
sideless_dress,0,Váy chẽ bên
yurigaoka_girls_academy_school_uniform,0,Đồng phục học viện nữ sinh Yurigaoka
stained_panties,0,Quần lót vấy bẩn
st._gloriana's_school_uniform,0,Đồng phục trường St. Gloriana's
two-tone_cape,0,Áo choàng hai tông
skirt_under_dress,0,Chân váy bên dưới váy liền
fingering_through_clothes,0,Kích thích bằng ngón tay xuyên qua quần áo
brown_sleeves,0,Tay áo nâu
unworn_bikini_top,0,Áo bikini không mặc
shorts_under_dress,0,Quần short bên dưới váy liền
purple_robe,0,Áo choàng tím
sideless_kimono,0,Kimono hở bên
lace_gloves,0,Găng tay ren
yellow_leotard,0,Leotard vàng
combat_boots,0,Giày chiến đấu
belt_bra,0,Áo ngực thắt lưng
impossible_swimsuit,0,Đồ bơi bất khả thi
green_sweater_vest,0,Áo len gilê xanh lá
orange_pantyhose,0,Quần tất cam
ribbon-trimmed_dress,0,Váy ruy băng viền
brown_bikini,0,Bikini màu nâu
orange_boots,0,Bốt màu cam
spread_pussy_under_clothes,0,Âm hộ dạng ra bên dưới quần áo
yuigaoka_school_uniform,0,Đồng phục trường Yuigaoka
team_rocket_uniform,0,Đồng phục Team Rocket
reindeer_costume,0,Trang phục tuần lộc
black_high_heels,7,Giày cao gót cao đen
argyle_thighhighs,0,Tất cao đùi kẻ quả thoi
vertical-striped_shorts,0,Quần short dọc kẻ sọc
vertical-striped_pants,0,Quần dọc kẻ sọc
aqua_panties,0,Quần lót xanh ngọc
hoodie_lift,0,Nhấc áo hoodie
witch_costume,7,Trang phục phù thủy
shuuchiin_academy_school_uniform,0,Đồng phục học viện Shuuchiin
japanese_school_uniform,7,Đồng phục học đường Nhật Bản
lactating_through_clothing,7,Sữa rỉ ra xuyên qua trang phục
shirt_under_shirt,0,Áo sơ mi bên dưới áo sơ mi
stockings_only,7,Chỉ mang bít tất dài
green_robe,0,Áo choàng xanh lá
sweaty_clothes,0,Quần áo đầm mồ hôi
religious_clothing,7,Trang phục tôn giáo
unworn_gloves,0,Găng tay không mặc
ooarai_military_uniform,0,Đồng phục quân đội Ooarai
red_cardigan,0,Áo cardigan đỏ
hikarizaka_private_high_school_uniform,0,Đồng phục trường trung học tư thục Hikarizaka
pants_rolled_up,0,Quần dài cuộn lên hướng lên
purple_cardigan,0,Áo cardigan tím
dress_tug,0,Đang kéo váy liền
frilly_panties,7,Quần lót nhún diềm
doki_doki_literature_club_school_uniform,0,Đồng phục trường Doki Doki Literature Club
floral_print_dress,0,Váy họa tiết thêu hoa
animal_print_bikini,7,Bikini họa tiết động vật
print_underwear,7,Đồ lót họa tiết
two_tone_footwear,7,Giày dép hai tông
hooded_sweater,0,Áo len có mũ trùm
u.a._school_uniform,0,Đồng phục trường U.A.
grabbing_another's_shirt,0,Đang nắm áo sơ mi người khác
two-tone_thighhighs,0,Tất cao đùi hai tông
green_pantyhose,0,Quần tất xanh lá
blue_sweater_vest,0,Áo len gilê xanh dương
torn_gloves,0,Găng tay bị rách
torn_panties,0,Quần lót bị rách
long_socks,7,Tất dài
frilled_jacket,0,Áo khoác nhún xếp
camo_clothing,7,Trang phục rằn ri
miyamasuzaka_girls'_academy_school_uniform,0,Đồng phục học viện nữ sinh Miyamasuzaka
ribbed_sleeves,0,Tay áo sống dọc
stirrup_footwear,0,Giày dép đai giữ
cum_in_underwear,7,Tinh dịch trong đồ lót
torn_jacket,0,Áo khoác bị rách
jacket_over_hoodie,0,Áo khoác phía trên áo hoodie
black_t-shirt,7,Áo thun đen
bikini_top_pull,0,Kéo bikini áo
fishnet_sleeves,0,Tay áo lưới
raised_heel,7,Gót chân dựng lên
orange_sleeves,0,Tay áo cam
grey_cape,0,Áo choàng màu xám
tight_topwear,7,Áo ôm sát
two-tone_hoodie,0,Áo hoodie hai tông
balls_in_underwear,7,Tinh hoàn trong đồ lót
hand_under_shirt,0,Bàn tay bên dưới áo sơ mi
orange_panties,0,Quần lót cam
two-tone_coat,0,Áo khoác hai tông
purple_footwear,7,Giày dép tím
naked_cape,0,Áo choàng trần
st._gloriana's_military_uniform,0,Đồng phục quân đội St. Gloriana's
nurse_uniform,7,Đồng phục y tá
black_slingshot_swimsuit,0,Đồ bơi dây chéo màu đen
polka_dot_bra,0,Áo ngực chấm bi
orange_socks,0,Tất màu cam
military_combat_uniform,0,Đồng phục tác chiến quân đội
grey_leotard,0,Leotard xám
latex_footwear,7,Giày dép cao su
grey_sweater_vest,0,Áo len gilê xám
purple_one-piece_swimsuit,0,Đồ bơi một mảnh màu tím
shuka_high_school_uniform,0,Đồng phục trường trung học phổ thông Shuka
lace-trimmed_skirt,0,Chân váy ren viền
open-toe_shoes,0,Giày ngón chân mở
high-low_dress,0,Váy cao thấp
unworn_coat,0,Áo khoác không mặc
yellow_underwear,7,Đồ lót màu vàng
naranja_academy_school_uniform,0,Đồng phục học viện Naranja
green_footwear,7,Giày dép xanh lá
boots_only,7,Chỉ đi ủng
kamiyama_high_school_uniform_(project_sekai),0,Đồng phục trường trung học phổ thông Kamiyama
skirt_bow,0,Nơ trên chân váy
multicolored_kimono,0,Kimono nhiều màu
fur-trimmed_thighhighs,0,Tất cao đùi lông thú viền
grey_footwear,7,Giày dép xám
sports_panties,0,Quần lót thể thao
aqua_gloves,0,Găng tay xanh ngọc
ribbed_thighhighs,0,Tất cao đùi sống dọc
shirt_up,7,Kéo áo sơ mi lên
sideless_shirt,0,Áo sơ mi hở bên
prison_clothes,0,Quần áo tù nhân
print_hoodie,0,Áo hoodie họa tiết
tube_dress,0,Váy quây
naked_kimono,0,Kimono trần
torn_stockings,7,Bít tất dài bị rách
unworn_dress,0,Váy không mặc
anzio_school_uniform,0,Đồng phục trường Anzio
loose_shirt,0,Áo sơ mi rộng
turtleneck_jacket,0,Áo khoác cổ lọ
green_cardigan,0,Áo cardigan xanh lá
single_thigh_boot,0,Bốt đùi một chiếc
two-sided_dress,0,Váy mặt hai
kibito_high_school_uniform,0,Đồng phục trường trung học phổ thông Kibito
black_fingerless_gloves,7,Găng tay hở ngón màu đen
chinese_dress,7,Váy Trung Quốc
clothing_around_legs,7,Trang phục quanh đôi chân
patchwork_clothes,0,Quần áo chắp vá
pink_swimwear,7,Đồ bơi màu hồng
pants_around_one_leg,0,Quần dài quanh một chân
tactical_school_uniform,0,Đồng phục học đường chiến thuật
white_stockings,7,Bít tất màu trắng
yellow_footwear,7,Giày dép vàng
two-tone_pants,0,Quần hai tông
cum_in_clothes,0,Tinh dịch trong quần áo
cum_on_legwear,0,Tinh dịch trên trang phục chân
precum_through_underwear,7,Dịch tiền xuất tinh xuyên qua đồ lót
green_swimwear,7,Đồ bơi màu xanh lá
green_armor,0,Giáp xanh lá
shark_costume,0,Trang phục cá mập
pleated_shorts,0,Quần short xếp ly
brown_leotard,0,Leotard nâu
vibrator_under_panties,0,Đồ chơi rung bên dưới quần lót
brown_panties,0,Quần lót nâu
pride_color_clothing,7,Quần áo màu cờ tự hào
jacket_over_swimsuit,0,Áo khoác phía trên đồ bơi
rabbit_house_uniform,0,Đồng phục Rabbit House
no_gloves,0,Không có găng tay
tied_jacket,0,Áo khoác được buộc
shell_bikini,0,Bikini vỏ
fishnet_socks,0,Tất lưới
yellow_cloak,0,Áo choàng màu vàng
side-tie_clothing,0,Quần áo buộc dây bên hông
kuromorimine_school_uniform,0,Đồng phục trường Kuromorimine
white_garter_belt,0,Dây treo tất trắng
shirt_under_dress,0,Áo sơ mi bên dưới váy liền
unworn_swimsuit,0,Đồ bơi không mặc
open_bodysuit,0,Đồ liền thân mở
christmas_stocking,0,Tất dài Giáng sinh
heart_underwear,7,Đồ lót trái tim
food-themed_clothes,0,Quần áo chủ đề thức ăn
grey_underwear,7,Đồ lót màu xám
cat_costume,0,Trang phục mèo
sleeveless_bodysuit,0,Đồ liền thân không tay
lace-trimmed_gloves,0,Găng tay ren viền
pattern_pants,7,Quần hoa văn
polka_dot_skirt,0,Chân váy chấm bi
two-tone_boots,0,Bốt hai tông
tomoeda_elementary_school_uniform,0,Đồng phục trường Tomoeda Elementary
white_t-shirt,7,Áo thun trắng
underwear_sniffing,7,Đang ngửi đồ lót
yellow_swimwear,7,Đồ bơi màu vàng
hooded_cardigan,0,Áo cardigan có mũ trùm
shuujin_academy_school_uniform,0,Đồng phục học viện Shuujin
humanoid_heel,7,Gót chân dạng người
grey_armor,0,Giáp xám
latex_leotard,0,Leotard cao su
shirt_collar,7,Cổ áo sơ mi
naked_hoodie,0,Áo hoodie trần
asahiyama_high_school_uniform,0,Đồng phục trường trung học phổ thông Asahiyama
backless_clothing,7,Trang phục hở lưng
grey_cloak,0,Áo choàng màu xám
footwear_ribbon,0,Ruy băng trên giày
leotard_peek,0,Đồ liền thân lấp ló
orange_cape,0,Áo choàng màu cam
athletic_leotard,0,Leotard cường tráng
pinstripe_dress,0,Váy sọc chỉ
burnt_clothes,0,Quần áo cháy
sleeves,7,Tay áo
translucent_underwear,7,Đồ lót bán trong suốt
kimono_pull,0,Kéo kimono
thighhighs_pull,0,Đang kéo tất cao đùi
multicolored_underwear,7,Đồ lót nhiều màu
purple_cloak,0,Áo choàng màu tím
side_slit_shorts,0,Quần short xẻ tà lệch bên
fur_jacket,0,Áo khoác lông thú
fur-trimmed_shirt,0,Áo sơ mi lông thú viền
multicolored_socks,0,Tất nhiều màu
two-sided_gloves,0,Găng tay mặt hai
white_swimwear,7,Đồ bơi màu trắng
long_sleeve_shirt,7,Áo sơ mi tay áo dài
tentacles_under_clothes,0,Xúc tu bên dưới quần áo
ribbed_leotard,0,Leotard sống dọc
polka_dot_shirt,0,Áo sơ mi chấm bi
cum_through_underwear,7,Tinh dịch xuyên qua đồ lót
striped_hoodie,0,Áo hoodie kẻ sọc
uva_academy_school_uniform,0,Đồng phục học viện Uva
pants_under_skirt,0,Quần dài bên dưới chân váy
kimono_skirt,0,Chân váy kimono
belt_boots,0,Bốt có quai
shinda_sekai_sensen_uniform,0,Đồng phục Shinda Sekai Sensen
hooded_dress,0,Đầm có mũ trùm
two_tone_shirt,7,Áo sơ mi hai tông
covered_testicles,0,Tinh hoàn được che
high-waist_pantyhose,0,Quần tất eo cao
purple_armor,0,Giáp tím
multicolored_hoodie,0,Áo hoodie nhiều màu
vibrator_in_thighhighs,0,Đồ chơi rung trong tất cao đùi
sleeveless_clothing,7,Trang phục không tay
turtleneck_bodysuit,0,Đồ liền thân cổ lọ
spiked_jacket,0,Áo khoác có gai
green_one-piece_swimsuit,0,Đồ bơi một mảnh màu xanh lá
yellow_pantyhose,0,Quần tất vàng
teal_clothing,7,Trang phục màu xanh cổ vịt
sakugawa_school_uniform,0,Đồng phục trường Sakugawa
striped_vest,0,Áo ghi-lê kẻ sọc
dress_swimsuit,0,Đồ bơi kiểu váy
aqua_kimono,0,Kimono xanh ngọc
night_raven_college_school_uniform,0,Đồng phục trường Night Raven College
torn_socks,0,Tất bị rách
front-print_panties,0,Quần lót họa tiết phía trước
half-skirt,0,Chân váy một nửa
dirty_clothing,7,Trang phục bẩn
eden_academy_school_uniform,0,Đồng phục học viện Eden
holding_shirt,0,Cầm áo sơ mi
shorts_around_one_leg,0,Quần short quanh một chân
homurabara_academy_school_uniform,0,Đồng phục học viện Homurabara
two-tone_sports_bra,0,Áo ngực hai tông thể thao
backless_swimsuit,0,Đồ bơi hở lưng
hooded_vest,0,Áo ghi-lê có mũ trùm
hogwarts_school_uniform,0,Đồng phục trường Hogwarts
clothes_between_thighs,0,Quần áo giữa đùi
aqua_shoes,0,Giày màu xanh ngọc
back-print_panties,0,Quần lót họa tiết lưng
skirt_cutout,0,Lỗ cắt chân váy
print_sleeves,0,Tay áo họa tiết
thighhighs_over_pantyhose,0,Tất cao đùi phía trên quần tất
two-tone_kimono,0,Kimono hai tông
office_clothing,7,Trang phục văn phòng
print_shorts,0,Quần short họa tiết
fast_food_uniform,0,Đồng phục Fast Food
white_dress_shirt,7,Áo sơ mi váy màu trắng
gold_shoes,0,Giày màu vàng kim
wolf_costume,0,Trang phục sói
checkered_shirt,0,Áo sơ mi kẻ ca-rô
new_school_swimsuit,0,Đồ bơi học đường mới
living_clothes,0,Quần áo có sự sống
red_sports_bra,0,Áo ngực thể thao màu đỏ
gingham_clothes,0,Quần áo kẻ ô vuông
wet_dress,0,Váy ướt
tribal_clothing,7,Trang phục văn hoá bộ lạc
vertical-striped_sleeves,0,Tay áo dọc kẻ sọc
jacket_pull,0,Đang kéo áo khoác
two-tone_sweater,0,Áo len hai tông
sobu_high_school_uniform,0,Đồng phục trường trung học phổ thông Sobu
tearing_clothing,7,Đang xé trang phục
penis_in_panties,0,Dương vật trong quần lót
cape_only,7,Chỉ mặc áo choàng
red_slingshot_swimsuit,0,Đồ bơi dây chéo màu đỏ
nearly_naked_apron,0,Tạp dề trần gần như
bike_shorts_under_shorts,0,Quần đạp xe bên dưới quần short
multicolored_cape,0,Áo choàng nhiều màu
flag_bikini,7,Bikini hình cờ
clothes_on_floor,0,Quần áo trên sàn nhà
wearing_hat,7,Đội mũ
hand_in_underwear,0,Bàn tay trong đồ lót
two-sided_cloak,0,Áo choàng mặt hai
a_certain_high_school_uniform,0,Đồng phục trường trung học phổ thông A Certain
rainbow_clothing,7,Trang phục màu cầu vồng
quilted_jacket,0,Áo khoác bông chần
lace-trimmed_shirt,0,Áo sơ mi ren viền
prison_uniform,7,Đồng phục tù
dress_ribbon,0,Ruy băng váy
striped_coat,0,Áo khoác kẻ sọc
glove_bow,0,Nơ găng tay
untied_shoelaces,0,Dây giày cởi
shirt_overhang,0,Vạt thừa áo sơ mi
vertical-striped_bikini,0,Bikini dọc kẻ sọc
holding_bra,0,Cầm áo ngực
vertical-striped_kimono,0,Kimono dọc kẻ sọc
torn_underwear,0,Đồ lót bị rách
coat_dress,0,Váy áo khoác
adjusting_legwear,0,Đang chỉnh trang phục chân
shirt_cuffs,7,Ống bọc cổ tay áo sơ mi
cloak_only,7,Chỉ mặc áo choàng
paint_on_clothes,0,Màu vẽ trên quần áo
tearing_clothes,0,Đang xé quần áo
underwear_around_legs,7,Đồ lót quanh đôi chân
torn_coat,0,Áo khoác dài bị rách
blue_t-shirt,7,Áo thun xanh dương
footwear_flower,0,Hoa đính trên giày
brown_bra,0,Áo ngực màu nâu
lowleg_pants,0,Quần cạp trễ
bear_costume,0,Trang phục gấu
oohashi_high_school_uniform,0,Đồng phục trường trung học phổ thông Oohashi
galaxy_team_survey_corps_uniform,0,Đồng phục Galaxy Team Survey Corps
clothes_tug,0,Kéo quần áo
duel_academy_uniform_(yu-gi-oh!_gx),0,Đồng phục học viện Duel
polka_dot_swimsuit,0,Đồ bơi chấm bi
rubber_gloves,0,Găng tay cao su
tight_underwear,7,Đồ lót ôm sát
grey_apron,0,Tạp dề màu xám
hooded_bodysuit,0,Đồ liền thân có mũ trùm
blood_on_clothing,7,Máu trên trang phục
shiny_swimsuit,0,Đồ bơi bóng
shorts_only,7,Chỉ mặc quần short
ribbed_bodysuit,0,Đồ liền thân sống dọc
hand_in_own_panties,0,Bàn tay trong quần lót của mình
single_boot,0,Một cái bốt
plaid_panties,0,Quần lót kẻ caro
icho_private_high_school_uniform,0,Đồng phục trường trung học tư thục Icho
swimwear_pull,7,Đang kéo đồ bơi
two-tone_shorts,0,Quần short hai tông
military_dress_uniform,0,Đồng phục lễ quân đội
print_t-shirt,7,Áo thun họa tiết
orange_underwear,7,Đồ lót màu cam
pinstripe_pants,0,Quần sọc chỉ
text_on_underwear,7,Chữ trong ảnh trên đồ lót
holding_swimsuit,0,Cầm đồ bơi
suimei_academy_school_uniform,0,Đồng phục học viện Suimei
penguin_costume,0,Trang phục cánh cụt
aqua_bra,0,Áo ngực màu xanh ngọc
broken_armor,0,Giáp bị gãy
torn_cloak,0,Áo choàng bị rách
fur_cloak,0,Áo choàng lông thú
pink_sweater_vest,0,Áo len gilê hồng
print_sweater,0,Áo len họa tiết
biting_glove,0,Đang cắn găng tay
heart_print_panties,0,Quần lót họa tiết trái tim
shimokitazawa_high_school_uniform,0,Đồng phục trường trung học phổ thông Shimokitazawa
cargo_shorts,0,Quần short túi hộp
fluffy_clothes,0,Quần áo lông xù
spiked_armor,0,Giáp có gai
panties_on_head,0,Quần lót trên đầu
oversized_pants,0,Quần quá khổ
apron_lift,0,Nhấc tạp dề
christmas_sweater,0,Áo len Giáng sinh
masturbation_under_clothes,0,Thủ dâm bên dưới quần áo
undersized_clothing,7,Trang phục quá nhỏ
slit_dress,7,Váy xẻ tà
jacket_only,7,Chỉ mặc áo khoác
overall_skirt,0,Chân váy yếm
vertical-striped_socks,0,Tất dọc kẻ sọc
orange_leotard,0,Leotard cam
aqua_shorts,0,Quần short màu xanh ngọc
underwear_writing,0,Viết lên đồ lót
brown_robe,0,Áo choàng nâu
fur_boots,0,Bốt lông
unworn_bikini,0,Bikini không mặc
hand_in_pants,0,Bàn tay trong quần dài
aqua_sleeves,0,Tay áo xanh ngọc
bikini_shorts,0,Quần short bikini
penis_clothing,7,Trang phục dương vật
lace_sleeves,0,Tay áo ren
winged_shoes,0,Giày có cánh
bikini_aside,7,Kéo đồ bơi bikini sang bên
unzipped_pants,7,Quần dài kéo khóa
kimono_lift,0,Nâng lên kimono
orange_coat,0,Áo khoác màu cam
aria_company_uniform,0,Đồng phục Aria Company
sweater_only,7,Chỉ mặc áo len
pattern_thigh_socks,7,Tất đùi hoa văn
aqua_leotard,0,Leotard xanh ngọc
cross-laced_skirt,0,Chân váy chữ thập buộc dây
wringing_clothes,0,Đang vắt quần áo
scale_armor,0,Giáp vảy
armored_leotard,0,Leotard bọc giáp
keizoku_military_uniform,0,Đồng phục quân đội Keizoku
white_elbow_gloves,7,Găng tay khuỷu tay màu trắng
strapless_one-piece_swimsuit,0,Đồ bơi không quai một mảnh
see-through_panties,0,Quần lót xuyên thấu
pointy_shoes,0,Giày nhọn
aqua_thighhighs,0,Tất cao đùi xanh ngọc
jacket_lift,0,Nhấc áo khoác
male_underwear_peek,0,Đồ lót nam lấp ló
two-sided_skirt,0,Chân váy mặt hai
glove_cutout,0,Lỗ cắt găng tay
shoes_removed,7,Giày đã tháo ra
vibrator_in_thigh_strap,0,Đồ chơi rung trong đai đùi
clothes_pin,0,Ghim quần áo
kiyosumi_school_uniform,0,Đồng phục trường Kiyosumi
argyle_sweater,0,Áo len kẻ quả thoi
skirt_flip,0,Cái lật chân váy
single-shoulder_dress,0,Váy vai một chiếc
armored_bodysuit,0,Đồ liền thân bọc giáp
leaf_clothing,0,Trang phục chiếc lá
rabbit_costume,0,Trang phục thỏ
pattern_sweater,7,Áo len hoa văn
latex_thighhighs,0,Tất cao đùi cao su
orange_apron,0,Tạp dề màu cam
torn_swimsuit,0,Đồ bơi bị rách
underwear_sex,7,Quan hệ qua lớp đồ lót
leopard_print_bikini,0,Bikini họa tiết báo
track_uniform,0,Đồng phục điền kinh
monotone_underwear,7,Đồ lót một tông
clothing_bow,7,Nơ trên quần áo
male_underwear_pull,0,Đang kéo đồ lót nam
champion_uniform_(pokemon),0,Đồng phục Champion
fur-trimmed_leotard,0,Leotard lông thú viền
smelling_clothes,0,Ngửi quần áo
yellow_armor,0,Giáp vàng
checkered_dress,0,Váy kẻ ca-rô
konohagakure_shinobi_uniform,0,Đồng phục Konohagakure Shinobi
leather_footwear,0,Giày dép da
striped_thigh_socks,7,Tất đùi kẻ sọc
shirt_around_waist,0,Áo sơ mi quanh eo
kamiyama_high_school_uniform_(hyouka),0,Đồng phục trường trung học phổ thông Kamiyama
last_defense_academy_school_uniform,0,Đồng phục học viện Last Defense
wagnaria_uniform,0,Đồng phục Wagnaria
nanairogaoka_middle_school_uniform,0,Đồng phục trường trung học cơ sở Nanairogaoka
pink_sports_bra,0,Áo ngực thể thao màu hồng
sweatshirt,7,Áo nỉ
arm_out_of_sleeve,0,Dạng cánh tay ra tay áo
sports_bra_lift,0,Nhấc áo ngực thể thao
vaginal_fluids_through_clothing,7,Dịch âm đạo xuyên qua trang phục
purple_sweater_vest,0,Áo len gilê tím
pravda_school_uniform,0,Đồng phục trường Pravda
keyhole_clothing,7,Trang phục lỗ khóa
striped_swimwear,7,Đồ bơi kẻ sọc
checkered_clothing,7,Trang phục kẻ ca-rô
akatsuki_uniform,0,Đồng phục Akatsuki
cow_costume,0,Trang phục bò
fuurinkan_high_school_uniform,0,Đồng phục trường trung học phổ thông Fuurinkan
ankle_strap_heels,7,Giày cao gót dây cổ chân
grey_robe,0,Áo choàng xám
aqua_pants,0,Quần màu xanh ngọc
cross-laced_bikini,0,Bikini chữ thập buộc dây
latex_underwear,0,Đồ lót cao su
mismatched_thighhighs,0,Tất cao đùi lệch đôi
two-tone_sleeves,0,Tay áo hai tông
pattern_skirt,7,Chân váy có hoa văn
print_pants,0,Quần họa tiết
orange_bra,0,Áo ngực màu cam
backless_panties,0,Quần lót hở lưng
yellow_one-piece_swimsuit,0,Đồ bơi một mảnh màu vàng
unworn_shorts,0,Quần short không mặc
strawberry_print_panties,0,Quần lót họa tiết dâu tây
two_tone_shoes,7,Giày hai tông
stained_clothes,0,Quần áo vấy bẩn
fingerless_gloves_(marking),7,Găng tay hở ngón
removing_jacket,0,Đang cởi áo khoác
clothing_swap,7,Đổi quần áo
pearl_thong,0,Quần lót dây ngọc trai
satin_panties,0,Quần lót sa tanh
pants_around_ankles,0,Quần dài quanh cổ chân
flower-trimmed_sleeves,0,Tay áo hoa viền
frilly_bra,7,Áo ngực nhún diềm
workout_clothing,7,Quần áo tập thể dục
fingering_through_panties,0,Kích thích bằng ngón tay xuyên qua quần lót
lowleg_skirt,0,Chân váy cạp trễ
gold_bra,0,Áo ngực màu vàng kim
multicolored_shorts,0,Quần short nhiều màu
iridescent_clothes,0,Quần áo ánh kim
odaiba_girls_high_school_uniform,0,Đồng phục trường trung học phổ thông Odaiba Girls
purple_apron,0,Tạp dề màu tím
holding_clothes_hanger,0,Cầm móc treo quần áo
monotone_skirt,7,Chân váy một tông
bc_freedom_military_uniform,0,Đồng phục quân đội Bc Freedom
high_heeled_sandals,7,Dép quai cao gót
leggings_under_shorts,0,Quần legging bên dưới quần short
panties_under_shorts,0,Quần lót bên dưới quần short
translucent_shirt,7,Áo sơ mi bán trong suốt
wearing_collar,7,Mặc vòng cổ
floral_print_shirt,0,Áo sơ mi họa tiết thêu hoa
shirt_under_sweater,0,Áo sơ mi bên dưới áo len
hekiho_academy_school_uniform,0,Đồng phục học viện Hekiho
floral_print_skirt,0,Chân váy họa tiết thêu hoa
saunders_military_uniform,0,Đồng phục quân đội Saunders
pubic_tattoo_visible_through_clothes,0,Hình xăm vùng kín nhìn thấy được xuyên qua quần áo
panties_around_legs,7,Quần lót quanh đôi chân
print_apron,0,Tạp dề họa tiết
fur-trimmed_bikini,0,Bikini lông thú viền
micro_bra,0,Áo ngực rất nhỏ
spiked_boots,0,Bốt có gai
nipples_visible_through_clothing,7,Núm vú nhìn thấy được xuyên qua trang phục
shirt_bow,0,Nơ trên áo sơ mi
unworn_cape,0,Áo choàng không mặc
ribbon-trimmed_bikini,0,Bikini ruy băng viền
taut_leotard,0,Leotard căng chặt
skirt_basket,0,Váy dạng giỏ
plaid_shorts,0,Quần short kẻ caro
reverse_bunny_costume,7,Trang phục thỏ ngược
silver_dress,0,Váy bạc
red_t-shirt,7,Áo thun đỏ
zipper_dress,0,Váy khóa kéo
orange_footwear,7,Giày dép cam
tan_pants,7,Quần màu nâu rám nắng
hooded_track_jacket,0,Áo khoác điền kinh có mũ trùm
kanba_girls_high_school_uniform,0,Đồng phục trường trung học phổ thông Kanba Girls
ribbon-trimmed_shirt,0,Áo sơ mi ruy băng viền
cardigan_under_jacket,0,Áo cardigan bên dưới áo khoác
red_male_underwear,0,Đồ lót nam màu đỏ
aqua_vest,0,Áo ghi-lê màu xanh ngọc
robe_only,7,Chỉ có áo choàng dài
furgonomic_footwear,7,Giày dép nửa người nửa thú
yellow_sports_bra,0,Áo ngực thể thao màu vàng
tokisadame_school_uniform,0,Đồng phục trường Tokisadame
bikini_top_under_shirt,0,Áo bikini bên dưới áo sơ mi
pantyhose_only,0,Chỉ có quần tất
yumenosaki_school_uniform,0,Đồng phục trường Yumenosaki
tsuwabuki_high_school_uniform,0,Đồng phục trường trung học phổ thông Tsuwabuki
luna_nova_school_uniform,0,Đồng phục trường Luna Nova
red_high_heels,7,Giày cao gót cao đỏ
striped_one-piece_swimsuit,0,Đồ bơi kẻ sọc một mảnh
fleur_de_lapin_uniform,0,Đồng phục Fleur De Lapin
see-through_thighhighs,0,Tất cao đùi xuyên thấu
monotone_shirt,7,Áo sơ mi một tông
multicolored_armor,0,Giáp nhiều màu
black_coat_(kingdom_hearts),0,Áo khoác màu đen
pants_only,7,Chỉ mặc quần dài
summer_pockets_school_uniform,0,Đồng phục trường Summer Pockets
single-shoulder_shirt,0,Áo sơ mi vai một chiếc
two_tone_underwear,7,Đồ lót hai tông
fur_bikini,0,Bikini lông thú
raised_dress,7,Váy dựng lên
hololive_idol_uniform_(origin),0,Đồng phục thần tượng Hololive
naked_cloak,0,Áo choàng trần
ashigaya_high_school_uniform,0,Đồng phục trường trung học phổ thông Ashigaya
presenting_underwear,7,Đồ lót chĩa ra
spiked_gloves,0,Găng tay có gai
bikini_pull,7,Đang kéo đồ bơi bikini
pinstripe_skirt,0,Chân váy sọc chỉ
pointy_boots,0,Bốt nhọn
dark_clothing,7,Trang phục sẫm
dirty_socks,7,Tất bẩn
spotted_clothing,7,Trang phục có đốm
starlight_academy_school_uniform,0,Đồng phục học viện Starlight
plaid_sleeves,0,Tay áo kẻ caro
camo_pants,7,Quần rằn ri
shorts_aside,0,Kéo quần short sang bên
band_uniform,0,Đồng phục dải băng
asian_indian_clothes,0,Quần áo Ấn Độ châu Á
latex_thigh_boots,0,Bốt đùi cao su
torn_footwear,0,Giày dép bị rách
unworn_thighhighs,0,Tất cao đùi không mặc
bikini_top_aside,0,Áo bikini lệch bên
band_shirt,0,Áo sơ mi dải băng
high_heels_only,7,Chỉ có giày cao gót
youtou_high_school_uniform,0,Đồng phục trường trung học phổ thông Youtou
tan_shirt,7,Áo nâu rám nắng
adapted_uniform,0,Đồng phục Adapted
hooded_shirt,0,Áo sơ mi có mũ trùm
pink_stockings,7,Bít tất màu hồng
anzio_military_uniform,0,Đồng phục quân đội Anzio
halter_leotard,0,Leotard dạng yếm
chaldea_staff_uniform,0,Đồng phục Chaldea Staff
gradient_skirt,0,Chân váy chuyển sắc
loose_footwear,7,Giày dép rộng
adjusting_panties,0,Đang chỉnh quần lót
gradient_kimono,0,Kimono chuyển sắc
plaid_bra,0,Áo ngực kẻ caro
asymmetrical_pants,0,Quần bất đối xứng
ashford_academy_school_uniform,0,Đồng phục học viện Ashford
azumanga_daioh's_school_uniform,0,Đồng phục trường Azumanga Daioh's
layered_gloves,0,Găng tay nhiều lớp
two-tone_vest,0,Áo ghi-lê hai tông
brown_bodysuit,0,Đồ liền thân nâu
pinstripe_vest,0,Áo ghi-lê sọc chỉ
erection_under_skirt,7,Cương cứng bên dưới chân váy
collared_leotard,0,Leotard có cổ
white_slingshot_swimsuit,0,Đồ bơi dây chéo màu trắng
ball_bra,0,Áo ngực quả bóng
blue_male_underwear,0,Đồ lót nam màu xanh dương
vertical-striped_panties,0,Quần lót kẻ sọc dọc
footwear_focus,0,Nhấn mạnh giày
fishnet_stockings,7,Bít tất lưới
multicolored_pants,0,Quần nhiều màu
see-through_bikini,0,Đồ bơi bikini xuyên thấu
green_t-shirt,7,Áo thun xanh lá
see-through_one-piece_swimsuit,0,Đồ bơi một mảnh xuyên thấu
grey_one-piece_swimsuit,0,Đồ bơi một mảnh màu xám
keyhole_underwear,7,Đồ lót lỗ khóa
vertical-striped_vest,0,Áo ghi-lê dọc kẻ sọc
armored_skirt,0,Chân váy bọc giáp
folded_clothes,0,Quần áo gấp lại
red_sweater_vest,0,Áo len gilê đỏ
cum_through_clothes,0,Tinh dịch xuyên qua quần áo
medieval_clothing,7,Trang phục trung cổ
naked_dress,0,Váy trần
two-tone_panties,0,Quần lót hai tông
sailor_swimsuit_(idolmaster),0,Đồ bơi thủy thủ
wet_skirt,0,Chân váy ướt
martial_arts_uniform,7,Đồng phục Martial Arts
panties_bulge,7,Chỗ lùm lùm quần lót
hip_armor,0,Giáp hông
unworn_pants,0,Quần không mặc
bandages_over_clothes,0,Băng gạc phía trên quần áo
multicolored_panties,0,Quần lót nhiều màu
black_thigh_boots,7,Bốt đùi màu đen
anakt_garden_uniform,0,Đồng phục Anakt Garden
dissolving_clothes,0,Quần áo đang tan ra
pantyhose_under_swimsuit,0,Quần tất bên dưới đồ bơi
raimon_soccer_uniform,0,Đồng phục Raimon Soccer
swimsuit_skirt,0,Chân váy đồ bơi
lace_thighhighs,0,Tất cao đùi ren
amestris_military_uniform,0,Đồng phục quân đội Amestris
seisho_music_academy_school_uniform,0,Đồng phục học viện Seisho Music
uneven_footwear,0,Giày dép không đều
sainan_high_school_uniform,0,Đồng phục trường trung học phổ thông Sainan
camouflage_shirt,0,Áo sơ mi rằn ri
pants_under_dress,0,Quần dài bên dưới váy liền
clothes_theft,0,Trộm quần áo
red_stockings,7,Bít tất màu đỏ
print_socks,0,Tất họa tiết
clothing_transformation,7,Biến đổi quần áo
kousaka_kirino's_school_uniform,0,Đồng phục trường Kousaka Kirino's
torn_bike_shorts,0,Quần đạp xe bị rách
cum_in_panties,0,Tinh dịch trong quần lót
sweater_pull,0,Đang kéo áo len
text_on_t-shirt,7,Chữ trong ảnh trên áo phông
single_half_glove,0,Găng tay một chiếc một nửa
yamabuki_high_school_uniform,0,Đồng phục trường trung học phổ thông Yamabuki
presenting_panties,7,Quần lót chĩa ra
split-color_clothes,0,Quần áo hai màu tách biệt
taut_swimsuit,0,Đồ bơi căng chặt
food_costume,0,Trang phục thức ăn
detached_pants,0,Quần tách rời
partially_open_shirt,0,Áo sơ mi một phần mở
taut_bodysuit,0,Đồ liền thân căng chặt
see-through_pantyhose,0,Quần tất xuyên thấu
sleeve_rolled_up,0,Tay áo cuộn lên hướng lên
hope's_peak_academy_school_uniform,0,Đồng phục học viện Hope's Peak
latex_dress,0,Váy cao su
pink_robe,0,Áo choàng hồng
translucent_dress,7,Váy bán trong suốt
black_thigh_socks,7,Tất đùi màu đen
print_swimsuit,0,Đồ bơi họa tiết
gradient_jacket,0,Áo khoác chuyển sắc
pleated_sleeves,0,Tay áo xếp ly
print_bodysuit,0,Đồ liền thân họa tiết
original_race_uniform_(umamusume),0,Đồng phục Original Race
pravda_military_uniform,0,Đồng phục quân đội Pravda
panties_around_ankles,0,Quần lót quanh cổ chân
sailor_uniform,7,Đồng phục thủy thủ
sex_toy_under_clothing,7,Đồ chơi tình dục bên dưới trang phục
liquid_clothes,0,Quần áo dạng lỏng
backless_shirt,0,Áo sơ mi hở lưng
aqua_coat,0,Áo khoác màu xanh ngọc
see-through_gloves,0,Găng tay xuyên thấu
motosu_school_uniform,0,Đồng phục trường Motosu
misaki_high_school_uniform,0,Đồng phục trường trung học phổ thông Misaki
chi-hatan_military_uniform,0,Đồng phục quân đội Chi-hatan
gold_boots,0,Bốt màu vàng kim
studded_gloves,0,Găng tay đính đinh
neck_garter,0,Dây treo cổ
cum_in_pants,7,Tinh dịch trong quần dài
untied_bikini,7,Đồ bơi bikini cởi dây
latex_pants,0,Quần cao su
bikini_in_mouth,0,Đồ bơi bikini trong miệng
discarded_underwear,7,Đồ lót đã bỏ đi
back-tie_bikini,7,Bikini cà vạt lưng
front-tie_bra,0,Áo ngực cà vạt phía trước
hololive_idol_uniform_(bright),0,Đồng phục thần tượng Hololive
two_tone_socks,7,Tất hai tông
workout_clothes,0,Quần áo tập thể dục
star_print_bikini,0,Bikini họa tiết ngôi sao
t-shirt_only,7,Chỉ có áo phông
partially_open_jacket,0,Áo khoác một phần mở
hoof_boots,7,Bốt móng guốc
high-low_skirt,0,Chân váy cao thấp
skirt_peek,0,Chân váy lấp ló
bear_print_panties,0,Quần lót họa tiết gấu
frilled_vest,0,Áo ghi-lê nhún xếp
grey_male_underwear,0,Đồ lót nam màu xám
panties_over_pantyhose,0,Quần lót phía trên quần tất
ornate_clothes,0,Quần áo cầu kỳ
ankle_garter,0,Dây treo cổ chân
st._theresa's_girls_academy_school_uniform,0,Đồng phục học viện nữ sinh St. Theresa's
print_leotard,0,Leotard họa tiết
st._chronica_academy_school_uniform,0,Đồng phục học viện St. Chronica
plaid_apron,0,Tạp dề kẻ caro
saunders_school_uniform,0,Đồng phục trường Saunders
naked_skirt,0,Chân váy trần
ejaculation_under_clothes,0,Xuất tinh bên dưới quần áo
precum_through_clothes,0,Dịch tiền xuất tinh xuyên qua quần áo
ornate_armor,0,Giáp cầu kỳ
heart_panties,7,Quần lót trái tim
torn_shoes,0,Giày bị rách
boxing_shorts,0,Quần short quyền Anh
hoof_gloves,0,Găng tay móng guốc
stile_uniform,0,Đồng phục Stile
panties_over_garter_belt,0,Quần lót phía trên thắt lưng giữ tất
green_sports_bra,0,Áo ngực thể thao màu xanh lá
yellow_jacket_(clothing),7,Áo khoác màu vàng
military_clothing,7,Trang phục quân đội
lillian_girls'_academy_school_uniform,0,Đồng phục học viện nữ sinh Lillian
black_bikini_top,7,Áo bikini màu đen
clothing_store,7,Cửa hàng quần áo
back-tie_clothing,7,Quần áo buộc sau lưng
herensuge_girls_academy_school_uniform,0,Đồng phục học viện nữ sinh Herensuge
yellow_slingshot_swimsuit,0,Đồ bơi dây chéo màu vàng
adjusting_footwear,0,Đang chỉnh giày dép
flower-trimmed_dress,0,Váy hoa viền
toyogasaki_academy_school_uniform,0,Đồng phục học viện Toyogasaki
sweaty_clothing,7,Trang phục đầm mồ hôi
torn_sweater,0,Áo len bị rách
bell_sleeves,0,Tay áo chuông
see-through_bodysuit,0,Đồ liền thân xuyên thấu
zipper_skirt,0,Chân váy khóa kéo
torn_bikini,0,Đồ bơi bikini bị rách
german_flag_bikini,0,Bikini hình cờ Đức
asymmetrical_dress,0,Váy bất đối xứng
clothing_loss,7,Mất quần áo
multicolored_pantyhose,0,Quần tất nhiều màu
side-tie_swimsuit,0,Đồ bơi cà vạt lệch bên
keizoku_school_uniform,0,Đồng phục trường Keizoku
vertical-striped_coat,0,Áo khoác dọc kẻ sọc
pulling_pants_down,7,Kéo đang kéo quần dài xuống
itan_private_high_school_uniform,0,Đồng phục trường trung học tư thục Itan
feather_dress,0,Váy lông vũ
painted_clothes,0,Quần áo vẽ họa tiết
ribbed_cardigan,0,Áo cardigan sống dọc
aqua_sweater,0,Áo len màu xanh ngọc
gradient_sleeves,0,Tay áo chuyển sắc
lowleg_shorts,0,Quần short cạp trễ
kamihama_university_affiliated_school_uniform,0,Đồng phục trường Kamihama University Affiliated
yellow_robe,0,Áo choàng vàng
keyhole_bra,7,Áo ngực lỗ khóa
infinite_stratos_academy_school_uniform,0,Đồng phục học viện Infinite Stratos
seiren_academy_school_uniform,0,Đồng phục học viện Seiren
long_hoodie,0,Áo hoodie dài
hand_in_panties,7,Bàn tay trong quần lót
latex_panties,0,Quần lót cao su
argyle_dress,0,Váy kẻ quả thoi
two-tone_pantyhose,0,Quần tất hai tông
panties_around_thighs,0,Quần lót quanh đùi
skirt_down,7,Kéo chân váy xuống
tsab_ground_military_uniform,0,Đồng phục quân đội Tsab Ground
blueberry_academy_school_uniform,0,Đồng phục học viện Blueberry
vest_lift,0,Nhấc áo gile
see-through_bra,0,Áo ngực xuyên thấu
polka_dot_thighhighs,0,Tất cao đùi chấm bi
multicolored_sweater,0,Áo len nhiều màu
white_seam_underwear,7,Đồ lót đường may màu trắng
frilly_dress,7,Váy nhún diềm
single_knee_boot,0,Bốt đầu gối một chiếc
coat_cape,7,Áo choàng áo khoác
cardigan_vest,0,Áo ghi-lê áo cardigan
gold_gloves,0,Găng tay vàng kim
rainbow_bikini,0,Bikini màu cầu vồng
orange_swimwear,7,Đồ bơi màu cam
torn_kimono,0,Áo kimono bị rách
breastless_clothing,7,Trang phục không ngực
gold_dress,0,Váy vàng kim
crotch_apron,7,Tạp dề đũng quần
mismatched_socks,0,Tất lệch đôi
advanced_nurturing_high_school_uniform,0,Đồng phục trường trung học phổ thông Advanced Nurturing
stained_clothing,7,Trang phục vấy bẩn
lace_pantyhose,0,Quần tất ren
fur-trimmed_robe,0,Áo choàng lông thú viền
aqua_boots,0,Bốt màu xanh ngọc
glove_in_mouth,0,Găng tay trong miệng
homurabara_academy_elementary_school_uniform,0,Đồng phục trường Homurabara Academy Elementary
print_boots,0,Bốt họa tiết
jacket_over_shoulder,0,Áo khoác phía trên vai
orange_cardigan,0,Áo cardigan cam
fishnet_shirt,7,Áo sơ mi lưới
kita_high_school_uniform_(subarashiki_hibi),0,Đồng phục trường Kita
ribbon-trimmed_socks,0,Tất ruy băng viền
work_uniform,7,Đồng phục lao động
adjusting_leotard,0,Đang chỉnh đồ liền thân
dildo_under_clothes,0,Dương vật giả bên dưới quần áo
zipper_leotard,0,Leotard khóa kéo
white_thigh_socks,7,Tất đùi màu trắng
asymmetrical_armor,0,Giáp bất đối xứng
belt_skirt,0,Chân váy thắt lưng
pleated_shirt,0,Áo sơ mi xếp ly
tsukumihara_academy_uniform_(fate/extra_ccc),0,Đồng phục học viện Tsukumihara
pubic_boot,7,Bốt vùng kín
aqua_cape,0,Áo choàng màu xanh ngọc
elbow_sleeve,0,Tay áo khuỷu tay
clothing_theft,7,Trộm trang phục
sheep_costume,0,Trang phục cừu
mayqueen_maid_uniform,0,Đồng phục hầu gái Mayqueen
winter_clothing,7,Trang phục mùa đông
naked_robe,0,Áo choàng trần
gloves_over_sleeves,0,Găng tay phía trên tay áo
number_on_clothing,7,Chữ số trên trang phục
side-tie_skirt,0,Chân váy cà vạt lệch bên
bikini_around_one_leg,0,Đồ bơi bikini quanh một chân
glove_pull,0,Kéo găng tay
bc_freedom_school_uniform,0,Đồng phục trường Bc Freedom
side-tie_dress,0,Váy cà vạt lệch bên
frilled_coat,0,Áo khoác nhún xếp
fur-trimmed_shoes,0,Giày lông thú viền
purple_sports_bra,0,Áo ngực thể thao màu tím
shoulderless_shirt,7,Áo không vai
impossible_sweater,0,Áo len bất khả thi
pink_armor,0,Giáp hồng
clothing_grab,7,Nắm trang phục
white_sweater_vest,0,Áo len gilê trắng
moegi_high_school_uniform,0,Đồng phục trường trung học phổ thông Moegi
argyle_socks,0,Tất kẻ quả thoi
pokemon_costume,0,Trang phục Pokémon
removing_bra,0,Đang cởi áo ngực
skimpy_dress,7,Váy ít vải
translucent_panties,7,Quần lót bán trong suốt
tiger_costume,0,Trang phục hổ
embroidered_bra,0,Áo ngực thêu
plaid_socks,0,Tất kẻ caro
military_coat,0,Áo khoác quân đội
fold-over_gloves,0,Gập phía trên găng tay
hooters_uniform,7,Đồng phục Hooters
cat_keyhole_bra,7,Áo ngực lỗ khóa mèo
angel_wing_uniform,0,Đồng phục cánh thiên thần
soviet_school_uniform,0,Đồng phục trường Soviet
toeless_shoes,7,Giày hở ngón chân
glitter_dress,0,Váy kim tuyến
single_unworn_glove,0,Găng tay một chiếc không mặc
kami_high_school_uniform,0,Đồng phục trường trung học phổ thông Kami
panties_visible_through_clothes,0,Quần lót nhìn thấy được xuyên qua quần áo
metal_gloves,0,Găng tay kim loại
bikini_tug,0,Đang kéo đồ bơi bikini
armor_plates,7,Cái đĩa giáp
short_yukata,0,Áo yukata ngắn
cum_through_pants,7,Tinh dịch xuyên qua quần dài
socks_over_pantyhose,0,Tất phía trên quần tất
sport_swimsuit,7,Đồ bơi thể thao
formal_clothing,7,Trang phục trang trọng
symbol_on_clothing,7,Biểu tượng trên trang phục
pink_high_heels,7,Giày cao gót cao hồng
yotsuba_university_affiliated_junior_high_school_uniform,0,Đồng phục trường trung học cơ sở Yotsuba University Affiliated
kobeya_uniform,0,Đồng phục Kobeya
angel's_24_uniform_(blue_archive),0,Đồng phục Angel's 24
no_coat,0,Không có áo khoác dài
black_order_uniform,0,Đồng phục Black Order
torn_bra,0,Áo ngực bị rách
aqua_socks,0,Tất màu xanh ngọc
dog_costume,0,Trang phục chó
clothes_focus,0,Trọng tâm quần áo
seishou_elementary_school_uniform,0,Đồng phục trường Seishou Elementary
plaid_coat,0,Áo khoác kẻ caro
bra_only,7,Chỉ mặc áo ngực
royal_robe,0,Áo choàng hoàng gia
side-tie_shirt,0,Áo sơ mi cà vạt lệch bên
camouflage_bikini,0,Bikini rằn ri
scout_uniform,0,Đồng phục Scout
brown_armor,0,Giáp nâu
multicolored_thigh_socks,7,Tất đùi nhiều màu
american_football_uniform,0,Đồng phục American Football
tail_under_clothes,0,Đuôi bên dưới quần áo
spiked_clothing,7,Trang phục có gai
pattern_dress,7,Váy có hoa văn
front-tie_bikini,7,Bikini cà vạt phía trước
striped_leotard,0,Leotard kẻ sọc
strapless_underwear,7,Đồ lót không quai
vertical-striped_bra,0,Áo ngực dọc kẻ sọc
kazamatsuri_institute_high_school_uniform,0,Đồng phục trường trung học phổ thông Kazamatsuri Institute
hololive_dance_practice_uniform,0,Đồng phục Hololive Dance Practice
gold_leotard,0,Leotard vàng kim
hololive_idol_uniform_(color_rise),0,Đồng phục thần tượng Hololive
padded_coat,0,Áo khoác có đệm
text_on_hoodie,7,Chữ trong ảnh trên áo hoodie
bikini_bulge,7,Chỗ lùm lùm bikini
silver_bikini,0,Bikini màu bạc
holding_unworn_cape,0,Cầm áo choàng không mặc
dress_aside,0,Kéo váy sang bên
blue_seam_underwear,7,Đồ lót đường may màu xanh dương
blood_on_gloves,0,Máu trên găng tay
kanon_school_uniform,0,Đồng phục trường Kanon
purple_stockings,7,Bít tất màu tím
golden_clothing,7,Trang phục màu vàng
putting_on_gloves,0,Đang đeo găng tay
holding_gloves,0,Cầm găng tay
clothes_in_front,0,Quần áo trong phía trước
holding_coat,0,Cầm áo khoác dài
cycling_uniform,0,Đồng phục Cycling
knights_of_blood_uniform_(sao),0,Hiệp sĩ đồng phục máu
blue_stockings,7,Bít tất màu xanh dương
two_tone_dress,7,Váy hai tông
medical_gloves,7,Găng tay y tế
american_flag_shirt,0,Áo cờ Mỹ
bikini_day,0,Ngày bikini
butterfly_print_kimono,0,Kimono họa tiết bươm bướm
winged_boots,0,Bốt có cánh
convenient_skirt,0,Chân váy tiện ích
aqua_hoodie,0,Áo hoodie xanh ngọc
souya_high_school_uniform,0,Đồng phục trường trung học phổ thông Souya
selection_university_military_uniform,0,Đồng phục quân đội Selection University
towano_high_school_uniform,0,Đồng phục trường trung học phổ thông Towano
fur-trimmed_vest,0,Áo ghi-lê lông thú viền
hooded_leotard,0,Leotard có mũ trùm
aqua_pantyhose,0,Quần tất xanh ngọc
torn_sleeve,0,Tay áo bị rách
kafuu_chino's_school_uniform,0,Đồng phục trường Kafuu Chino's
front_zipper_swimsuit_(realise),0,Đồ bơi khóa kéo phía trước
nohrian_maid_uniform,0,Đồng phục hầu gái Nohrian
ribbon_as_bra,0,Ruy băng thay áo ngực
removing_shirt,7,Đang cởi áo sơ mi
female_ejaculation_through_clothes,0,Xuất tinh nữ xuyên qua quần áo
leather_skirt,0,Chân váy da
hoto_cocoa's_school_uniform,0,Đồng phục trường Hoto Cocoa's
bikini_under_skirt,0,Đồ bơi bikini bên dưới chân váy
zipper_bikini,0,Bikini khóa kéo
cum_on_underwear,7,Tinh dịch trên đồ lót
grey_t-shirt,7,Áo thun xám
fur_clothing,7,Trang phục lông thú
pattern_gloves,7,Găng tay hoa văn
no_armor,0,Không có áo giáp
fur_sleeves,0,Tay áo lông thú
food_on_clothes,0,Thức ăn trên quần áo
no_male_underwear,0,Không có đồ lót nam
delmogeny_uniform,0,Đồng phục Delmogeny
brown_underwear,7,Đồ lót màu nâu
side_slit_dress,7,Váy xẻ tà bên
no_cape,0,Không có áo choàng
two-tone_socks,0,Tất hai tông
liu_association_south_uniform,0,Đồng phục Liu Association South
yokosuka_girls_marine_high_school_uniform,0,Đồng phục trường trung học phổ thông Yokosuka Girls Marine
underwear_on_head,0,Đồ lót trên đầu
cross-laced_shorts,0,Quần short chữ thập buộc dây
oversized_sleeves,7,Tay áo quá khổ
light_clothing,7,Trang phục nhạt
ribbed_clothing,7,Trang phục sống dọc
frilled_footwear,0,Giày dép nhún xếp
aqua_one-piece_swimsuit,0,Đồ bơi một mảnh màu xanh ngọc
flag_clothing,7,Trang phục hình cờ
blue_slingshot_swimsuit,0,Đồ bơi dây chéo màu xanh dương
polka_dot_socks,0,Tất chấm bi
glistening_footwear,7,Giày dép bóng nhẫy
cunnilingus_through_clothes,0,Kích thích âm hộ bằng miệng xuyên qua quần áo
panties_on_penis,0,Quần lót trên dương vật
shirt_grab,7,Nắm áo sơ mi
gold_thighhighs,0,Tất cao đùi vàng kim
lace-trimmed_apron,0,Tạp dề ren viền
megurigaoka_high_school_uniform,0,Đồng phục trường trung học phổ thông Megurigaoka
dildo_under_panties,0,Dương vật giả bên dưới quần lót
roman_clothes,0,Quần áo La Mã
multicolored_sleeves,0,Tay áo nhiều màu
furgonomic_underwear,7,Đồ lót nửa người nửa thú
print_cape,0,Áo choàng họa tiết
pseudo-tokyo_school_uniform,0,Đồng phục trường Pseudo-tokyo
leather_vest,0,Áo ghi-lê da
ribbon-trimmed_bra,0,Áo ngực ruy băng viền
bikini_removed,7,Đồ bơi bikini đã tháo ra
closed_toe_shoes,7,Giày ngón chân khép
closed_toe_footwear,7,Giày dép ngón chân khép
tohmi_higashi_high_school_uniform,0,Đồng phục trường trung học phổ thông Tohmi Higashi
clothes_between_exposed_breasts,0,Quần áo giữa lộ ngực
hyakkaou_academy_school_uniform,0,Đồng phục học viện Hyakkaou
tail_over_skirt,7,Đuôi phía trên chân váy
collared_bodysuit,0,Đồ liền thân có cổ
two_tone_gloves,7,Găng tay hai tông
spiked_shoes,0,Giày có gai
floral_dress,0,Váy thêu hoa
feather-trimmed_dress,0,Váy lông vũ viền
yuyushiki's_school_uniform,0,Đồng phục trường Yuyushiki's
himematsu_academy_school_uniform,0,Đồng phục học viện Himematsu
karakura_high_school_uniform,0,Đồng phục trường trung học phổ thông Karakura
adjusting_bra,0,Đang chỉnh áo ngực
oversized_jacket,0,Áo khoác quá khổ
satogahama_baseball_uniform,0,Đồng phục Satogahama Baseball
unzipped_bodysuit,7,Đồ liền thân kéo khóa
single_legwear_garter,0,Dây treo quần tất một chiếc
polka_dot_pantyhose,0,Quần tất chấm bi
camisole_over_clothes,0,Áo hai dây phía trên quần áo
shiny_footwear,0,Giày dép bóng
white_high_heels,7,Giày cao gót cao trắng
two_tone_bodysuit,7,Đồ liền thân hai tông
holding_unworn_dress,0,Cầm váy không mặc
object_in_clothes,0,Vật thể trong quần áo
asymmetrical_jacket,0,Áo khoác bất đối xứng
cow_print_sleeves,0,Tay áo họa tiết bò
text_on_panties,7,Chữ trong ảnh trên quần lót
two-tone_cloak,0,Áo choàng hai tông
backless_bodysuit,0,Đồ liền thân hở lưng
shirt_under_kimono,0,Áo sơ mi bên dưới áo kimono
camouflage_skirt,0,Chân váy rằn ri
fishnet_leotard,0,Leotard lưới
masturbation_through_clothing,7,Thủ dâm xuyên qua trang phục
undone_bikini,0,Đồ bơi bikini chưa cài
cafe_lycoreco_uniform,0,Đồng phục Cafe Lycoreco
camouflage_shorts,0,Quần short rằn ri
collared_cloak,0,Áo choàng có cổ
coat_of_arms,0,Áo khoác dài cánh tay
translucent_stockings,7,Bít tất bán trong suốt
boy_shorts,7,Quần short boxer
tokiwadai_school_gym_uniform,0,Đồng phục Tokiwadai School Gym
monotone_footwear,7,Giày dép một tông
orange_one-piece_swimsuit,0,Đồ bơi một mảnh màu cam
heart_print_underwear,7,Đồ lót họa tiết trái tim
wet_pantyhose,0,Quần tất ướt
shirt_down,0,Kéo áo sơ mi xuống
chinese_armor,0,Giáp Trung Quốc
biting_clothes,0,Đang cắn quần áo
frilled_garter,0,Dây treo nhún xếp
unworn_pantyhose,0,Quần tất không mặc
leopard_print_panties,0,Quần lót họa tiết báo
native_american_clothes,0,Trang phục người bản địa châu Mỹ
clothing_on_floor,7,Trang phục trên sàn nhà
vest_only,7,Chỉ mặc áo gile
lace-trimmed_bikini,0,Bikini ren viền
open_cloak,0,Áo choàng mở
bike_shorts_pull,0,Đang kéo quần đạp xe
knee_armor,0,Giáp đầu gối
multicolored_stockings,7,Bít tất nhiều màu
shorts_under_shorts,0,Quần short bên dưới quần short
torn_vest,0,Áo gile bị rách
bird_costume,0,Trang phục chim
front-tie_clothing,7,Quần áo buộc phía trước
orange_planet_uniform,0,Đồng phục Orange Planet
bra_down,7,Kéo áo ngực xuống
lolita_dress,7,Váy lolita
removing_shoes,0,Đang cởi giày
sparkling_clothing,7,Trang phục lấp lánh
kibina_high_school_uniform,0,Đồng phục trường trung học phổ thông Kibina
glistening_bodysuit,7,Đồ liền thân bóng nhẫy
ludvico_private_girls'_academy_school_uniform,0,Đồng phục học viện nữ sinh Ludvico Private
loose_bikini,0,Bikini rộng
himeya_company_uniform,0,Đồng phục Himeya Company
neck-tie_bikini,7,Bikini cà vạt cổ
tail_growth_in_pants,7,Sự mọc đuôi trong quần dài
hoshinoumi_academy_school_uniform,0,Đồng phục học viện Hoshinoumi
putting_on_footwear,0,Đang mặc giày dép
gradient_gloves,0,Găng tay chuyển sắc
ribbon-trimmed_gloves,0,Găng tay ruy băng viền
raised_sweater,7,Áo len dựng lên
lace_stockings,7,Bít tất ren
highleg_dress,0,Váy cắt cao
leopard_print_bra,0,Áo ngực họa tiết báo
floral_print_panties,0,Quần lót họa tiết thêu hoa
dragon_costume,0,Trang phục rồng
multicolored_bra,0,Áo ngực nhiều màu
pattern_bra,7,Áo ngực hoa văn
fuuka_academy_school_uniform,0,Đồng phục học viện Fuuka
hakuo_school_uniform,0,Đồng phục trường Hakuo
pinstripe_kimono,0,Kimono sọc chỉ
orange_sports_bra,0,Áo ngực thể thao màu cam
floral_print_bra,0,Áo ngực họa tiết thêu hoa
green_male_underwear,0,Đồ lót nam màu xanh lá
tsab_air_military_uniform,0,Đồng phục quân đội Tsab Air
side_slit_clothing,7,Trang phục xẻ tà lệch bên
vertical-striped_gloves,0,Găng tay dọc kẻ sọc
oversized_sweater,0,Áo len quá khổ
neck-tie_clothing,7,Quần áo thắt cổ
shirt_slip,0,Trượt hở áo sơ mi
print_coat,0,Áo khoác họa tiết
robe_lift,0,Nâng lên áo choàng
pants_under_shorts,0,Quần dài bên dưới quần short
floral_print_sleeves,0,Tay áo họa tiết thêu hoa
juuban_middle_school_uniform,0,Đồng phục trường trung học cơ sở Juuban
cum_on_shirt,7,Tinh dịch trên áo sơ mi
aurelia_academy_school_uniform,0,Đồng phục học viện Aurelia
ohananomitsu_high_school_uniform,0,Đồng phục trường trung học phổ thông Ohananomitsu
multicolored_t-shirt,7,Áo thun nhiều màu
metal_bikini,0,Bikini kim loại
tan_shorts,7,Quần short màu nâu rám nắng
backless_pants,0,Quần hở lưng
bikini_top_removed,7,Áo bikini đã tháo ra
hand_under_swimsuit,0,Bàn tay bên dưới đồ bơi
apron_hold,0,Cái giữ tạp dề
gingham_apron,0,Tạp dề kẻ ô vuông
team_magma_uniform,0,Đồng phục Team Magma
gradient_thighhighs,0,Tất cao đùi chuyển sắc
boob_armor,7,Giáp ngực
sweater_around_neck,0,Áo len quanh cổ
red_garter_straps,0,Dây đeo dây giữ bít tất đỏ
kimono_dress,0,Váy kimono
aqua_cardigan,0,Áo cardigan xanh ngọc
wizard_robe,7,Áo choàng phù thủy nam
swimwear_down,7,Kéo đồ bơi xuống
yamaku_high_school_uniform,0,Đồng phục trường trung học phổ thông Yamaku
single_wide_sleeve,0,Tay áo một chiếc rộng
bee_costume,0,Trang phục ong
chuo_tanegashima_high_school_uniform,0,Đồng phục trường trung học phổ thông Chuo Tanegashima
garter_belt_leggings,7,Quần legging thắt lưng dây giữ bít tất
wing_cape,0,Áo choàng cánh
twitter_hoodie,7,Áo hoodie Twitter
checkered_vest,0,Áo ghi-lê kẻ ca-rô
purple_elbow_gloves,7,Găng tay khuỷu tay màu tím
firefighter_jacket,0,Áo khoác cứu hỏa
panties_in_mouth,0,Quần lót trong miệng
nami_junior_high_school_uniform,0,Đồng phục trường trung học cơ sở Nami
red_seam_underwear,7,Đồ lót đường may màu đỏ
pink_cloak,0,Áo choàng màu hồng
achiga_school_uniform,0,Đồng phục trường Achiga
lace-trimmed_garter_belt,0,Dây treo tất ren viền
cum_on_footwear,7,Tinh dịch trên giày dép
wringing_skirt,0,Đang vắt chân váy
heel_tuft,7,Túm lông gót
cat_print_panties,0,Quần lót họa tiết mèo
partially_visible_underwear,7,Đồ lót một phần lộ rõ
purple_t-shirt,7,Áo thun tím
striped_apron,0,Tạp dề kẻ sọc
akademiya_uniform,0,Đồng phục Akademiya
holding_unworn_boots,0,Cầm bốt không mặc
tight_top,0,Áo ôm sát
fur-trimmed_armor,0,Giáp lông thú viền
shirt_behind_head,7,Áo sơ mi phía sau đầu
nudist_beach_uniform,0,Đồng phục Nudist Beach
two-tone_bra,0,Áo ngực hai tông
denim_vest,0,Áo ghi-lê jean
wet_thighhighs,0,Tất cao đùi ướt
frilled_boots,0,Bốt nhún xếp
hand_under_skirt,0,Bàn tay bên dưới chân váy
flower-trimmed_shorts,0,Quần short hoa viền
tootsuki_saryou_ryouri_gakuen_uniform,0,Đồng phục Tootsuki Saryou Ryouri Gakuen
u.a._gym_uniform,0,Đồng phục U.A. Gym
qifrey's_atelier_apprentice_uniform,0,Đồng phục Qifrey's Atelier Apprentice
quilted_clothes,0,Quần áo bông chần
tying_footwear,0,Đang buộc giày dép
checkered_sleeves,0,Tay áo kẻ ca-rô
alternate_footwear,0,Giày dép khác
waitress_uniform,7,Đồng phục Waitress
panda_costume,0,Trang phục gấu trúc
star_print_panties,0,Quần lót họa tiết ngôi sao
hebijo_academy_school_uniform,0,Đồng phục học viện Hebijo
sweater_tug,0,Đang kéo áo len
gradient_shirt,0,Áo sơ mi chuyển sắc
leaf_bikini,0,Bikini chiếc lá
dress_only,7,Chỉ mặc váy liền
tight_bulges,7,Chỗ lùm lùm ôm sát
ooarai_naval_school_uniform,0,Đồng phục trường Ooarai Naval
two_tone_thigh_socks,7,Tất đùi hai tông
medieval_armor,7,Giáp trung cổ
latex_skirt,0,Chân váy cao su
two-sided_sleeves,0,Tay áo mặt hai
unworn_kimono,0,Kimono không mặc
ribbed_panties,0,Quần lót sống dọc
tattoo_sleeve,0,Tay áo hình xăm
red_sneakers,7,Giày thể thao đỏ
print_vest,0,Áo ghi-lê họa tiết
pink_t-shirt,7,Áo thun hồng
mechanical_boots,0,Bốt cơ khí
collared_sweater,0,Áo len có cổ
red_elbow_gloves,7,Găng tay khuỷu tay màu đỏ
see-through_pants,0,Quần dài xuyên thấu
reien_girl's_academy_school_uniform,0,Đồng phục học viện Reien Girl's
tied_clothing,7,Trang phục được buộc
national_shin_ooshima_school_uniform,0,Đồng phục trường National Shin Ooshima
penis_under_skirt,7,Dương vật bên dưới chân váy
ama_usa_an_uniform,0,Đồng phục Ama Usa An
checkered_bikini,0,Bikini kẻ ca-rô
demon_costume,0,Trang phục quỷ
jacket_vest,7,Áo ghi-lê áo khoác
heel,7,Gót chân
paprika_private_academy_school_uniform,0,Đồng phục học viện tư thục Paprika
orange_armor,0,Giáp cam
kouyouen_academy_school_uniform,0,Đồng phục học viện Kouyouen
kuoh_academy_school_uniform,0,Đồng phục học viện Kuoh
pulling_up_pants,7,Đang kéo lên quần dài
yellow_t-shirt,7,Áo thun vàng
piercing_through_clothes,0,Khuyên xỏ xuyên qua quần áo
pumpkin_costume,0,Trang phục bí ngô
open-back_swimsuit,7,Đồ bơi lưng mở
purple_slingshot_swimsuit,0,Đồ bơi dây chéo màu tím
sleeve_belt,0,Thắt lưng tay áo
gingham_skirt,0,Chân váy kẻ ô vuông
leg_garter,7,Dây treo chân
wandenreich_uniform,0,Đồng phục Wandenreich
stained_underwear,0,Đồ lót vấy bẩn
blue_high_heels,7,Giày cao gót cao xanh dương
holding_unworn_skirt,0,Cầm chân váy không mặc
mizuka_academy_school_uniform,0,Đồng phục học viện Mizuka
purple_garter_straps,0,Dây đeo dây giữ bít tất tím
shibahama_high_school_uniform,0,Đồng phục trường trung học phổ thông Shibahama
salt_middle_school_uniform,0,Đồng phục trường trung học cơ sở Salt
heart_pattern_underwear,7,Đồ lót hoa văn trái tim
tentacle_clothes,0,Quần áo xúc tu
frog_costume,0,Trang phục ếch
bikini_visible_through_clothes,0,Đồ bơi bikini nhìn thấy được xuyên qua quần áo
pride_color_underwear,7,Đồ lót màu tự hào
handjob_over_clothes,0,Thủ dâm bằng tay phía trên quần áo
tactical_gloves,0,Găng tay chiến thuật
raira_academy_school_uniform,0,Đồng phục học viện Raira
rhodes_island_uniform,0,Đồng phục Rhodes Island
latex_bra,0,Áo ngực cao su
blood_on_armor,0,Máu trên áo giáp
high_heeled_feet,7,Bàn chân cao có gót
multicolored_cloak,0,Áo choàng nhiều màu
mahora_academy_middle_school_uniform,0,Đồng phục trường trung học cơ sở Mahora Academy
heart_apron,0,Tạp dề trái tim
lydian_academy_school_uniform,0,Đồng phục học viện Lydian
russian_clothes,0,Quần áo Nga
hypnotic_clothing,7,Trang phục bị thôi miên
torn_boots,0,Ủng bị rách
multicolored_one-piece_swimsuit,0,Đồ bơi nhiều màu một mảnh
gym_challenge_uniform,0,Đồng phục Gym Challenge
swimsuit_lift,0,Nhấc đồ bơi
no_detached_sleeves,0,Không có tay áo rời
socks_over_thighhighs,0,Tất phía trên tất cao đùi
casual_clothing,7,Trang phục thường ngày
military_pants,7,Quần quân đội
heel-less_heels,0,Giày cao gót không có
lowleg_pantyhose,0,Quần tất cạp trễ
shoes_on,7,Đang đi giày
toeless_boots,7,Bốt kín ngón
holding_footwear,7,Cầm giày dép
animal_in_clothes,0,Động vật trong quần áo
bikini_down,7,Kéo đồ bơi bikini xuống
mermaid_costume,0,Trang phục nàng tiên cá
plum_blossom_garden_uniform_(blue_archive),0,Đồng phục Plum Blossom Garden
translucent_bra,7,Áo ngực bán trong suốt
sakae_general_school_uniform,0,Đồng phục trường Sakae General
ribbon-trimmed_panties,0,Quần lót ruy băng viền
underwear_transformation,7,Biến đổi đồ lót
plant_clothing,0,Trang phục cây cảnh
satogahama_school_uniform,0,Đồng phục trường Satogahama
vertical-striped_sweater,0,Áo len dọc kẻ sọc
wet_pants,0,Quần ướt
latex_bikini,0,Bikini cao su
cape_lift,0,Nhấc áo choàng
gradient_bikini,0,Bikini chuyển sắc
garter_belt_socks,7,Tất thắt lưng dây giữ bít tất
button_dress,0,Váy cúc
socks_with_sandals,7,Tất kèm dép xăng đan
cross-laced_one-piece_swimsuit,0,Đồ bơi chữ thập buộc dây một mảnh
cape_hold,0,Cái giữ áo choàng
christmas_tree_costume,0,Trang phục cây Giáng sinh
st._hermelin_school_uniform,0,Đồng phục trường St. Hermelin
hakusen_academy_school_uniform,0,Đồng phục học viện Hakusen
single_leg_bodysuit,0,Đồ liền thân chân một chiếc
minoseki_academy_school_uniform,0,Đồng phục học viện Minoseki
st._lucia_academy_school_uniform,0,Đồng phục học viện St. Lucia
bonyari_high_school_uniform,0,Đồng phục trường trung học phổ thông Bonyari
naval_dress_uniform,0,Đồng phục váy hải quân
wearing_helmet,7,Đội mũ bảo hiểm
gingham_dress,0,Váy kẻ ô vuông
male_underwear_aside,0,Kéo đồ lót nam sang bên
two_tone_boots,7,Bốt hai tông
see-through_coat,0,Áo khoác dài xuyên thấu
wearing_eyewear,7,Đeo kính mắt
striped_bodysuit,0,Đồ liền thân kẻ sọc
tied_bikini,7,Đồ bơi bikini được buộc
shinra_infantry_uniform,0,Đồng phục Shinra Infantry
glowing_clothes,0,Quần áo phát sáng
pants_around_legs,7,Quần dài quanh đôi chân
sweater_vest_lift,0,Nhấc áo ghi-lê len
penetration_through_clothes,0,Thâm nhập xuyên qua quần áo
wearing_gloves,7,Đeo găng tay
checkered_jacket,0,Áo khoác kẻ ca-rô
fur-trimmed_pants,0,Quần lông thú viền
selene_girls_school_uniform,0,Đồng phục trường nữ sinh Selene
cross-laced_leotard,0,Leotard chữ thập buộc dây
bra_slip,0,Trượt hở áo ngực
underwear_theft,0,Trộm đồ lót
rouman_academy_school_uniform,0,Đồng phục học viện Rouman
raised_hoodie,7,Áo hoodie dựng lên
asymmetrical_bodysuit,0,Đồ liền thân bất đối xứng
text_on_apron,7,Chữ trong ảnh trên tạp dề
unworn_armor,0,Giáp không mặc
white_sneakers,7,Giày thể thao trắng
bow_apron,0,Tạp dề nơ
removing_glove,0,Đang cởi găng tay
unbuttoned_jacket,0,Áo khoác mở khuy
monotone_pants,7,Quần một tông
kazekoshi_school_uniform,0,Đồng phục trường Kazekoshi
glistening_gloves,7,Găng tay bóng nhẫy
devil_costume,7,Trang phục quỷ
feather-trimmed_jacket,0,Áo khoác lông vũ viền
asymmetrical_skirt,0,Chân váy bất đối xứng
leaf_skirt,0,Chân váy chiếc lá
spiked_footwear,7,Giày dép có gai
octavinelle_dorm_uniform,0,Đồng phục ký túc xá Octavinelle
celestial_being_uniform,0,Đồng phục Celestial Being
furgonomic_pants,7,Quần nửa người nửa thú
verone_gakuin_school_uniform,0,Đồng phục trường Verone Gakuin
wet_shorts,0,Quần short ướt
fujimi_high_school_uniform,0,Đồng phục trường trung học phổ thông Fujimi
lingerie_panties,7,Quần lót đồ lót nữ
bra_over_clothes,0,Áo ngực phía trên quần áo
penis_through_underwear,7,Dương vật xuyên qua đồ lót
dress_pants,7,Quần váy
glistening_underwear,7,Đồ lót bóng nhẫy
oogai_daiichi_middle_school_uniform,0,Đồng phục trường trung học cơ sở Oogai Daiichi
army_uniform,7,Đồng phục lục quân
silver_armor,0,Giáp bạc
checkered_sweater_vest,0,Áo len gilê kẻ ca-rô
homeworld_gem_uniform,0,Đồng phục Homeworld Gem
orange_sweater_vest,0,Áo len gilê cam
print_male_underwear,0,Đồ lót nam họa tiết
feather_coat,0,Áo khoác lông vũ
living_doll_uniform,0,Đồng phục Living Doll
shirt_rolled_up,0,Áo sơ mi cuộn lên hướng lên
argyle_shirt,0,Áo sơ mi kẻ quả thoi
rabbit_print_panties,0,Quần lót họa tiết thỏ
pattern_t-shirt,7,Áo thun hoa văn
open_toe_heels,7,Giày cao gót ngón chân mở
tsab_executive_military_uniform,0,Đồng phục quân đội Tsab Executive
utnapishtim_operator_uniform_(blue_archive),0,Đồng phục Utnapishtim Operator
pantyhose_around_one_leg,0,Quần tất quanh một chân
sneakers_only,7,Chỉ có giày thể thao
zipper_footwear,0,Giày dép khóa kéo
hand_under_clothing,7,Bàn tay bên dưới trang phục
white_with_red_hearts_underwear,7,Màu trắng kèm đồ lót trái tim màu đỏ
two_tone_shorts,7,Quần short hai tông
under_clothes,7,Đồ mặc trong quần áo
tsukumihara_academy_uniform_(fate/extra),0,Đồng phục học viện Tsukumihara
head_under_skirt,0,Đầu bên dưới chân váy
removing_pants,0,Đang cởi quần dài
polished_shoes,0,Giày bóng bẩy
logo_on_clothing,7,Logo trên trang phục
brown_fingerless_gloves,7,Găng tay hở ngón màu nâu
tight_belly,7,Bụng ôm sát
holding_pants,0,Cầm quần dài
zaft_uniform,0,Đồng phục Zaft
diagonal-striped_shirt,0,Áo sơ mi chéo kẻ sọc
lace_garter_belt,0,Dây treo tất ren
maid_leotard,0,Leotard hầu gái
erection_under_shirt,0,Cương cứng bên dưới áo sơ mi
kunugigaoka_middle_school_uniform,0,Đồng phục trường trung học cơ sở Kunugigaoka
teal_shirt,7,Áo xanh cổ vịt
see-through_cape,0,Áo choàng xuyên thấu
tying_apron,0,Đang buộc tạp dề
puffy_dress,0,Váy phồng
two_tone_jacket,7,Áo khoác hai tông
shirt_logo,7,Logo áo sơ mi
aoshidan_school_uniform,0,Đồng phục trường Aoshidan
presenting_bra,0,Áo ngực chĩa ra
silver_shoes,0,Giày màu bạc
gokugetsu_gakuen_school_uniform,0,Đồng phục học viện Gokugetsu
asagami_private_girls_acadamy_uniform,0,Đồng phục Asagami Private Girls Acadamy
pants_around_thighs,0,Quần dài quanh đùi
taut_skirt,0,Chân váy căng chặt
shiraitodai_school_uniform,0,Đồng phục trường Shiraitodai
jacket_tug,0,Đang kéo áo khoác
purple_garter_belt,0,Dây treo tất tím
fox_costume,0,Trang phục cáo
pattern_shorts,7,Quần short hoa văn
biting_shirt,7,Đang cắn áo sơ mi
orange_t-shirt,7,Áo thun cam
leather_shorts,0,Quần short da
cow_print_elbow_gloves,7,Găng tay khuỷu tay họa tiết bò
naked_boots,0,Bốt trần
biting_clothing,7,Đang cắn trang phục
orange_robe,0,Áo choàng cam
argyle_footwear,0,Giày dép kẻ quả thoi
paizuri_over_clothes,0,Ép ngực vào dương vật phía trên quần áo
mismatched_underwear,0,Đồ lót lệch đôi
asymmetrical_shirt,0,Áo sơ mi bất đối xứng
purple_high_heels,7,Giày cao gót cao tím
studded_jacket,0,Áo khoác đính đinh
clothes_on_bed,0,Quần áo trên giường
erection_under_underwear,7,Cương cứng bên dưới đồ lót
latex_shirt,0,Áo sơ mi cao su
embroidered_panties,0,Quần lót thêu
sandals_only,7,Chỉ đi dép xăng đan
aria_gakuen_school_uniform,0,Đồng phục học viện Aria
naked_cardigan,0,Áo cardigan trần
toeless_socks_(marking),7,Tất kín ngón
indonesian_high_school_uniform,0,Đồng phục trường trung học phổ thông Indonesian
clothing_down,7,Kéo trang phục xuống
satin_bra,0,Áo ngực sa tanh
knights_of_the_round_uniform,0,Đồng phục Knights Of The Round
raizen_high_school_uniform,0,Đồng phục trường trung học phổ thông Raizen
puffy_coat,0,Áo khoác phồng
pink_thigh_socks,7,Tất đùi màu hồng
black_sneakers,7,Giày thể thao đen
argyle_skirt,0,Chân váy kẻ quả thoi
hino_minami_high_school_uniform,0,Đồng phục trường trung học phổ thông Hino Minami
cardigan_lift,0,Nâng lên áo cardigan
red_garter_belt,0,Dây treo tất đỏ
tedeza_rize's_school_uniform,0,Đồng phục trường Tedeza Rize's
sideless_leotard,0,Leotard hở bên
karasuno_volleyball_uniform,0,Đồng phục Karasuno Volleyball
tan_sweater,7,Áo len màu nâu rám nắng
gold_panties,0,Quần lót vàng kim
fur_gloves,0,Găng tay lông thú
ribbon-trimmed_kimono,0,Kimono ruy băng viền
detached_cape,0,Áo choàng tách rời
bikini_over_clothes,0,Đồ bơi bikini phía trên quần áo
gold_slingshot_swimsuit,0,Đồ bơi dây chéo màu vàng kim
blue_dress_shirt,7,Áo sơ mi váy màu xanh dương
multicolored_elbow_gloves,7,Găng tay khuỷu tay nhiều màu
unworn_sweater,0,Áo len không mặc
seven_sisters_high_school_uniform,0,Đồng phục trường trung học phổ thông Seven Sisters
blood_on_dress,0,Máu trên váy liền
leaf_dress,0,Váy chiếc lá
see-through_footwear,0,Giày dép xuyên thấu
tiger_print_bikini,0,Bikini họa tiết hổ
lace_dress,0,Váy ren
hanzou_academy_school_uniform,0,Đồng phục học viện Hanzou
shirt_on_shoulders,0,Áo sơ mi trên vai
impossible_jacket,0,Áo khoác bất khả thi
fishnet_underwear,7,Đồ lót lưới
sweater_under_shirt,0,Áo len bên dưới áo sơ mi
tugging_clothing,7,Đang kéo trang phục
torn_robe,0,Áo choàng dài bị rách
pleated_pants,0,Quần xếp ly
skirt_rolled_up,0,Chân váy cuộn lên hướng lên
rokubanchou_school_uniform,0,Đồng phục trường Rokubanchou
living_underwear,7,Đồ lót có sự sống
two_tone_panties,7,Quần lót hai tông
sanshuu_middle_school_uniform,0,Đồng phục trường trung học cơ sở Sanshuu
cum_on_panties,7,Tinh dịch trên quần lót
orange_cloak,0,Áo choàng màu cam
red_bikini_top,7,Áo bikini màu đỏ
wet_male_underwear,0,Đồ lót nam ướt
bodysuit_pull,0,Đang kéo đồ liền thân
dirty_underwear,7,Đồ lót bẩn
gradient_pants,0,Quần chuyển sắc
breastless_leotard,0,Leotard không ngực
striped_cardigan,0,Áo cardigan kẻ sọc
polka_dot_shorts,0,Quần short chấm bi
ribbon-trimmed_apron,0,Tạp dề ruy băng viền
kimono_on_shoulders,0,Áo kimono trên vai
snow_boots,0,Bốt đi tuyết
pink_elbow_gloves,7,Găng tay khuỷu tay màu hồng
st._michael's_school_uniform,0,Đồng phục trường St. Michael's
lace_shirt,0,Áo sơ mi ren
hakuryou_high_school_uniform,0,Đồng phục trường trung học phổ thông Hakuryou
yellow_male_underwear,0,Đồ lót nam màu vàng
gradient_pantyhose,0,Quần tất chuyển sắc
misaki_municipal_high_school_uniform,0,Đồng phục trường trung học phổ thông Misaki Municipal
brown_sports_bra,0,Áo ngực thể thao màu nâu
two_tone_t-shirt,7,Áo thun hai tông
cum_in_footwear,0,Tinh dịch trong giày dép
kikka_academy_school_uniform,0,Đồng phục học viện Kikka
underwear_on_face,7,Đồ lót trên khuôn mặt
discarded_panties,7,Quần lót đã bỏ đi
myoudou_gakuen_middle_school_uniform,0,Đồng phục trường trung học cơ sở Myoudou Gakuen
minegahara_high_school_uniform,0,Đồng phục trường trung học phổ thông Minegahara
baseball_glove,7,Găng tay bóng chày
l'ecole_des_cinq_lumieres_school_uniform,0,Đồng phục trường L'ecole Des Cinq Lumieres
burning_clothes,0,Quần áo đang cháy
monotone_gloves,7,Găng tay một tông
skimpy_underwear,7,Đồ lót ít vải
thigh_stockings,7,Bít tất đùi
two_tone_pants,7,Quần hai tông
rugby_uniform,0,Đồng phục Rugby
work_gloves,0,Găng tay lao động
chi-hatan_school_uniform,0,Đồng phục trường Chi-hatan
glowing_clothing,7,Trang phục phát sáng
skeletal_clothes,0,Quần áo hình bộ xương
discarded_footwear,7,Giày dép đã bỏ đi
seiyo_academy_school_uniform,0,Đồng phục học viện Seiyo
tube_socks,0,Tất dạng ống
blue_bikini_top,7,Áo bikini màu xanh dương
hoof_shoes,0,Giày móng guốc
shirt_behind_neck,0,Áo sơ mi phía sau cổ
ginkgo_guild_uniform,0,Đồng phục Ginkgo Guild
food_as_clothes,0,Thức ăn thay quần áo
lace-trimmed_kimono,0,Kimono ren viền
balls_in_panties,7,Tinh hoàn trong quần lót
asymmetrical_clothing,7,Trang phục bất đối xứng
kasamatsu_tracen_training_uniform,0,Đồng phục tập luyện Kasamatsu Tracen
striped_t-shirt,7,Áo thun kẻ sọc
socks_removed,7,Tất đã tháo ra
living_armor,0,Giáp có sự sống
thigh_armor,0,Giáp đùi
sideless_clothing,7,Trang phục hở bên
armored_shoes,0,Giày bọc giáp
asymmetrical_shorts,0,Quần short bất đối xứng
sideless_swimsuit,0,Đồ bơi hở bên
toeless_heels,7,Giày cao gót hở ngón chân
pants_lift,0,Nhấc quần dài
latex_shorts,0,Quần short cao su
pattern_elbow_gloves,7,Găng tay khuỷu tay hoa văn
coat_only,7,Chỉ mặc áo khoác dài
chicken_costume,0,Trang phục gà
pink_slingshot_swimsuit,0,Đồ bơi dây chéo màu hồng
lace-trimmed_socks,0,Tất ren viền
paw_socks,0,Tất chân thú
jacket_grab,0,Nắm áo khoác
wonderbolts_uniform,7,Đồng phục Wonderbolts
clothed_male_underwear_female,0,Nhân vật nữ đồ lót nam mặc đồ
jeans_down,7,Quần jean hướng xuống
akiha_school_uniform,0,Đồng phục trường Akiha
shoulderless_sweater,7,Áo len không vai
blue_garter_straps,0,Dây đeo dây giữ bít tất xanh dương
torn_hoodie,0,Áo hoodie bị rách
atlas_academy_uniform,0,Đồng phục học viện Atlas
drying_clothes,0,Đang sấy quần áo
black_seam_underwear,7,Đồ lót đường may màu đen
shirt_hold,0,Nắm áo sơ mi
satin_bikini,0,Bikini sa tanh
fur_skirt,0,Chân váy lông thú
grey_stockings,7,Bít tất màu xám
glistening_pants,7,Quần bóng nhẫy
coat_lift,0,Nhấc áo khoác dài
panties_under_bike_shorts,0,Quần lót bên dưới quần đạp xe
translucent_skirt,7,Chân váy bán trong suốt
heart_pattern_panties,7,Quần lót hoa văn trái tim
blue_elbow_gloves,7,Găng tay khuỷu tay màu xanh dương
pinstripe_thighhighs,0,Tất cao đùi sọc chỉ
aogami_high_school_uniform,0,Đồng phục trường trung học phổ thông Aogami
kafra_uniform,0,Đồng phục Kafra
pink_garter_straps,0,Dây đeo dây giữ bít tất hồng
basketball_shorts,0,Quần short bóng rổ
knight_armor,7,Giáp hiệp sĩ
naked_gloves,0,Găng tay trần
pride_color_shirt,7,Áo sơ mi màu tự hào
tomoeda_middle_school_uniform,0,Đồng phục trường trung học cơ sở Tomoeda
hooded_kimono,0,Kimono có mũ trùm
studded_garter_belt,0,Dây treo tất đính đinh
argyle_sleeves,0,Tay áo kẻ quả thoi
frilled_pants,0,Quần nhún xếp
dress_under_shirt,0,Váy liền bên dưới áo sơ mi
gradient_boots,0,Bốt chuyển sắc
panties_day,0,Ngày quần lót
cum_on_gloves,0,Tinh dịch trên găng tay
striped_elbow_gloves,7,Găng tay khuỷu tay kẻ sọc
fur-trimmed_sweater,0,Áo len lông thú viền
print_slingshot_swimsuit,0,Đồ bơi dây chéo họa tiết
dress_over_shirt,0,Váy liền phía trên áo sơ mi
green_stockings,7,Bít tất màu xanh lá
lcb_uniform_(project_moon),0,Đồng phục Lcb
unworn_vest,0,Áo ghi-lê không mặc
multicolored_vest,0,Áo ghi-lê nhiều màu
tail_armor,0,Giáp đuôi
glowing_armor,0,Giáp phát sáng
blood_on_shoes,0,Máu trên giày
highleg_swimwear,7,Đồ bơi cắt cao
polka_dot_one-piece_swimsuit,0,Đồ bơi chấm bi một mảnh
holding_armor,7,Cầm áo giáp
sex_through_clothing,7,Quan hệ tình dục xuyên qua trang phục
hand_bikini,7,Bikini bàn tay
metal_bra,0,Áo ngực kim loại
flower_panties,0,Quần lót hoa
oversized_hoodie,7,Áo hoodie quá khổ
hand_under_shorts,0,Bàn tay bên dưới quần short
bow_dress,7,Váy nơ
yomiyama_north_junior_high_school_uniform,0,Đồng phục trường trung học cơ sở Yomiyama North
black_santa_costume,0,Trang phục ông già Noel đen
mihama_junior_high_school_uniform,0,Đồng phục trường trung học cơ sở Mihama
two-sided_hoodie,0,Áo hoodie mặt hai
numbers'_uniform,0,Đồng phục Numbers'
fur-trimmed_bodysuit,0,Đồ liền thân lông thú viền
pilot_uniform,0,Đồng phục phi công
unofficial_sailor_senshi_uniform,0,Đồng phục Unofficial Sailor Senshi
frilled_dress_collar,0,Cổ áo váy nhún xếp
sao_survivor_school_uniform,0,Đồng phục trường Sao Survivor
taut_sweater,0,Áo len căng chặt
dress_vest,0,Áo ghi-lê váy
strapless_swimwear,7,Đồ bơi không quai
skeleton_costume,0,Trang phục bộ xương
multicolored_robe,0,Áo choàng nhiều màu
see-through_slingshot_swimsuit,0,Đồ bơi dây chéo xuyên thấu
sailor_one-piece_swimsuit,0,Đồ bơi thủy thủ một mảnh
adjusting_clothing,7,Đang chỉnh trang phục
polka_dot_underwear,0,Đồ lót chấm bi
long_boots,7,Bốt dài
apron_tug,0,Đang kéo tạp dề
gingham_shirt,0,Áo sơ mi kẻ ô vuông
saikai_academy_school_uniform,0,Đồng phục học viện Saikai
small_clothing,7,Trang phục nhỏ
burnt_clothing,7,Trang phục cháy
ouran_high_school_uniform,0,Đồng phục trường trung học phổ thông Ouran
finger_under_clothes,0,Ngón tay bên dưới quần áo
team_galactic_uniform,0,Đồng phục Team Galactic
mermaid_dress,0,Váy nàng tiên cá
boots_removed,7,Ủng đã tháo ra
sakakino_academy_school_uniform,0,Đồng phục học viện Sakakino
checkered_thighhighs,0,Tất cao đùi kẻ ca-rô
limbus_kindergarten_uniform,0,Đồng phục Limbus Kindergarten
bra_through_clothing,7,Áo ngực xuyên qua trang phục
loose_pants,0,Quần rộng
turtleneck_one-piece_swimsuit,0,Đồ bơi cổ lọ một mảnh
leather_underwear,7,Đồ lót da
print_shoes,0,Giày họa tiết
gradient_cape,0,Áo choàng chuyển sắc
gloves_over_elbow_gloves,0,Găng tay phía trên găng tay dài quá khuỷu
frilled_cape,0,Áo choàng nhún xếp
unzipped_jacket,7,Áo khoác kéo khóa
spread_anus_under_clothes,0,Hậu môn dạng ra bên dưới quần áo
monotone_panties,7,Quần lót một tông
fur-trimmed_bra,0,Áo ngực lông thú viền
text_on_shorts,7,Chữ trong ảnh trên quần short
paw_sleeves,0,Tay áo chân thú
mechanical_gloves,0,Găng tay cơ khí
bra_aside,0,Kéo áo ngực sang bên
chef_uniform,7,Đồng phục đầu bếp
tight_skirt,7,Chân váy ôm sát
double_bikini,0,Bikini kép
swimsuit_tug,0,Đang kéo đồ bơi
costume_transformation,7,Sự biến đổi trang phục
u.a._cheerleader_uniform,0,Đồng phục cổ động viên U.A.
floating_armor,0,Áo giáp lơ lửng
aqua_apron,0,Tạp dề màu xanh ngọc
tight_swimwear,7,Đồ bơi ôm sát
cinq_association_east_uniform,0,Đồng phục Cinq Association East
mihama_private_academy_school_uniform,0,Đồng phục học viện tư thục Mihama
striped_cape,0,Áo choàng kẻ sọc
two_tone_hoodie,7,Áo hoodie hai tông
mizuna_girls'_academy_school_uniform,0,Đồng phục học viện nữ sinh Mizuna
argyle_sweater_vest,0,Áo len gilê kẻ quả thoi
bow_swimsuit,0,Đồ bơi nơ
polka_dot_apron,0,Tạp dề chấm bi
tied_sweater,0,Áo len được buộc
embroidered_dress,0,Váy thêu
first_high_school_uniform,0,Đồng phục trường trung học phổ thông First
monotone_socks,7,Tất một tông
strapless_bodysuit,0,Đồ liền thân không quai
layered_shorts,0,Quần short nhiều lớp
mizukawa_school_uniform,0,Đồng phục trường Mizukawa
putting_on_clothes,7,Đang mặc quần áo
clothing_in_mouth,7,Trang phục trong miệng
starfish_bra,7,Áo ngực sao biển
diaper_under_skirt,7,Tã lót bên dưới chân váy
smelling_underwear,0,Ngửi đồ lót
tan_footwear,7,Giày dép nâu rám nắng
suggestive_shirt,7,Áo sơ mi gợi cảm
panties_removed,7,Quần lót đã tháo ra
fishnet_bra,0,Áo ngực lưới
dream_c_club_uniform,0,Đồng phục Dream C Club
futuristic_armor,7,Giáp tương lai
exposed_panties,7,Lộ quần lót
penis_under_shirt,7,Dương vật bên dưới áo sơ mi
ribbed_vest,0,Áo ghi-lê sống dọc
nakabayashi_yoshitaka's_maid_uniform,0,Đồng phục hầu gái Nakabayashi Yoshitaka's
ooarai_volleyball_uniform,0,Đồng phục Ooarai Volleyball
naked_costume,0,Trang phục trần
lion_costume,0,Trang phục sư tử
ranoa_magic_academy_school_uniform,0,Đồng phục học viện Ranoa Magic
misato_west_high_school_uniform,0,Đồng phục trường trung học phổ thông Misato West
brown_one-piece_swimsuit,0,Đồ bơi một mảnh màu nâu
pattern_vest,7,Áo ghi-lê hoa văn
boot_on_balls,7,Bốt trên tinh hoàn
two-tone_robe,0,Áo choàng hai tông
tight_balls,7,Tinh hoàn ôm sát
skirt_around_ankles,0,Chân váy quanh cổ chân
cross-laced_gloves,0,Găng tay chữ thập buộc dây
cross-laced_jacket,0,Áo khoác chữ thập buộc dây
two_tone_stockings,7,Bít tất hai tông
cross-laced_pants,0,Quần chữ thập buộc dây
dress_ruff,0,Diềm cổ váy
no_cardigan,0,Không có áo cardigan
laced_boots,7,Bốt buộc dây
tsuruga_school_uniform,0,Đồng phục trường Tsuruga
glistening_dress,7,Váy bóng nhẫy
teitan_high_school_uniform,0,Đồng phục trường trung học phổ thông Teitan
monotone_shorts,7,Quần short một tông
wearing_chastity_belt,7,Thắt đai cấm dục
spiked_cape,0,Áo choàng có gai
winter_gloves,0,Găng tay mùa đông
flower_bikini,0,Bikini hoa
tight_panties,7,Quần lót ôm sát
cow_print_leotard,0,Leotard họa tiết bò
tentacle_under_clothing,7,Xúc tu bên dưới trang phục
torn_fishnet_clothing,7,Trang phục lưới bị rách
diagonal-striped_skirt,0,Chân váy chéo kẻ sọc
rainbow_skirt,0,Chân váy cầu vồng
paws_in_socks,7,Bàn chân thú trong tất
striped_sports_bra,0,Áo ngực kẻ sọc thể thao
underwear_in_mouth,7,Đồ lót trong miệng
floral_clothing,7,Trang phục thêu hoa
money_in_underwear,7,Tiền trong đồ lót
riding_boots,0,Cưỡi ủng
visible_underwear,7,Đồ lót lộ rõ
fumizuki_academy_school_uniform,0,Đồng phục học viện Fumizuki
unworn_cardigan,0,Áo cardigan không mặc
checkered_pants,0,Quần kẻ ca-rô
bra_on_head,0,Áo ngực trên đầu
swimsuit_theft,0,Trộm đồ bơi
dress_flip,0,Cái lật váy
thors_military_academy_class_vii_uniform,0,Đồng phục Thors Military Academy Class Vii
nippon_kyuuyaku_uniform,0,Đồng phục Nippon Kyuuyaku
flower-trimmed_skirt,0,Chân váy hoa viền
checkered_apron,0,Tạp dề kẻ ca-rô
orange_male_underwear,0,Đồ lót nam màu cam
two_tone_bikini,7,Bikini hai tông
anti-demon_corps_uniform,0,Đồng phục Anti-demon Corps
skirt_only,7,Chỉ mặc chân váy
kirishima_uniform,0,Đồng phục Kirishima
toe_socks,0,Tất ngón chân
dissolving_clothing,7,Trang phục đang tan ra
st._miator_school_uniform,0,Đồng phục trường St. Miator
honnoji_academy_school_uniform,0,Đồng phục học viện Honnoji
floral_print_jacket,0,Áo khoác họa tiết thêu hoa
painted_clothing,7,Trang phục vẽ họa tiết
translucent_footwear,7,Giày dép bán trong suốt
lace_socks,0,Tất ren
steel-toe_boots,0,Bốt ngón chân thép
naked_armor,0,Giáp trần
rainbow_footwear,7,Giày dép cầu vồng
argentinian_national_soccer_team_uniform,0,Đồng phục đội tuyển bóng đá quốc gia Argentinian
japanese_national_soccer_team_uniform,0,Đồng phục đội bóng đá quốc gia Nhật Bản
monotone_swimwear,7,Đồ bơi một tông
black_gothic_dress_(idolmaster),0,Váy gothic màu đen
leather_bikini,0,Bikini da
wet_jacket,0,Áo khoác ướt
pulling_down_pants,7,Đang kéo xuống quần dài
raised_underwear,7,Đồ lót dựng lên
vertical-striped_apron,0,Tạp dề dọc kẻ sọc
savanaclaw_dorm_uniform,0,Đồng phục ký túc xá Savanaclaw
looking_at_panties,0,Nhìn quần lót
kasamatsu_tracen_school_uniform,0,Đồng phục trường Kasamatsu Tracen
ribbed_swimsuit,0,Đồ bơi sống dọc
frilly_swimwear,7,Đồ bơi nhún diềm
st._feles_gakuen_uniform,0,Đồng phục St. Feles Gakuen
cow_print_panties,0,Quần lót họa tiết bò
tan_skirt,7,Chân váy nâu rám nắng
handjob_through_clothing,7,Thủ dâm bằng tay xuyên qua trang phục
crop_hoodie,7,Áo hoodie cắt ngắn
marley_military_uniform,0,Đồng phục quân đội Marley
raimon_school_uniform,0,Đồng phục trường Raimon
mischievous_straight_uniform_(blue_archive),0,Đồng phục Mischievous Straight
flower_dress,0,Váy hoa
disposable_gloves,0,Găng tay dùng một lần
senriyama_school_uniform,0,Đồng phục trường Senriyama
vertical-striped_leotard,0,Leotard dọc kẻ sọc
bondage_pants,7,Quần trói buộc
cinq_association_south_uniform,0,Đồng phục Cinq Association South
aether_foundation_uniform,0,Đồng phục Aether Foundation
anakt_arts_high_school_uniform,0,Đồng phục trường trung học phổ thông Anakt Arts
shi_association_south_uniform,0,Đồng phục Shi Association South
half-jacket,0,Áo khoác một nửa
wet_bikini,0,Bikini ướt
sword_mastery_academy_school_uniform,0,Đồng phục học viện Sword Mastery
sweater_under_jacket,0,Áo len bên dưới áo khoác
vertical-striped_one-piece_swimsuit,0,Đồ bơi dọc kẻ sọc một mảnh
starfleet_uniform,0,Đồng phục Starfleet
clothing_around_waist,7,Trang phục quanh eo
aqua_cloak,0,Áo choàng màu xanh ngọc
two_tone_sweater,7,Áo len hai tông
rainbow_socks,7,Tất màu cầu vồng
see-through_shorts,0,Quần short xuyên thấu
tight_bikini,7,Bikini ôm sát
biker_jacket,7,Áo khoác mô tô
removing_bra_under_shirt,0,Đang cởi áo ngực bên dưới áo sơ mi
barely_visible_underwear,7,Đồ lót hầu như không lộ rõ
wool_clothing,7,Trang phục len
removing_underwear,7,Đang cởi đồ lót
seven_association_south_uniform,0,Đồng phục Seven Association South
blue_thigh_socks,7,Tất đùi màu xanh dương
rainbow_pride_clothing,7,Trang phục tự hào màu cầu vồng
raised_bra,7,Áo ngực dựng lên
monotone_leotard,7,Leotard một tông
holding_shoes,7,Cầm giày
apron_pull,0,Đang kéo tạp dề
muscle_shirt,7,Áo sơ mi cơ
roubai_academy_school_uniform_(old),0,Đồng phục học viện Roubai
master_dojo_uniform,0,Đồng phục Master Dojo
ribbon-trimmed_shorts,0,Quần short ruy băng viền
shirt_aside,0,Kéo áo sơ mi sang bên
gold_one-piece_swimsuit,0,Đồ bơi một mảnh màu vàng kim
monotone_stockings,7,Bít tất một tông
dress_in_mouth,0,Váy liền trong miệng
team_skull_uniform,0,Đồng phục Team Skull
unbuttoned_sleeves,0,Tay áo mở khuy
boot_on_penis,7,Bốt trên dương vật
gold_cape,0,Áo choàng màu vàng kim
bridal_bikini,0,Bikini cô dâu
no_vest,0,Không có áo gile
bandaid_on_clothes,0,Băng cá nhân trên quần áo
pinstripe_coat,0,Áo khoác sọc chỉ
cardigan_on_shoulders,0,Áo cardigan trên vai
shiny_pantyhose,0,Quần tất bóng
strapless_kimono,0,Kimono không quai
two_tone_skirt,7,Chân váy hai tông
national_verbena_academy_school_uniform,0,Đồng phục học viện National Verbena
polka_dot_kimono,0,Kimono chấm bi
brown_male_underwear,0,Đồ lót nam màu nâu
alvis_uniform,0,Đồng phục Alvis
white_thigh_boots,7,Bốt đùi màu trắng
sparkling_dress,7,Váy lấp lánh
tight_suit,7,Bộ đồ ôm sát
glistening_stockings,7,Bít tất bóng nhẫy
unworn_apron,0,Tạp dề không mặc
cow_print_bra,0,Áo ngực họa tiết bò
hand_in_bikini,0,Bàn tay trong đồ bơi bikini
fur-trimmed_socks,0,Tất lông thú viền
christmas_dress,7,Váy Giáng sinh
metal_armor,7,Giáp kim loại
unbuttoned_shorts,7,Quần short mở khuy
satin_dress,0,Váy sa tanh
holding_bikini_top,7,Cầm áo bikini
boxing_gloves_only,7,Chỉ đeo găng tay quyền Anh
frilly_apron,7,Tạp dề nhún diềm
print_robe,0,Áo choàng họa tiết
nanahyakuichi_middle_school_uniform,0,Đồng phục trường trung học cơ sở Nanahyakuichi
winged_sleeves,0,Tay áo có cánh
domino_high_school_uniform,0,Đồng phục trường trung học phổ thông Domino
kurumi-gaoka_high_school_uniform,0,Đồng phục trường trung học phổ thông Kurumi-gaoka
high_boots,7,Bốt cao
kimono_only,7,Chỉ có áo kimono
glistening_armor,7,Giáp bóng nhẫy
leotard_lift,0,Nhấc đồ liền thân
tsab_naval_military_uniform,0,Đồng phục quân đội Tsab Naval
parasite_dress_uniform_(darling_in_the_franxx),0,Đồng phục Parasite Dress
rainbow_underwear,7,Đồ lót màu cầu vồng
heartslabyul_dorm_uniform,0,Đồng phục ký túc xá Heartslabyul
bow_garter_belt,0,Dây treo tất nơ
two_tone_elbow_gloves,7,Găng tay khuỷu tay hai tông
blue_sneakers,7,Giày thể thao xanh dương
purple_bikini_top,7,Áo bikini màu tím
unworn_hoodie,0,Áo hoodie không mặc
erection_in_underwear,7,Cương cứng trong đồ lót
glistening_shoes,7,Giày bóng nhẫy
miyamori_school_uniform,0,Đồng phục trường Miyamori
text_on_jacket,7,Chữ trong ảnh trên áo khoác
mikumo_squad's_uniform,0,Đồng phục đội Mikumo
heijou_institute_school_uniform,0,Đồng phục trường Heijou Institute
rolling_sleeves_up,0,Đang cuộn tay áo hướng lên
black_suit_jacket,7,Áo khoác vest màu đen
feather-trimmed_gloves,0,Găng tay lông vũ viền
one_glove,7,Một găng tay
floral_print_one-piece_swimsuit,0,Đồ bơi họa tiết thêu hoa một mảnh
daito_academy_school_uniform,0,Đồng phục học viện Daito
dress_up,7,Kéo váy liền lên
fishnet_panties,0,Quần lót lưới
glistening_boots,7,Bốt bóng nhẫy
erection_under_pants,7,Cương cứng bên dưới quần dài
firefighter_uniform,7,Đồng phục cứu hỏa
panties_around_ankle,7,Quần lót quanh cổ chân
two-tone_armor,0,Giáp hai tông
white_bikini_top,7,Áo bikini màu trắng
teal_dress,7,Váy xanh cổ vịt
heart_bra,0,Áo ngực trái tim
aozora_middle_school_uniform,0,Đồng phục trường trung học cơ sở Aozora
momotsuki_gakuen_school_uniform,0,Đồng phục học viện Momotsuki
corset_dress,7,Váy áo corset
two-tone_sweater_vest,0,Áo len gilê hai tông
pointed_footwear,0,Giày dép nhọn
see-through_apron,0,Tạp dề xuyên thấu
silver_bodysuit,0,Đồ liền thân bạc
red_dress_shirt,7,Áo sơ mi váy màu đỏ
text_on_bra,7,Chữ trong ảnh trên áo ngực
pulling_shirt_down,7,Kéo đang kéo áo sơ mi xuống
mismatched_shoes,0,Giày lệch đôi
elbow_gloves_only,7,Chỉ đeo găng tay dài quá khuỷu
yellow_high_heels,7,Giày cao gót cao vàng
sleeve_zipper,0,Khóa kéo tay áo
floral_print_thighhighs,0,Tất cao đùi họa tiết thêu hoa
moon_uniform_(houseki_no_kuni),0,Đồng phục mặt trăng
glistening_shorts,7,Quần short bóng nhẫy
grey_dress_shirt,7,Áo sơ mi váy màu xám
denim_dress,0,Váy jean
argyle_coat,0,Áo khoác kẻ quả thoi
exposed_underwear,7,Lộ đồ lót
aqua_sweater_vest,0,Áo len gilê xanh ngọc
marine_uniform_(one_piece),0,Đồng phục Marine
glistening_high_heels,7,Giày cao gót bóng nhẫy cao
torn_apron,0,Tạp dề bị rách
keyhole_panties,7,Quần lót lỗ khóa
see-through_sports_bra,0,Áo ngực thể thao xuyên thấu
removing_coat,0,Đang cởi áo khoác dài
hamster_costume,0,Trang phục chuột hamster
checkered_sweater,0,Áo len kẻ ca-rô
skirt_under_kimono,0,Chân váy bên dưới áo kimono
eye_patch_bikini,7,Bikini miếng vá mắt
aqua_robe,0,Áo choàng xanh ngọc
tan_hoodie,7,Áo hoodie nâu rám nắng
anakt_arts_high_school_uniform_(fading_youth),0,Đồng phục trường trung học phổ thông Anakt Arts
green_bikini_top,7,Áo bikini màu xanh lá
plaid_kimono,0,Kimono kẻ caro
button_up_skirt,0,Chân váy cài cúc
dieci_association_south_uniform,0,Đồng phục Dieci Association South
polka_dot_sleeves,0,Tay áo chấm bi
fen_cichlid_girls_academy_school_uniform,0,Đồng phục học viện nữ sinh Fen Cichlid
shindouji_school_uniform,0,Đồng phục trường Shindouji
jacket_around_neck,0,Áo khoác quanh cổ
feather_cape,0,Áo choàng lông vũ
gingham_bikini,0,Bikini kẻ ô vuông
long_pants,7,Quần dài
apron_aside,0,Kéo tạp dề sang bên
shirt_pocket,7,Túi áo sơ mi
yellow_bikini_top,7,Áo bikini màu vàng
tied_dress,0,Váy liền được buộc
lowered_pants,7,Quần dài hạ xuống
two_tone_swimwear,7,Đồ bơi hai tông
sports_bra_pull,0,Đang kéo áo ngực thể thao
shared_coat,0,Áo khoác dùng chung
security_uniform,7,Đồng phục Security
shoulderless_dress,7,Váy không vai
black_garter,0,Dây treo đen
frilly_skirt,7,Chân váy nhún diềm
leaf_bra,0,Áo ngực chiếc lá
myoudou_gakuen_high_school_uniform,0,Đồng phục trường trung học phổ thông Myoudou Gakuen
text_on_sweater,7,Chữ trong ảnh trên áo len
glistening_bikini,7,Bikini bóng nhẫy
thors_military_academy_branch_campus_uniform,0,Đồng phục Thors Military Academy Branch Campus
discarded_bra,7,Áo ngực đã bỏ đi
flower_underwear,7,Đồ lót hoa
magic_school_uniform_(mahou_girls_precure!),0,Đồng phục học đường phép thuật
gessen_academy_school_uniform,0,Đồng phục học viện Gessen
ribbed_gloves,0,Găng tay sống dọc
high-waist_dress,0,Váy eo cao
argyle_cape,0,Áo choàng kẻ quả thoi
american_flag_pants,0,Quần hình cờ Mỹ
chastity_bra,0,Áo ngực trinh tiết
red_thigh_socks,7,Tất đùi màu đỏ
bone_armor,0,Giáp xương
zipper_panties,0,Quần lót khóa kéo
swimsuit_costume,0,Trang phục đồ bơi
red_prison_magic_school_uniform,0,Đồng phục học đường phép thuật tù màu đỏ
nohrian_butler_uniform,0,Đồng phục quản gia Nohrian
brown_stockings,7,Bít tất màu nâu
purple_male_underwear,0,Đồ lót nam màu tím
tan_underwear,7,Đồ lót màu nâu rám nắng
buttplug_clothing,7,Trang phục chậu hậu môn
aqua_bodysuit,0,Đồ liền thân xanh ngọc
cropped_cardigan,0,Áo cardigan lửng
kirigaoka_girls'_academy_school_uniform,0,Đồng phục học viện nữ sinh Kirigaoka
unworn_cloak,0,Áo choàng không mặc
raised_t-shirt,7,Áo thun dựng lên
garderobe_uniform,0,Đồng phục Garderobe
alzano_school_uniform,0,Đồng phục trường Alzano
kissuisou_uniform,0,Đồng phục Kissuisou
pink_bikini_top,7,Áo bikini màu hồng
heart_shirt,7,Áo sơ mi trái tim
origami_family's_elite_guard_uniform,0,Đồng phục Origami Family's Elite Guard
kimetsu_gakuen_school_uniform,0,Đồng phục học viện Kimetsu
tearing_own_clothing,7,Đang xé trang phục của mình
polka_dot_pants,0,Quần chấm bi
grey_swimwear,7,Đồ bơi màu xám
fur_sweater,0,Áo len lông thú
nipple_sleeves,0,Tay áo núm vú
twin_clothing_bows,7,Nơ quần áo đôi
kirameki_high_school_uniform,0,Đồng phục trường trung học phổ thông Kirameki
backless_gloves,7,Găng tay hở lưng
tail_garter,0,Dây treo đuôi
pinstripe_pantyhose,0,Quần tất sọc chỉ
order_of_the_black_knights_uniform,0,Đồng phục Order Of The Black Knights
arm_stockings,7,Bít tất cánh tay
silver_gloves,0,Găng tay bạc
checkered_panties,0,Quần lót kẻ ca-rô
holding_dress,7,Cầm váy liền
pom_pom_footwear,0,Giày dép quả bông quả bông
pink_male_underwear,0,Đồ lót nam màu hồng
removed_clothing,7,Trang phục đã tháo ra
leather_leotard,0,Leotard da
fish_costume,0,Trang phục cá
clothing_removed,7,Trang phục đã tháo ra
shiba_koen_middle_school_uniform,0,Đồng phục trường trung học cơ sở Shiba Koen
tight_anus,7,Hậu môn ôm sát
fishnet_elbow_gloves,7,Găng tay khuỷu tay lưới
hawaiian_clothes,0,Quần áo Hawaii
floral_pattern_underwear,7,Đồ lót hoa văn thêu hoa
bikini_ribbon,0,Ruy băng bikini
teal_underwear,7,Đồ lót màu xanh cổ vịt
swimsuit_only,7,Chỉ mặc đồ bơi
tan_jacket,7,Áo khoác màu nâu rám nắng
feather_sleeves,0,Tay áo lông vũ
rainbow_stockings,7,Bít tất màu cầu vồng
katagiri_senior_high_school_uniform,0,Đồng phục trường trung học phổ thông Katagiri Senior
green_slingshot_swimsuit,0,Đồ bơi dây chéo màu xanh lá
wet_socks,0,Tất ướt
cum_on_skirt,0,Tinh dịch trên chân váy
diagonal-striped_bikini,0,Bikini chéo kẻ sọc
expedition_uniform,0,Đồng phục Expedition
alternate_uniform,0,Đồng phục khác
pink_garter_belt,0,Dây treo tất hồng
unzipped_shorts,7,Quần short kéo khóa
fingering_through_clothing,7,Kích thích bằng ngón tay xuyên qua trang phục
tail_stocking,7,Tất đuôi
seiou_gakuen_school_uniform,0,Đồng phục học viện Seiou
monotone_dress,7,Váy một tông
cutout_heels,7,Giày cao gót mổ xẻ
floral_pattern_panties,7,Quần lót hoa văn thêu hoa
santa_coat,7,Áo khoác ông già Noel
open_leotard,0,Leotard mở
roman_clothing,7,Trang phục La Mã
frilled_sweater,0,Áo len nhún xếp
argyle_jacket,0,Áo khoác kẻ quả thoi
gradient_coat,0,Áo khoác chuyển sắc
vibrator_under_clothing,7,Đồ chơi rung bên dưới trang phục
iwatobi_high_school_uniform,0,Đồng phục trường trung học phổ thông Iwatobi
a_certain_high_school_gym_uniform,0,Đồng phục A Certain High School Gym
open-back_leotard,7,Leotard lưng mở
pantyhose_under_pants,0,Quần tất bên dưới quần dài
hand_bra,7,Áo ngực bàn tay
strawberry_print_bra,0,Áo ngực họa tiết dâu tây
object_in_swimsuit,0,Vật thể trong đồ bơi
private_misaki_high_school_uniform,0,Đồng phục trường trung học phổ thông Private Misaki
cow_print_jacket,0,Áo khoác họa tiết bò
ribbon-trimmed_vest,0,Áo ghi-lê ruy băng viền
horse_costume,0,Trang phục ngựa
padded_gloves,0,Găng tay có đệm
blue_garter_belt,0,Dây treo tất xanh dương
chocolate_on_clothes,0,Sô-cô-la trên quần áo
pony_express_uniform,0,Đồng phục Pony Express
lace-trimmed_shorts,0,Quần short ren viền
logo_on_shirt,7,Logo trên áo sơ mi
high_top_shoes,7,Giày cao áo
tennis_skirt,0,Chân váy quần vợt
pinstripe_one-piece_swimsuit,0,Đồ bơi sọc chỉ một mảnh
angel_costume,7,Trang phục thiên thần
turtleneck_under_shirt,0,Áo cổ lọ bên dưới áo sơ mi
kino_makoto's_school_uniform,0,Đồng phục trường Kino Makoto's
leather_dress,0,Váy da
unworn_male_underwear,0,Đồ lót nam không mặc
dark_shirt,7,Áo sơ mi sẫm
side-tie_one-piece_swimsuit,0,Đồ bơi cà vạt lệch bên một mảnh
sideless_shorts,0,Quần short hở bên
osafune_girls_academy_school_uniform,0,Đồng phục học viện nữ sinh Osafune
spiked_shirt,0,Áo sơ mi có gai
impossible_vest,0,Áo ghi-lê bất khả thi
work_clothes,7,Quần áo lao động
dress_down,7,Kéo váy liền xuống
collared_robe,0,Áo choàng có cổ
adjusting_sleeves,0,Đang chỉnh tay áo
overall_dress,7,Váy yếm
monotone_t-shirt,7,Áo thun một tông
heart_bikini,0,Bikini trái tim
floral_print_pantyhose,0,Quần tất họa tiết thêu hoa
sweaty_footwear,7,Giày dép đầm mồ hôi
greek_clothing,7,Trang phục Hy Lạp
backless_kimono,0,Kimono hở lưng
tiger_panties,0,Quần lót hổ
touching_panties,7,Chạm quần lót
penis_under_clothes,7,Dương vật bên dưới quần áo
black_dress_shirt,7,Áo sơ mi váy màu đen
fishnet_dress,0,Váy lưới
lab_coat_only,7,Chỉ mặc áo choàng phòng thí nghiệm
see-through_socks,0,Tất xuyên thấu
mugen_gakuen_school_uniform,0,Đồng phục học viện Mugen
frilled_cloak,0,Áo choàng nhún xếp
vibrator_over_clothes,0,Đồ chơi rung phía trên quần áo
grey_seam_underwear,7,Đồ lót đường may màu xám
ootori_gakuen_school_uniform,0,Đồng phục học viện Ootori
layered_swimsuit,0,Đồ bơi nhiều lớp
animal-themed_footwear,0,Giày dép chủ đề động vật
frilly_bikini,7,Bikini nhún diềm
polka_dot_jacket,0,Áo khoác chấm bi
side-tie_shorts,0,Quần short cà vạt lệch bên
vertical-striped_bodysuit,0,Đồ liền thân dọc kẻ sọc
youkai_academy_school_uniform,0,Đồng phục học viện Youkai
renaissance_clothing,7,Trang phục hưng
cum_on_boots,7,Tinh dịch trên ủng
flower_skirt,0,Chân váy hoa
sonobeno_high_school_uniform,0,Đồng phục trường trung học phổ thông Sonobeno
hagun_academy_school_uniform,0,Đồng phục học viện Hagun
noble_academy_school_uniform,0,Đồng phục học viện Noble
renpu_girls_school_uniform,0,Đồng phục trường nữ sinh Renpu
monotone_shoes,7,Giày một tông
cum_on_pants,7,Tinh dịch trên quần dài
glove_nails,0,Móng tay găng tay
vertical-striped_sports_bra,0,Áo ngực dọc kẻ sọc thể thao
fur-trimmed_panties,0,Quần lót lông thú viền
penis_in_glove,0,Dương vật trong găng tay
naval_working_uniform,0,Đồng phục Naval Working
arabian_clothing,7,Trang phục Ả Rập
underwear_around_ankles,7,Đồ lót quanh cổ chân
micro_in_clothes,7,Rất nhỏ trong quần áo
shirt_ribbon,0,Ruy băng áo sơ mi
nanyou_academy_uniform,0,Đồng phục học viện Nanyou
winford_academy_uniform,0,Đồng phục học viện Winford
dream_academy_school_uniform,0,Đồng phục học viện Dream
erection_in_panties,0,Cương cứng trong quần lót
monotone_sweater,7,Áo len một tông
dirty_footwear,0,Giày dép bẩn
musky_underwear,7,Đồ lót có mùi xạ hương
striped_male_underwear,0,Đồ lót nam kẻ sọc
wrinkles_in_clothes,7,Nếp nhăn trong quần áo
night_raven_college_gym_uniform,0,Đồng phục Night Raven College Gym
lace-trimmed_leotard,0,Leotard ren viền
steaming_clothes,0,Quần áo đang bốc khói
brown_t-shirt,7,Áo thun nâu
green_fingerless_gloves,7,Găng tay hở ngón màu xanh lá
adjusting_shorts,0,Đang chỉnh quần short
graphia_academy_school_uniform,0,Đồng phục học viện Graphia
sweaty_socks,7,Tất đầm mồ hôi
two-sided_robe,0,Áo choàng mặt hai
sleeve_pull,0,Kéo tay áo
looking_up_skirt,7,Nhìn lên chân váy
blue_santa_costume,0,Trang phục ông già Noel xanh dương
st._odessa_girls'_school_uniform,0,Đồng phục trường St. Odessa Girls'
shorts_around_ankles,0,Quần short quanh cổ chân
l'avenir_academy_school_uniform,0,Đồng phục học viện L'avenir
floral_shirt,7,Áo sơ mi thêu hoa
wearing_goggles,7,Đeo kính bảo hộ
argyle_kimono,0,Kimono kẻ quả thoi
s4_uniform,0,Đồng phục S4
checkered_cape,0,Áo choàng kẻ ca-rô
ribbed_pantyhose,0,Quần tất sống dọc
white_collared_shirt,7,Áo sơ mi có cổ màu trắng
feather-trimmed_coat,0,Áo khoác lông vũ viền
stone_skirt,0,Chân váy đá
two_tone_bra,7,Áo ngực hai tông
gold_jacket,0,Áo khoác màu vàng kim
tan_gloves,7,Găng tay nâu rám nắng
penis_in_unworn_legwear,0,Dương vật trong đồ che chân không mặc
spotted_underwear,7,Đồ lót có đốm
hand_in_pantyhose,0,Bàn tay trong quần tất
short_cape,0,Áo choàng ngắn
sweater_under_dress,0,Áo len bên dưới váy liền
asahigaoka_school_uniform,0,Đồng phục trường Asahigaoka
shirahana_school_uniform,0,Đồng phục trường Shirahana
kimisaki_school_uniform,0,Đồng phục trường Kimisaki
unworn_sleeves,0,Tay áo không mặc
korean_clothing,7,Trang phục Hàn Quốc
hasu_no_sora_gym_uniform,0,Đồng phục Hasu No Sora Gym
plaid_thighhighs,0,Tất cao đùi kẻ caro
thai_school_uniform,0,Đồng phục trường Thai
shirt_pulled_up,7,Áo sơ mi kéo hướng lên
x-uniform,0,Đồng phục chữ X
konohagakure_anbu_uniform,0,Đồng phục Konohagakure Anbu
translucent_socks,7,Tất bán trong suốt
ame_no_kisaki_academy_school_uniform,0,Đồng phục học viện Ame No Kisaki
plaid_sweater_vest,0,Áo len gilê kẻ caro
takarazaki_school_uniform,0,Đồng phục trường Takarazaki
dark_footwear,7,Giày dép sẫm
star_clothing,7,Trang phục ngôi sao
removing_pantyhose,0,Đang cởi quần tất
leather_coat,0,Áo khoác da
multicolored_fingerless_gloves,7,Găng tay hở ngón nhiều màu
cum_on_shoes,7,Tinh dịch trên giày
adjusting_skirt,0,Đang chỉnh chân váy
chuo_academy_school_uniform,0,Đồng phục học viện Chuo
umesato_middle_school_uniform,0,Đồng phục trường trung học cơ sở Umesato
fur_lined_clothing,7,Quần áo lót lông
penis_in_bikini,7,Dương vật trong đồ bơi bikini
b.a.b.e.l._uniform,0,Đồng phục B.A.B.E.L.
futuristic_clothing,7,Trang phục tương lai
nurse_dress,0,Váy y tá
ta_girls_school_uniform,0,Đồng phục trường nữ sinh Ta
green_seam_underwear,7,Đồ lót đường may màu xanh lá
print_sports_bra,0,Áo ngực họa tiết thể thao
purple_thigh_socks,7,Tất đùi màu tím
fiery_clothing,0,Trang phục bằng lửa
skirt_in_mouth,0,Chân váy trong miệng
argyle_vest,0,Áo ghi-lê kẻ quả thoi
plaid_pantyhose,0,Quần tất kẻ caro
st._hilde_academy_of_magic_uniform,0,Đồng phục St. Hilde Academy Of Magic
yotsuboshi_academy_school_uniform,0,Đồng phục học viện Yotsuboshi
see-through_kimono,0,Áo kimono xuyên thấu
sports_bra_peek,0,Áo ngực thể thao lấp ló
irken_uniform,0,Đồng phục Irken
katori_squad's_uniform,0,Đồng phục đội Katori
strawberry_panties,7,Quần lót dâu tây
pomefiore_dorm_uniform,0,Đồng phục ký túc xá Pomefiore
pom_clothing,7,Trang phục quả bông
checkered_footwear,0,Giày dép kẻ ca-rô
translucent_bikini,7,Bikini bán trong suốt
dress_straps,0,Dây đeo váy
camo_shirt,7,Áo sơ mi rằn ri
frilled_garter_belt,0,Dây treo tất nhún xếp
pseudo_skirt,7,Chân váy giả
torn_t-shirt,7,Áo phông bị rách
triangle_bra,0,Áo ngực hình tam giác
seishou_middle_school_uniform,0,Đồng phục trường trung học cơ sở Seishou
shorts_lift,0,Nhấc quần short
laterano_school_uniform,0,Đồng phục trường Laterano
blue_uniform,7,Đồng phục màu xanh dương
spotted_dress,7,Váy có đốm
fur_bra,0,Áo ngực lông thú
diasomnia_dorm_uniform,0,Đồng phục ký túc xá Diasomnia
wedding_clothing,7,Trang phục cưới
light_shirt,7,Áo sơ mi nhạt
chainmail_bikini,7,Bikini áo giáp lưới
taut_shorts,0,Quần short căng chặt
cape_grab,0,Nắm áo choàng
sailor_jacket,0,Áo khoác thủy thủ
gloves_over_bodysuit,0,Găng tay phía trên đồ liền thân
sleeve_pouch,0,Túi con tay áo
gold_crown_academy_school_uniform,0,Đồng phục học viện Gold Crown
pride_color_footwear,7,Giày dép màu tự hào
brown_swimwear,7,Đồ bơi màu nâu
bra_removed,7,Áo ngực đã tháo ra
roman_armor,0,Giáp La Mã
leotard_tug,0,Đang kéo đồ liền thân
glistening_leotard,7,Leotard bóng nhẫy
liquid_dress,0,Váy dạng lỏng
putting_on_jacket,0,Đang mặc áo khoác
multicolored_apron,0,Tạp dề nhiều màu
cum_on_socks,7,Tinh dịch trên tất
power_armor_(fallout),0,Giáp cường lực
paw_print_panties,0,Quần lót họa tiết chân thú
cat_ear_bikini,0,Bikini tai mèo
yuunagi_middle_school_uniform,0,Đồng phục trường trung học cơ sở Yuunagi
holding_shorts,0,Cầm quần short
flowing_clothing,7,Quần áo bay trong gió
flower_bra,0,Áo ngực hoa
themis_legal_academy_school_uniform,0,Đồng phục học viện Themis Legal
habataki_academy_school_uniform,0,Đồng phục học viện Habataki
swimsuit_over_clothes,0,Đồ bơi phía trên quần áo
marching_band_uniform,7,Đồng phục Marching Band
highleg_underwear,7,Đồ lót cắt cao
snowfield_police_uniform,0,Đồng phục cảnh sát Snowfield
kosei_high_school_uniform,0,Đồng phục trường trung học phổ thông Kosei
love_high_school_uniform,0,Đồng phục trường trung học phổ thông Love
mouse_costume,0,Trang phục chuột
messy_clothing,7,Trang phục rối
un_uniform_(muv-luv),0,Đồng phục Un
green_high_heels,7,Giày cao gót cao xanh lá
bow_shorts,0,Quần short nơ
armor_under_clothes,0,Áo giáp bên dưới quần áo
text_on_pants,7,Chữ trong ảnh trên quần dài
juuban_elementary_school_uniform,0,Đồng phục trường Juuban Elementary
juuban_high_school_uniform,0,Đồng phục trường trung học phổ thông Juuban
pk_academy_school_uniform,0,Đồng phục học viện Pk
momozono_junior_high_school_uniform,0,Đồng phục trường trung học cơ sở Momozono
ohananomitsu_middle_school_uniform,0,Đồng phục trường trung học cơ sở Ohananomitsu
pumpkin_skirt,0,Chân váy bí ngô
shorts_rolled_up,0,Quần short cuộn lên hướng lên
meat_armor,0,Giáp thịt
hand_on_clothing,7,Bàn tay trên trang phục
two_tone_sneakers,7,Giày thể thao hai tông
frilled_underwear,0,Đồ lót nhún xếp
fishnet_bodysuit,7,Đồ liền thân lưới
monotone_hoodie,7,Áo hoodie một tông
polka_dot_hoodie,0,Áo hoodie chấm bi
cat_stockings,7,Bít tất mèo
sjms_school_uniform,0,Đồng phục trường Sjms
chest_armor,7,Giáp ngực
padded_jacket,0,Áo khoác có đệm
glove_snap,7,Cúc bấm găng tay
pattern_hoodie,7,Áo hoodie hoa văn
fuuka_school_uniform_(hara_hara!!),0,Đồng phục trường Fuuka
zipper_underwear,7,Đồ lót khóa kéo
collared_socks,0,Tất có cổ
strawberry_underwear,7,Đồ lót dâu tây
tight_bra,7,Áo ngực ôm sát
multicolored_sports_bra,0,Áo ngực nhiều màu thể thao
claw_bra,0,Áo ngực móng vuốt
scarabia_dorm_uniform,0,Đồng phục ký túc xá Scarabia
buttplug_bikini,7,Bikini chậu hậu môn
camo_jacket,7,Áo khoác rằn ri
text_on_footwear,7,Chữ trong ảnh trên giày dép
dark_underwear,7,Đồ lót sẫm
frilly_stockings,7,Bít tất nhún diềm
checkered_shorts,0,Quần short kẻ ca-rô
shirt_over_head,0,Áo sơ mi phía trên đầu
aramis_high_school_uniform,0,Đồng phục trường trung học phổ thông Aramis
bridal_swimsuit,0,Đồ bơi cô dâu
sleeve_tattoo,7,Hình xăm tay áo
jouin_high_school_uniform,0,Đồng phục trường trung học phổ thông Jouin
glistening_elbow_gloves,7,Găng tay khuỷu tay bóng nhẫy
shiny_leotard,0,Leotard bóng
banana_costume,0,Trang phục chuối
swimwear_under_clothing,7,Đồ bơi bên dưới trang phục
glistening_shirt,7,Áo sơ mi bóng nhẫy
clothes_on_shoulders,0,Quần áo trên vai
polka_dot_footwear,0,Giày dép chấm bi
polka_dot_gloves,0,Găng tay chấm bi
object_in_panties,0,Vật thể trong quần lót
bikini_theft,7,Trộm đồ bơi bikini
nekoma_volleyball_uniform,0,Đồng phục Nekoma Volleyball
clothing_bulge,7,Chỗ lùm lùm quần áo
facesitting_in_underwear,7,Ngồi lên mặt trong đồ lót
print_one-piece_swimsuit,0,Đồ bơi họa tiết một mảnh
erection_through_clothing,7,Cương cứng xuyên qua trang phục
denim_bikini,0,Bikini jean
nazi_uniform,7,Đồng phục Nazi
padded_cloak,0,Áo choàng có đệm
uniform_vest,0,Áo ghi-lê đồng phục
pulling_shirt,7,Đang kéo áo sơ mi
monotone_bikini,7,Bikini một tông
first_class_mage_uniform,0,Đồng phục First Class Mage
face_panties,7,Quần lót mặt
american_flag_skirt,0,Chân váy hình cờ Mỹ
skin_tight_suit,7,Bộ đồ da ôm sát
plaid_underwear,7,Đồ lót kẻ caro
open_dress_shirt,7,Áo sơ mi váy mở
tan_dress,7,Váy nâu rám nắng
unworn_leotard,0,Leotard không mặc
utx_school_uniform,0,Đồng phục trường Utx
partial_bodysuit,0,Đồ liền thân một phần
camo_shorts,7,Quần short rằn ri
chrysos_heirs_school_uniform,0,Đồng phục trường Chrysos Heirs
holohoneygaoka_high_school_uniform,0,Đồng phục trường trung học phổ thông Holohoneygaoka
kasugayama_high_school_uniform,0,Đồng phục trường trung học phổ thông Kasugayama
quilted_coat,0,Áo khoác bông chần
pinstripe_shorts,0,Quần short sọc chỉ
gold_bikini_top,7,Áo bikini màu vàng kim
single_mechanical_glove,0,Găng tay một chiếc cơ khí
clothing_ring,7,Nhẫn quần áo
slip-on_shoes,0,Trượt hở trên giày
print_cloak,0,Áo choàng họa tiết
fur_shirt,0,Áo sơ mi lông thú
fur_dress,0,Váy lông thú
large_shoes,0,Giày lớn
samurai_armor,7,Giáp samurai
layered_clothing,7,Trang phục nhiều lớp
wet_bra,0,Áo ngực ướt
renaissance_clothes,0,Quần áo thời phục hưng
hachimitsu_academy_school_uniform,0,Đồng phục học viện Hachimitsu
serendia_academy_school_uniform,0,Đồng phục học viện Serendia
silver_boots,0,Bốt màu bạc
fingerless_gloves_only,7,Chỉ đeo găng tay hở ngón
cherry_print_panties,0,Quần lót họa tiết hoa anh đào
two_tone_vest,7,Áo ghi-lê hai tông
discarded_shirt,7,Áo sơ mi đã bỏ đi
erection_under_dress,7,Cương cứng bên dưới váy liền
green_elbow_gloves,7,Găng tay khuỷu tay màu xanh lá
feral_armor,7,Giáp bán thú
ototachibana_academy_school_uniform,0,Đồng phục học viện Ototachibana
wings_through_clothes,0,Đôi cánh xuyên qua quần áo
tight_pussy,7,Âm hộ ôm sát
house_ivenmoth_uniform,7,Đồng phục House Ivenmoth
yellow_seam_underwear,7,Đồ lót đường may màu vàng
himematsu_school_uniform,0,Đồng phục trường Himematsu
feathered_cape,0,Áo choàng có lông vũ
unusual_heels,7,Giày cao gót bất thường
unbuttoned_dress,0,Váy liền mở khuy
holding_cloak,0,Cầm áo choàng
floral_print_pants,0,Quần họa tiết thêu hoa
tree_costume,0,Trang phục cây
folded_clothing,7,Trang phục gấp lại
deer_costume,0,Trang phục nai
frilled_bodysuit,0,Đồ liền thân nhún xếp
cloak_lift,0,Nhấc áo choàng
split_dress,7,Váy xẻ đôi
character_costume,0,Trang phục nhân vật
starfish_bikini,0,Bikini sao biển
ruffled_bikini,7,Bikini xếp tầng
pride_color_socks,7,Tất màu tự hào
single_strap_clothing,7,Trang phục dây một chiếc
sweaty_underwear,7,Đồ lót đầm mồ hôi
kawakami_academy_school_uniform,0,Đồng phục học viện Kawakami
seio_girls'_academy_school_uniform,0,Đồng phục học viện nữ sinh Seio
red_fingerless_gloves,7,Găng tay hở ngón màu đỏ
yoba_academy_school_uniform,0,Đồng phục học viện Yoba
sports_uniform,7,Đồng phục thể thao
wearing_flag,7,Mặc hình cờ
light_armor,7,Giáp nhạt
purple_fingerless_gloves,7,Găng tay hở ngón màu tím
two-tone_apron,0,Tạp dề hai tông
tactical_swimsuit,0,Đồ bơi chiến thuật
holding_skirt,7,Cầm chân váy
tribal_armor,7,Giáp văn hoá bộ lạc
denim_shirt,0,Áo sơ mi jean
hoof_heels,7,Giày cao gót móng guốc
areola_visible_through_clothing,7,Quầng vú nhìn thấy được xuyên qua trang phục
strawberry_pattern_panties,7,Quần lót hoa văn dâu tây
strawberry_pattern_underwear,7,Đồ lót hoa văn dâu tây
tucked_shirt,7,Áo sơ mi giắt vào trong
fringe-trimmed_cape,0,Áo choàng mái viền
tied_skirt,0,Chân váy được buộc
compass_uniform,0,Đồng phục Compass
nipples_through_clothes,7,Núm vú xuyên qua quần áo
yamaboshi_private_high_school_uniform,0,Đồng phục trường trung học tư thục Yamaboshi
nevermore_academy_school_uniform,0,Đồng phục học viện Nevermore
metal_boots,7,Bốt kim loại
open_nipple_bra,7,Áo ngực núm vú mở
frilled_robe,0,Áo choàng nhún xếp
wearing_shirt,7,Mặc áo sơ mi
underwear_around_ankle,7,Đồ lót quanh cổ chân
ordinal_scale_uniform_(sao),0,Đồng phục Ordinal Scale
team_aqua_uniform,0,Đồng phục đội màu xanh ngọc
second_wangan_school_uniform,0,Đồng phục trường Second Wangan
snake_costume,0,Trang phục rắn
leather_stockings,7,Bít tất da
tomoeda_high_school_uniform,0,Đồng phục trường trung học phổ thông Tomoeda
wing_armor,0,Giáp cánh
teal_bikini,7,Bikini màu xanh cổ vịt
chocolate_clothes,0,Quần áo sô-cô-la
argyle_pants,0,Quần kẻ quả thoi
white_garter,0,Dây treo trắng
misono_gakuen_school_uniform,0,Đồng phục học viện Misono
two_tone_fingerless_gloves,7,Găng tay hở ngón hai tông
latex_socks,7,Tất cao su
panties_under_leotard,0,Quần lót bên dưới đồ liền thân
turtleneck_bikini_top,0,Áo bikini cổ lọ
panties_around_one_finger,0,Quần lót quanh một ngón tay
panties_under_swimsuit,0,Quần lót bên dưới đồ bơi
greek_armor,0,Giáp Hy Lạp
stirrup_clothing,7,Trang phục đai giữ
tight_legwear,7,Đồ che chân ôm sát
pattern_apron,7,Tạp dề hoa văn
tan_shoes,7,Giày màu nâu rám nắng
water_dress,0,Váy nước
mask_bikini,0,Bikini mặt nạ
thigh_socks_only,7,Chỉ mang tất đùi
number_on_shirt,7,Chữ số trên áo sơ mi
pseudo_clothing_down,7,Kéo trang phục giả xuống
babyls_school_uniform,0,Đồng phục trường Babyls
soap_shoes,0,Giày bọt xà phòng
hand_under_dress,0,Bàn tay bên dưới váy liền
rakuyo_high_school_uniform,0,Đồng phục trường trung học phổ thông Rakuyo
camo_underwear,7,Đồ lót rằn ri
clothes_blanket,0,Chăn quần áo
tennis_dress,0,Váy quần vợt
two_tone_leotard,7,Leotard hai tông
startorch_academy_school_uniform,0,Đồng phục học viện Startorch
leotard_under_clothing,7,Đồ liền thân bên dưới trang phục
garter_belt_legwear,7,Đồ che chân thắt lưng dây giữ bít tất
cutting_clothes,0,Đang cắt quần áo
sleeping_in_underwear,7,Đang ngủ trong đồ lót
american_flag_print_panties,0,Quần lót họa tiết hình cờ Mỹ
glove_ribbon,0,Ruy băng găng tay
navy_uniform,7,Đồng phục màu xanh navy
star_harmony_academy_school_uniform,0,Đồng phục học viện Star Harmony
cross-laced_panties,0,Quần lót chữ thập buộc dây
star_panties,7,Quần lót ngôi sao
asymmetrical_bikini,0,Bikini bất đối xứng
vermilion_city_school_uniform,0,Đồng phục trường Vermilion City
shared_jacket,0,Áo khoác dùng chung
plaid_sweater,0,Áo len kẻ caro
suggestive_clothing,7,Trang phục gợi cảm
cow_print_apron,0,Tạp dề họa tiết bò
wearing_sign,7,Mặc bảng hiệu
halter_bikini,7,Bikini dạng yếm
monotone_bra,7,Áo ngực một tông
pseudo_dress,7,Váy giả
sandals_removed,7,Dép xăng đan đã tháo ra
dress_removed,7,Váy liền đã tháo ra
fur-trimmed_hoodie,0,Áo hoodie lông thú viền
team_plasma_uniform,0,Đồng phục Team Plasma
sweaty_shirt,7,Áo sơ mi đầm mồ hôi
elbow_sleeves,7,Tay áo khuỷu tay
two_tone_robe,7,Áo choàng hai tông
satin_underwear,0,Đồ lót sa tanh
high_heel_sneakers,0,Giày thể thao gót cao
light_underwear,7,Đồ lót nhạt
torn_sports_bra,0,Áo ngực thể thao bị rách
monkey_costume,0,Trang phục khỉ
orange_seam_underwear,7,Đồ lót đường may màu cam
checkered_socks,0,Tất kẻ ca-rô
skin-colored_pantyhose,0,Quần tất nhuộm màu da
akademeia_uniform,0,Đồng phục Akademeia
pig_costume,0,Trang phục lợn
pink_sneakers,7,Giày thể thao hồng
floral_print_shorts,0,Quần short họa tiết thêu hoa
fur_thighhighs,0,Tất cao đùi lông thú
hibikino_high_school_uniform,0,Đồng phục trường trung học phổ thông Hibikino
traditional_dress,7,Váy truyền thống
skirt_pocket,0,Túi áo chân váy
plaid_footwear,0,Giày dép kẻ caro
unusual_clothing,7,Trang phục bất thường
clothes_on_ground,7,Quần áo trên mặt đất
penis_out_of_underwear,7,Dương vật thò ra đồ lót
small_bikini,7,Bikini nhỏ
side-seamed_gloves,0,Găng tay có đường chỉ lệch bên
underwear_removed,7,Đồ lót đã tháo ra
blue_fingerless_gloves,7,Găng tay hở ngón màu xanh dương
tsuganoki_second_junior_high_school_uniform,0,Đồng phục trường trung học cơ sở Tsuganoki Second
adjusting_shirt,0,Đang chỉnh áo sơ mi
adjusting_dress,0,Đang chỉnh váy liền
pikarigaoka_middle_school_uniform,0,Đồng phục trường trung học cơ sở Pikarigaoka
jindai_high_school_uniform,0,Đồng phục trường trung học phổ thông Jindai
pants_undone,7,Quần dài chưa cài
meister_otome_uniform,0,Đồng phục Meister Otome
checkered_shoes,0,Giày kẻ ca-rô
bikini_only,7,Chỉ mặc đồ bơi bikini
cropped_kimono,0,Kimono lửng
pink_dress_shirt,7,Áo sơ mi váy màu hồng
nearly_naked_coat,0,Áo khoác trần gần như
ultra_recon_squad_uniform,0,Đồng phục Ultra Recon Squad
pokemon_panties,7,Quần lót Pokémon
hebijo_academy_school_uniform_(new_link),0,Đồng phục học viện Hebijo
white_knee_socks,7,Tất đầu gối màu trắng
spiked_sleeves,0,Tay áo có gai
yellow_stockings,7,Bít tất màu vàng
clothing_on_ground,7,Trang phục trên mặt đất
santa_leotard,0,Leotard ông già Noel
kikyo_private_academy_school_uniform,0,Đồng phục học viện tư thục Kikyo
panties_over_leggings,0,Quần lót phía trên quần legging
glistening_bra,7,Áo ngực bóng nhẫy
multi_breast_bikini,7,Bikini ngực nhiều
hogwarts_uniform,7,Đồng phục Hogwarts
boot_worship,7,Sự sùng bái bốt
glowing_bodysuit,0,Đồ liền thân phát sáng
rainbow_shirt,0,Áo cầu vồng
armor_only,7,Chỉ mặc áo giáp
big_shoes,7,Giày to
dark_gloves,7,Găng tay sẫm
black_arm_garter,0,Dây treo cánh tay đen
red_boxing_gloves,7,Găng tay quyền Anh màu đỏ
removing_socks,7,Đang cởi tất
ripped_underwear,7,Đồ lót xé rách
sorashido_academy_school_uniform,0,Đồng phục học viện Sorashido
spanish_clothes,0,Quần áo Tây Ban Nha
cross-laced_vest,0,Áo ghi-lê chữ thập buộc dây
discarded_shoes,7,Giày đã bỏ đi
leaf_shirt,0,Áo sơ mi chiếc lá
translucent_leotard,7,Leotard bán trong suốt
wet_kimono,0,Kimono ướt
panties_around_toe,0,Quần lót quanh ngón chân
washing_clothes,0,Đang giặt quần áo
tsukinaga_academy_school_uniform,0,Đồng phục học viện Tsukinaga
discarded_pants,7,Quần dài đã bỏ đi
jacket_over_head,0,Áo khoác phía trên đầu
penetration_through_clothing,7,Thâm nhập xuyên qua trang phục
vibrator_under_swimsuit,0,Đồ chơi rung bên dưới đồ bơi
grid_skirt,0,Chân váy lưới
native_american_clothing,7,Trang phục Mỹ bản địa
border_operator_uniform_(world_trigger),0,Đồng phục Border Operator
unzipped_clothing,7,Trang phục kéo khóa
elephant_costume,0,Trang phục voi
glove_cuffs,0,Ống bọc cổ tay găng tay
fluffy_clothing,7,Trang phục lông xù
orange_stockings,7,Bít tất màu cam
leaf_panties,0,Quần lót chiếc lá
zipper_jacket,7,Áo khoác khóa kéo
seed_uniform_(ff8),0,Đồng phục Seed
panties_on_face,7,Quần lót trên khuôn mặt
bonple_military_uniform,0,Đồng phục quân đội Bonple
watermelon_bikini,7,Bikini dưa hấu
nine_ball_maid_uniform,0,Đồng phục hầu gái Nine Ball
button_underwear,7,Đồ lót cúc
st._spica_school_uniform,0,Đồng phục trường St. Spica
object_in_bra,0,Vật thể trong áo ngực
zwei_association_south_uniform,0,Đồng phục Zwei Association South
amanogawa_high_school_uniform,0,Đồng phục trường trung học phổ thông Amanogawa
spiked_bra,0,Áo ngực có gai
taut_jacket,0,Áo khoác căng chặt
frog_print_panties,0,Quần lót họa tiết ếch
shared_cape,0,Áo choàng dùng chung
impossible_shorts,0,Quần short bất khả thi
floral_print_apron,0,Tạp dề họa tiết thêu hoa
pumpkin-shaped_pants,0,Quần hình bí ngô
latex_uniform,7,Đồng phục cao su
money_in_garter,7,Tiền trong dây treo
taut_pants,0,Quần căng chặt
pinstripe_sleeves,0,Tay áo sọc chỉ
hand_in_own_pantyhose,0,Bàn tay trong quần tất của mình
clothing_between_breasts,7,Trang phục giữa ngực
red_panda_costume,0,Trang phục gấu trúc đỏ
vertical-striped_footwear,0,Giày dép dọc kẻ sọc
blood_on_shirt,7,Máu trên áo sơ mi
neck_armor,0,Giáp cổ
pantyhose_under_leotard,0,Quần tất bên dưới đồ liền thân
top_in_heels,7,Áo trong giày cao gót
nearly_naked_shirt,0,Áo sơ mi trần gần như
monotone_apron,7,Tạp dề một tông
marehoshi_academy_school_uniform,0,Đồng phục học viện Marehoshi
aihara_academy_school_uniform,0,Đồng phục học viện Aihara
shoulderless_clothing,7,Trang phục không vai
sleeveless_robe,0,Áo choàng không tay
shirt_straps,0,Dây đeo áo sơ mi
single-shoulder_bikini,0,Bikini vai một chiếc
translucent_pants,7,Quần bán trong suốt
penis_through_clothing,7,Dương vật xuyên qua trang phục
holding_apron,0,Cầm tạp dề
high_heeled_sneakers,7,Giày thể thao cao có gót
zipper_shorts,0,Quần short khóa kéo
finger_in_underwear,7,Ngón tay trong đồ lót
ruffled_underwear,7,Đồ lót xếp tầng
shuuchikan_academy_school_uniform,0,Đồng phục học viện Shuuchikan
houjou_high_school_uniform,0,Đồng phục trường trung học phổ thông Houjou
pantyhose_cutout,0,Lỗ cắt quần tất
clothed_female_underwear_female,0,Nhân vật nữ đồ lót nữ mặc đồ
pride_color_bikini,7,Bikini màu tự hào
colored_seam_clothing,7,Trang phục đường may nhuộm màu
samurai_jacket_(cyberpunk),0,Áo khoác samurai
devyat'_association_north_uniform,0,Đồng phục Devyat' Association North
tent_dress,0,Váy lều
black_vinegar_middle_school_uniform,0,Đồng phục trường trung học cơ sở Black Vinegar
glistening_panties,7,Quần lót bóng nhẫy
fur_vest,0,Áo ghi-lê lông thú
roubai_academy_school_uniform_(new),0,Đồng phục học viện Roubai
heart_keyhole_panties,7,Quần lót lỗ khóa trái tim
panties_transformation,7,Sự biến đổi quần lót
single_ankle_boot,0,Bốt cổ chân một chiếc
boot_straps,0,Dây đeo bốt
cardigan_pull,0,Kéo áo cardigan
maid_one-piece_swimsuit,0,Đồ bơi hầu gái một mảnh
puffy_jacket,7,Áo khoác phồng
wearing_crown,7,Đội vương miện
impossible_skirt,0,Chân váy bất khả thi
coat_around_waist,0,Áo khoác dài quanh eo
niedersachsen_military_uniform,0,Đồng phục quân đội Niedersachsen
nerv_uniform,0,Đồng phục Nerv
zwei_association_west_uniform,0,Đồng phục Zwei Association West
two-sided_shirt,0,Áo sơ mi mặt hai
oral_through_clothing,7,Quan hệ bằng miệng xuyên qua trang phục
bikini_lift,7,Nhấc đồ bơi bikini
holding_unworn_boot,0,Cầm bốt không mặc
ruffled_panties,7,Quần lót xếp tầng
urine_through_clothing,7,Nước tiểu xuyên qua trang phục
panties_on_breasts,0,Quần lót trên ngực
balls_in_clothing,7,Tinh hoàn trong trang phục
tan_panties,7,Quần lót nâu rám nắng
green_dress_shirt,7,Áo sơ mi váy màu xanh lá
winged_gloves,0,Găng tay có cánh
two_tone_cape,7,Áo choàng hai tông
magic_clothing,7,Trang phục phép thuật
exceeds_uniform,0,Đồng phục Exceeds
hand_on_underwear,7,Bàn tay trên đồ lót
blue_lock_bodysuit,0,Đồ liền thân lọn tóc xanh dương
paw_underwear,7,Đồ lót chân thú
camouflage_panties,0,Quần lót rằn ri
naked_vest,0,Áo ghi-lê trần
plaid_one-piece_swimsuit,0,Đồ bơi kẻ caro một mảnh
throwing_clothing,7,Đang ném trang phục
monotone_boots,7,Bốt một tông
hoshinomiya_girls'_high_school_uniform,0,Đồng phục trường trung học phổ thông Hoshinomiya Girls'
see-through_robe,0,Áo choàng dài xuyên thấu
folding_clothes,0,Đang gấp quần áo
panties_around_tail,0,Quần lót quanh đuôi
ribbed_jacket,0,Áo khoác sống dọc
tan_boots,7,Bốt màu nâu rám nắng
excalibur_academy_school_uniform,0,Đồng phục học viện Excalibur
tail_sleeve,7,Tay áo đuôi
dress_slip,0,Trượt hở váy
finger_in_glove,0,Ngón tay trong găng tay
monotone_thigh_socks,7,Tất đùi một tông
ribbed_skirt,0,Chân váy sống dọc
raccoon_costume,0,Trang phục gấu mèo
ayanokouji_martial_arts_school_uniform,0,Đồng phục trường Ayanokouji Martial Arts
slingshot_swimsuit_pull,0,Đang kéo đồ bơi dây chéo
black_uniform,7,Đồng phục màu đen
hand_in_bra,0,Bàn tay trong áo ngực
work_boots,0,Bốt lao động
stained_bra,0,Áo ngực vấy bẩn
kitami_hokuryo_high_school_uniform,0,Đồng phục trường trung học phổ thông Kitami Hokuryo
skirt_aside,0,Kéo chân váy sang bên
skirt_tied_over_head,0,Chân váy được buộc phía trên đầu
fishnet_bikini,0,Bikini lưới
single_unworn_boot,0,Bốt một chiếc không mặc
underwear_around_tail,7,Đồ lót quanh đuôi
studded_clothing,7,Trang phục đính đinh
wide-leg_pants,0,Quần chân rộng
pokemon_ranger_uniform,0,Đồng phục Pokemon Ranger
pattern_jacket,7,Áo khoác hoa văn
footwear_ornament,0,Đồ trang trí giày dép
white_fingerless_gloves,7,Găng tay hở ngón màu trắng
micro_in_underwear,7,Rất nhỏ trong đồ lót
brown_garter_straps,0,Dây đeo dây giữ bít tất nâu
eyepatch_slingshot_swimsuit,0,Đồ bơi dây chéo miếng bịt mắt
hakuho_high_school_uniform,0,Đồng phục trường trung học phổ thông Hakuho
invisible_shoes,0,Giày tàng hình
multiple_panties,0,Nhiều quần lót
leather_shirt,0,Áo sơ mi da
army_clothing,7,Trang phục lục quân
ejaculation_on_worn_panties,7,Xuất tinh trên quần lót đang mặc
cat_bra,0,Áo ngực mèo
cross-laced_sweater,0,Áo len chữ thập buộc dây
oversized_footwear,0,Giày dép quá khổ
postal_uniform,7,Đồng phục Postal
black_knee_socks,7,Tất đầu gối màu đen
button_skirt,7,Chân váy cúc
discarded_bikini,7,Đồ bơi bikini đã bỏ đi
snowman_costume,0,Trang phục người tuyết
adjusting_apron,0,Đang chỉnh tạp dề
sticker_on_clothes,0,Nhãn dán trên quần áo
tsubame_nishi_high_school_uniform,0,Đồng phục trường trung học phổ thông Tsubame Nishi
satin_clothes,0,Quần áo sa tanh
touching_underwear,7,Chạm đồ lót
yukata_lift,0,Nâng lên áo yukata
cracked_armor,0,Giáp nứt
raised_bikini,7,Bikini dựng lên
side_slit_skirt,7,Chân váy xẻ tà bên
glass_footwear,0,Giày dép thủy tinh
very_long_cape,0,Áo choàng rất dài
camouflage_gloves,0,Găng tay rằn ri
jacket_on_arm,0,Áo khoác trên cánh tay
ghostbusters_uniform,0,Đồng phục Ghostbusters
skirt_removed,7,Chân váy đã tháo ra
panties_over_clothes,0,Quần lót phía trên quần áo
silver_leotard,0,Leotard bạc
paw_panties,7,Quần lót chân thú
minotsuki_academy_school_uniform,0,Đồng phục học viện Minotsuki
loose_panties,0,Quần lót rộng
yellow_elbow_gloves,7,Găng tay khuỷu tay màu vàng
indigo_academy_school_uniform,0,Đồng phục học viện Indigo
koala_forest_military_uniform,0,Đồng phục quân đội Koala Forest
impossible_pants,0,Quần bất khả thi
two_tone_heels,7,Giày cao gót hai tông
white_shirt_collar,7,Cổ áo sơ mi màu trắng
white_uniform,7,Đồng phục màu trắng
monotone_cloak,7,Áo choàng một tông
tatenashi_high_school_uniform,0,Đồng phục trường trung học phổ thông Tatenashi
leather_bra,0,Áo ngực da
sketchbook_full_colors's_school_uniform,0,Đồng phục trường Sketchbook Full Colors's
ainu_clothing,7,Trang phục Ainu
black_knee_boots,7,Bốt đầu gối màu đen
lace-trimmed_jacket,0,Áo khoác ren viền
pulling_down_shorts,7,Đang kéo xuống quần short
angel_leotard,0,Leotard thiên thần
pom_shirt,7,Áo sơ mi quả bông
striped_bikini_top,7,Áo bikini kẻ sọc
bikini_top_peek,0,Áo bikini lấp ló
ousai_private_academy_school_uniform,0,Đồng phục học viện tư thục Ousai
pantyhose_lift,0,Nâng lên quần tất
taiyou_gakuen_uniform,0,Đồng phục Taiyou Gakuen
flower-trimmed_bra,0,Áo ngực hoa viền
spotted_panties,7,Quần lót có đốm
pants_on_floor,7,Quần dài trên sàn nhà
diagonal-striped_thighhighs,0,Tất cao đùi chéo kẻ sọc
plant_dress,7,Váy cây cảnh
ribbon-trimmed_coat,0,Áo khoác ruy băng viền
teal_footwear,7,Giày dép xanh cổ vịt
mihoshi_academy_school_uniform,0,Đồng phục học viện Mihoshi
asymmetrical_coat,0,Áo khoác bất đối xứng
ryoujoku_school_uniform,0,Đồng phục trường Ryoujoku
green_sneakers,7,Giày thể thao xanh lá
wringing_dress,0,Đang vắt váy liền
layered_armor,0,Giáp nhiều lớp
argyle_clothing,7,Trang phục kẻ quả thoi
panties_on_floor,7,Quần lót trên sàn nhà
backless_sweater,0,Áo len hở lưng
german_national_soccer_team_uniform,0,Đồng phục đội bóng đá quốc gia Đức
thors_military_academy_school_uniform,0,Đồng phục học viện Thors Military
kashima_high_school_uniform,0,Đồng phục trường trung học phổ thông Kashima
ichigo_junior_high_uniform,0,Đồng phục Ichigo Junior High
checkered_bra,0,Áo ngực kẻ ca-rô
vibrator_under_pantyhose,0,Đồ chơi rung bên dưới quần tất
bodysuit_aside,0,Kéo đồ liền thân sang bên
monotone_elbow_gloves,7,Găng tay khuỷu tay một tông
high-waist_bikini,0,Bikini eo cao
holding_socks,7,Cầm tất
lace_skirt,0,Chân váy ren
cyberpunk_clothes,7,Quần áo cyberpunk
short_sleeve_hoodie,7,Áo hoodie tay áo ngắn
two-tone_slingshot_swimsuit,0,Đồ bơi dây chéo hai tông
mechanical_skirt,0,Chân váy cơ khí
erection_under_shorts,7,Cương cứng bên dưới quần short
malaysian_secondary_school_uniform,0,Đồng phục trường Malaysian Secondary
side-tie_costume,0,Trang phục cà vạt lệch bên
touching_own_panties,7,Chạm quần lót của mình
oversized_coat,0,Áo khoác quá khổ
clothing_in_condom,7,Trang phục trong bao cao su
apron_basket,0,Cái rổ tạp dề
footwear_bell,0,Chuông giày dép
armor_skirt,0,Chân váy giáp
american_flag_clothing,7,Trang phục hình cờ Mỹ
sex_under_clothing,7,Quan hệ tình dục bên dưới trang phục
star_underwear,7,Đồ lót ngôi sao
padded_vest,0,Áo ghi-lê có đệm
holding_hoodie,0,Cầm áo hoodie
zombie_costume,0,Trang phục thây ma
cinq_association_west_uniform,0,Đồng phục Cinq Association West
collared_bikini,0,Bikini có cổ
butt_keyhole_panties,7,Quần lót lỗ khóa mông
handjob_under_clothes,0,Thủ dâm bằng tay bên dưới quần áo
yumizuki_imperial_high_school_uniform,0,Đồng phục trường trung học phổ thông Yumizuki Imperial
fellatio_through_clothes,0,Quan hệ bằng miệng xuyên qua quần áo
dahlia_academy_boarding_school_uniform,0,Đồng phục trường Dahlia Academy Boarding
black_leather_jacket,7,Áo khoác da màu đen
high_heeled_boots_only,7,Chỉ đi bốt cao gót
clothing_bite,7,Cắn trang phục
southern_cross_academy_school_uniform,0,Đồng phục học viện Southern Cross
book_skirt,0,Chân váy sách
glistening_skirt,7,Chân váy bóng nhẫy
golden_high_heels,7,Giày cao gót màu vàng cao
monotone_jacket,7,Áo khoác một tông
team_flare_uniform,0,Đồng phục Team Flare
underwear_on_floor,7,Đồ lót trên sàn nhà
underwear_outline,7,Vết hằn đồ lót
combat_shirt,0,Áo sơ mi chiến đấu
gradient_leotard,0,Leotard chuyển sắc
plaid_male_underwear,0,Đồ lót nam kẻ caro
black_gym_shorts,7,Quần short thể dục màu đen
yuigaoka_music_program_school_uniform,0,Đồng phục trường Yuigaoka Music Program
vest_pouch,0,Túi con áo ghi-lê
cum_on_stockings,7,Tinh dịch trên bít tất dài
looking_at_underwear,7,Nhìn đồ lót
animal_shoes,0,Giày động vật
precum_on_clothing,7,Dịch tiền xuất tinh trên trang phục
gradient_clothing,7,Trang phục chuyển sắc
tan_t-shirt,7,Áo thun nâu rám nắng
camouflage_dress,0,Váy rằn ri
santa_bra,0,Áo ngực ông già Noel
holding_jacket,7,Cầm áo khoác
pants_off,7,Cởi quần dài
tearing_shirt,7,Đang xé áo sơ mi
multicolored_sneakers,7,Giày thể thao nhiều màu
zipper_hoodie,7,Áo hoodie khóa kéo
grey_garter_straps,0,Dây đeo dây giữ bít tất xám
open_back_dress,7,Váy lưng mở
kosho_academy_school_uniform,0,Đồng phục học viện Kosho
bra_tug,0,Đang kéo áo ngực
seitetsu_academy_school_uniform,0,Đồng phục học viện Seitetsu
brown_high_heels,7,Giày cao gót cao nâu
fringe_clothing,7,Trang phục mái
short_apron,0,Tạp dề ngắn
spanish_national_soccer_team_uniform,0,Đồng phục đội bóng đá quốc gia Tây Ban Nha
checkered_gloves,0,Găng tay kẻ ca-rô
print_footwear,7,Giày dép họa tiết
panties_around_feet,0,Quần lót quanh bàn chân
floating_jacket,0,Áo khoác lơ lửng
white_santa_costume,0,Trang phục ông già Noel trắng
kuho_girls_academy_school_uniform,0,Đồng phục học viện nữ sinh Kuho
open_toe_shoes,7,Giày ngón chân mở
shell_jacket,0,Áo khoác vỏ
tsukishima_general_high_school_uniform,0,Đồng phục trường trung học phổ thông Tsukishima General
two_tone_armor,7,Giáp hai tông
ohtori_academy_school_uniform,0,Đồng phục học viện Ohtori
red_thigh_boots,7,Bốt đùi màu đỏ
kitten_heels,0,Giày cao gót mèo con
suit_vest,7,Áo ghi-lê vest
shadowbolts_uniform,7,Đồng phục Shadowbolts
training_pants,7,Quần tập luyện
seisen_school_uniform,0,Đồng phục trường Seisen
green_garter_belt,0,Dây treo tất xanh lá
polka_dot_clothing,7,Trang phục chấm bi
blood_on_sleeves,0,Máu trên tay áo
hand_in_clothes,0,Bàn tay trong quần áo
face_underwear,7,Đồ lót mặt
lying_on_clothes,0,Đang nằm trên quần áo
santa_cape,0,Áo choàng ông già Noel
hatsuboshi_gakuen_gym_uniform,0,Đồng phục Hatsuboshi Gakuen Gym
green_santa_costume,0,Trang phục ông già Noel xanh lá
bellwall_school_uniform,0,Đồng phục trường Bellwall
pinstripe_socks,0,Tất sọc chỉ
spoken_clothes,0,Quần áo trong bóng thoại
text_on_gloves,7,Chữ trong ảnh trên găng tay
cross-laced_bra,0,Áo ngực chữ thập buộc dây
ignihyde_dorm_uniform,0,Đồng phục ký túc xá Ignihyde
sex_through_torn_clothes,0,Quan hệ tình dục xuyên qua quần áo rách
tan_coat,7,Áo khoác màu nâu rám nắng
fukurodani_volleyball_uniform,0,Đồng phục Fukurodani Volleyball
teal_jacket,7,Áo khoác màu xanh cổ vịt
front-button_underwear,7,Đồ lót cúc phía trước
leather_panties,0,Quần lót da
paradise_private_academy_school_uniform,0,Đồng phục học viện tư thục Paradise
kotonohatoh_uniform,0,Đồng phục Kotonohatoh
st._lulim_school_uniform,0,Đồng phục trường St. Lulim
high-waist_panties,0,Quần lót cạp cao
name_on_clothing,7,Tên trên trang phục
aoba_johsai_volleyball_uniform,0,Đồng phục Aoba Johsai Volleyball
spotted_skirt,0,Chân váy có đốm
lace-trimmed_shirt_collar,0,Cổ áo sơ mi ren viền
green_thigh_socks,7,Tất đùi màu xanh lá
dark_dress,7,Váy sẫm
text_on_shoes,7,Chữ trong ảnh trên giày
panties_over_bodysuit,0,Quần lót phía trên đồ liền thân
duck_costume,0,Trang phục vịt
floral_print_gloves,0,Găng tay họa tiết thêu hoa
two_tone_coat,7,Áo khoác hai tông
pink_fingerless_gloves,7,Găng tay hở ngón màu hồng
licking_panties,0,Đang liếm quần lót
dark_shoes,7,Giày sẫm
feather-trimmed_cape,0,Áo choàng lông vũ viền
ahnenerbe_shop_uniform,0,Đồng phục Ahnenerbe Shop
shoulder_cape,7,Áo choàng vai
sleeve_pushed_up,0,Tay áo đẩy hướng lên
bulge_through_clothing,7,Phần phồng lên xuyên qua trang phục
frilled_cardigan,0,Áo cardigan nhún xếp
ninomiya_squad's_uniform,0,Đồng phục đội Ninomiya
maginot_military_uniform,0,Đồng phục quân đội Maginot
gingham_sleeves,0,Tay áo kẻ ô vuông
pants_aside,7,Kéo quần dài sang bên
tentacle_clothing,7,Trang phục xúc tu
team_rainbow_rocket_uniform,0,Đồng phục Team Rainbow Rocket
french_clothes,0,Quần áo Pháp
pants_(marking),7,Quần dài
apron_grab,0,Nắm tạp dề
orange_elbow_gloves,7,Găng tay khuỷu tay màu cam
hoodie_pull,0,Đang kéo áo hoodie
vaginal_fluids_on_clothing,7,Dịch âm đạo trên trang phục
pasties_under_clothes,0,Miếng che núm vú bên dưới quần áo
gothic_plate_armor,0,Giáp giáp tấm gothic
kirarigaoka_middle_school_uniform,0,Đồng phục trường trung học cơ sở Kirarigaoka
seijou_academy_school_uniform,0,Đồng phục học viện Seijou
ribbed_pants,0,Quần sống dọc
gradient_hoodie,0,Áo hoodie chuyển sắc
flag_underwear,7,Đồ lót hình cờ
teal_panties,7,Quần lót xanh cổ vịt
small_shirt,7,Áo sơ mi nhỏ
empty_sleeve,0,Tay áo trống
white_polo_shirt,7,Áo sơ mi polo màu trắng
sankyoin_academy_school_uniform,0,Đồng phục học viện Sankyoin
cotton_panties,0,Quần lót cotton
detailed_clothing,7,Trang phục có chi tiết
victorian_clothing,7,Trang phục thời Victoria
blush_visible_through_clothes,0,Đỏ mặt nhìn thấy được xuyên qua quần áo
chinese_track_school_uniform,0,Đồng phục học đường điền kinh Trung Quốc
exposed_bra,7,Lộ áo ngực
bat_costume,0,Trang phục dơi
skull_panties,7,Quần lót đầu lâu
yellow_sneakers,7,Giày thể thao vàng
feather_skirt,0,Chân váy lông vũ
hoodie_tug,0,Đang kéo áo hoodie
sleeveless_vest,7,Áo ghi-lê không tay
tearing_underwear,7,Đang xé đồ lót
pride_color_thigh_socks,7,Tất đùi màu tự hào
open_underwear,7,Đồ lót mở
camouflage_hoodie,0,Áo hoodie rằn ri
fishnet_shorts,0,Quần short lưới
argyle_bikini,0,Bikini kẻ quả thoi
pokemon_clothing,7,Trang phục Pokémon
breast_armor,7,Giáp ngực
tight_sweater,7,Áo len ôm sát
shinigami_uniform,7,Đồng phục Shinigami
maihama_minami_high_school_uniform,0,Đồng phục trường trung học phổ thông Maihama Minami
ribbon-trimmed_footwear,0,Giày dép ruy băng viền
cape_tug,0,Đang kéo áo choàng
lace_underwear,7,Đồ lót ren
holding_sweater,0,Cầm áo len
jacket_over_jacket,0,Áo khoác phía trên áo khoác
pseudo_clothing_removed,7,Trang phục giả đã tháo ra
wet_leotard,0,Leotard ướt
tight_thong,7,Quần lót dây ôm sát
socks_over_pants,0,Tất phía trên quần dài
furgonomic_dress,7,Váy nửa người nửa thú
blanket_cape,0,Áo choàng chăn
linked_bikini,0,Bikini được nối
familia_uniform,0,Đồng phục Familia
ribbon-trimmed_jacket,0,Áo khoác ruy băng viền
japanese_tankery_league_judge_uniform,0,Đồng phục Japanese Tankery League Judge
unworn_robe,0,Áo choàng không mặc
swimsuit_under_swimsuit,0,Đồ bơi bên dưới đồ bơi
pride_color_t-shirt,7,Áo thun màu tự hào
lace-up_gloves,0,Găng tay buộc dây
fenix_uniform,0,Đồng phục Fenix
leotard_over_bodysuit,0,Đồ liền thân phía trên đồ liền thân
hirasawa_yui's_middle_school_uniform,0,Đồng phục trường trung học cơ sở Hirasawa Yui's
light_gloves,7,Găng tay nhạt
teal_shorts,7,Quần short màu xanh cổ vịt
pumpkin_shorts,0,Quần short bí ngô
monk_shoes,0,Giày tu sĩ
blue_striped_panties,7,Quần lót kẻ sọc màu xanh dương
tachikawa_squad's_uniform,0,Đồng phục đội Tachikawa
laced_underwear,7,Đồ lót buộc dây
fishnet_swimsuit,0,Đồ bơi lưới
public_yotsuba_middle_school_uniform,0,Đồng phục trường trung học cơ sở Public Yotsuba
argyle_cloak,0,Áo choàng kẻ quả thoi
shirt_pulled_down,7,Áo sơ mi kéo hướng xuống
long_stockings,7,Bít tất dài
skull_shirt,7,Áo sơ mi đầu lâu
italian_flag_bikini,0,Bikini hình cờ Ý
feral_heels,7,Giày cao gót bán thú
bastard_munchen_soccer_uniform,0,Đồng phục Bastard Munchen Soccer
fur_lined_jacket,7,Áo khoác có lớp lót lông thú
checkered_coat,0,Áo khoác kẻ ca-rô
argyle_gloves,0,Găng tay kẻ quả thoi
pants_around_knees,7,Quần dài quanh đầu gối
ribbed_shorts,0,Quần short sống dọc
wet_t-shirt,7,Áo thun ướt
urine_on_clothing,7,Nước tiểu trên trang phục
indian_clothing,7,Trang phục Ấn Độ
black_sleeveless_shirt,7,Áo sơ mi không tay màu đen
worn_clothing,7,Trang phục đang mặc
feather-trimmed_leotard,0,Leotard lông vũ viền
green_uniform,7,Đồng phục màu xanh lá
stained_shirt,7,Áo sơ mi vấy bẩn
leaf_print_clothing,7,Trang phục họa tiết chiếc lá
crop_top_hoodie,7,Áo hoodie croptop
aqua_sports_bra,0,Áo ngực thể thao màu xanh ngọc
kurumibashi_school_uniform,0,Đồng phục trường Kurumibashi
panties_around_knees,0,Quần lót quanh đầu gối
layered_panties,0,Quần lót nhiều lớp
low-leg_panties,7,Quần lót chân thấp
high_heel_bodysuit,0,Đồ liền thân gót cao
unicorns_hunter_uniform,0,Đồng phục Unicorns Hunter
carrot_panties,7,Quần lót cà rốt
light_footwear,7,Giày dép nhạt
cafe_mew_mew_uniform,0,Đồng phục Cafe Mew Mew
stirrup_thigh_socks,7,Tất đùi đai giữ
ikoma_squad's_uniform,0,Đồng phục đội Ikoma
brown_garter_belt,0,Dây treo tất nâu
penis_in_swimsuit,0,Dương vật trong đồ bơi
pulling_panties_down,7,Kéo đang kéo quần lót xuống
p_corp_uniform,0,Đồng phục P Corp
pulled_pants,7,Quần dài kéo
studded_footwear,0,Giày dép đính đinh
gessen_academy_school_uniform_(new_link),0,Đồng phục học viện Gessen
azumanga_daioh's_gym_uniform,0,Đồng phục Azumanga Daioh's Gym
seidoukan_academy_school_uniform,0,Đồng phục học viện Seidoukan
penis_under_clothing,7,Dương vật bên dưới trang phục
snow_on_clothes,0,Tuyết trên quần áo
siegfeld_institute_of_music_school_uniform,0,Đồng phục trường Siegfeld Institute Of Music
discarded_shorts,7,Quần short đã bỏ đi
grey_elbow_gloves,7,Găng tay khuỷu tay màu xám
cum_in_gloves,0,Tinh dịch trong găng tay
pride_color_cape,7,Áo choàng màu tự hào
straw_cape,0,Áo choàng rơm
bow_shirt,7,Áo sơ mi nơ
pattern_fingerless_gloves,7,Găng tay hở ngón hoa văn
white_shirt_cuffs,7,Ống bọc cổ tay áo sơ mi trắng
makoto_mirai_academy_middle_school_uniform,0,Đồng phục trường trung học cơ sở Makoto Mirai Academy
winter_jacket,7,Áo khoác mùa đông
cat_panties,7,Quần lót mèo
undone_shirt,7,Áo sơ mi chưa cài
wearing_armor,7,Mặc áo giáp
front-tie_shorts,0,Quần short cà vạt phía trước
rainbow_gloves,7,Găng tay cầu vồng
frilly_footwear,7,Giày dép nhún diềm
minaminagi_liberty_academy_school_uniform,0,Đồng phục học viện Minaminagi Liberty
shorts_around_legs,7,Quần short quanh đôi chân
orange_bikini_top,7,Áo bikini màu cam
heart_footwear,7,Giày dép trái tim
mihoshi_middle_school_uniform,0,Đồng phục trường trung học cơ sở Mihoshi
monotone_vest,7,Áo ghi-lê một tông
gyokuto_high_school_uniform,0,Đồng phục trường trung học phổ thông Gyokuto
spotted_bikini,7,Bikini có đốm
coat_over_shoulders,7,Áo khoác dài phía trên vai
stitched_clothes,0,Quần áo khâu
leaf_leotard,0,Leotard chiếc lá
senkou_high_school_uniform,0,Đồng phục trường trung học phổ thông Senkou
lace-trimmed_swimsuit,0,Đồ bơi ren viền
star_bra,0,Áo ngực ngôi sao
tail_over_bikini,7,Đuôi phía trên đồ bơi bikini
tight_swimsuit,7,Đồ bơi ôm sát
chain_bikini,0,Bikini dây xích
clothing_tag,7,Nhãn quần áo
striped_knee_socks,7,Tất đầu gối kẻ sọc
teal_pants,7,Quần màu xanh cổ vịt
hanzou_academy_school_uniform_(new_link),0,Đồng phục học viện Hanzou
knee_sleeve,0,Tay áo đầu gối
clothing_focus,7,Trọng tâm quần áo
precum_through_pants,7,Dịch tiền xuất tinh xuyên qua quần dài
paw_print_underwear,7,Đồ lót họa tiết chân thú
single-shoulder_one-piece_swimsuit,0,Đồ bơi vai một chiếc một mảnh
tan_vest,7,Áo ghi-lê màu nâu rám nắng
tan_bra,7,Áo ngực màu nâu rám nắng
arashiyama_squad's_uniform,0,Đồng phục đội Arashiyama
striped_sweater_vest,0,Áo len gilê kẻ sọc
pink_garter,0,Dây treo hồng
monotone_high_heels,7,Giày cao gót một tông cao
text_on_sports_bra,7,Chữ trong ảnh trên áo ngực thể thao
ribbon-trimmed_pants,0,Quần ruy băng viền
ribbon_shoes,0,Giày ruy băng
floral_bikini,0,Bikini thêu hoa
shinju-kan_school_uniform,0,Đồng phục trường Shinju-kan
striped_fingerless_gloves,7,Găng tay hở ngón kẻ sọc
pride_color_elbow_gloves,7,Găng tay khuỷu tay màu tự hào
s.t.a.r.s._uniform,0,Đồng phục S.T.A.R.S.
pantyhose_down,7,Quần tất hướng xuống
grey_high_heels,7,Giày cao gót cao xám
pulling_pants_up,7,Kéo đang kéo quần dài lên
st._liliana's_academy_school_uniform,0,Đồng phục học viện St. Liliana's
gold_underwear,7,Đồ lót màu vàng kim
pink_leotard_(dq),0,Leotard hồng
coat_on_head,0,Áo khoác dài trên đầu
maroon_clothing,7,Trang phục màu nâu đỏ
no_leotard,0,Không có đồ liền thân
fur-trimmed_waist_cape,0,Áo choàng eo lông thú viền
ranger_uniform_(amphibia),0,Đồng phục Ranger
camouflage_bra,0,Áo ngực rằn ri
fur-lined_gloves,0,Găng tay lót lông
loose_kimono,0,Kimono rộng
carrying_clothing,7,Mang theo trang phục
frilled_hoodie,0,Áo hoodie nhún xếp
kokatsu_academy_school_uniform,0,Đồng phục học viện Kokatsu
squirrel_costume,0,Trang phục sóc
latex_sleeves,0,Tay áo cao su
coat_hold,0,Cái giữ áo khoác
seimei_high_school_uniform,0,Đồng phục trường trung học phổ thông Seimei
collared_apron,0,Tạp dề có cổ
tight_tank_top,7,Áo hai dây ôm sát
impossible_armor,0,Giáp bất khả thi
two_tone_kimono,7,Kimono hai tông
pride_color_gloves,7,Găng tay màu tự hào
bible_black's_school_uniform,0,Đồng phục trường Bible Black's
matching_clothing,7,Trang phục đồng bộ
cutout_bikini,7,Bikini mổ xẻ
tactical_pants,7,Quần chiến thuật
hand_in_shorts,7,Bàn tay trong quần short
skirt_ruff,0,Diềm cổ chân váy
penis_under_dress,7,Dương vật bên dưới váy liền
frilly_socks,7,Tất nhún diềm
shared_shirt,0,Áo sơ mi dùng chung
bow_shoes,7,Giày nơ
pride_color_stockings,7,Bít tất màu tự hào
side-tie_underwear,7,Đồ lót cà vạt lệch bên
midgar_academy_school_uniform,0,Đồng phục học viện Midgar
sleeve,7,Tay áo
dark_armor,7,Giáp sẫm
republic_of_china_school_uniform,0,Đồng phục trường Republic Of China
broken_high_heel,0,Gót chân bị gãy cao
saint_mary's_academy_school_uniform,0,Đồng phục học viện Saint Mary's
cunnilingus_through_clothing,7,Kích thích âm hộ bằng miệng xuyên qua trang phục
bra_in_mouth,0,Áo ngực trong miệng
bellhop_uniform,0,Đồng phục Bellhop
gold_heels,7,Giày cao gót vàng kim
saotome_academy_school_uniform,0,Đồng phục học viện Saotome
dark_socks,7,Tất sẫm
lingerie_bra,7,Áo ngực đồ lót nữ
kirare_idol_uniform,0,Đồng phục thần tượng Kirare
shiny_gloves,0,Găng tay bóng
discarded_socks,7,Tất đã bỏ đi
carrot_underwear,7,Đồ lót cà rốt
orange_slingshot_swimsuit,0,Đồ bơi dây chéo màu cam
hand_on_pants,7,Bàn tay trên quần dài
summer_dress,7,Váy mùa hè
spiked_thighhighs,0,Tất cao đùi có gai
sukoyaka_middle_school_uniform,0,Đồng phục trường trung học cơ sở Sukoyaka
latex_tail_stocking,7,Tất dài đuôi cao su
reverse_bikini_armor,0,Giáp bikini ngược
straight-laced_footwear,0,Giày dép thẳng buộc dây
polka_dot_bodysuit,0,Đồ liền thân chấm bi
text_on_vest,7,Chữ trong ảnh trên áo gile
coat_markings,7,Vằn áo khoác
purple_dress_shirt,7,Áo sơ mi váy màu tím
pussy_juice_on_panties,7,Dịch âm hộ trên quần lót
jacket_bow,0,Nơ áo khoác
ornate_clothing,7,Trang phục cầu kỳ
bow_footwear,7,Giày dép nơ
frilly_shirt,7,Áo sơ mi nhún diềm
cutting_clothing,7,Đang cắt trang phục
heart_t-shirt,7,Áo thun trái tim
duel_academy_uniform_(yu-gi-oh!_5d's),0,Đồng phục học viện Duel
odaiba_middle_school_uniform,0,Đồng phục trường trung học cơ sở Odaiba
tsubakigaoka_metropolitan_high_school_uniform,0,Đồng phục trường trung học phổ thông Tsubakigaoka Metropolitan
kirakira_patisserie_uniform,0,Đồng phục Kirakira Patisserie
wedding_gloves,7,Găng tay cưới
delivery_uniform,7,Đồng phục Delivery
checkered_pantyhose,0,Quần tất kẻ ca-rô
cargo_skirt,0,Chân váy túi hộp
shared_sweater,0,Áo len dùng chung
dark_signer_uniform,0,Đồng phục Dark Signer
aqua_armor,0,Giáp xanh ngọc
flower_clothes,0,Quần áo hoa
tiger_print_thighhighs,0,Tất cao đùi họa tiết hổ
star_pattern_underwear,7,Đồ lót hoa văn ngôi sao
buttoned_clothing,7,Trang phục có cúc
league_club_uniform,0,Đồng phục League Club
sailor_leotard,0,Leotard thủy thủ
mikagura_uniform,0,Đồng phục Mikagura
oversized_gloves,0,Găng tay quá khổ
tres_bien_maid_uniform,0,Đồng phục hầu gái Tres Bien
oufi_association_south_uniform,0,Đồng phục Oufi Association South
latex_detached_sleeves,7,Tay áo cao su tách rời
fishnet_footwear,0,Giày dép lưới
broken_bra,7,Áo ngực bị gãy
tan_socks,7,Tất màu nâu rám nắng
reimei_school_uniform,0,Đồng phục trường Reimei
clothing_penetration,7,Sự thâm nhập quần áo
shrimp_costume,0,Trang phục tôm
furgonomic_skirt,7,Chân váy nửa người nửa thú
translucent_robe,7,Áo choàng bán trong suốt
translucent_gloves,7,Găng tay bán trong suốt
plaid_hoodie,0,Áo hoodie kẻ caro
balls_in_bikini,7,Tinh hoàn trong đồ bơi bikini
see-through_hoodie,0,Áo hoodie xuyên thấu
awafuji_school_uniform,0,Đồng phục trường Awafuji
seigetsu_academy_school_uniform,0,Đồng phục học viện Seigetsu
untied_swimsuit,0,Đồ bơi cởi dây
zashono_academy_school_uniform,0,Đồng phục học viện Zashono
dark_boots,7,Bốt sẫm
tight_t-shirt,7,Áo thun ôm sát
horned_armor,0,Giáp có sừng
padded_armor,0,Giáp có đệm
fur_footwear,0,Giày dép lông thú
dixies_uniform,0,Đồng phục dixie
spiked_legwear_garter,0,Dây treo quần tất có gai
wool_gloves,7,Găng tay len
tying_shoes,7,Đang buộc giày
gradient_bodysuit,0,Đồ liền thân chuyển sắc
leather_apron,0,Tạp dề da
plaid_gloves,0,Găng tay kẻ caro
cat_gloves,7,Găng tay mèo
ribbed_bikini,0,Bikini sống dọc
ribbon-trimmed_sweater,0,Áo len ruy băng viền
underwear_fetish,7,Sở thích đồ lót
underwear_lick,7,Liếm đồ lót
number_on_t-shirt,7,Chữ số trên áo phông
cross-laced_apron,0,Tạp dề chữ thập buộc dây
santa_panties,0,Quần lót ông già Noel
balamb_garden_uniform_(ff8),0,Đồng phục Balamb Garden
kouryoukan_academy_school_uniform,0,Đồng phục học viện Kouryoukan
licking_boots,7,Đang liếm ủng
half-coat,0,Áo khoác một nửa
shorts_tug,0,Đang kéo quần short
french_national_soccer_team_uniform,0,Đồng phục đội bóng đá quốc gia Pháp
grey_fingerless_gloves,7,Găng tay hở ngón màu xám
no_apron,0,Không có tạp dề
discarded_armor,7,Áo giáp đã bỏ đi
blue_polo_shirt,7,Áo sơ mi polo màu xanh dương
dark_stockings,7,Bít tất sẫm
lace_bikini,0,Bikini ren
vertical-striped_cape,0,Áo choàng dọc kẻ sọc
collar_shirt,7,Áo sơ mi cổ áo
collared_kimono,0,Kimono có cổ
american_flag_swimsuit,0,Đồ bơi hình cờ Mỹ
ripped_sleeves,7,Tay áo xé rách
panties_off,7,Cởi quần lót
glistening_jacket,7,Áo khoác bóng nhẫy
spiked_dress,0,Váy có gai
latex_jacket,0,Áo khoác cao su
hand_in_thighhighs,0,Bàn tay trong tất cao đùi
holding_leotard,0,Cầm đồ liền thân
pink_seam_underwear,7,Đồ lót đường may màu hồng
magenta_clothing,7,Trang phục màu hồng cánh sen
sex_through_bodysuit,7,Quan hệ tình dục xuyên qua đồ liền thân
spoken_panties,0,Quần lót trong bóng thoại
fur_socks,0,Tất lông thú
turtleneck_coat,0,Áo khoác cổ lọ
argyle_cardigan,0,Áo cardigan kẻ quả thoi
blue_thigh_boots,7,Bốt đùi màu xanh dương
sovyonok_pioneer_camp_uniform,0,Đồng phục Sovyonok Pioneer Camp
bra_outline,7,Đường viền áo ngực
bow_garter_straps,7,Dây đeo dây giữ bít tất nơ
royal_wonder_academy_school_uniform,0,Đồng phục học viện Royal Wonder
sekiba_girls'_high_school_uniform,0,Đồng phục trường trung học phổ thông Sekiba Girls'
dress_under_skirt,0,Váy liền bên dưới chân váy
avocado_academy_school_uniform,0,Đồng phục học viện Avocado
mechanical_dress,0,Váy cơ khí
military_vest,7,Áo ghi-lê quân đội
goryoukan_academy_uniform,0,Đồng phục học viện Goryoukan
jeans_only,7,Chỉ có quần jean
hoodie_vest,7,Áo ghi-lê áo hoodie
rain_boots,7,Bốt đi mưa
red_garter,0,Dây treo đỏ
sarayashiki_junior_high_school_uniform,0,Đồng phục trường trung học cơ sở Sarayashiki
button_panties,0,Quần lót cúc
star_shirt,7,Áo sơ mi ngôi sao
translucent_bodysuit,7,Đồ liền thân bán trong suốt
socks_on_hands,7,Tất trên bàn tay
uniform_number,0,Chữ số đồng phục
dress-up,0,Kéo váy liền lên
universal_federation_army_uniform,0,Đồng phục Universal Federation Army
kageura_squad's_uniform,0,Đồng phục đội Kageura
panties_under_bloomers,0,Quần lót bên dưới quần phồng
glove_belt,0,Thắt lưng găng tay
gradient_sweater,0,Áo len chuyển sắc
camouflage_cloak,0,Áo choàng rằn ri
see-through_cardigan,0,Áo cardigan xuyên thấu
slit_skirt,7,Chân váy xẻ tà
taut_bikini,0,Bikini căng chặt
checkered_cloak,0,Áo choàng kẻ ca-rô
tying_bikini,0,Đang buộc đồ bơi bikini
asobi_asobase's_school_uniform,0,Đồng phục trường Asobi Asobase's
racing_uniform,7,Đồng phục Racing
camouflage_coat,0,Áo khoác rằn ri
bellwall_military_uniform,0,Đồng phục quân đội Bellwall
patisserie_chuchu_uniform,0,Đồng phục Patisserie Chuchu
hand_in_jacket,0,Bàn tay trong áo khoác
laced_clothing,7,Trang phục buộc dây
pulling_down_shirt,7,Đang kéo xuống áo sơ mi
fur-trimmed_cardigan,0,Áo cardigan lông thú viền
striped_robe,0,Áo choàng kẻ sọc
shinsen_middle_school_uniform,0,Đồng phục trường trung học cơ sở Shinsen
ribbon-trimmed_swimsuit,0,Đồ bơi ruy băng viền
saliva_on_clothes,7,Nước bọt trên quần áo
flower_shirt,7,Áo sơ mi hoa
wearing_partner,7,Mặc bạn tình
blue_garter,0,Dây treo xanh dương
s.o.n.g._uniform,0,Đồng phục S.O.N.G.
swimsuit_around_one_leg,0,Đồ bơi quanh một chân
black_high_heeled_boots,7,Bốt cao có gót màu đen
panties_under_bodysuit,0,Quần lót bên dưới đồ liền thân
hand_in_own_bra,0,Bàn tay trong áo ngực của mình
denim_apron,0,Tạp dề jean
animal_panties,7,Quần lót động vật
tearing_pants,7,Đang xé quần dài
leggings_under_skirt,0,Quần legging bên dưới chân váy
camouflage_footwear,0,Giày dép rằn ri
gold_footwear,7,Giày dép vàng kim
silk_clothing,7,Trang phục lụa
rabbit_panties,7,Quần lót thỏ
nipple_armor,7,Giáp núm vú
leaf_print_shirt,7,Áo sơ mi họa tiết chiếc lá
one_piece_sweater,7,Áo len một mảnh
mismatched_boots,0,Bốt lệch đôi
sideless_sweater,0,Áo len hở bên
animal_ear_footwear,0,Giày dép tai động vật
latex_costume,7,Trang phục cao su
hoof_boots_(hoofwear),7,Bốt móng guốc
hoodie_leotard,7,Leotard áo hoodie
apron_pocket,0,Túi áo tạp dề
kazami_uniform,0,Đồng phục Kazami
goat_costume,0,Trang phục dê
monotone_bodysuit,7,Đồ liền thân một tông
shirt_belt,0,Thắt lưng áo sơ mi
mikagura_private_academy_school_uniform,0,Đồng phục học viện tư thục Mikagura
pulling_bra,7,Đang kéo áo ngực
tiny_panties,7,Quần lót rất nhỏ
open-butt_dress,7,Váy mông mở
patchwork_clothing,7,Trang phục chắp vá
half-sleeves,0,Tay áo một nửa
slingshot_dress,0,Váy dây chéo
putting_on_socks,7,Đang mặc tất
officer_uniform,7,Đồng phục Officer
lace-trimmed_boots,0,Bốt ren viền
open_sweater,7,Áo len mở
rabbit_underwear,7,Đồ lót thỏ
holding_bikini,7,Cầm đồ bơi bikini
coat_grab,0,Nắm áo khoác dài
pants_unzipped,7,Quần dài kéo khóa
holding_unworn_thighhighs,0,Cầm tất cao đùi không mặc
tennomifune_academy_school_uniform,0,Đồng phục học viện Tennomifune
holostars_idol_uniform_(1st_act),0,Đồng phục thần tượng Holostars
leotard_under_pants,0,Đồ liền thân bên dưới quần dài
demon_king_academy_school_uniform,0,Đồng phục học viện Demon King
pink_striped_panties,7,Quần lót kẻ sọc màu hồng
arm_socks,7,Tất cánh tay
text_on_socks,7,Chữ trong ảnh trên tất
purple_thigh_boots,7,Bốt đùi màu tím
purple_sneakers,7,Giày thể thao tím
bra_up,7,Kéo áo ngực lên
gradient_socks,0,Tất chuyển sắc
teal_sweater,7,Áo len màu xanh cổ vịt
teal_skirt,7,Chân váy xanh cổ vịt
furgonomic_shorts,7,Quần short nửa người nửa thú
yukuni_academy_school_uniform,0,Đồng phục học viện Yukuni
tsubakisakuhana_school_uniform,0,Đồng phục trường Tsubakisakuhana
two_tone_apron,7,Tạp dề hai tông
rainbow_panties,7,Quần lót cầu vồng
grey_thigh_socks,7,Tất đùi màu xám
frilled_pantyhose,0,Quần tất nhún xếp
kouryou_academy_school_uniform,0,Đồng phục học viện Kouryou
pantyhose_around_legs,0,Quần tất quanh đôi chân
star-shaped_bikini,0,Bikini hình ngôi sao
brazilian_national_soccer_team_uniform,0,Đồng phục đội tuyển bóng đá quốc gia Brazilian
takizakura_school_uniform,0,Đồng phục trường Takizakura
holostars_idol_uniform_(2nd_act),0,Đồng phục thần tượng Holostars
raised_robe,7,Áo choàng dựng lên
underwear_around_thighs,7,Đồ lót quanh đùi
dark_skirt,7,Chân váy sẫm
heart_keyhole_clothing,7,Trang phục lỗ khóa trái tim
dirty_shirt,7,Áo sơ mi bẩn
panties_on_foot,7,Quần lót trên bàn chân
korean_armor,0,Giáp Hàn Quốc
ichigozaka_middle_school_uniform,0,Đồng phục trường trung học cơ sở Ichigozaka
studded_armor,0,Giáp đính đinh
cock_armor,7,Giáp dương vật
kiritsusei_juuji_academy_school_uniform,0,Đồng phục học viện Kiritsusei Juuji
kyouwa_school_uniform,0,Đồng phục trường Kyouwa
plastic_pants,7,Quần nhựa
thigh_boots_only,7,Chỉ đi bốt đùi
animal_band_panties,0,Quần lót dải băng động vật
clothed_male_underwear_male,0,Nhân vật nam đồ lót nam mặc đồ
mechanical_shoes,0,Giày cơ khí
midriff_jacket,7,Áo khoác vòng eo
flower_costume,0,Trang phục hoa
bridal_sleeves,0,Tay áo cô dâu
gradient_shoes,0,Giày chuyển sắc
asymmetrical_one-piece_swimsuit,0,Đồ bơi bất đối xứng một mảnh
pinstripe_clothing,7,Trang phục sọc chỉ
breastless_ghost_costume,0,Trang phục ma không ngực
police_vest,7,Áo ghi-lê cảnh sát
broken_clothing,7,Trang phục bị gãy
grey_sneakers,7,Giày thể thao xám
loose_skirt,0,Chân váy rộng
smelling_pantyhose,0,Ngửi quần tất
nasu_squad's_uniform,0,Đồng phục đội Nasu
removing_bikini_top,0,Đang cởi áo bikini
combat_gloves,7,Găng tay chiến đấu
big_shirt,7,Áo sơ mi to
pants_around_ankle,7,Quần dài quanh cổ chân
liebe_girls_academy_school_uniform,0,Đồng phục học viện nữ sinh Liebe
wedding_garter,7,Dây treo cưới
brown_thigh_boots,7,Bốt đùi màu nâu
clothes_on_chair,0,Quần áo trên ghế
tohno_tengu_shinobi_group_uniform,0,Đồng phục Tohno Tengu Shinobi Group
long_sleeve_sweater,7,Áo len tay áo dài
pearl_bikini,0,Bikini ngọc trai
body_stocking,7,Tất dài cơ thể
bodysuit_only,0,Chỉ mặc đồ liền thân
indonesian_elementary_school_uniform,0,Đồng phục trường Indonesian Elementary
highleg_shorts,0,Quần short cắt cao
light_socks,7,Tất nhạt
half-leotard,0,Leotard một nửa
duel_academy_uniform_(yu-gi-oh!_arc-v),0,Đồng phục học viện Duel
kamihama_future_academy_school_uniform,0,Đồng phục học viện Kamihama Future
maginot_school_uniform,0,Đồng phục trường Maginot
robe_slip,0,Trượt hở áo choàng
dildo_under_clothing,7,Dương vật giả bên dưới trang phục
kaiou_baseball_uniform,0,Đồng phục Kaiou Baseball
cow_print_stockings,7,Bít tất họa tiết bò
biker_boots,7,Bốt mô tô
silver_skirt,0,Chân váy bạc
mikagura_uniform_(new_link),0,Đồng phục Mikagura
sweaty_panties,7,Quần lót đầm mồ hôi
tail_under_clothing,7,Đuôi bên dưới trang phục
turtleneck_swimsuit,7,Đồ bơi cổ lọ
teal_hoodie,7,Áo hoodie xanh cổ vịt
hanegasaki_academy_school_uniform,0,Đồng phục học viện Hanegasaki
striped_fingerless_elbow_gloves,7,Găng tay khuỷu tay hở ngón kẻ sọc
fur_sleeve_cuffs,0,Ống bọc cổ tay áo lông thú
very_long_robe,0,Áo choàng rất dài
pride_trooper_uniform,0,Đồng phục Pride Trooper
underwear_showing,7,Đồ lót lộ ra
underwear_grab,7,Nắm đồ lót
shiratorizawa_volleyball_uniform,0,Đồng phục Shiratorizawa Volleyball
royal_officer_academy_school_uniform,0,Đồng phục học viện Royal Officer
kazama_squad's_uniform,0,Đồng phục đội Kazama
silver_clothing,7,Trang phục màu bạc
grey_sleeveless_shirt,7,Áo sơ mi không tay màu xám
clothes_over_shoulder,0,Quần áo phía trên vai
grey_garter_belt,0,Dây treo tất xám
tying_panties,0,Đang buộc quần lót
multicolored_knee_socks,7,Tất đầu gối nhiều màu
floral_print_leotard,0,Leotard họa tiết thêu hoa
gradient_cloak,0,Áo choàng chuyển sắc
see-through_underwear,0,Đồ lót xuyên thấu
seijou_baseball_uniform,0,Đồng phục Seijou Baseball
plaid_cape,0,Áo choàng kẻ caro
plaid_cardigan,0,Áo cardigan kẻ caro
soccer_socks,7,Tất bóng đá
hand_in_shirt,7,Bàn tay trong áo sơ mi
miwa_squad's_uniform,0,Đồng phục đội Miwa
offering_panties,7,Đưa cho quần lót
dark_panties,7,Quần lót sẫm
mexican_national_soccer_team_uniform,0,Đồng phục đội tuyển bóng đá quốc gia Mexican
usuzan_school_uniform,0,Đồng phục trường Usuzan
shirt_bite,7,Cắn áo sơ mi
pussy_ejaculation_through_clothing,7,Xuất tinh âm hộ xuyên qua trang phục
football_uniform,7,Đồng phục Football
teal_bra,7,Áo ngực màu xanh cổ vịt
teal_gloves,7,Găng tay xanh cổ vịt
dirty_shoes,7,Giày bẩn
pink_thigh_boots,7,Bốt đùi màu hồng
kurobara_girls_high_school_uniform,0,Đồng phục trường trung học phổ thông Kurobara Girls
looking_at_clothing,7,Nhìn trang phục
single_strap_swimsuit,7,Đồ bơi dây một chiếc
gunjou_gakuen_school_uniform,0,Đồng phục học viện Gunjou
tight_robe,7,Áo choàng ôm sát
skirt_around_legs,7,Chân váy quanh đôi chân
cape_umbrella,0,Cái ô áo choàng
edwardian_clothing,7,Trang phục thời Edward
bikini_crabs,7,Cua bikini
sakigei_municipal_academy_school_uniform,0,Đồng phục học viện Sakigei Municipal
hana_association_south_uniform,0,Đồng phục Hana Association South
camelot_academy_of_chivalry_school_uniform,0,Đồng phục trường Camelot Academy Of Chivalry
spotted_shirt,7,Áo sơ mi có đốm
cropped_coat,0,Áo khoác lửng
dress_bulge,7,Chỗ lùm lùm váy
penis_in_stocking,7,Dương vật trong tất dài
arisugawa_academy_school_uniform,0,Đồng phục học viện Arisugawa
boot_on_face,7,Bốt trên khuôn mặt
rinmeikan_girls_school_uniform,0,Đồng phục trường nữ sinh Rinmeikan
checkered_swimsuit,0,Đồ bơi kẻ ca-rô
pride_color_panties,7,Quần lót màu tự hào
half-shirt,0,Áo sơ mi một nửa
flag_cape,7,Áo choàng hình cờ
side-tie_vest,0,Áo ghi-lê cà vạt lệch bên
feces_on_clothing,7,Phân trên trang phục
pleated_kimono,0,Kimono xếp ly
writing_on_clothes,7,Chữ viết trên quần áo
doukyuusei_2_school_uniform,0,Đồng phục trường Doukyuusei 2
rainbow_elbow_gloves,7,Găng tay khuỷu tay màu cầu vồng
yellow_dress_shirt,7,Áo sơ mi váy màu vàng
softball_uniform,0,Đồng phục Softball
cat_keyhole_clothing,7,Trang phục lỗ khóa mèo
nails_visible_through_gloves,0,Móng tay nhìn thấy được xuyên qua găng tay
cat_cutout_panties,0,Quần lót mổ xẻ mèo
cum_through_shirt,7,Tinh dịch xuyên qua áo sơ mi
bondage_armor,7,Giáp trói buộc
hiiragi_utena's_school_uniform,0,Đồng phục trường Hiiragi Utena's
animal_print_clothing,7,Trang phục họa tiết động vật
tight_leggings,7,Quần legging ôm sát
gradient_swimsuit,0,Đồ bơi chuyển sắc
collared_one-piece_swimsuit,0,Đồ bơi có cổ một mảnh
fruit_costume,0,Trang phục trái cây
victorian_dress,7,Váy thời Victoria
seidouzan_soccer_uniform,0,Đồng phục Seidouzan Soccer
brown_elbow_gloves,7,Găng tay khuỷu tay màu nâu
pearl_panties,7,Quần lót ngọc trai
fur_shorts,0,Quần short lông thú
teal_t-shirt,7,Áo thun xanh cổ vịt
diamond_armor,7,Giáp hình thoi
single_arm_armor,0,Giáp cánh tay một chiếc
bow_garter,7,Dây treo nơ
holostars_idol_uniform_(movin_on),0,Đồng phục thần tượng Holostars
torayamachi_academy_school_uniform,0,Đồng phục học viện Torayamachi
young_pioneer_uniform,7,Đồng phục Young Pioneer
norwegian_national_soccer_team_uniform,0,Đồng phục đội tuyển bóng đá quốc gia Norwegian
white_glove,7,Găng tay trắng
hoodie_bodysuit,7,Đồ liền thân áo hoodie
fujinomisaki_school_uniform,0,Đồng phục trường Fujinomisaki
tight_leotard,7,Leotard ôm sát
sports_bra_visible_through_clothes,0,Áo ngực thể thao nhìn thấy được xuyên qua quần áo
clitoris_sleeve,0,Tay áo âm vật
fur_panties,0,Quần lót lông thú
yellow_thigh_socks,7,Tất đùi màu vàng
tall_boots,7,Bốt cao
stitched_pants,0,Quần khâu
food_clothing,7,Trang phục thức ăn
bat_panties,0,Quần lót dơi
wet_apron,0,Tạp dề ướt
thighhighs_under_pantyhose,0,Tất cao đùi bên dưới quần tất
bulge_under_clothes,7,Phần phồng lên bên dưới quần áo
cat_underwear,7,Đồ lót mèo
orange_high_heels,7,Giày cao gót cao cam
lowered_panties,7,Quần lót hạ xuống
lowered_underwear,7,Đồ lót hạ xuống
crossdressing_under_clothes_(mtf),0,Trang phục chéo giới bên dưới quần áo
painted_underwear,7,Đồ lót vẽ họa tiết
hanamichi_middle_school_uniform,0,Đồng phục trường trung học cơ sở Hanamichi
shirt_under_hoodie,0,Áo sơ mi bên dưới áo hoodie
leopard_print_clothing,7,Trang phục họa tiết báo
flower-trimmed_bikini,0,Bikini hoa viền
aoi_academy_school_uniform,0,Đồng phục học viện Aoi
impossible_underwear,0,Đồ lót bất khả thi
sideless_skirt,0,Chân váy hở bên
panties_over_bike_shorts,0,Quần lót phía trên quần đạp xe
femme_de_menage_maid_academy_uniform,0,Đồng phục học viện Femme De Menage Maid
leather_bodysuit,0,Đồ liền thân da
bikini_plate,7,Cái đĩa bikini
apron_bow,7,Nơ tạp dề
tsunagi_first_middle_school_uniform,0,Đồng phục trường trung học cơ sở Tsunagi First
wet_footwear,7,Giày dép ướt
flame_bikini,7,Bikini ngọn lửa
calf_socks,7,Tất bắp chân
one-piece_swimsuit_aside,7,Kéo đồ bơi một mảnh sang bên
pride_color_hoodie,7,Áo hoodie màu tự hào
bra_tag,0,Nhãn áo ngực
buckle_boot,0,Bốt khóa
single_armored_boot,0,Bốt một chiếc bọc giáp
naval_jacket,0,Áo khoác hải quân
removing_cape,0,Đang cởi áo choàng
maisen_university_high_school_uniform,0,Đồng phục trường trung học phổ thông Maisen University
two_tone_high_heels,7,Giày cao gót hai tông cao
monotone_cape,7,Áo choàng một tông
monotone_fingerless_gloves,7,Găng tay hở ngón một tông
paw_pattern_underwear,7,Đồ lót hoa văn chân thú
clothed_female_underwear_male,0,Nhân vật nam đồ lót nữ mặc đồ
chick_costume,0,Trang phục gà con
hoshimi_private_high_school_uniform,0,Đồng phục trường trung học tư thục Hoshimi
iridescent_clothing,7,Trang phục ánh kim
print_cardigan,0,Áo cardigan họa tiết
undone_skirt,0,Chân váy chưa cài
spudsy's_uniform,0,Đồng phục Spudsy's
armored_vest,7,Áo ghi-lê bọc giáp
doukyuusei_school_uniform,0,Đồng phục trường Doukyuusei
torn_costume,7,Trang phục bị rách
footwear_removed,7,Giày dép đã tháo ra
torn_sweater_vest,0,Áo ghi-lê len bị rách
cum_on_dress,7,Tinh dịch trên váy liền
single_unworn_heel,0,Gót chân một chiếc không mặc
furgonomic_hoodie,7,Áo hoodie nửa người nửa thú
karukozaka_high_school_uniform,0,Đồng phục trường trung học phổ thông Karukozaka
kougetsu_baseball_uniform,0,Đồng phục Kougetsu Baseball
wet_one-piece_swimsuit,0,Đồ bơi ướt một mảnh
christmas_underwear,7,Đồ lót Giáng sinh
sparkling_clothes,0,Quần áo lấp lánh
aqours_cheerleader_uniform,0,Đồng phục cổ động viên Aqours
tail_through_underwear,7,Đuôi xuyên qua đồ lót
heart_print_clothing,7,Trang phục họa tiết trái tim
front_slit_clothing,7,Trang phục xẻ tà phía trước
orange_sneakers,7,Giày thể thao cam
green_costume,7,Trang phục xanh lá
heel-less_legwear,0,Đồ che chân gót không có
kamome_gakuen_school_uniform,0,Đồng phục học viện Kamome
ribbon-trimmed_garter,0,Dây treo ruy băng viền
shirt_basket,0,Cái rổ áo sơ mi
floral_mint_uniform,0,Đồng phục Floral Mint
leotard_under_shorts,7,Đồ liền thân bên dưới quần short
black_detached_sleeves,7,Tay áo tách rời đen
gradient_shorts,0,Quần short chuyển sắc
open_swimsuit,0,Đồ bơi mở
open_toe_stockings,7,Bít tất ngón chân mở
wearing_jacket,7,Mặc áo khoác
purple_seam_underwear,7,Đồ lót đường may màu tím
translucent_pantyhose,7,Quần tất bán trong suốt
translucent_shorts,7,Quần short bán trong suốt
bone_print_clothing,7,Trang phục họa tiết xương
star_pattern_panties,7,Quần lót hoa văn ngôi sao
keishin_academy_school_uniform,0,Đồng phục học viện Keishin
recompense_maid_uniform,0,Đồng phục hầu gái Recompense
dark_t-shirt,7,Áo thun sẫm
holding_boots,7,Cầm ủng
english_national_soccer_team_uniform,0,Đồng phục đội bóng đá quốc gia Anh
biker_gloves,7,Găng tay mô tô
gold_skirt,0,Chân váy vàng kim
world_w_academy_school_uniform,0,Đồng phục học viện World W
head_up_shirt,0,Áo sơ mi trễ cổ
mismatched_pants,0,Quần lệch đôi
polka_dot_sweater,0,Áo len chấm bi
two-sided_shorts,0,Quần short mặt hai
oversized_shorts,7,Quần short quá khổ
pride_color_shorts,7,Quần short màu tự hào
glowing_dress,0,Váy phát sáng
cut_clothes,7,Quần áo bị cắt
white_sleeveless_shirt,7,Áo sơ mi không tay màu trắng
striped_cloak,0,Áo choàng kẻ sọc
yellow_fingerless_gloves,7,Găng tay hở ngón màu vàng
diaper_under_dress,7,Tã lót bên dưới váy liền
carrot_pattern_underwear,7,Đồ lót hoa văn cà rốt
cum_through_skirt,7,Tinh dịch xuyên qua chân váy
lifted_clothing,7,Trang phục nâng lên
apple_costume,0,Trang phục táo
vivid_bikini_(idolmaster),0,Bikini rực rỡ
furred_clothing,7,Trang phục có lông
pseudo_clothing_lift,7,Nhấc trang phục giả
socks_on_face,7,Tất trên khuôn mặt
zipper_swimsuit,7,Đồ bơi khóa kéo
gun_in_pants,0,Súng trong quần dài
hands_in_pants,0,Bàn tay trong quần dài
stained_pants,7,Quần vấy bẩn
yubiwa_high_school_uniform,0,Đồng phục trường trung học phổ thông Yubiwa
jacket_on_head,0,Áo khoác trên đầu
jacket_under_coat,0,Áo khoác bên dưới áo khoác dài
white_arm_garter,0,Dây treo cánh tay trắng
tomoeda_elementary_cheerleader_uniform,0,Đồng phục cổ động viên Tomoeda Elementary
coat_over_head,0,Áo khoác dài phía trên đầu
christian_private_white_clover_academy_school_uniform,0,Đồng phục học viện Christian Private White Clover
wet_gloves,0,Găng tay ướt
striped_slingshot_swimsuit,0,Đồ bơi dây chéo kẻ sọc
purple_garter,0,Dây treo tím
diagonal-striped_dress,0,Váy chéo kẻ sọc
embroidered_clothing,7,Trang phục thêu
embroidered_garter_belt,0,Dây treo tất thêu
rainbow_dress,0,Váy cầu vồng
flower-trimmed_panties,0,Quần lót hoa viền
flowing_cape,7,Áo choàng tung bay
lace_leotard,0,Leotard ren
asfeld_academy_school_uniform,0,Đồng phục học viện Asfeld
tentacle_underwear,0,Đồ lót xúc tu
holostars_english_idol_uniform,0,Đồng phục thần tượng Holostars English
naginomori_gakuen_high_school_uniform,0,Đồng phục trường trung học phổ thông Naginomori Gakuen
choker_over_clothes,0,Vòng cổ choker phía trên quần áo
dark_elbow_gloves,7,Găng tay khuỷu tay sẫm
adjusting_underwear,0,Đang chỉnh đồ lót
wearing_shorts,7,Mặc quần short
bow_stockings,7,Bít tất nơ
discarded_skirt,7,Chân váy đã bỏ đi
floral_pattern_bra,7,Áo ngực hoa văn thêu hoa
italian_clothes,0,Quần áo Ý
arakumo_gakuen_soccer_uniform,0,Đồng phục Arakumo Gakuen Soccer
rainbow_swimwear,7,Đồ bơi màu cầu vồng
saliva_on_clothing,7,Nước bọt trên trang phục
spiked_clothes,0,Quần áo có gai
loose_sleeves,7,Tay áo rộng
coat_bow,0,Nơ áo khoác
surre_academy_school_uniform,0,Đồng phục học viện Surre
open-bust_leotard,0,Leotard bán thân mở
chakuma_academy_school_uniform,0,Đồng phục học viện Chakuma
precum_through_shorts,7,Dịch tiền xuất tinh xuyên qua quần short
dress_pocket,0,Túi áo váy
camouflage_male_underwear,0,Đồ lót nam rằn ri
vest_pull,0,Đang kéo áo gile
hugging_clothes,0,Ôm quần áo
tight_skinsuit,7,Bộ đồ ôm sát ôm sát
vietnamese_high_school_uniform,0,Đồng phục trường trung học phổ thông Vietnamese
silver_one-piece_swimsuit,0,Đồ bơi một mảnh màu bạc
cum_under_clothes,7,Tinh dịch bên dưới quần áo
bone_armor_(monster_hunter),0,Giáp xương
virtual_talent_academy_school_uniform,0,Đồng phục học viện Virtual Talent
print_elbow_gloves,7,Găng tay khuỷu tay họa tiết
tan_dress_shirt,7,Áo sơ mi váy màu nâu rám nắng
shiny_skirt,0,Chân váy bóng
see-through_vest,0,Áo gile xuyên thấu
pattern_shoes,7,Giày hoa văn
black_stocking,7,Tất dài đen
fur_hoodie,0,Áo hoodie lông thú
santa_clothing,7,Trang phục ông già Noel
shorts_around_thighs,0,Quần short quanh đùi
furred_boots,7,Bốt có lông
short-sleeve_shirt,7,Áo sơ mi tay áo ngắn
cross_swimsuit,0,Đồ bơi chữ thập
dark_pants,7,Quần sẫm
pride_color_pants,7,Quần màu tự hào
yuba_squad's_uniform,0,Đồng phục đội Yuba
panda_panties,0,Quần lót gấu trúc
sentient_clothing,7,Trang phục có tri giác
swim_vest,7,Áo ghi-lê bơi
torn_armor,7,Áo giáp bị rách
toritsu_hakuou_academy_school_uniform,0,Đồng phục học viện Toritsu Hakuou
matching_underwear,7,Đồ lót đồng bộ
blood_on_pants,7,Máu trên quần dài
venus_ark_uniform,0,Đồng phục Venus Ark
studded_bikini,0,Bikini đính đinh
frilly_gloves,7,Găng tay nhún diềm
shirt_on_shirt,7,Áo sơ mi trên áo sơ mi
floral_print_coat,0,Áo khoác họa tiết thêu hoa
puffy_sleeve_cuffs,0,Ống bọc cổ tay áo phồng
ear_armor,0,Giáp tai
high_heels_leggings,7,Quần legging cao gót
low_pants,7,Quần thấp
flight_attendant_uniform,7,Đồng phục Flight Attendant
aqua_slingshot_swimsuit,0,Đồ bơi dây chéo màu xanh ngọc
thick_socks,7,Tất dày
mushroom_costume,0,Trang phục nấm
maroon_shirt,7,Áo nâu đỏ
coat_pouch,0,Túi con áo khoác
corset_bra,7,Áo ngực áo corset
teal_shoes,7,Giày màu xanh cổ vịt
argyle_shorts,0,Quần short kẻ quả thoi
french_flag_bikini,0,Bikini hình cờ Pháp
american_flag_underwear,7,Đồ lót hình cờ Mỹ
leather_shoes,7,Giày da
hand_on_panties,7,Bàn tay trên quần lót
white_knee_boots,7,Bốt đầu gối màu trắng
single_stocking,7,Một tất dài
single_strap_dress,7,Váy dây một chiếc
black_toeless_socks,7,Tất hở ngón chân màu đen
red_polo_shirt,7,Áo sơ mi polo màu đỏ
carrying_clothes,0,Mang theo quần áo
pattern_boots,7,Bốt hoa văn
shinozuka_technical_high_school_uniform,0,Đồng phục trường trung học phổ thông Shinozuka Technical
seal_costume,0,Trang phục hải cẩu
print_armor,0,Giáp họa tiết
jellyfish_costume,0,Trang phục sứa
cafe_cutemare_uniform,0,Đồng phục Cafe Cutemare
toeless_bodysuit,0,Đồ liền thân hở ngón chân
hakujou_academy_school_uniform,0,Đồng phục học viện Hakujou
stellamaris_idol_uniform,0,Đồng phục thần tượng Stellamaris
carrot_pattern_panties,7,Quần lót hoa văn cà rốt
paw_pattern_panties,7,Quần lót hoa văn chân thú
honey_strap_stage_costume,0,Trang phục sân khấu dây mật ong
minion_uniform,7,Đồng phục Minion
pantyhose_over_swimsuit,0,Quần tất phía trên đồ bơi
textured_clothing,7,Trang phục có kết cấu
cropped_t-shirt,7,Áo thun lửng
pants_grab,7,Nắm quần dài
cross-laced_coat,0,Áo khoác chữ thập buộc dây
translucent_heels,7,Giày cao gót bán trong suốt
stocking_cap,7,Mũ tất dài
cow_stockings,7,Bít tất bò
horn_through_clothing,7,Sừng xuyên qua trang phục
back-tie_dress,7,Váy cà vạt lưng
clothing_sex,7,Quan hệ qua lớp quần áo
taut_vest,0,Áo ghi-lê căng chặt
flora_girls_academy_school_uniform,0,Đồng phục học viện nữ sinh Flora
cherry_print_bra,0,Áo ngực họa tiết hoa anh đào
multicolored_cardigan,0,Áo cardigan nhiều màu
msby_black_jackals_volleyball_uniform,0,Đồng phục Msby Black Jackals Volleyball
fur-trimmed_bikini_top,0,Áo bikini lông thú viền
boobies_uniform,0,Đồng phục Boobies
hachiban_ramen_uniform,0,Đồng phục Hachiban Ramen
otter_costume,0,Trang phục rái cá
nearly_naked_cloak,0,Áo choàng trần gần như
tan_cape,7,Áo choàng màu nâu rám nắng
print_garter_belt,0,Dây treo tất họa tiết
heart_dress,7,Váy trái tim
knights_moralis_uniform,0,Đồng phục Knights Moralis
clothes_on_wall,0,Quần áo trên bức tường
yellow_clothes,7,Quần áo màu vàng
bikini_top_down,7,Áo bikini hướng xuống
leg_stockings,7,Bít tất chân
plastic_gloves,0,Găng tay nhựa
frilled_shoes,0,Giày nhún xếp
agnus_female_off-seer_uniform,0,Đồng phục Agnus Female Off-seer
camouflage_thighhighs,0,Tất cao đùi rằn ri
dress_shirt_only,7,Chỉ mặc áo sơ mi
ribbed_bra,0,Áo ngực sống dọc
ribbon-trimmed_cape,0,Áo choàng ruy băng viền
themed_clothing,7,Trang phục chủ đề
gradient_robe,0,Áo choàng chuyển sắc
gradient_one-piece_swimsuit,0,Đồ bơi chuyển sắc một mảnh
rikkyouin_high_school_uniform_(anime),0,Đồng phục trường trung học phổ thông Rikkyouin
covering_with_clothes,0,Che kèm quần áo
wearing_towel,7,Mặc khăn tắm
wearing_harness,7,Mặc đai buộc
tail_in_pants,7,Đuôi trong quần dài
glass_heels,0,Giày cao gót thủy tinh
gingham_socks,0,Tất kẻ ô vuông
translucent_t-shirt,7,Áo thun bán trong suốt
kaimei_high_school_uniform,0,Đồng phục trường trung học phổ thông Kaimei
precum_on_underwear,7,Dịch tiền xuất tinh trên đồ lót
lace-trimmed_pantyhose,0,Quần tất ren viền
torigoe_gakuen_school_uniform,0,Đồng phục học viện Torigoe
crab_costume,0,Trang phục cua
bow_clothing,7,Trang phục nơ
clothes_pin_on_nipples,7,Ghim quần áo trên núm vú
multicolored_thigh_boots,7,Bốt đùi nhiều màu
multicolored_heels,7,Giày cao gót nhiều màu
cow_print_dress,0,Váy họa tiết bò
hands_in_sleeves,7,Bàn tay trong tay áo
dark_high_heels,7,Giày cao gót cao sẫm
shuetsu_school_uniform,0,Đồng phục trường Shuetsu
front-tie_shirt,7,Áo sơ mi cà vạt phía trước
toe_shoes,7,Giày ngón chân
cosmic_clothing,7,Trang phục vũ trụ
nishihama_middle_school_uniform,0,Đồng phục trường trung học cơ sở Nishihama
pleated_cape,0,Áo choàng xếp ly
maroon_underwear,7,Đồ lót màu nâu đỏ
sakuraba_institute_school_uniform,0,Đồng phục trường Sakuraba Institute
pink_santa_costume,0,Trang phục ông già Noel hồng
pants_removed,7,Quần dài đã tháo ra
pants_chain,7,Dây chuyền quần
ruffled_skirt,7,Chân váy xếp tầng
white_seam_clothing,7,Trang phục đường may màu trắng
white_seam_shirt,7,Áo sơ mi đường may màu trắng
bridal_one-piece_swimsuit,0,Đồ bơi cô dâu một mảnh
putting_on_coat,0,Đang mặc áo khoác dài
tentacles_under_clothing,7,Xúc tu bên dưới trang phục
ribbon-trimmed_cloak,0,Áo choàng ruy băng viền
spread_panties,7,Quần lót dạng ra
cream_on_clothes,0,Màu kem trên quần áo
sunglasses_on_shirt,7,Kính râm trên áo sơ mi
chinese_school_uniform,0,Đồng phục học đường Trung Quốc
formal_dress,7,Váy trang trọng
light_pants,7,Quần nhạt
bra_(anatomy),7,Áo ngực
glistening_pantyhose,7,Quần tất bóng nhẫy
diaper_under_underwear,7,Tã lót bên dưới đồ lót
cross-laced_underwear,0,Đồ lót chữ thập buộc dây
tohno_tengu_shinobi_group_uniform_(new_link),0,Đồng phục Tohno Tengu Shinobi Group
clothing_removal,7,Tháo quần áo
kamogawa_girls'_high_school_uniform,0,Đồng phục trường trung học phổ thông Kamogawa Girls'
latex_pantyhose,0,Quần tất cao su
polka_dot_cape,0,Áo choàng chấm bi
coat_tug,0,Đang kéo áo khoác dài
shiiton_gakuen_school_uniform,0,Đồng phục học viện Shiiton
wearing_boots,7,Đi ủng
object_in_thighhighs,0,Vật thể trong tất cao đùi
cowgirl_boots,7,Bốt cưỡi ngựa
shirtless_sleeves,7,Tay áo không mặc áo
count_military_uniform,0,Đồng phục quân đội Count
pokemon_underwear,7,Đồ lót Pokémon
feathered_coat,0,Áo khoác có lông vũ
clothing_insertion,7,Đưa vào quần áo
goo_clothing,7,Trang phục nhầy
ninja_costume,7,Trang phục ninja
kimberly_magic_academy_school_uniform,0,Đồng phục học viện Kimberly Magic
lace_bodysuit,0,Đồ liền thân ren
cardigan_around_neck,0,Áo cardigan quanh cổ
spiked_skirt,0,Chân váy có gai
knot_through_clothing,7,Nút thắt xuyên qua trang phục
black_tail_stocking,7,Tất dài đuôi đen
owl_costume,0,Trang phục cú mèo
light_panties,7,Quần lót nhạt
c2_race_queen_uniform,0,Đồng phục C2 Race Queen
ultra_guardians_uniform,0,Đồng phục Ultra Guardians
checkered_bikini_top,0,Áo bikini kẻ ca-rô
ootoriryouran_gakuen_school_uniform,0,Đồng phục học viện Ootoriryouran
lipstick_mark_on_clothes,0,Dấu son môi trên quần áo
gingham_vest,0,Áo ghi-lê kẻ ô vuông
tight_crop_top,7,Áo cắt ngắn ôm sát
skin_tight_clothes,7,Quần áo da ôm sát
short_coat,0,Áo khoác ngắn
money_in_clothes,7,Tiền trong quần áo
takanoori_middle_school_uniform,0,Đồng phục trường trung học cơ sở Takanoori
sleeve_dress,7,Váy tay áo
discarded_boots,7,Ủng đã bỏ đi
chastity_cage_visible_through_clothes,0,Lồng trinh tiết nhìn thấy được xuyên qua quần áo
bat_bra,0,Áo ngực dơi
skeleton_clothing,7,Trang phục bộ xương
pattern_kimono,7,Kimono hoa văn
gingham_panties,0,Quần lót kẻ ô vuông
pulling_shorts_down,7,Kéo đang kéo quần short xuống
dancing_in_underwear,7,Đang nhảy múa trong đồ lót
magenta_bikini,7,Bikini màu hồng cánh sen
robot_costume,0,Trang phục người máy
glove_spread,0,Găng tay dạng ra
glove_corset,0,Áo corset kèm găng
penis_costume,7,Trang phục dương vật
tan_robe,7,Áo choàng nâu rám nắng
penis_visible_through_clothing,7,Dương vật nhìn thấy được xuyên qua trang phục
food_bikini,7,Bikini thức ăn
ripped_socks,7,Tất xé rách
sexy_underwear_(dq),0,Đồ lót gợi cảm
argyle_bra,0,Áo ngực kẻ quả thoi
helvetian_military_uniform,0,Đồng phục quân đội Helvetian
blood_on_apron,7,Máu trên tạp dề
cherryton_school_uniform,0,Đồng phục trường Cherryton
fluffy_jacket,7,Áo khoác lông xù
unworn_sports_bra,0,Áo ngực không mặc thể thao
rikkyouin_high_school_uniform_(ova),0,Đồng phục trường trung học phổ thông Rikkyouin
floral_print_underwear,7,Đồ lót họa tiết thêu hoa
ribbon_clothing,7,Trang phục ruy băng
nearly_naked_sweater,0,Áo len trần gần như
tail_pants,7,Quần đuôi
single_sleeve_cuff,0,Ống tay áo một chiếc
camouflage_swimsuit,0,Đồ bơi rằn ri
partially_open_dress,0,Váy một phần mở
camo_vest,7,Áo ghi-lê rằn ri
camouflage_bikini_top,0,Áo bikini rằn ri
one-piece_dress,7,Váy một mảnh
heart_keyhole_bra,7,Áo ngực lỗ khóa trái tim
unconventional_police_uniform,0,Đồng phục cảnh sát Unconventional
long_sleeve_dress,7,Váy tay áo dài
cross_academy_school_uniform,0,Đồng phục học viện Cross
skirt_around_thighs,0,Chân váy quanh đùi
ortensia_idol_uniform,0,Đồng phục thần tượng Ortensia
firefighter_boots,7,Bốt cứu hỏa
tight_coat,7,Áo khoác ôm sát
monotone_coat,7,Áo khoác một tông
rabbit_print_underwear,7,Đồ lót họa tiết thỏ
american_flag_gloves,0,Găng tay hình cờ Mỹ
keyhole_dress,7,Váy lỗ khóa
christmas_gloves,7,Găng tay Giáng sinh
winter_clothes_(zelda),0,Quần áo mùa đông
red_costume,7,Trang phục đỏ
lace-trimmed_robe,0,Áo choàng ren viền
frilly_garter,7,Dây treo nhún diềm
clothing_in_cum,7,Trang phục trong tinh dịch
bikini_under_clothing,7,Đồ bơi bikini bên dưới trang phục
yogetsu_high_school_uniform,0,Đồng phục trường trung học phổ thông Yogetsu
hand_on_shirt,7,Bàn tay trên áo sơ mi
two-sided_vest,0,Áo ghi-lê mặt hai
coat_tails,7,Đuôi áo khoác
tan_armor,7,Giáp nâu rám nắng
t-shirt_on_long_sleeve,7,Áo phông trên tay áo dài
orange_dress_shirt,7,Áo sơ mi váy màu cam
footwear_on_head,0,Giày dép trên đầu
areishia_spirit_academy_uniform,0,Đồng phục học viện Areishia Spirit
side_skirt,7,Chân váy lệch bên
two_tone_knee_socks,7,Tất đầu gối hai tông
wearing_backpack,7,Mặc ba lô
wearing_swim_ring,7,Đeo vòng bơi
two_tone_thigh_boots,7,Bốt đùi hai tông
metal_clothing,7,Trang phục kim loại
paw_boots,7,Bốt chân thú
holding_sandals,7,Cầm dép xăng đan
kimono_around_waist,0,Áo kimono quanh eo
u.a._cheer_uniform,7,Đồng phục U.A. Cheer
unzipped_skirt,7,Chân váy kéo khóa
wet_sweater,0,Áo len ướt
precum_in_clothing,7,Dịch tiền xuất tinh trong trang phục
torn_pseudo_clothing,7,Trang phục giả bị rách
baseball_jacket,7,Áo khoác bóng chày
dog_print_panties,0,Quần lót họa tiết chó
panties_showing,7,Quần lót lộ ra
dolphin_costume,0,Trang phục cá heo
blue_boxing_gloves,7,Găng tay quyền Anh màu xanh dương
tight_sheath,7,Bao dương vật ôm sát
tight_bondage,7,Trói buộc ôm sát
suspenders_under_shirt,0,Dây treo quần bên dưới áo sơ mi
thighhighs_over_bodysuit,0,Tất cao đùi phía trên đồ liền thân
heart_sweater,7,Áo len trái tim
blue_seam_shirt,7,Áo sơ mi đường may màu xanh dương
arafune_squad's_uniform,0,Đồng phục đội Arafune
cake_costume,7,Trang phục bánh ngọt
cum_on_armor,7,Tinh dịch trên áo giáp
head_under_clothing,7,Đầu bên dưới trang phục
blue_yukata,7,Áo yukata xanh dương
kuruma_squad's_uniform,0,Đồng phục đội Kuruma
skin-tight_suit,7,Bộ đồ da ôm sát
austrian_national_soccer_team_uniform,0,Đồng phục đội tuyển bóng đá quốc gia Austrian
socks_over_kneehighs,0,Tất phía trên tất cao đến gối
garter_socks,7,Tất dây giữ bít tất
alien_costume,0,Trang phục ngoài hành tinh
stitched_sleeves,0,Tay áo khâu
heartland_academy_uniform,0,Đồng phục học viện Heartland
shiraha_private_academy_school_uniform,0,Đồng phục học viện tư thục Shiraha
team_star_uniform,0,Đồng phục ngôi sao đội
white_gloves_(marking),7,Găng tay trắng
pantyhose_on_head,0,Quần tất trên đầu
armored_footwear,0,Giày dép bọc giáp
bra_and_panties,7,Áo ngực và quần lót
keyhole_bikini,7,Bikini lỗ khóa
single_leg_armor,0,Giáp chân một chiếc
lifted_dress,7,Váy liền nâng lên
yunohana_international_school_uniform,0,Đồng phục trường Yunohana International
putting_on_underwear,7,Đang mặc đồ lót
colored_underwear,7,Đồ lót nhuộm màu
collared_cardigan,0,Áo cardigan có cổ
gold_sleeves,0,Tay áo vàng kim
musky_shoes,7,Giày có mùi xạ hương
butterfly_dress,0,Váy bươm bướm
translucent_one-piece_swimsuit,7,Đồ bơi bán trong suốt một mảnh
diagonal-striped_kimono,0,Kimono chéo kẻ sọc
leather_elbow_gloves,7,Găng tay khuỷu tay da
seishin_school_uniform,0,Đồng phục trường Seishin
striped_shoes,0,Giày kẻ sọc
tan_apron,7,Tạp dề màu nâu rám nắng
saika_academy_school_uniform,0,Đồng phục học viện Saika
kakizaki_squad's_uniform,0,Đồng phục đội Kakizaki
short_clothing,7,Trang phục ngắn
giraffe_costume,0,Trang phục hươu cao cổ
shorts_removed,7,Quần short đã tháo ra
wearing_pants,7,Mặc quần dài
cow_print_socks,0,Tất họa tiết bò
carrot_costume,0,Trang phục cà rốt
cow_clothing,7,Trang phục bò
black_stirrup_socks,7,Tất đai giữ màu đen
partially_open_hoodie,0,Áo hoodie một phần mở
ichigo_field_high_school_uniform,0,Đồng phục trường trung học phổ thông Ichigo Field
middleton_high_school_cheerleader_uniform,0,Đồng phục cổ động viên Middleton High School
boar_costume,0,Trang phục lợn rừng
mountain_pattern_armor,0,Giáp hoa văn núi
leotard_removed,0,Đồ liền thân đã tháo ra
double_frill_skirt_swimsuit,0,Đồ bơi chân váy kép diềm xếp
back-tie_apron,7,Tạp dề cà vạt lưng
vshojo_idol_uniform,0,Đồng phục thần tượng Vshojo
aqua_male_underwear,0,Đồ lót nam màu xanh ngọc
paint_on_clothing,7,Màu vẽ trên trang phục
turtle_costume,0,Trang phục rùa
holding_tight,7,Cầm ôm sát
shi_association_east_uniform,0,Đồng phục Shi Association East
bra_armor,7,Giáp áo ngực
pride_color_knee_socks,7,Tất đầu gối màu tự hào
fur_lined_shorts,7,Quần short có lớp lót lông thú
nearly_naked_jacket,0,Áo khoác trần gần như
translucent_elbow_gloves,7,Găng tay khuỷu tay bán trong suốt
strawberry_costume,0,Trang phục dâu tây
clothes_on_object,0,Quần áo trên vật thể
cloud_clothes,0,Quần áo đám mây
striped_boots,7,Bốt kẻ sọc
star_print_underwear,7,Đồ lót họa tiết ngôi sao
frilly_sleeves,7,Tay áo nhún diềm
purple_santa_costume,0,Trang phục ông già Noel tím
christmas_bikini,7,Bikini Giáng sinh
whale_costume,0,Trang phục cá voi
swimsuit_under_clothing,7,Đồ bơi bên dưới trang phục
underwear_around_foot,7,Đồ lót quanh bàn chân
glove_garter,0,Dây treo găng tay
camouflage_sleeves,0,Tay áo rằn ri
umemizaki_middle_school_uniform,0,Đồng phục trường trung học cơ sở Umemizaki
bra_on_floor,7,Áo ngực trên sàn nhà
fold-over_socks,0,Gập phía trên tất
crotch_armor,7,Giáp đũng quần
kirameki_high_school_uniform_(summer),0,Đồng phục trường trung học phổ thông Kirameki
panties_around_toes,7,Quần lót quanh ngón chân
holding_cape,7,Cầm áo choàng
backless_pantyhose,0,Quần tất hở lưng
translucent_apron,7,Tạp dề bán trong suốt
dildo_pants,7,Quần dương vật giả
lace-trimmed_cape,0,Áo choàng ren viền
highso_private_girls'_academy_school_uniform,0,Đồng phục học viện nữ sinh Highso Private
science_special_search_party_uniform,0,Đồng phục Science Special Search Party
yellow_garter_belt,0,Dây treo tất vàng
heart_pattern_bra,7,Áo ngực hoa văn trái tim
skirt_over_leggings,0,Chân váy phía trên quần legging
tight_socks,7,Tất ôm sát
skull_on_clothing,7,Đầu lâu trên trang phục
heart_boots,7,Bốt trái tim
heart_on_clothing,7,Trái tim trên trang phục
logo_on_hoodie,7,Logo trên áo hoodie
thumb_in_panties,7,Ngón cái trong quần lót
feather-trimmed_cloak,0,Áo choàng lông vũ viền
open_toe_socks,7,Tất ngón chân mở
desire_grand_prix_uniform,0,Đồng phục Desire Grand Prix
bodysuit_around_waist,0,Đồ liền thân quanh eo
textured_gloves,7,Găng tay có kết cấu
text_on_elbow_gloves,7,Chữ trong ảnh trên găng tay dài quá khuỷu
silver_heels,7,Giày cao gót bạc
see-through_dress_swimsuit,0,Đồ bơi kiểu váy xuyên thấu
backless_jacket,0,Áo khoác hở lưng
cat_keyhole_underwear,7,Đồ lót lỗ khóa mèo
carrot_pattern_clothing,7,Trang phục hoa văn cà rốt
hoodie_around_waist,7,Áo hoodie quanh eo
tan_stockings,7,Bít tất màu nâu rám nắng
twirling_panties,0,Đang xoắn quần lót
rainbow_thighhighs,0,Tất cao đùi cầu vồng
metallic_clothing,7,Trang phục màu ánh kim
flower_in_clothes,0,Hoa trong quần áo
fluffy_coat,7,Áo khoác lông xù
bear_panties,7,Quần lót gấu
rabbit_ear_panties,0,Quần lót tai thỏ
bra_around_one_arm,0,Áo ngực quanh một cánh tay
camouflage_vest,0,Áo ghi-lê rằn ri
black_toeless_stockings,7,Bít tất hở ngón chân màu đen
underwear_straps,7,Dây đeo đồ lót
dress_collar,7,Cổ áo váy
spiked_pants,0,Quần có gai
suwa_squad's_uniform,0,Đồng phục đội Suwa
plaid_leotard,0,Leotard kẻ caro
big_sleeves,7,Tay áo to
sports_bra_only,7,Chỉ mặc áo ngực thể thao
ryuugasaki_academy_school_uniform,0,Đồng phục học viện Ryuugasaki
fruit_clothing,7,Trang phục trái cây
fruit_bikini,7,Bikini trái cây
furgonomic_armor,7,Giáp nửa người nửa thú
fur_armor,7,Giáp lông thú
egg_in_panties,7,Trứng trong quần lót
steel_glove,0,Găng tay thép
produce_101_uniform,0,Đồng phục Produce 101
jacket_over_leotard,7,Áo khoác phía trên đồ liền thân
furgonomic_shirt,7,Áo sơ mi nửa người nửa thú
clothes_around_neck,0,Quần áo quanh cổ
clothing_on_bed,7,Trang phục trên giường
multicolored_male_underwear,0,Đồ lót nam nhiều màu
multicolored_bikini_top,7,Áo bikini nhiều màu
stained_swimsuit,0,Đồ bơi vấy bẩn
pseudo_shoes,7,Giày giả
biting_panties,7,Đang cắn quần lót
colombian_national_soccer_team_uniform,0,Đồng phục đội tuyển bóng đá quốc gia Colombian
pulling_down_skirt,7,Đang kéo xuống chân váy
black_jacket_vest,7,Áo ghi-lê áo khoác màu đen
sweater_under_coat,0,Áo len bên dưới áo khoác dài
gingham_shorts,0,Quần short kẻ ô vuông
royal_sword_academy_school_uniform,0,Đồng phục học viện Royal Sword
glistening_sweater,7,Áo len bóng nhẫy
water_sleeves,0,Tay áo nước
breast_grab_under_bra,0,Bóp ngực bên dưới áo ngực
grey_uniform,7,Đồng phục màu xám
plaid_cloak,0,Áo choàng kẻ caro
socks_and_sandals,7,Tất và dép xăng đan
soccer_shirt,0,Áo sơ mi bóng đá
unworn_bodysuit,0,Đồ liền thân không mặc
pinstripe_bikini,0,Bikini sọc chỉ
text_on_dress,7,Chữ trong ảnh trên váy liền
quilted_dress,0,Váy bông chần
underwear_under_swimwear,7,Đồ lót bên dưới đồ bơi
hands_on_clothing,7,Bàn tay trên trang phục
white_high_heeled_boots,7,Bốt cao có gót màu trắng
checkered_leotard,0,Leotard kẻ ca-rô
loose_dress,0,Váy rộng
boxing_skirt,0,Chân váy quyền Anh
leotard_down,7,Kéo đồ liền thân xuống
winged_clothes,0,Quần áo có cánh
torn_cardigan,0,Áo cardigan bị rách
shorts_open,7,Mở quần short
carrot_print_underwear,7,Đồ lót họa tiết cà rốt
world_detective_organization_uniform,0,Đồng phục World Detective Organization
cat_print_underwear,7,Đồ lót họa tiết mèo
boot_on_head,7,Bốt trên đầu
seiran_general_art_institute_school_uniform,0,Đồng phục trường Seiran General Art Institute
trois_anges_idol_uniform,0,Đồng phục thần tượng Trois Anges
workout_gloves,7,Găng tay tập thể dục
panties_around_finger,7,Quần lót quanh ngón tay
koala_costume,0,Trang phục koala
translucent_swimsuit,0,Đồ bơi bán trong suốt
s.t.y.x._employee_uniform,0,Đồng phục S.T.Y.X. Employee
basketball_clothing,7,Trang phục bóng rổ
dirty_panties,7,Quần lót bẩn
padded_shirt,0,Áo sơ mi có đệm
frilled_slingshot_swimsuit,0,Đồ bơi dây chéo nhún xếp
dildo_under_swimsuit,0,Dương vật giả bên dưới đồ bơi
bondage_under_clothes,0,Trói buộc bên dưới quần áo
lace-trimmed_coat,0,Áo khoác ren viền
lace-trimmed_garter_straps,0,Dây đeo dây giữ bít tất ren viền
lace_garter_straps,0,Dây đeo dây giữ bít tất ren
ouran_high_school_uniform_(megami_tensei),0,Đồng phục trường trung học phổ thông Ouran
hikarizuka_school_uniform,0,Đồng phục trường Hikarizuka
erection_under_apron,7,Cương cứng bên dưới tạp dề
kiritsusei_juuji_academy_school_uniform_(new_link),0,Đồng phục học viện Kiritsusei Juuji
ruffled_bra,7,Áo ngực xếp tầng
two_tone_bikini_top,7,Áo bikini hai tông
aloha_shirt_only,7,Chỉ mặc áo aloha
sweater_in_mouth,7,Áo len trong miệng
tying_bra,0,Đang buộc áo ngực
denim_boots,0,Bốt jean
leotard_under_leotard,0,Đồ liền thân bên dưới đồ liền thân
bow_skirt,7,Chân váy nơ
footwear_worship,7,Sự sùng bái giày dép
removing_armor,0,Đang cởi áo giáp
glowing_footwear,0,Giày dép phát sáng
keyhole_shirt,7,Áo sơ mi lỗ khóa
flowing_dress_(dq),0,Váy tung bay
energy_clothes,0,Quần áo năng lượng
grabbing_underwear,7,Nắm đồ lót
messy_underwear,7,Đồ lót rối
crystal_prep_academy_school_uniform,0,Đồng phục học viện Crystal Prep
feathered_cloak,0,Áo choàng có lông vũ
green_garter_straps,0,Dây đeo dây giữ bít tất xanh lá
cum_on_shorts,7,Tinh dịch trên quần short
camo_bikini,7,Bikini rằn ri
breastless_bodysuit,0,Đồ liền thân không ngực
kakyuusei_school_uniform,0,Đồng phục trường Kakyuusei
under_dress,7,Đồ mặc trong váy
text_on_bikini,7,Chữ trong ảnh trên đồ bơi bikini
bloody_apron,0,Tạp dề vấy máu
magic_bikini_(dq),0,Bikini phép thuật
embroidered_gloves,0,Găng tay thêu
west_kureoji_grona_military_uniform,0,Đồng phục quân đội West Kureoji Grona
tassel-trimmed_cape,0,Áo choàng chuỗi tua viền
quilted_skirt,0,Chân váy bông chần
octopus_costume,0,Trang phục bạch tuộc
underwear_on_foot,7,Đồ lót trên bàn chân
wearing_cape,7,Mặc áo choàng
kakyuusei_2_school_uniform,0,Đồng phục trường Kakyuusei 2
checkered_hoodie,0,Áo hoodie kẻ ca-rô
breasts_out_of_clothes,7,Ngực lộ ra quần áo
floating_sleeves,0,Tay áo lơ lửng
white_socks_(marking),7,Tất màu trắng
lowered_shirt,7,Áo sơ mi hạ xuống
blue_knee_boots,7,Bốt đầu gối màu xanh dương
gradient_cardigan,0,Áo cardigan chuyển sắc
meteor_sweepers_uniform,0,Đồng phục Meteor Sweepers
feather-trimmed_kimono,0,Kimono lông vũ viền
takarazaki_junshin_school_uniform,0,Đồng phục trường Takarazaki Junshin
cross-laced_hoodie,0,Áo hoodie chữ thập buộc dây
gold_stockings,7,Bít tất màu vàng kim
tail-tie_clothing,7,Trang phục cà vạt đuôi
tail-tie_bikini,7,Bikini cà vạt đuôi
gloves_removed,7,Găng tay đã tháo ra
glistening_socks,7,Tất bóng nhẫy
glistening_thigh_boots,7,Bốt đùi bóng nhẫy
light_shoes,7,Giày nhạt
cow_print_boots,0,Bốt họa tiết bò
orange_fingerless_gloves,7,Găng tay hở ngón màu cam
bow_gloves,7,Găng tay nơ
mismatched_clothing,7,Trang phục lệch đôi
shirt_tucked_into_underwear,7,Áo sơ mi giắt vào trong đồ lót
kin-iro_mosaic_middle_school_uniform,0,Đồng phục trường trung học cơ sở Kin-iro Mosaic
kimono_hold,0,Cái giữ kimono
argyle_panties,0,Quần lót kẻ quả thoi
spider_costume,0,Trang phục nhện
two_tone_sports_bra,7,Áo ngực hai tông thể thao
two_tone_cloak,7,Áo choàng hai tông
mizuhozaka_academy_school_uniform,0,Đồng phục học viện Mizuhozaka
pulling_shirt_up,7,Kéo đang kéo áo sơ mi lên
kirimine_middle_school_uniform,0,Đồng phục trường trung học cơ sở Kirimine
black_bondage_gloves,7,Găng tay trói buộc màu đen
diagonal-striped_panties,0,Quần lót chéo kẻ sọc
spotted_bra,7,Áo ngực có đốm
shoes_on_desk,0,Giày trên bàn làm việc
sumomo-gaoka_high_school_uniform,0,Đồng phục trường trung học phổ thông Sumomo-gaoka
donut_costume,7,Trang phục bánh donut
bone_print_underwear,7,Đồ lót họa tiết xương
beige_shirt,7,Áo màu be
st._johanna's_private_girls_institute_school_uniform,0,Đồng phục trường St. Johanna's Private Girls Institute
adjusting_pants,0,Đang chỉnh quần dài
star_costume,0,Trang phục ngôi sao
striped_dress_shirt,7,Áo sơ mi váy kẻ sọc
carrot_print_panties,7,Quần lót họa tiết cà rốt
japanese_flag_bikini,0,Bikini hình cờ Nhật Bản
fur_collar_jacket,7,Áo khoác cổ áo lông thú
boot_soles,7,Bàn chân bốt
steel_armor,7,Giáp thép
shion_girls_academy_school_uniform,0,Đồng phục học viện nữ sinh Shion
bronze_armor,7,Giáp đồng thau
iwakiriyama_high_school_uniform,0,Đồng phục trường trung học phổ thông Iwakiriyama
indonesian_middle_school_uniform,0,Đồng phục trường trung học cơ sở Indonesian
tight_thigh_socks,7,Tất đùi ôm sát
skirt_as_blanket_(meme),0,Chân váy như là chăn
padded_sleeves,0,Tay áo có đệm
rabbit_pattern_underwear,7,Đồ lót hoa văn thỏ
multicolored_boxing_gloves,7,Găng tay quyền Anh nhiều màu
lobster_costume,0,Trang phục tôm hùm
balls_through_underwear,7,Tinh hoàn xuyên qua đồ lót
pride_color_skirt,7,Chân váy màu tự hào
jeans_pull,7,Kéo jean
winter_boots,7,Bốt mùa đông
st._astraia's_school_uniform,0,Đồng phục trường St. Astraia's
suggestive_underwear,7,Đồ lót gợi cảm
arrow_in_armor,0,Mũi tên trong áo giáp
seirin_high_basketball_uniform,0,Đồng phục Seirin High Basketball
panties_on_tail,7,Quần lót trên đuôi
panties_under_panties,0,Quần lót bên dưới quần lót
dark_cloak,7,Áo choàng sẫm
pants_under_leotard,0,Quần dài bên dưới đồ liền thân
squid_costume,0,Trang phục mực
hockey_uniform,0,Đồng phục Hockey
gingham_footwear,0,Giày dép kẻ ô vuông
high-low_shirt,0,Áo sơ mi cao thấp
red_uniform,7,Đồng phục màu đỏ
heart_garter,7,Dây treo trái tim
head_dress,7,Váy đầu
matsumiya_municipal_first_middle_school_uniform,0,Đồng phục trường trung học cơ sở Matsumiya Municipal First
no_bike_shorts,0,Không có quần đạp xe
yellow_thigh_boots,7,Bốt đùi màu vàng
cum_on_hoodie,7,Tinh dịch trên áo hoodie
hands_in_shoes,0,Bàn tay trong giày
polka_dot_vest,0,Áo ghi-lê chấm bi
handjob_under_clothing,7,Thủ dâm bằng tay bên dưới trang phục
shoes_on_table,0,Giày trên bàn
fingerless_sleeves,0,Tay áo hở ngón
grey_slingshot_swimsuit,0,Đồ bơi dây chéo màu xám
brown_dress_shirt,7,Áo sơ mi váy màu nâu
diagonal-striped_pantyhose,0,Quần tất chéo kẻ sọc
diagonal-striped_jacket,0,Áo khoác chéo kẻ sọc
warden_uniform,7,Đồng phục Warden
military_gloves,7,Găng tay quân đội
arashigaoka_academy_school_uniform,0,Đồng phục học viện Arashigaoka
furin_high_school_uniform,0,Đồng phục trường trung học phổ thông Furin
dress_uniform,7,Đồng phục váy
pokemon_in_clothes,0,Pokémon trong quần áo
leg_socks,7,Tất chân
cropped_sweater_vest,0,Áo len gilê lửng
cross-laced_socks,0,Tất chữ thập buộc dây
takahara_academy_school_uniform,0,Đồng phục học viện Takahara
drawing_glove,7,Đang vẽ găng tay
indonesian_civil_servant_uniform,0,Đồng phục Indonesian Civil Servant
wearing_cloak,7,Mặc áo choàng
touching_bra,7,Chạm áo ngực
leotard_under_jacket,7,Đồ liền thân bên dưới áo khoác
asymmetrical_pantyhose,0,Quần tất bất đối xứng
zipper_sweater,7,Áo len khóa kéo
embroidered_skirt,0,Chân váy thêu
zipper_bodysuit,7,Đồ liền thân khóa kéo
private_ten'ou_middle_school_uniform,0,Đồng phục trường trung học cơ sở Private Ten'ou
floral_kimono,7,Kimono thêu hoa
shirt_removed,7,Áo sơ mi đã tháo ra
western_clothing,7,Trang phục phương Tây
floral_print_vest,0,Áo ghi-lê họa tiết thêu hoa
pink_uniform,7,Đồng phục màu hồng
kako_squad's_uniform,0,Đồng phục đội Kako
sweater_up,7,Kéo áo len lên
apple_print_underwear,7,Đồ lót họa tiết táo
gagged_with_clothing,7,Bị nhét miệng kèm trang phục
cum_on_sweater,7,Tinh dịch trên áo len
bikini_strap,7,Dây đeo bikini
tight_dress_shirt,7,Áo sơ mi váy ôm sát
tight_armwear,7,Đồ che tay ôm sát
no_bodysuit,0,Không có đồ liền thân
skirt_under_skirt,0,Chân váy bên dưới chân váy
multicolored_high_heels,7,Giày cao gót nhiều màu cao
rabbit_pattern_panties,7,Quần lót hoa văn thỏ
star_bikini,7,Bikini ngôi sao
biting_underwear,7,Đang cắn đồ lót
camouflage_sports_bra,0,Áo ngực rằn ri thể thao
gold_shirt,0,Áo vàng kim
gartered_thighhighs,0,Tất cao đùi có dây treo
animal_gloves,7,Găng tay động vật
animal_ear_underwear,0,Đồ lót tai động vật
sleeve_bell,0,Chuông tay áo
c-rank_uniform_(world_trigger),0,Đồng phục C-rank
black_bat_costume,0,Trang phục dơi đen
hoodie_up,7,Kéo áo hoodie lên
precum_in_underwear,7,Dịch tiền xuất tinh trong đồ lót
big_pants,7,Quần to
panties_below_skirt,7,Quần lót bên dưới chân váy
holding_skirt_down,7,Kéo cầm chân váy xuống
cat_smile_panties,7,Quần lót mèo nụ cười
pants_on_leg,7,Quần dài trên chân
high_heeled_sandals_only,7,Chỉ đi dép quai cao gót
holding_kimono,0,Cầm áo kimono
see-through_sweater,0,Áo len xuyên thấu
armor_writing,0,Viết lên áo giáp
bullworth_academy_school_uniform,0,Đồng phục học viện Bullworth
monotone_armor,7,Giáp một tông
gingham_sweater,0,Áo len kẻ ô vuông
bondage_clothing,7,Trang phục trói buộc
magic_shoes,7,Giày phép thuật
navy_shirt,7,Áo xanh navy
tetrarkhia_idol_uniform,0,Đồng phục thần tượng Tetrarkhia
plaid_boots,0,Bốt kẻ caro
eyeball_thighhighs,0,Tất cao đùi mắt cầu
plaid_robe,7,Áo choàng kẻ caro
vertical-striped_hoodie,0,Áo hoodie dọc kẻ sọc
big_dress,7,Váy to
holding_robe,0,Cầm áo choàng dài
seijyun_jogakuen_uniform,0,Đồng phục Seijyun Jogakuen
teikoku_soccer_uniform,0,Đồng phục Teikoku Soccer
holding_single_heel,0,Cầm một gót chân
footwear_cutout,0,Lỗ cắt giày dép
aogiri_gym_uniform,0,Đồng phục Aogiri Gym
teal_boots,7,Bốt màu xanh cổ vịt
backless_coat,0,Áo khoác hở lưng
suggestive_print_clothing,7,Trang phục họa tiết gợi cảm
heart_hoodie,7,Áo hoodie trái tim
removing_costume,0,Đang cởi trang phục
gold_bodysuit,0,Đồ liền thân vàng kim
raimon_track_uniform,0,Đồng phục Raimon Track
pride_color_sweater,7,Áo len màu tự hào
renpu_girls_school_uniform_(old_design),0,Đồng phục trường nữ sinh Renpu
sideless_pants,0,Quần hở bên
blue_suit_jacket,7,Áo khoác vest màu xanh dương
discarded_dress,7,Váy liền đã bỏ đi
blue_seam_clothing,7,Trang phục đường may màu xanh dương
camouflage_cape,0,Áo choàng rằn ri
feather-trimmed_shirt,0,Áo sơ mi lông vũ viền
shinonome_academy_school_uniform,0,Đồng phục học viện Shinonome
no_swimsuit,0,Không có đồ bơi
tan_high_heels,7,Giày cao gót cao nâu rám nắng
yellow_garter_straps,0,Dây đeo dây giữ bít tất vàng
untied_dress,0,Váy liền cởi dây
white_suit_jacket,7,Áo khoác vest màu trắng
egg_in_underwear,7,Trứng trong đồ lót
janomiya_school_uniform,0,Đồng phục trường Janomiya
blue_costume,7,Trang phục xanh dương
cum_in_bodysuit,7,Tinh dịch trong đồ liền thân
sweater_under_kimono,0,Áo len bên dưới áo kimono
print_stockings,7,Bít tất họa tiết
light_dress_shirt,7,Áo sơ mi váy nhạt
lifting_robe,7,Đang nhấc áo choàng dài
aqua_garter_belt,0,Dây treo tất xanh ngọc
private_kaisei_elementary_school_uniform,0,Đồng phục trường Private Kaisei Elementary
gray_feathers_uniform_(pgr),0,Đồng phục lông vũ màu xám
wearing_underwear,7,Mặc đồ lót
leopard_print_underwear,7,Đồ lót họa tiết báo
putting_pants_on,7,Đang mặc đang mặc quần dài
mismatched_stockings,7,Bít tất lệch đôi
covering_panties,7,Che quần lót
water_skirt,0,Chân váy nước
cow_print_shirt,0,Áo sơ mi họa tiết bò
tail_through_bikini,7,Đuôi xuyên qua đồ bơi bikini
tail_over_panties,7,Đuôi phía trên quần lót
iridescent_dress,7,Váy ánh kim
waffle_costume,7,Trang phục bánh quế
two-tone_cardigan,0,Áo cardigan hai tông
broken_heel,7,Gót chân bị gãy
unicorn_panties,7,Quần lót kỳ lân
lace-trimmed_sweater,0,Áo len ren viền
pulling_bikini_down,7,Kéo đang kéo đồ bơi bikini xuống
puffy-trimmed_coat,0,Áo khoác phồng viền
broken_footwear,0,Giày dép bị gãy
pseudo_dress_removed,7,Váy giả đã tháo ra
american_flag_leotard,0,Leotard hình cờ Mỹ
single_strap_shirt,7,Áo sơ mi dây một chiếc
leather_swimwear,7,Đồ bơi da
leopard_print_skirt,0,Chân váy họa tiết báo
jacket_over_kimono,0,Áo khoác phía trên áo kimono
wet_sports_bra,0,Áo ngực ướt thể thao
touou_academy_school_uniform,0,Đồng phục học viện Touou
white_costume,7,Trang phục trắng
energy_cape,0,Áo choàng năng lượng
long_apron,0,Tạp dề dài
looking_at_own_panties,7,Nhìn quần lót của mình
horse_armor,7,Giáp ngựa
hooded_swimsuit,0,Đồ bơi có mũ trùm
cherry_panties,7,Quần lót hoa anh đào
vertical-striped_robe,0,Áo choàng dọc kẻ sọc
verone_gakuin_cheerleader_uniform,0,Đồng phục cổ động viên Verone Gakuin
face_mask_bikini,7,Bikini mặt nạ
socks_over_fishnets,0,Tất phía trên đồ lót lưới
pattern_cape,7,Áo choàng hoa văn
feather-trimmed_skirt,0,Chân váy lông vũ viền
feces_in_clothing,7,Phân trong trang phục
hand_under_bikini,0,Bàn tay bên dưới đồ bơi bikini
alternate_underwear,0,Đồ lót khác
butt_bra,7,Áo ngực mông
two_tone_boxing_gloves,7,Găng tay quyền Anh hai tông
green_thigh_boots,7,Bốt đùi màu xanh lá
green_polo_shirt,7,Áo sơ mi polo màu xanh lá
cow_print_underwear,7,Đồ lót họa tiết bò
gradient_vest,0,Áo ghi-lê chuyển sắc
floral_print_socks,0,Tất họa tiết thêu hoa
shirt_hair,7,Tóc áo sơ mi
flower-trimmed_thighhighs,0,Tất cao đùi hoa viền
gold_garter_belt,0,Dây treo tất vàng kim
cookie_costume,7,Trang phục bánh quy
c.cats_uniform_(idolmaster),0,Đồng phục C.cats
plaid_shoes,0,Giày kẻ caro
monotone_thigh_boots,7,Bốt đùi một tông
black_costume,7,Trang phục đen
camouflage_bodysuit,0,Đồ liền thân rằn ri
pinstripe_gloves,0,Găng tay sọc chỉ
studded_vest,0,Áo ghi-lê đính đinh
front-tie_swimsuit,0,Đồ bơi cà vạt phía trước
unbuttoned_vest,0,Áo gile mở khuy
undersized_underwear,7,Đồ lót quá nhỏ
sailor_kimono,0,Kimono thủy thủ
underwear_cutout,0,Lỗ cắt đồ lót
underwear_between_buttocks,7,Đồ lót giữa mông
dress_suit,7,Bộ đồ váy
dress_socks,7,Tất váy
cake_dress,0,Váy bánh ngọt
unbuttoning_shirt,7,Đang mở cúc áo sơ mi
unbuttoned_underwear,7,Đồ lót mở khuy
pinstripe_sweater,0,Áo len sọc chỉ
bike_shorts_under_leotard,0,Quần đạp xe bên dưới đồ liền thân
artisanship_commission_uniform_(honkai:_star_rail),0,Đồng phục Artisanship Commission
russian_flag_bikini,7,Bikini hình cờ Nga
plaid_dress_shirt,7,Áo sơ mi váy kẻ caro
spotted_pants,7,Quần có đốm
footwear_aside,7,Kéo giày dép sang bên
shirozume_girls_high_school_uniform,0,Đồng phục trường trung học phổ thông Shirozume Girls
shirt_around_one_arm,0,Áo sơ mi quanh một cánh tay
shirt_knot,7,Nút thắt áo sơ mi
yumenosaki_school_uniform_(summer),0,Đồng phục trường Yumenosaki
sweaty_bra,7,Áo ngực đầm mồ hôi
floral_t-shirt,7,Áo thun thêu hoa
swimsuit_(xenoblade_x),0,Đồ bơi
argyle_apron,0,Tạp dề kẻ quả thoi
symbol_on_underwear,7,Biểu tượng trên đồ lót
hand_on_dress,7,Bàn tay trên váy liền
hand_on_skirt,0,Bàn tay trên chân váy
ribbed_coat,0,Áo khoác sống dọc
mask_panties,0,Quần lót mặt nạ
casual_clothes,7,Quần áo thường ngày
trium_tone_idol_uniform,0,Đồng phục thần tượng Trium Tone
panties_under_leggings,0,Quần lót bên dưới quần legging
teal_coat,7,Áo khoác màu xanh cổ vịt
red_sleeveless_shirt,7,Áo sơ mi không tay màu đỏ
side-tie_bikini_top,0,Áo bikini cà vạt lệch bên
makoto_mirai_academy_high_school_uniform,0,Đồng phục trường trung học phổ thông Makoto Mirai Academy
tentacles_in_thighhighs,0,Xúc tu trong tất cao đùi
tentacles_in_clothing,7,Xúc tu trong trang phục
painted_on_underwear,7,Vẽ họa tiết trên đồ lót
seiryou_academy_school_uniform,0,Đồng phục học viện Seiryou
checkered_bodysuit,0,Đồ liền thân kẻ ca-rô
vshojo_maid_cafe_uniform,0,Đồng phục Vshojo Maid Cafe
long_jacket,7,Áo khoác dài
lace-trimmed_cloak,0,Áo choàng ren viền
diaper_under_panties,7,Tã lót bên dưới quần lót
ouji_squad's_uniform,0,Đồng phục đội Ouji
tied_apron,7,Tạp dề được buộc
rabbit_ear_stockings,7,Bít tất tai thỏ
bra_transformation,7,Sự biến đổi áo ngực
skirt_on_head,0,Chân váy trên đầu
pumpkin_bra,0,Áo ngực bí ngô
white_seam_shorts,7,Quần short đường may màu trắng
diagonal-striped_bra,0,Áo ngực chéo kẻ sọc
lindem_baum_uniform,0,Đồng phục Lindem Baum
large_sleeves,7,Tay áo lớn
light_elbow_gloves,7,Găng tay khuỷu tay nhạt
purple_cropped_jacket,7,Áo khoác lửng màu tím
sexy_underwear,7,Đồ lót gợi cảm
underwear_tag,7,Nhãn đồ lót
united_states_men's_national_soccer_team_uniform,0,Đồng phục đội tuyển bóng đá quốc gia United States Men's
dress_coat,7,Áo khoác váy
denim_underwear,7,Đồ lót jean
orange_thigh_socks,7,Tất đùi màu cam
strawberry_bra,7,Áo ngực dâu tây
clothing_markings,7,Vằn quần áo
front_slit_dress,7,Váy xẻ tà phía trước
front-tie_bikini_top_pull_pose_(han-0v0),0,Tư thế bikini cà vạt phía trước áo kéo
camouflage_leotard,0,Leotard rằn ri
star_t-shirt,7,Áo thun ngôi sao
studded_shirt,0,Áo sơ mi đính đinh
cocktail_dress_(idolmaster),0,Váy cocktail
white_boxing_gloves,7,Găng tay quyền Anh màu trắng
broken_shoes,0,Giày bị gãy
succubus_gyaru_uniform,0,Đồng phục Succubus Gyaru
liquid_skirt,0,Chân váy dạng lỏng
bra_over_eyes,0,Áo ngực phía trên mắt
ruffled_swimsuit,7,Đồ bơi xếp tầng
sky_trainer_uniform,0,Đồng phục Sky Trainer
throwing_underwear,7,Đang ném đồ lót
silver_slingshot_swimsuit,0,Đồ bơi dây chéo màu bạc
keyhole_sweater,7,Áo len lỗ khóa
gingham_bra,0,Áo ngực kẻ ô vuông
neck-tie_swimsuit,7,Đồ bơi cà vạt cổ
plastic_bag_swimsuit,0,Đồ bơi nhựa túi
spotted_stockings,7,Bít tất có đốm
oversized_shoes,0,Giày quá khổ
lowered_shorts,7,Quần short hạ xuống
christmas_panties,7,Quần lót Giáng sinh
dutch_national_soccer_team_uniform,0,Đồng phục đội tuyển bóng đá quốc gia Dutch
sanc_kingdom_school_uniform,0,Đồng phục trường Sanc Kingdom
floral_skirt,7,Chân váy thêu hoa
cow_print_hoodie,0,Áo hoodie họa tiết bò
egg_costume,0,Trang phục trứng
flag_print_shirt,0,Áo sơ mi họa tiết hình cờ
flag_dress,0,Váy hình cờ
bonple_school_uniform,0,Đồng phục trường Bonple
cherry_underwear,7,Đồ lót hoa anh đào
pride_color_dress,7,Váy màu tự hào
male_underwear_lift,0,Nhấc đồ lót nam
eyeball_sleeves,0,Tay áo mắt cầu
translucent_sleeves,7,Tay áo bán trong suốt
highschool_uniform,7,Đồng phục Highschool
hair_bikini,0,Bikini tóc
blood_stained_clothing,7,Trang phục vấy bẩn máu
baekje_middle_school_uniform,0,Đồng phục trường trung học cơ sở Baekje
ribbon-trimmed_boots,0,Bốt ruy băng viền
apple_underwear,7,Đồ lót táo
medical_mask_underwear,7,Đồ lót y tế mặt nạ
tan_bodysuit,7,Đồ liền thân nâu rám nắng
tan_bikini,7,Bikini màu nâu rám nắng
yellow_costume,7,Trang phục vàng
cutout_hoodie,7,Áo hoodie mổ xẻ
tsab_rescue_military_uniform,0,Đồng phục quân đội Tsab Rescue
blue_knee_socks,7,Tất đầu gối màu xanh dương
meimon_high_school_uniform,0,Đồng phục trường trung học phổ thông Meimon
hand_under_bra,7,Bàn tay bên dưới áo ngực
heel_fur,7,Lông gót
amagi_sealing_congregation_school_uniform,0,Đồng phục trường Amagi Sealing Congregation
yogurt_school_uniform,0,Đồng phục trường Yogurt
cat_ear_footwear,0,Giày dép tai mèo
kouzu_school_uniform,0,Đồng phục trường Kouzu
teal_socks,7,Tất màu xanh cổ vịt
shuutoku_basketball_uniform,0,Đồng phục Shuutoku Basketball
shorts_on_head,0,Quần short trên đầu
crotch_bra,7,Áo ngực đũng quần
tail_through_dress,7,Đuôi xuyên qua váy liền
tail_through_swimsuit,7,Đuôi xuyên qua đồ bơi
red_knee_boots,7,Bốt đầu gối màu đỏ
bondage_boots,7,Bốt trói buộc
archouchou_idol_uniform,0,Đồng phục thần tượng Archouchou
magic_gloves,7,Găng tay phép thuật
dirty_pants,7,Quần bẩn
grey_thigh_boots,7,Bốt đùi màu xám
flag_shirt,7,Áo sơ mi hình cờ
two-piece_apron,0,Tạp dề hai mảnh
two-sided_pants,0,Quần mặt hai
print_thigh_socks,7,Tất đùi họa tiết
prism_school_school_uniform,0,Đồng phục trường Prism School
rolling_up_sleeves,7,Đang cuộn lên tay áo
spiked_vest,7,Áo ghi-lê có gai
corset_armor,7,Giáp áo corset
dark_vest,7,Áo ghi-lê sẫm
touching_own_underwear,7,Chạm đồ lót của mình
wooden_armor,7,Giáp bằng gỗ
shirt_over_face,7,Áo sơ mi phía trên khuôn mặt
silk_dress,7,Váy lụa
glistening_robe,7,Áo choàng bóng nhẫy
overall_pants,7,Quần yếm
armored_coat,0,Áo khoác bọc giáp
gingham_sweater_vest,0,Áo len gilê kẻ ô vuông
nearly_naked_cape,0,Áo choàng trần gần như
pseudo_skirt_lift,7,Nhấc chân váy giả
gingham_jacket,0,Áo khoác kẻ ô vuông
rubber_bodysuit,7,Đồ liền thân cao su
bow_socks,7,Tất nơ
lace_clothing,7,Trang phục ren
colored_socks,7,Tất nhuộm màu
one-piece_swimsuit_removed,7,Đồ bơi một mảnh đã tháo ra
rabbit_ear_footwear,0,Giày dép tai thỏ
tiger_print_panties,0,Quần lót họa tiết hổ
mukaihara_junior_high_school_uniform,0,Đồng phục trường trung học cơ sở Mukaihara
multicolored_long_sleeve_shirt,7,Áo sơ mi tay áo nhiều màu dài
multicolored_sweater_vest,7,Áo len gilê nhiều màu
bikini_knee_pose_(han-0v0),0,Tư thế đầu gối bikini
light_stockings,7,Bít tất nhạt
light_skirt,7,Chân váy nhạt
bikini_top_on_head,0,Áo bikini trên đầu
light_high_heels,7,Giày cao gót cao nhạt
light_boots,7,Bốt nhạt
light_cape,7,Áo choàng nhạt
light_dress,7,Váy nhạt
iridescent_footwear,0,Giày dép ánh kim
front-button_panties,7,Quần lót cúc phía trước
striped_armor,7,Giáp kẻ sọc
open_nipple_clothing,7,Trang phục núm vú mở
clothing_around_ankles,7,Trang phục quanh cổ chân
strawberry_print_underwear,7,Đồ lót họa tiết dâu tây
impossible_apron,0,Tạp dề bất khả thi
strapless_sports_bra,0,Áo ngực không quai thể thao
cloak_pull,0,Đang kéo áo choàng
layered_apron,0,Tạp dề nhiều lớp
leaf_cape,0,Áo choàng chiếc lá
wearing_character,7,Mặc nhân vật
fur_pants,0,Quần lông thú
dress_under_hoodie,0,Váy liền bên dưới áo hoodie
putting_on_panties,0,Đang mặc quần lót
underwear_on_muzzle,7,Đồ lót trên mõm
purple_suit_jacket,7,Áo khoác vest màu tím
