breasts,0,Ngực
long_hair,0,Tóc dài
looking_at_viewer,0,Nhìn người xem
open_mouth,0,Miệng mở
short_hair,0,Tóc ngắn
tail,0,Đuôi
blue_eyes,0,Mắt xanh dương
genitals,7,Bộ phận sinh dục
nipples,0,Núm vú
penis,0,Dương vật
black_hair,0,Tóc đen
blonde_hair,0,Tóc vàng
brown_hair,0,Tóc nâu
hair,7,Tóc
fur,7,Lông thú
nude,0,Khỏa thân
large_breasts,0,Ngực lớn
navel,0,Rốn
red_eyes,0,Mắt đỏ
closed_mouth,0,Miệng khép
hair_between_eyes,0,Tóc giữa hai mắt
animal_ears,0,Tai động vật
teeth,0,Răng
tongue,0,Lưỡi
green_eyes,0,Mắt xanh lá
cleavage,0,Khe ngực
very_long_hair,0,Tóc rất dài
bare_shoulders,0,Trần vai
blue_hair,0,Tóc xanh dương
purple_eyes,0,Mắt tím
multicolored_hair,0,Tóc nhiều màu
genital_fluids,7,Dịch sinh dục
yellow_eyes,0,Mắt vàng
full_body,0,Toàn thân
medium_breasts,0,Ngực vừa
white_hair,0,Tóc trắng
twintails,0,Tóc buộc hai bên
brown_eyes,0,Mắt nâu
pink_hair,0,Tóc hồng
upper_body,0,Nửa thân trên
tongue_out,0,Thè lưỡi
wings,0,Đôi cánh
big_breasts,7,Ngực to
grey_hair,0,Tóc xám
feet,0,Bàn chân
closed_eyes,0,Nhắm mắt
purple_hair,0,Tóc tím
ponytail,0,Tóc đuôi ngựa
ahoge,0,Tóc chỉa
white_body,7,Cơ thể trắng
sidelocks,0,Tóc mai
braid,0,Tóc tết
red_hair,0,Tóc đỏ
anus,0,Hậu môn
horn,7,Sừng
:d,0,Biểu cảm :D
small_breasts,0,Ngực nhỏ
toes,0,Ngón chân
one_eye_closed,0,Nhắm một mắt
huge_breasts,0,Ngực khổng lồ
white_fur,0,Lông trắng
looking_back,0,Ngoái nhìn
spread_legs,0,Dạng chân
parted_lips,0,Môi hé
pointy_ears,0,Tai nhọn
fingers,7,Ngón tay
horns,0,Sừng
green_hair,0,Tóc xanh lá
eyelashes,0,Lông mi
medium_hair,0,Tóc dài vừa
tuft,7,Túm lông
animal_genitalia,7,Bộ phận sinh dục động vật
humanoid_penis,7,Dương vật dạng người
markings,0,Dấu vết / hoa văn
hand_up,0,Giơ tay
brown_body,7,Cơ thể nâu
pink_eyes,0,Mắt hồng
big_penis,7,Dương vật lớn
black_body,7,Cơ thể đen
multicolored_body,7,Cơ thể nhiều màu
grin,0,Cười toe toét
blue_body,7,Cơ thể xanh dương
brown_fur,0,Lông nâu
black_eyes,0,Mắt đen
animal_penis,0,Dương vật động vật
eyes_closed,7,Nhắm mắt
dark_skin,0,Da sẫm
streaked_hair,0,Tóc có lọn màu khác
narrowed_eyes,0,Nheo mắt
grey_body,7,Cơ thể xám
blunt_bangs,0,Tóc mái ngang
orange_hair,0,Tóc cam
cat_ears,0,Tai mèo
belly,0,Bụng
two-tone_hair,0,Tóc hai màu
legwear,7,Trang phục chân
hair_flower,0,Hoa cài tóc
hair_bun,0,Tóc búi
half-closed_eyes,0,Mắt lim dim
hair_over_one_eye,0,Tóc che một mắt
ejaculation,0,Xuất tinh
5_fingers,7,Năm ngón tay
animal_ear_fluff,0,Lông viền tai động vật
eyebrows,7,Lông mày
pawpads,0,Đệm chân thú
off_shoulder,0,Trễ vai
nail_polish,0,Sơn móng
black_nose,0,Mũi đen
black_fur,0,Lông đen
orange_eyes,0,Mắt cam
rabbit_ears,0,Tai thỏ
grey_fur,0,Lông xám
multicolored_fur,0,Lông nhiều màu
grey_eyes,0,Mắt xám
parted_bangs,0,Tóc mái rẽ
yellow_body,7,Cơ thể vàng
arm_up,0,Giơ tay
fellatio,0,Quan hệ bằng miệng
sharp_teeth,0,Răng nhọn
completely_nude,0,Hoàn toàn khỏa thân
fingernails,0,Móng tay
facial_hair,0,Râu
knot,7,Nút thắt
tan_body,7,Cơ thể rám nắng
scar,0,Sẹo
handwear,7,Găng tay
hands_up,0,Giơ hai tay
orange_body,7,Cơ thể cam
lips,0,Môi
hair_intakes,0,Lọn tóc cuộn vào trong
v-shaped_eyebrows,0,Lông mày chữ V
arms_up,0,Giơ tay lên
veiny_penis,0,Dương vật nổi gân
feathered_wings,0,Cánh lông vũ
upper_teeth_only,0,Chỉ thấy răng trên
aqua_eyes,0,Mắt xanh ngọc
symbol-shaped_pupils,0,Đồng tử hình biểu tượng
mole_under_eye,0,Nốt ruồi dưới mắt
two_tone_body,7,Cơ thể hai màu
twin_braids,0,Hai bím tóc
blue_fur,0,Lông xanh dương
huge_penis,0,Dương vật rất lớn
feet_out_of_frame,0,Bàn chân ngoài khung hình
horse_ears,0,Tai ngựa
fake_animal_ears,0,Tai động vật giả
hand_on_own_hip,0,Tay chống hông
flat_chest,0,Ngực phẳng
side_ponytail,0,Tóc đuôi ngựa lệch bên
fur_trim,0,Viền lông
foreskin,0,Bao quy đầu
gradient_hair,0,Tóc chuyển sắc
canine_genitalia,7,Bộ phận sinh dục chó
cat_tail,0,Đuôi mèo
penis_in_vagina,7,Dương vật trong âm đạo
fox_ears,0,Tai cáo
toe_claws,0,Móng vuốt ở ngón chân
green_body,7,Cơ thể xanh lá
purple_body,7,Cơ thể tím
red_body,7,Cơ thể đỏ
embarrassed,0,Ngượng ngùng
colored_skin,0,Da có màu
heterochromia,0,Mắt hai màu
orange_fur,0,Lông cam
yellow_fur,0,Lông vàng
all_fours,0,Tư thế chống bằng bốn chi
covered_nipples,0,Núm vú được che
canine_penis,7,Dương vật chó
4_toes,7,Bốn ngón chân
covered_navel,0,Rốn được che
cum_in_ass,0,Xuất tinh vào hậu môn
tan_fur,7,Lông rám nắng
cum_in_vagina,7,Xuất tinh vào âm đạo
floating_hair,0,Tóc bay
bare_arms,0,Cánh tay trần
pubic_hair,0,Lông mu
pink_body,7,Cơ thể hồng
single_braid,0,Một bím tóc
tail_markings,7,Hoa văn trên đuôi
legs,0,Đôi chân
open_smile,7,Cười miệng mở
raised_tail,7,Đuôi dựng lên
bare_legs,0,Chân trần
double_bun,0,Hai búi tóc
big_belly,0,Bụng lớn
aqua_hair,0,Tóc xanh ngọc
pupils,7,Đồng tử
chest_tuft,0,Chùm lông ngực
clenched_teeth,0,Nghiến răng
partially_clothed,7,Mặc quần áo một phần
3_toes,7,Ba ngón chân
equine_penis,7,Dương vật ngựa
inner_ear_fluff,7,Lông tơ trong tai
eyeshadow,0,Phấn mắt
pubes,7,Lông mu
thick_eyebrows,0,Lông mày rậm
cum_on_body,0,Tinh dịch trên cơ thể
two_tone_fur,7,Lông hai màu
non-mammal_breasts,7,Ngực của loài không phải thú
low_twintails,0,Tóc hai búi thấp
mostly_nude,7,Khỏa thân phần lớn
membrane_(anatomy),7,Màng (giải phẫu)
4_fingers,7,Bốn ngón tay
swept_bangs,0,Tóc mái rẽ một bên
colored_inner_hair,0,Tóc lớp trong tô màu
headphones,0,Tai nghe chụp đầu
cum_in_mouth,0,Tinh dịch trong miệng
fluffy_tail,0,Đuôi lông xù
shiny_skin,0,Da bóng
slit_pupils,0,Đồng tử khe dọc
wavy_hair,0,Tóc gợn sóng
bright_pupils,0,Đồng tử sáng
crossed_arms,0,Khoanh tay
pink_nipples,7,Núm vú hồng
fox_tail,0,Đuôi cáo
nose_blush,0,Đỏ sống mũi
alternate_hairstyle,0,Kiểu tóc khác
nude_anthro,7,Nhân vật nhân hóa khỏa thân
facial_tuft,7,Túm lông mặt
holding_hands,0,Nắm tay nhau
glowing_eyes,0,Mắt phát sáng
membranous_wings,7,Cánh màng
arm_support,0,Đỡ người bằng tay
demon_horns,0,Sừng quỷ
white_pupils,0,Đồng tử trắng
penis_in_ass,7,Dương vật trong hậu môn
eye_contact,0,Giao tiếp bằng mắt
horse_tail,0,Đuôi ngựa
humanoid_hands,7,Bàn tay dạng người
bedroom_eyes,7,Ánh mắt gợi tình
black_sclera,0,Củng mạc đen
black_nails,0,Móng tay đen
cheek_tuft,7,Túm lông má
lipstick,0,Son môi
cleavage_cutout,0,Lỗ cắt khoe khe ngực
drill_hair,0,Tóc xoắn
pectorals,0,Cơ ngực
antenna_hair,0,Tóc anten
high_ponytail,0,Tóc đuôi ngựa cao
crossed_legs,0,Bắt chéo chân
standing_on_one_leg,0,Đứng một chân
handjob,0,Thủ dâm bằng tay
female_pubic_hair,0,Lông mu nữ
body_hair,0,Lông cơ thể
arms_behind_back,0,Hai tay ra sau lưng
hand_on_butt,7,Tay đặt lên mông
heart-shaped_pupils,0,Đồng tử hình tim
dipstick_tail,7,Đuôi cụt
x_hair_ornament,0,Phụ kiện tóc chữ X
finger_claws,0,Móng vuốt ở ngón tay
wolf_ears,0,Tai sói
own_hands_together,0,Chắp hai tay trước mặt
hyper_genitalia,7,Bộ phận sinh dục phóng đại
armwear,7,Đồ che cánh tay
pointing,0,Chỉ tay
leg_up,0,Giơ chân
pink_nose,0,Mũi hồng
double-parted_bangs,0,Tóc mái rẽ ngôi giữa
purple_fur,0,Lông tím
mouth_hold,0,Cầm bằng miệng
crossed_bangs,0,Tóc mái chéo
fingering,0,Kích thích bằng ngón tay
non-mammal_nipples,7,Núm vú của loài không phải thú
scar_on_face,0,Sẹo trên mặt
legs_up,0,Giơ hai chân
spiked_hair,0,Tóc có gai
cum_on_face,7,Tinh dịch trên mặt
nude_female,7,Nữ khỏa thân
wavy_mouth,0,Miệng gợn sóng
red_fur,0,Lông đỏ
straight_hair,0,Tóc thẳng
skin_fang,0,Răng nanh xuyên da
antlers,0,Gạc
messy_hair,0,Tóc rối
eyes_visible_through_hair,0,Mắt lộ qua tóc
hair_tubes,0,Ống tóc
armband,0,Băng tay
pink_fur,0,Lông hồng
long_tail,7,Đuôi dài
nude_male,7,Nam khỏa thân
clothed_anthro,7,Nhân vật nhân hóa mặc đồ
floppy_ears,0,Tai cụp
yellow_sclera,0,Củng mạc vàng
big_muscles,7,Cơ bắp lớn
dot_nose,0,Mũi chấm
foot_focus,0,Tập trung vào bàn chân
head_wings,0,Cánh trên đầu
hyper_penis,7,Dương vật phóng đại
long_ears,7,Tai dài
white_skin,0,Da màu trắng
hand_on_breast,7,Tay đặt lên ngực
cum_on_penis,0,Tinh dịch trên dương vật
grabbing_another's_breast,0,Bóp ngực người khác
outstretched_arm,0,Duỗi cánh tay
polearm,0,Vũ khí cán dài
red_nails,0,Móng tay đỏ
outstretched_arms,0,Duỗi hai cánh tay
bat_wings,0,Cánh dơi
short_tail,0,Đuôi ngắn
single_hair_bun,0,Một búi tóc
cum_on_breasts,0,Tinh dịch trên ngực
dog_ears,0,Tai chó
neck_tuft,0,Túm lông cổ
extra_ears,0,Tai phụ
hand_on_own_chest,0,Tay đặt lên ngực mình
demon_tail,0,Đuôi quỷ
breasts_out,0,Ngực lộ ra
clothed_female,7,Nữ mặc đồ
clenched_hand,0,Nắm tay
rabbit_tail,0,Đuôi thỏ
short_twintails,0,Tóc hai búi ngắn
side_braid,0,Bím tóc bên
on_front,7,Ở phía trước
wing_collar,0,Còng cổ có cánh
blue_skin,0,Da màu xanh dương
humanoid_pointy_ears,7,Tai nhọn dạng người
two_tone_hair,7,Tóc hai tông màu
low_ponytail,0,Tóc đuôi ngựa thấp
bouncing_breasts,0,Ngực nảy
shaded_face,0,Mặt có đổ bóng
pale_skin,0,Da nhạt
countershade_torso,7,Đổ bóng ngược thân trên
disembodied_penis,0,Dương vật rời
heart_eyes,7,Mắt hình trái tim
toenails,0,Móng chân
striped_body,7,Cơ thể kẻ sọc
nails,7,Móng tay
blue_nails,0,Móng tay xanh dương
pink_nails,0,Móng tay hồng
pink_penis,7,Dương vật hồng
multicolored_tail,0,Đuôi nhiều màu
hand_on_hip,7,Tay chống hông
hair_over_shoulder,0,Tóc vắt qua một bên vai
mole_under_mouth,0,Nốt ruồi dưới môi
glistening_body,7,Cơ thể bóng nhẫy
disembodied_hand,0,Bàn tay rời
presenting_vulva,7,Hướng âm hộ ra trước
humanoid_feet,7,Bàn chân dạng người
black_wings,0,Cánh đen
white_eyes,0,Mắt trắng
nipple_outline,7,Đường viền núm vú
dragon_horns,0,Sừng rồng
buckteeth,7,Răng vẩu
leg_markings,0,Vằn chân
foot_fetish,7,Ái bàn chân
white_wings,0,Cánh trắng
hand_gesture,7,Cử chỉ tay
multicolored_eyes,0,Mắt nhiều màu
5_toes,7,Năm ngón chân
armpit_hair,0,Lông nách
cropped_torso,0,Thân trên cắt lửng
index_finger_raised,0,Giơ ngón trỏ
raised_leg,7,Chân dựng lên
knotted_penis,0,Dương vật có nút
hand_on_own_face,0,Tay chạm mặt mình
breast_play,7,Kích thích ngực
one_eye_covered,0,Che một mắt
licking_lips,0,Liếm môi
spotted_body,7,Cơ thể có đốm
mouth_closed,7,Miệng ngậm
arms_behind_head,0,Cánh tay phía sau đầu
armlet,0,Vòng tay
between_breasts,0,Giữa hai ngực
cropped_legs,0,Chân lửng
facial_markings,7,Vằn trên mặt
faceless,0,Không mặt
multicolored_ears,0,Tai nhiều màu
hyper_breasts,7,Ngực phóng đại
empty_eyes,0,Mắt trống rỗng
interlocked_fingers,0,Các ngón tay đan vào nhau
hands-free,7,Không dùng tay
tail_tuft,0,Túm lông đuôi
hair_rings,0,Nhẫn tóc
green_skin,0,Da màu xanh lá
male_pubic_hair,0,Lông mu nam
short_hair_with_long_locks,0,Tóc ngắn chừa lại lọn dài
breast_press,0,Ép ngực
demon_wings,0,Cánh quỷ
hair_bobbles,0,Tóc buộc lọn
black_horns,0,Sừng đen
black_penis,0,Dương vật đen
handgun,0,Súng lục
multiple_tails,0,Nhiều đuôi
presenting_anus,7,Hướng hậu môn ra trước
arm_at_side,0,Để tay dọc thân
animal_vulva,7,Âm hộ động vật
blood_on_face,0,Máu trên mặt
puffy_nipples,0,Núm vú căng
breasts_apart,0,Hai ngực tách rời
lactating,7,Sữa rỉ ra
head_tuft,7,Túm lông đầu
puffy_anus,7,Hậu môn phồng
ear_markings,7,Vằn tai
erect_nipples,7,Núm vú cương
black_tail,0,Đuôi đen
wolf_tail,0,Đuôi sói
pink_tongue,0,Lưỡi hồng
clenched_hands,0,Nắm hai tay
striped_fur,0,Lông kẻ sọc
eyeliner,0,Kẻ mắt
curly_hair,0,Tóc xoăn
green_fur,0,Lông xanh lá
big_nipples,7,Núm vú lớn
hand_in_pocket,0,Tay trong túi
breast_squish,7,Ngực bị ép
spikes_(anatomy),7,Gai (giải phẫu)
side_slit,0,Đường xẻ bên
mole_on_breast,0,Nốt ruồi trên ngực
clothed_female_nude_male,0,Nữ mặc đồ còn nam khỏa thân
colored_eyelashes,0,Lông mi có màu
excessive_genital_fluids,7,Rất nhiều dịch sinh dục
low-tied_long_hair,0,Tóc dài buộc thấp
spotted_fur,0,Lông có đốm
humanoid_vulva,7,Âm hộ dạng người
angel_wings,0,Cánh thiên thần
chest_hair,0,Tóc ngực
dipstick_ears,7,Tai cụt
white_tail,0,Đuôi trắng
striped_tail,0,Đuôi kẻ sọc
flat_chested,7,Ngực phẳng
long_fingernails,0,Móng tay dài
arm_tattoo,0,Hình xăm cánh tay
countershade_face,7,Khuôn mặt bóng ngược
hair_flaps,0,Tóc bay hai bên
hair_scrunchie,0,Dây buộc tóc
fake_tail,0,Đuôi giả
arm_tuft,7,Túm lông cánh tay
big_ears,7,Tai to
crying_with_eyes_open,0,Khóc mở mắt
hand_on_another's_head,0,Tay đặt lên đầu người khác
star_hair_ornament,0,Phụ kiện tóc ngôi sao
hair_over_eyes,0,Tóc che mắt
braided_ponytail,0,Tóc đuôi ngựa tết
translucent_hair,7,Tóc bán trong suốt
arm_behind_back,0,Để tay sau lưng
pink_lips,0,Môi hồng
side_boob,7,Nghiêng lộ ngực
wide-eyed,0,Mở to mắt
between_legs,0,Giữa hai chân
tentacle_hair,0,Tóc xúc tu
finger_to_mouth,0,Đặt ngón tay lên môi
waving,0,Đang vẫy tay
breast_grab,7,Bóp ngực
3_fingers,7,Ba ngón tay
long_tongue,0,Lưỡi dài
camel_toe,7,Lộ khe quần lót
ear_covers,0,Miếng che tai
arm_warmers,0,Ống giữ ấm cánh tay
pasties,0,Miếng che núm vú
legs_together,0,Chụm hai chân
arm_behind_head,0,Để tay sau đầu
black_nipples,0,Núm vú đen
clothed_male,7,Nam mặc đồ
hair_behind_ear,0,Giắt tóc sau tai
hair_over_eye,7,Tóc che một mắt
single_horn,0,Một cái sừng
pov_hands,0,Bàn tay góc nhìn thứ nhất
colored_nails,7,Móng tay màu
huge_belly,7,Bụng khổng lồ
thick_tail,0,Đuôi dày
dog_tail,0,Đuôi chó
raised_eyebrows,0,Lông mày dựng lên
naughty_face,0,Mặt tinh nghịch
cum_on_self,0,Tinh dịch lên chính mình
dragon_tail,0,Đuôi rồng
tail_motion,7,Vệt chuyển động đuôi
bandaged_arm,0,Cánh tay băng bó
shrug_(clothing),0,Áo choàng vai
2_horns,7,Hai sừng
penis_in_mouth,7,Dương vật trong miệng
pivoted_ears,7,Tai xoay ngang
short_ponytail,0,Tóc đuôi ngựa ngắn
big_tail,7,Đuôi to
disembodied_linked_eye,0,Mắt rời được nối lại
long_bangs,0,Tóc mái dài
thick_penis,7,Dương vật dày
hair_spread_out,0,Tóc xòe ra
asymmetrical_bangs,0,Tóc mái bất đối xứng
tapering_penis,7,Dương vật thuôn nhọn
red_sclera,0,Củng mạc đỏ
grey_skin,0,Da màu xám
hands_behind_back,7,Hai tay sau lưng
hand_in_own_hair,0,Bàn tay trong tóc của mình
animal_hands,0,Bàn tay động vật
multi_tail,7,Nhiều cái đuôi
large_penis,0,Dương vật lớn
light_body,7,Cơ thể nhạt
hands_on_own_hips,0,Bàn tay trên hông của mình
heart_hair_ornament,0,Phụ kiện tóc trái tim
low_wings,0,Cánh thấp
breastplate,0,Giáp ngực
glistening_eyes,7,Mắt bóng nhẫy
purple_nails,0,Móng tay tím
dark_body,7,Cơ thể sẫm
scut_tail,7,Đuôi dẹt dựng đứng
skinsuit,0,Bộ đồ mô phỏng
hanging_breasts,0,Ngực chảy xệ
red_lips,0,Môi đỏ
tailwag,7,Đuôi vẫy
hair_down,0,Tóc xõa
brown_tail,0,Đuôi nâu
one_eye_obstructed,7,Một mắt bị che
hand_on_another's_shoulder,0,Đặt tay lên vai người khác
hands_behind_head,7,Bàn tay phía sau đầu
inverted_nipples,0,Núm vú đảo ngược
featureless_breasts,7,Ngực không chi tiết
milk,0,Sữa
steaming_body,0,Cơ thể đang bốc khói
orgasm_face,7,Mặt khi lên đỉnh
blue_penis,0,Dương vật xanh dương
red_skin,0,Da màu đỏ
bags_under_eyes,0,Quầng thâm dưới mắt
bangs,7,Tóc mái
eyebrow_through_hair,7,Lông mày xuyên qua tóc
long_pointy_ears,0,Tai dài nhọn
fake_horns,0,Sừng giả
flipped_hair,0,Tóc lật sang bên
hand_on_leg,7,Bàn tay trên chân
foot_out_of_frame,0,Chân lọt ra ngoài khung
short_eyebrows,0,Lông mày ngắn
blue_tail,0,Đuôi xanh dương
black_eyebrows,7,Lông mày đen
heart_hands,0,Bàn tay trái tim
hand_on_head,7,Bàn tay trên đầu
scar_across_eye,0,Sẹo ngang qua mắt
two_tone_tail,7,Đuôi hai tông
split_mouth,0,Miệng chia hai
penis_size_difference,0,Chênh lệch kích thước dương vật
purple_skin,0,Da màu tím
pseudo_hair,7,Tóc kết từ vật khác
bandaid_on_face,0,Băng cá nhân trên khuôn mặt
no_pupils,0,Không có đồng tử
genital_outline,7,Đường viền sinh dục
multi_genitalia,7,Nhiều bộ phận sinh dục
long_eyelashes,0,Lông mi dài
multicolored_skin,0,Da nhiều màu
spread_vulva,7,Âm hộ dạng ra
very_short_hair,0,Tóc rất ngắn
tan_skin,7,Da màu nâu rám nắng
fur_collar,0,Cổ áo lông thú
food_in_mouth,0,Thức ăn trong miệng
blue_nipples,0,Núm vú xanh dương
hand_on_own_cheek,0,Bàn tay trên má của mình
small_penis,0,Dương vật nhỏ
arm_under_breasts,0,Cánh tay bên dưới ngực
asymmetrical_hair,0,Tóc bất đối xứng
braided_hair,7,Tóc tết
eye_roll,7,Đảo mắt
hand_behind_head,7,Bàn tay phía sau đầu
shoulder_cutout,0,Lỗ cắt vai
butterfly_hair_ornament,0,Phụ kiện tóc bươm bướm
light_skin,7,Da nhạt
mouse_ears,0,Tai chuột
crown_braid,0,Bím tóc vương miện
leg_grab,7,Bóp chân
looking_at_penis,0,Nhìn dương vật
brown_nose,7,Mũi nâu
red_penis,0,Dương vật đỏ
hand_between_own_legs,0,Bàn tay giữa chân của mình
nipple_fetish,7,Sở thích núm vú
covering_breasts,0,Che ngực
single_bare_shoulder,0,Vai trụi lá một chiếc
raised_inner_eyebrows,0,Lông mày dựng lên mặt trong
multi_penis,7,Nhiều dương vật
body_fur,0,Lông cơ thể
ears_down,0,Tai cụp xuống
black_skin,0,Da màu đen
symbol_in_eye,0,Biểu tượng trong mắt
nipple_slip,0,Trượt hở núm vú
eyebrows_hidden_by_hair,0,Lông mày bị tóc che
bald,0,Trọc
leg_warmers,0,Băng giữ ấm chân
hands_in_pockets,0,Bàn tay trong túi áo
covering_own_mouth,0,Che miệng của mình
wide_eyed,7,Mở to mắt
body_blush,0,Má hồng cơ thể
nose,0,Mũi
pink_vulva,7,Âm hộ hồng
pink_skin,0,Da màu hồng
star-shaped_pupils,0,Đồng tử hình ngôi sao
presenting_penis,0,Dương vật chĩa ra
insect_wings,0,Cánh côn trùng
ear_ornament,0,Trang trí tai
spread_arms,0,Cánh tay dạng ra
covered_eyes,0,Mắt được che
raised_arm,7,Cánh tay dựng lên
outstretched_hand,0,Bàn tay duỗi thẳng
hand_on_another's_face,0,Tay chạm mặt người khác
fish_tail,0,Đuôi cá
breast_pocket,0,Túi áo ngực
fur_markings,7,Vằn lông thú
hand_on_penis,7,Bàn tay trên dương vật
tail_ornament,0,Trang trí đuôi
multi_arm,7,Nhiều cánh tay
notched_ear,0,Tai chẻ
holding_penis,0,Cầm dương vật
hair_bell,0,Chuông cài tóc
facial_scar,7,Sẹo trên mặt
split-color_hair,0,Tóc chia màu
multi_eye,7,Nhiều con mắt
long_legs,0,Chân dài
black_lips,0,Môi đen
full-face_blush,0,Đỏ cả mặt
covered_mouth,0,Miệng được che
arms_tied,7,Cánh tay được buộc
hand_on_belly,7,Bàn tay trên bụng
no_nose,0,Không có mũi
cum_on_tongue,0,Tinh dịch trên lưỡi
spread_anus,0,Hậu môn dạng ra
freckled_face,7,Khuôn mặt có tàn nhang
exposed_breasts,7,Lộ ngực
blue_tongue,0,Lưỡi xanh dương
grey_tail,0,Đuôi xám
countershade_fur,7,Lông bóng ngược
collar_only,7,Chỉ mặc vòng cổ
tail_anus,0,Hậu môn đuôi
absurdly_long_hair,0,Tóc dài phi lý
hand_on_own_chin,0,Bàn tay trên cằm của mình
cum_on_hair,0,Tinh dịch trên tóc
glistening_breasts,7,Ngực bóng nhẫy
biting_lip,7,Đang cắn môi
food-themed_hair_ornament,0,Phụ kiện tóc hình đồ ăn
gaping_anus,7,Hậu môn há rộng
glistening_genitalia,7,Bộ phận sinh dục bóng nhẫy
amber_eyes,7,Mắt màu hổ phách
cum_from_vagina,7,Tinh dịch từ âm đạo
tail_feathers,7,Lông vũ ở đuôi
holding_breast,7,Cầm ngực
food_on_face,0,Thức ăn trên khuôn mặt
brown_nipples,7,Núm vú nâu
hair_stick,0,Trâm cài tóc
huge_nipples,0,Núm vú khổng lồ
hand_holding,7,Cầm bàn tay
prick_ears,7,Tai dựng đứng
black_ears,0,Tai đen
muscular_arms,0,Cánh tay cơ bắp
cow_ears,0,Tai bò
saliva_on_tongue,7,Nước bọt trên lưỡi
shoulder_tattoo,0,Hình xăm vai
shark_tail,0,Đuôi cá mập
eye_patch,7,Miếng che mắt
adjusting_hair,0,Đang chỉnh tóc
pink_anus,7,Hậu môn hồng
looking_at_genitalia,7,Nhìn bộ phận sinh dục
forked_tongue,0,Lưỡi chẻ đôi
elbow_tuft,7,Túm lông khuỷu tay
ear_tuft,7,Túm lông tai
curled_horns,0,Sừng xoắn
red_horns,0,Sừng đỏ
facesitting,7,Ngồi lên mặt
long_penis,7,Dương vật dài
red_pupils,0,Đồng tử đỏ
hyper_belly,7,Bụng phóng đại
feather_hair_ornament,0,Phụ kiện tóc lông vũ
yellow_tail,0,Đuôi vàng
eyeball,0,Nhãn cầu
pink_tail,0,Đuôi hồng
spade_tail,7,Đuôi hình cái xẻng
hands_on_own_face,0,Bàn tay trên khuôn mặt của mình
spread_wings,0,Cánh dạng ra
parallel_hairclips,0,Kẹp tóc song song
pink_inner_ear,7,Tai mặt trong hồng
cum_on_chest,0,Tinh dịch trên ngực
penis_outline,7,Đường viền dương vật
raised_eyebrow,0,Lông mày dựng lên
open_hand,0,Bàn tay mở
fairy_wings,0,Cánh tiên
facial_tattoo,0,Hình xăm trên mặt
folded_ponytail,0,Tóc đuôi ngựa gấp lại
shoulder_tuft,7,Túm lông vai
arm_strap,0,Dây đeo cánh tay
chest_tattoo,0,Hình xăm ngực
cow_horns,0,Sừng bò
tiger_ears,0,Tai hổ
green_nails,0,Móng tay xanh lá
animal_nose,0,Mũi động vật
thick_lips,0,Môi dày
hand_on_own_head,0,Bàn tay trên đầu của mình
mechanical_arms,0,Cánh tay cơ khí
cum_on_leg,7,Tinh dịch trên chân
blue_nose,0,Mũi xanh dương
rainbow_hair,0,Tóc cầu vồng
mouse_tail,0,Đuôi chuột
low_twin_braids,0,Bím tóc đôi thấp
breast_expansion,0,Độ giãn ngực
bandaid_on_leg,0,Băng cá nhân trên chân
purple_tail,0,Đuôi tím
constricted_pupils,0,Đồng tử co hẹp
bandaged_leg,0,Chân băng bó
long_hair_between_eyes,0,Tóc dài giữa mắt
hand_on_own_thigh,0,Bàn tay trên đùi của mình
wet_hair,0,Tóc ướt
huge_ahoge,0,Tóc ahoge khổng lồ
orange_tail,0,Đuôi cam
rolling_eyes,0,Đang đảo mắt
winged_arms,0,Cánh tay có cánh
brown_ears,7,Tai nâu
frilled_hair_tubes,0,Ống tóc nhún
hair_slicked_back,0,Tóc vuốt ngược
biting_own_lip,0,Đang cắn môi của mình
bound_arms,0,Cánh tay bị trói
triangle_mouth,0,Miệng hình tam giác
ball_tuft,7,Túm lông quả bóng
hand_on_thigh,7,Bàn tay trên đùi
purple_nipples,0,Núm vú tím
bird_wings,0,Cánh chim
hand_to_own_mouth,0,Bàn tay tới miệng của mình
aqua_nails,0,Móng tay xanh ngọc
frog_hair_ornament,0,Phụ kiện tóc ếch
big_eyes,7,Mắt to
ear_blush,0,Má hồng tai
brown_skin,7,Da màu nâu
grabbing_another's_arm,0,Nắm cánh tay người khác
equine_anus,7,Hậu môn ngựa
throbbing_penis,7,Dương vật giật thình thịch
hand_on_own_arm,0,Bàn tay trên cánh tay của mình
pigtails,7,Tóc hai bím
no_mouth,0,Không có miệng
fur_tuft,7,Túm lông thú
red_nose,0,Mũi đỏ
chest_jewel,0,Đá quý ngực
rabbit_hair_ornament,0,Phụ kiện tóc thỏ
yellow_skin,0,Da màu vàng
ears_back,0,Lưng tai
tail_raised,0,Đuôi dựng lên
sparkling_eyes,0,Mắt lấp lánh
presenting_own_body,0,Cơ thể chĩa ra của mình
face-to-face,0,Đối mặt nhau
leg_lift,0,Nâng lên chân
cone_hair_bun,0,Búi tóc nón nhọn
glistening_penis,7,Dương vật bóng nhẫy
navel_cutout,0,Lỗ cắt rốn
penis_tip,7,Đầu chóp dương vật
big_anus,7,Hậu môn to
skin-covered_horns,0,Sừng da được che
sweaty_breasts,0,Ngực đầm mồ hôi
averting_eyes,0,Nhìn lảng đi
hands_on_own_chest,0,Bàn tay trên ngực của mình
legless,7,Không có chân
multi_nipple,7,Nhiều núm vú
purple_penis,0,Dương vật tím
legs_tied,7,Đôi chân được buộc
blood_on_hand,0,Máu trên bàn tay
monotone_body,7,Cơ thể một tông
white_ears,7,Tai trắng
blue_sclera,0,Củng mạc xanh dương
alternate_eye_color,0,Màu mắt khác
horn_ornament,0,Trang trí sừng
raccoon_ears,0,Tai gấu mèo
cum_on_belly,7,Tinh dịch trên bụng
leaf_hair_ornament,0,Phụ kiện tóc chiếc lá
leg_tattoo,0,Hình xăm chân
countershade_tail,7,Đuôi bóng ngược
holding_own_hair,0,Cầm tóc của mình
tail_grab,0,Bóp đuôi
two-tone_eyes,0,Mắt hai tông
teeth_showing,7,Để lộ răng
round_teeth,0,Răng tròn
deep_skin,0,Da sẫm màu
saliva_on_penis,0,Nước bọt trên dương vật
4_arms,7,Bốn cánh tay
ears_up,0,Tai dựng lên
two_tails,0,Hai cái đuôi
spiked_tail,0,Đuôi có gai
hugging_own_legs,0,Ôm chân của mình
hand_on_own_knee,0,Bàn tay trên đầu gối của mình
cross-shaped_pupils,0,Đồng tử chữ thập hình
arm_hair,0,Lông tay
heart_ahoge,0,Tóc ahoge hình trái tim
blank_eyes,0,Mắt trống rỗng
hands_tied,7,Bàn tay được buộc
sweaty_genitalia,7,Bộ phận sinh dục đầm mồ hôi
cross_hair_ornament,0,Phụ kiện tóc chữ thập
two-tone_skin,0,Da hai tông
alternate_hair_length_(longer),0,Độ dài tóc khác (dài hơn)
chestnut_mouth,0,Miệng hạt dẻ
snake_hair_ornament,0,Phụ kiện tóc rắn
earmuffs,0,Băng chụp tai
big_hair,0,Tóc to
avian_feet,7,Bàn chân chim
naked_towel,0,Khăn tắm trần
ice_wings,0,Cánh băng
licking_penis,0,Đang liếm dương vật
very_dark_skin,0,Da rất sẫm
crescent_hair_ornament,0,Phụ kiện tóc hình lưỡi liềm
crotch_tuft,7,Túm lông đũng quần
side_braids,0,Bím tóc lệch bên
dark_nipples,0,Núm vú sẫm
braided_bangs,0,Tóc mái tết
colored_extremities,0,Ngón tay và ngón chân có màu
red_tail,0,Đuôi đỏ
simple_eyes,7,Mắt vẽ đơn giản
multiple_hair_bows,0,Nhiều nơ buộc tóc
object_in_mouth,7,Vật thể trong miệng
eye_scar,7,Sẹo ở mắt
white_horn,7,Sừng trắng
one-eyed,0,Một mắt
alternate_hair_color,0,Màu tóc khác
sphere_hair_ornament,0,Phụ kiện tóc hình cầu
blue_wings,0,Cánh xanh dương
hands_on_hips,7,Hai tay chống hông
red_tongue,0,Lưỡi đỏ
black_horn,7,Sừng đen
ear_tag,0,Kẹp tai
white_inner_ear,7,Tai mặt trong trắng
white_inner_ear_fluff,7,Lông tơ tai mặt trong trắng
licking_own_lips,7,Đang liếm môi của mình
penis_grab,7,Bóp dương vật
penis_on_face,0,Dương vật trên khuôn mặt
cum_on_feet,0,Tinh dịch trên bàn chân
blue_ears,7,Tai xanh dương
diamond-shaped_pupils,0,Đồng tử hình thoi
holding_another's_hair,0,Nắm tóc người khác
body_markings,0,Vằn cơ thể
hair_up,0,Tóc buộc lên
green_nipples,0,Núm vú xanh lá
detached_wings,0,Cánh tách rời
glistening_skin,7,Da bóng nhẫy
sex_toy_in_vagina,7,Đồ chơi tình dục trong âm đạo
goat_horns,0,Sừng dê
flower_in_hair,7,Hoa trong tóc
cum_on_own_face,7,Tinh dịch trên khuôn mặt của mình
feet_up,0,Giơ bàn chân lên
yellow_nails,0,Móng tay vàng
bear_ears,0,Tai gấu
wet_body,7,Cơ thể ướt
green_tail,0,Đuôi xanh lá
tiger_tail,0,Đuôi hổ
horizontal_pupils,0,Đồng tử ngang
leg_tuft,7,Túm lông chân
sweaty_legs,7,Chân đầm mồ hôi
green_penis,0,Dương vật xanh lá
raccoon_tail,0,Đuôi gấu mèo
muzzle_(object),7,Mõm
2_toes,7,Hai ngón chân
red_wings,0,Cánh đỏ
very_long_braid,0,Bím tóc rất dài
lidded_eyes,7,Mở hé mí
animal_ear_headphones,0,Tai nghe thú
extra_arms,0,Thêm cánh tay
braided_hair_rings,0,Vòng buộc tóc tết
cube_hair_ornament,0,Phụ kiện tóc khối lập phương
fur-trimmed_capelet,0,Áo choàng ngắn lông thú viền
spiral_eyes,7,Mắt xoắn ốc
mostly_nude_anthro,7,Nhân thú gần khỏa thân
glowing_eye,0,Mắt phát sáng
multi_ear,7,Nhiều cái tai
breast_size_difference,0,Chênh lệch kích thước ngực
wing_hair_ornament,0,Phụ kiện tóc cánh
one_leg_up,7,Giơ một chân lên
hand_on_chest,7,Bàn tay trên ngực
purple_lips,0,Môi tím
heart_in_eye,0,Trái tim trong mắt
spread_toes,0,Ngón chân dạng ra
white_penis,7,Dương vật trắng
lion_ears,0,Tai sư tử
body_worship,7,Sự sùng bái cơ thể
monotone_hair,7,Tóc một tông
curved_horn,7,Sừng cong
2_tails,7,Hai cái đuôi
white_belly,7,Bụng trắng
worm's-eye_view,7,Góc nhìn từ dưới lên
prosthetic_arm,0,Cánh tay nhân tạo
arms_under_breasts,0,Cánh tay bên dưới ngực
unusual_tail,7,Đuôi khác thường
arms_bent,7,Cánh tay gập lại
single_hair_intake,0,Lọn tóc đơn
anatomically_correct_penis,7,Dương vật đúng giải phẫu
covering_face,0,Che khuôn mặt
teal_eyes,7,Mắt xanh cổ vịt
pink_pupils,0,Đồng tử hồng
countershade_feet,7,Bàn chân bóng ngược
dragon_wings,0,Cánh rồng
feather_hair,0,Tóc lông vũ
extra_eyes,0,Thêm mắt
blood_from_mouth,0,Máu từ miệng
eyes_out_of_frame,0,Mắt nằm ngoài khung
no_eyes,0,Không có mắt
bandaid_on_nose,0,Băng cá nhân trên mũi
tail_wagging,0,Đuôi vẫy
asymmetrical_wings,0,Cánh bất đối xứng
brown_penis,7,Dương vật nâu
solid_oval_eyes,0,Mắt hình bầu dục đặc
hands_on_own_cheeks,0,Bàn tay trên má của mình
fluffy_hair,0,Tóc lông xù
gradient_eyes,0,Mắt chuyển sắc
mismatched_pupils,0,Đồng tử lệch đôi
curled_tail,0,Đuôi uốn xoăn
two-tone_fur,0,Lông hai màu
scar_on_arm,0,Sẹo trên cánh tay
multicolored_nails,0,Móng tay nhiều màu
bouncing_penis,0,Dương vật nảy
see-through_cleavage,0,Khe ngực xuyên thấu
tan_tail,7,Đuôi nâu rám nắng
bound_legs,0,Chân bị trói
multicolored_wings,0,Cánh nhiều màu
single_wing,0,Một cánh
star_in_eye,0,Ngôi sao trong mắt
cum_on_hand,7,Tinh dịch trên bàn tay
alternate_hair_length_(shorter),0,Độ dài tóc khác (ngắn hơn)
arm_markings,0,Vằn cánh tay
mouth_shot,7,Cắt cảnh miệng
lop_ears,7,Tai cụp
sheep_horns,0,Sừng cừu
hand_on_another's_cheek,0,Đặt tay lên má người khác
raised_arms,7,Cánh tay dựng lên
third_eye,0,Mắt thứ ba
orange_skin,0,Da màu cam
deep_navel,7,Rốn sâu
tying_hair,0,Đang buộc tóc
feline_penis,7,Dương vật mèo
bandaged_hand,0,Bàn tay băng bó
smug_face,7,Mặt tự mãn
arm_grab,7,Bóp cánh tay
tail_fetish,7,Ái đuôi
green_sclera,0,Củng mạc xanh lá
monotone_fur,7,Lông một tông
solid_circle_eyes,0,Mắt hình tròn đặc
grey_ears,7,Tai xám
tail_play,7,Trò chơi với đuôi
blue_pupils,0,Đồng tử xanh dương
arms_above_head,7,Cánh tay bên trên đầu
hand_on_own_stomach,0,Bàn tay trên bụng của mình
eye_through_hair,7,Mắt xuyên qua tóc
holding_leg,7,Cầm chân
wool_(fur),7,Lông cừu
tail_fin,7,Vây đuôi
vaginal_fluids_on_penis,7,Dịch âm đạo trên dương vật
foot_lick,7,Liếm bàn chân
scar_on_chest,0,Sẹo trên ngực
weapon_over_shoulder,0,Vũ khí phía trên vai
darkened_genitalia,7,Bộ phận sinh dục tối đi
arms_around_neck,0,Cánh tay quanh cổ
multiple_wings,0,Nhiều cánh
translucent_body,7,Cơ thể bán trong suốt
cum_from_mouth,7,Tinh dịch từ miệng
purple_wings,0,Cánh tím
hand_on_shoulder,7,Bàn tay trên vai
skull_hair_ornament,0,Phụ kiện tóc đầu lâu
unusual_genital_fluids,7,Dịch sinh dục bất thường
grabbing_another's_hair,0,Nắm tóc người khác
tassel_hair_ornament,0,Phụ kiện tóc chuỗi tua
purple_tongue,0,Lưỡi tím
flower-shaped_pupils,0,Đồng tử hình hoa
hand_on_another's_chin,0,Đặt tay lên cằm người khác
fluffy_ears,7,Tai lông xù
cat_ear_headphones,0,Tai nghe tai mèo
grey_nipples,0,Núm vú xám
pom_pom_hair_ornament,0,Phụ kiện tóc quả bông
convenient_hair,0,Tóc che đúng chỗ cần che
hand_on_own_leg,0,Bàn tay trên chân của mình
yellow_pupils,0,Đồng tử vàng
thick_eyelashes,0,Lông mi dày
single_ear_cover,0,Che một bên tai
red_nipples,0,Núm vú đỏ
unicorn_horn,0,Sừng kỳ lân
open_hands,0,Bàn tay mở
towel_around_neck,0,Khăn tắm quanh cổ
belly_overhang,7,Vạt thừa bụng
hand_on_face,7,Bàn tay trên khuôn mặt
big_feet,7,Bàn chân to
leg_hair,0,Lông chân
ringed_tail,7,Đuôi có khoanh
hair_pulled_back,0,Tóc kéo ngả về sau
animal_on_shoulder,0,Động vật trên vai
clothed_male_nude_female,0,Nhân vật nữ khỏa thân nam mặc đồ
bandage_on_face,0,Băng quấn trên mặt
parted_hair,0,Tóc rẽ ngôi
cow_tail,0,Đuôi bò
barely_visible_vulva,7,Âm hộ hầu như không lộ rõ
multi-tied_hair,0,Tóc buộc nhiều mối
hair_over_breasts,0,Tóc phía trên ngực
single_mechanical_arm,0,Cánh tay một chiếc cơ khí
nude_humanoid,7,Dạng người khỏa thân
broken_horn,0,Sừng bị gãy
tan_inner_ear,7,Tai mặt trong nâu rám nắng
face_fucking,7,Đút vào mặt
half-closed_eye,0,Mắt nửa khép
glistening_hair,7,Tóc bóng nhẫy
blue_lips,0,Môi xanh dương
eyeless,7,Không có mắt
multiple_horns,0,Nhiều cái sừng
kiss_on_lips,7,Hôn trên môi
tan_hair,7,Tóc nâu rám nắng
sweaty_body,7,Cơ thể đầm mồ hôi
finger_in_mouth,7,Ngón tay trong miệng
low-braided_long_hair,0,Tóc thấp tết dài
hand_on_another's_back,0,Đặt tay lên lưng người khác
dot_mouth,0,Miệng chấm
breast_curtains,0,Rèm ngực
dildo_in_vagina,7,Dương vật giả trong âm đạo
cum_in_hair,7,Tinh dịch trong tóc
gauged_ear,7,Tai xỏ lỗ to
arm_around_shoulder,0,Cánh tay quanh vai
two_tone_ears,7,Tai hai tông
loose_hair_strand,0,Lọn tóc rộng
hands_on_own_knees,0,Bàn tay trên đầu gối của mình
white_horns,0,Sừng trắng
4_ears,7,Bốn cái tai
hand_on_own_ass,0,Bàn tay trên mông của mình
armchair,0,Ghế bành
mismatched_penis,7,Dương vật lệch đôi
tentacle_in_mouth,0,Xúc tu trong miệng
countershade_legs,7,Chân bóng ngược
pear-shaped_figure,0,Dáng quả lê
gaping_vagina,7,Âm đạo há rộng
bird_ears,0,Tai chim
crystal_wings,0,Cánh pha lê
thin_legs,7,Chân mỏng
belly_expansion,7,Độ giãn bụng
multicolored_penis,0,Dương vật nhiều màu
earpiece,0,Tai nghe một bên
featureless_chest,7,Ngực không chi tiết
four-finger_heart_hands,0,Bàn tay trái tim ngón tay bốn
touching_hair,7,Chạm tóc
colored_inner_animal_ears,0,Lòng tai thú màu khác
presenting_breasts,7,Ngực chĩa ra
hand_on_another's_arm,0,Đặt tay lên cánh tay người khác
1_eye,7,Một mắt
v_over_eye,0,Tư thế chữ V phía trên mắt
hair_beads,0,Chuỗi hạt cài tóc
white_eyebrows,7,Lông mày trắng
mostly_nude_female,7,Nữ gần khỏa thân
small_tail,0,Đuôi nhỏ
dot_eyes,7,Mắt chấm
blue_anus,0,Hậu môn xanh dương
navel_hair,0,Tóc rốn
cat_hair_ornament,0,Phụ kiện tóc mèo
musical_note_hair_ornament,0,Phụ kiện tóc hình nốt nhạc
wing_ornament,0,Trang trí cánh
genital_focus,7,Trọng tâm bộ phận sinh dục
condom_in_mouth,0,Bao cao su trong miệng
breast_tattoo,0,Hình xăm ngực
uneven_eyes,0,Mắt không đều
hands_on_legs,7,Bàn tay trên đôi chân
hand_on_another's_waist,0,Đặt tay lên eo người khác
cum_on_own_penis,7,Tinh dịch trên dương vật của mình
single_hair_streak,0,Một lọn tóc màu khác
asymmetrical_horns,0,Sừng bất đối xứng
brown_eyebrows,7,Lông mày nâu
anus_peek,0,Hậu môn lấp ló
hand_in_another's_hair,0,Tay đặt trong tóc người khác
crazy_eyes,0,Mắt điên loạn
hand_on_another's_thigh,0,Đặt tay lên đùi người khác
pink_ears,7,Tai hồng
cum_in_nose,0,Tinh dịch trong mũi
robot_ears,0,Tai người máy
white_breasts,7,Ngực trắng
genital_torture,7,Tra tấn sinh dục
tan_penis,7,Dương vật nâu rám nắng
grey_penis,7,Dương vật xám
convenient_leg,0,Chân tiện ích
animal_feet,0,Bàn chân động vật
white_eyelashes,0,Lông mi trắng
arm_around_neck,0,Cánh tay quanh cổ
yellow_ears,7,Tai vàng
thick_arms,0,Cánh tay dày
hand_on_another's_chest,0,Đặt tay lên ngực người khác
diagonal_bangs,0,Tóc mái chéo
two_tone_skin,7,Da hai tông
colored_tongue,0,Lưỡi nhuộm màu
pubic_hair_peek,0,Lông mu lấp ló
mini_wings,0,Cánh siêu ngắn
featureless_feet,7,Bàn chân không chi tiết
yellow_penis,0,Dương vật vàng
scar_on_nose,0,Sẹo trên mũi
purple_nose,7,Mũi tím
bird_tail,0,Đuôi chim
holding_another's_arm,0,Nắm cánh tay người khác
facial_horn,7,Sừng trên mặt
tied_hair,7,Tóc buộc
front_ponytail,0,Tóc đuôi ngựa phía trước
flaming_tail,7,Đuôi lửa
fluffy_chest,7,Ngực lông xù
tail_coil,7,Đuôi cuộn tròn
glowing_penis,0,Dương vật phát sáng
orange_nails,0,Móng tay cam
mechanical_wings,0,Cánh cơ khí
orange_ears,7,Tai cam
breast_lift,0,Nâng lên ngực
green_tongue,0,Lưỡi xanh lá
hands_on_another's_shoulders,0,Đặt hai tay lên vai người khác
prehensile_feet,0,Bàn chân có khả năng quấn
monotone_tail,7,Đuôi một tông
genital_expansion,7,Độ giãn sinh dục
cropped_shoulders,0,Vai lửng
cybernetic_arm,7,Cánh tay người máy cấy ghép
anchor_hair_ornament,0,Phụ kiện tóc cái neo
bandage_over_one_eye,0,Băng quấn che một mắt
cum_on_tail,0,Tinh dịch trên đuôi
hands_on_another's_face,0,Hai tay đặt lên mặt người khác
brown_horns,0,Sừng nâu
pointy_hair,0,Tóc nhọn
hands_in_own_hair,0,Bàn tay trong tóc của mình
white_tail_tip,7,Đầu chóp đuôi trắng
freckled_shoulders,7,Vai có tàn nhang
forked_eyebrows,0,Lông mày chẻ đôi
unusual_genitalia,7,Bộ phận sinh dục bất thường
blue_horn,7,Sừng xanh dương
multi_horn,7,Nhiều cái sừng
shoulder_spikes,0,Gai nhọn vai
nude_human,7,Người khỏa thân
no_nipples,0,Không có núm vú
colored_pubic_hair,0,Tóc vùng kín nhuộm màu
eye_markings,7,Vằn mắt
fake_rabbit_ears,7,Tai thỏ giả
black_anus,7,Hậu môn đen
nude_gynomorph,7,Nhân vật gynomorph khỏa thân
muscular_legs,0,Chân cơ bắp
deer_ears,0,Tai nai
butterfly_wings,0,Cánh bươm bướm
prehensile_tail,0,Đuôi có khả năng quấn
large_tail,0,Đuôi lớn
anal_tail,0,Đuôi hậu môn
lion_tail,0,Đuôi sư tử
hairy_balls,7,Tinh hoàn nhiều lông
snake_tail,0,Đuôi rắn
bird's-eye_view,7,Góc nhìn từ trên cao
censored_penis,7,Dương vật đã kiểm duyệt
food_on_body,0,Thức ăn trên cơ thể
veiny_arms,0,Cánh tay lộ gân
pointy_nose,0,Mũi nhọn
mechanical_tail,0,Đuôi cơ khí
arm_hug,0,Ôm cánh tay
rainbow_tail,7,Đuôi cầu vồng
veiny_breasts,0,Ngực lộ gân
white_nails,0,Móng tay trắng
quad_tails,0,Bốn cái đuôi
triangle_hair_ornament,0,Phụ kiện tóc hình tam giác
genital_worship,7,Sự sùng bái sinh dục
freckled_breasts,7,Ngực có tàn nhang
cracked_skin,0,Da nẻ
mechanical_legs,0,Chân cơ khí
arm_around_another's_waist,0,Vòng tay ôm eo người khác
raised_hand,7,Bàn tay dựng lên
horned_helmet,0,Mũ bảo hiểm có sừng
grabbing_another's_penis,0,Nắm dương vật người khác
nose_horn,0,Sừng mũi
precum_on_penis,7,Dịch tiền xuất tinh trên dương vật
screen_face,7,Mặt màn hình
head_between_breasts,0,Đầu giữa ngực
hand_behind_back,7,Bàn tay phía sau lưng
yellow_horns,0,Sừng vàng
multicolored_horns,0,Sừng nhiều màu
carrot_hair_ornament,0,Phụ kiện tóc cà rốt
two_tone_penis,7,Dương vật hai tông
covered_face,0,Khuôn mặt được che
hair_flowing_over,0,Tóc bay lả lơi
bone_hair_ornament,0,Phụ kiện tóc xương
back_wings,7,Cánh lưng
hand_on_another's_hip,0,Đặt tay lên hông người khác
short_bangs,0,Tóc mái ngắn
pink_sclera,0,Củng mạc hồng
tail_growth,7,Sự mọc đuôi
red_horn,7,Sừng đỏ
sheep_ears,0,Tai cừu
4_eyes,7,Bốn mắt (đeo kính)
breasts_on_glass,0,Ngực trên thủy tinh
knees_to_chest,0,Đầu gối tới ngực
round_ears,7,Tai tròn
mostly_nude_male,7,Nam gần khỏa thân
hair_horns,0,Sừng tóc
big_hands,7,Bàn tay to
small_horns,0,Sừng nhỏ
popsicle_in_mouth,0,Cây kem que trong miệng
mismatched_animal_penis,7,Dương vật động vật lệch đôi
framed_breasts,0,Ngực khung
orange_sclera,0,Củng mạc cam
earbuds,0,Tai nghe nhét tai
glistening_nipples,7,Núm vú bóng nhẫy
heart_pupils,7,Đồng tử trái tim
grey_nose,7,Mũi xám
squirrel_tail,0,Đuôi sóc
tapering_tail,7,Đuôi vót nhọn
bandaids_on_nipples,0,Băng cá nhân trên núm vú
black_hands,0,Bàn tay đen
finger_to_cheek,0,Ngón tay tới má
yellow_horn,7,Sừng vàng
white_leg_warmers,0,Băng giữ ấm chân trắng
fur-trimmed_hood,0,Mũ trùm lông thú viền
sweaty_feet,0,Bàn chân đầm mồ hôi
tan_ears,7,Tai nâu rám nắng
sparse_pubic_hair,0,Tóc vùng kín thưa
cum_from_nose,7,Tinh dịch từ mũi
unusual_wing_placement,7,Vị trí cánh khác thường
uneven_horns,0,Sừng không đều
wet_fur,0,Lông ướt
blue_inner_ear,7,Tai mặt trong xanh dương
bat_ears,0,Tai dơi
cum_on_legs,0,Tinh dịch trên đôi chân
breast_growth,7,Sự mọc ngực
yellow_nipples,0,Núm vú vàng
spotted_tail,0,Đuôi có đốm
3_eyes,7,Ba con mắt
skin_fangs,0,Nanh da
light_fur,7,Lông nhạt
bovid_horn,7,Sừng họ trâu bò
hand_grab,0,Bóp bàn tay
yellow_wings,0,Cánh vàng
unusual_penis,7,Dương vật bất thường
very_long_tail,0,Đuôi rất dài
hand_over_own_mouth,0,Tay che miệng mình
upturned_eyes,0,Mắt hướng lên
finger_in_another's_mouth,0,Đưa ngón tay vào miệng người khác
wide_spread_legs,0,Chân rộng dạng ra
goat_ears,0,Tai dê
orange_nipples,0,Núm vú cam
blue_horns,0,Sừng xanh dương
flame-tipped_tail,0,Đuôi đầu lửa
multiple_braids,0,Nhiều bím tóc
sweaty_face,7,Khuôn mặt đầm mồ hôi
multiple_hairclips,0,Nhiều kẹp tóc
white_face,7,Khuôn mặt trắng
holding_both_legs,7,Cầm cả hai chân
musky_penis,7,Dương vật có mùi xạ hương
dark_fur,7,Lông sẫm
restrained_arms,7,Tay bị trói
huge_anus,7,Hậu môn khổng lồ
mechanical_horns,0,Sừng cơ khí
green_lips,0,Môi xanh lá
hand_on_another's_neck,0,Đặt tay lên cổ người khác
holding_another's_leg,0,Giữ chân người khác
nude_intersex,7,Người liên giới tính khỏa thân
cum_in_own_mouth,7,Tinh dịch trong miệng của mình
purple_sclera,0,Củng mạc tím
tail_sex,0,Quan hệ bằng đuôi
official_alternate_hair_color,0,Màu tóc phụ chính thức
grey_horn,7,Sừng xám
muscle_growth,0,Sự mọc cơ
ear_fins,7,Vây tai
dirty_face,0,Khuôn mặt bẩn
shark_hair_ornament,0,Phụ kiện tóc cá mập
circle_eyebrows,7,Lông mày hình tròn
energy_wings,0,Cánh năng lượng
pink_wings,0,Cánh hồng
metallic_body,7,Cơ thể ánh kim
squirrel_ears,0,Tai sóc
tail_aside,7,Đuôi lệch bên
ghost_tail,0,Đuôi ma
hypnotic_eyes,7,Mắt bị thôi miên
glistening_fur,7,Lông bóng nhẫy
belly_hair,7,Tóc bụng
black_tongue,0,Lưỡi đen
body_freckles,0,Tàn nhang cơ thể
dark_hair,7,Tóc sẫm
cone_horns,0,Sừng nón nhọn
bandaid_hair_ornament,0,Phụ kiện tóc băng cá nhân
clover_hair_ornament,0,Phụ kiện tóc cỏ ba lá
leg_lock,0,Lọn tóc chân
body_size_growth,7,Sự mọc kích thước cơ thể
penis_expansion,0,Độ giãn dương vật
yellow_teeth,0,Răng vàng
hand_on_back,7,Bàn tay trên lưng
nipple_rings,0,Nhẫn núm vú
colored_bangs,0,Tóc mái nhuộm màu
prosthetic_leg,0,Chân nhân tạo
beady_eyes,7,Mắt tròn nhỏ
monkey_tail,0,Đuôi khỉ
glistening_legs,7,Chân bóng nhẫy
unusually_open_eyes,0,Mở mắt to bất thường
purple_ears,0,Tai tím
arm_wraps,7,Băng quấn cánh tay
tucking_hair,0,Đang giắt tóc
red_hands,0,Bàn tay đỏ
teal_body,7,Cơ thể xanh cổ vịt
censored_nipples,0,Núm vú đã kiểm duyệt
chest_strap,0,Dây đeo ngực
strap_between_breasts,0,Dây đeo giữa ngực
breast_bondage,0,Trói buộc ngực
partially_shaded_face,0,Mặt tô bóng một phần
hands_on_own_thighs,0,Bàn tay trên đùi của mình
hands_on_own_head,0,Bàn tay trên đầu của mình
looking_at_breasts,0,Nhìn ngực
stray_pubic_hair,0,Sợi lông mu xổ ra
breast_focus,0,Trọng tâm ngực
orange_penis,0,Dương vật cam
mane_hair,7,Tóc bờm
small_pupils,7,Đồng tử nhỏ
spread_fingers,0,Ngón tay dạng ra
bandaid_on_arm,0,Băng cá nhân trên cánh tay
stitched_face,0,Khuôn mặt khâu
hand_on_another's_ass,0,Đặt tay lên mông người khác
holding_belly,0,Cầm bụng
yellow_inner_ear,7,Tai mặt trong vàng
twirling_hair,0,Đang xoắn tóc
twitching_penis,0,Dương vật giật giật
grey_horns,0,Sừng xám
thin_tail,7,Đuôi mỏng
hand_on_own_butt,7,Bàn tay trên mông của mình
plant_hair,0,Tóc cây cảnh
heart_hands_duo,0,Hai người tạo hình trái tim bằng tay
forked_tail,0,Đuôi chẻ đôi
striped_horns,0,Sừng kẻ sọc
fake_wings,0,Cánh giả
bat_hair_ornament,0,Phụ kiện tóc dơi
huge_tail,7,Đuôi khổng lồ
black_pubic_hair,0,Tóc vùng kín màu đen
finger_fetish,7,Sở thích ngón tay
arched_bangs,0,Tóc mái cong
curled_fingers,0,Ngón tay uốn xoăn
arm_held_back,0,Cánh tay được cầm ngả về sau
belly_chain,0,Dây chuyền bụng
purple_horns,0,Sừng tím
eastern_dragon_horns,0,Sừng rồng phương Đông
navel_outline,7,Đường viền rốn
wing_claws,7,Móng vuốt cánh
rubbing_eyes,0,Đang xoa mắt
spiked_penis,0,Dương vật có gai
heart_in_mouth,0,Trái tim trong miệng
hand_on_knee,7,Bàn tay trên đầu gối
high_side_ponytail,0,Tóc đuôi ngựa lệch bên cao
grey_wings,0,Cánh xám
eyelashes_through_hair,0,Lông mi xuyên qua tóc
clothed_gynomorph,7,Nhân vật gynomorph mặc đồ
ghost_hand,7,Bàn tay ma
face_in_ass,0,Khuôn mặt trong mông
character_hair_ornament,0,Phụ kiện tóc hình nhân vật
brown_wings,0,Cánh nâu
condom_on_penis,0,Bao cao su trên dương vật
thin_eyebrows,7,Lông mày mỏng
single_hair_tube,0,Một ống tóc
mouth_veil,0,Màn che mặt miệng
tentacle_in_vagina,7,Xúc tu trong âm đạo
alternate_skin_color,0,Màu da khác
sharp_nails,7,Móng tay sắc
rabbit_hood,0,Mũ trùm thỏ
chest_markings,0,Vằn ngực
nipple_chain,0,Dây chuyền núm vú
belly_tuft,7,Túm lông bụng
furrowed_eyebrows,7,Lông mày cau
unusual_pupils,7,Đồng tử bất thường
nude_beach,0,Bãi biển khỏa thân
green_nose,7,Mũi xanh lá
entwined_tails,7,Đuôi quấn vào nhau
foot_on_face,7,Bàn chân trên khuôn mặt
panther_ears,0,Tai báo đen
foot_grab,0,Bóp bàn chân
dark_penis,0,Dương vật sẫm
hands_above_head,7,Bàn tay bên trên đầu
sticker_on_face,0,Nhãn dán trên khuôn mặt
belly_grab,7,Bóp bụng
covering_own_eyes,0,Che mắt của mình
penis_worship,7,Sự sùng bái dương vật
green_wings,0,Cánh xanh lá
fish_hair_ornament,0,Phụ kiện tóc cá
green_pupils,0,Đồng tử xanh lá
snowflake_hair_ornament,0,Phụ kiện tóc bông tuyết
facial_spikes,7,Gai nhọn trên mặt
hair_ears,0,Tai tóc
head_on_hand,0,Đầu trên bàn tay
head_on_another's_shoulder,0,Tựa đầu lên vai người khác
sitting_on_face,0,Đang ngồi trên khuôn mặt
braided_twintails,0,Tóc hai búi tết
cum_on_arm,7,Tinh dịch trên cánh tay
halter,7,Dạng yếm
clothed_intersex,7,Người liên giới tính mặc đồ
tail_insertion,0,Đưa vào đuôi
tailband,7,Dải buộc đuôi
big_vulva,7,Âm hộ to
countershade_arms,7,Cánh tay bóng ngược
folded_ears,7,Tai gấp lại
holding_tail,7,Cầm đuôi
long_nails,7,Móng tay dài
caprine_horn,7,Sừng dê
smiley_face,0,Khuôn mặt cười
brown_horn,7,Sừng nâu
glowing_body,7,Cơ thể phát sáng
nipple_penetration,0,Sự thâm nhập núm vú
darkened_penis,7,Dương vật tối đi
clothed_female_nude_female,0,Nhân vật nữ khỏa thân nữ mặc đồ
striped_arm_warmers,0,Băng giữ ấm cánh tay kẻ sọc
non-mammal_hair,7,Tóc của loài không có vú
curled_horn,7,Sừng uốn xoăn
drinking_straw_in_mouth,0,Ống hút trong miệng
butt_hair,7,Tóc mông
tail_mouth,0,Miệng đuôi
1_horn,7,Một cái sừng
barely_visible_penis,7,Dương vật hầu như không lộ rõ
penis_focus,0,Trọng tâm dương vật
glistening_nose,7,Mũi bóng nhẫy
bird_legs,0,Chân chim
wide_ponytail,0,Tóc đuôi ngựa rộng
tail_between_legs,0,Đuôi giữa đôi chân
playing_with_own_hair,0,Đang chơi với tóc của mình
hand_on_ground,0,Bàn tay trên mặt đất
eyebrow_cut,0,Lông mày bị cắt
striped_arms,7,Cánh tay kẻ sọc
blood_from_eyes,0,Máu từ mắt
finger_to_own_chin,0,Ngón tay tới cằm của mình
countershade_hands,7,Bàn tay bóng ngược
jackal_ears,0,Tai chồn sói
hand_on_another's_stomach,0,Đặt tay lên bụng người khác
licking_finger,0,Đang liếm ngón tay
red_ears,7,Tai đỏ
big_nose,7,Mũi to
freckled_legs,7,Chân có tàn nhang
tail_wraps,7,Băng quấn đuôi
mechanical_hands,0,Bàn tay cơ khí
head_horn,7,Sừng đầu
striped_legs,7,Chân kẻ sọc
tan_nipples,7,Núm vú nâu rám nắng
winged_helmet,0,Mũ bảo hiểm có cánh
tan_belly,7,Bụng nâu rám nắng
bird_on_hand,0,Chim trên bàn tay
anal_hair,0,Lông hậu môn
black_inner_ear,7,Tai mặt trong đen
hand_tattoo,0,Hình xăm bàn tay
twintails_(hairstyle),7,Tóc buộc hai bên
dirty_feet,0,Bàn chân bẩn
hand_on_cheek,7,Bàn tay trên má
hands_on_thighs,7,Bàn tay trên đùi
face_paint,7,Màu vẽ mặt
tail_tied,7,Đuôi được buộc
tail_pull,0,Kéo đuôi
purple_horn,7,Sừng tím
hyper_nipples,7,Núm vú phóng đại
compound_eyes,0,Mắt kép
lizard_tail,0,Đuôi thằn lằn
covering_mouth,7,Che miệng
licking_nipple,0,Đang liếm núm vú
green_ears,7,Tai xanh lá
chin_tuft,7,Túm lông cằm
heart_tail,0,Đuôi hình trái tim
grey_inner_ear,7,Tai mặt trong xám
bloodshot_eyes,0,Mắt vằn máu
fiery_hair,0,Tóc bằng lửa
tail_bell,0,Chuông đeo đuôi
purple_pupils,0,Đồng tử tím
brushing_hair,0,Đang chải tóc
white_tuft,7,Túm lông trắng
towel_only,7,Chỉ có khăn tắm
white_mouth,0,Miệng trắng
green_vulva,7,Âm hộ xanh lá
no_feet,0,Không có bàn chân
horse_penis,0,Dương vật ngựa
hands_on_lap,0,Bàn tay trên đùi
shading_eyes,0,Mắt tô bóng
brown_inner_ear,7,Tai mặt trong nâu
dark_anus,0,Hậu môn sẫm
button_eyes,0,Mắt cúc
hand_on_own_belly,7,Bàn tay trên bụng của mình
holding_own_penis,7,Cầm dương vật của mình
hand_on_another's_leg,0,Đặt tay lên chân người khác
hollow_eyes,0,Mắt trũng
genital_scar,7,Sẹo sinh dục
neck_fur,0,Lông cổ
vibrator_on_penis,0,Đồ chơi rung trên dương vật
balls_on_face,7,Tinh hoàn trên khuôn mặt
floating_hands,7,Bàn tay lơ lửng
featureless_hands,7,Bàn tay không chi tiết
anatomically_correct_anus,7,Hậu môn đúng giải phẫu
carrying_over_shoulder,0,Đang mang phía trên vai
eye_trail,0,Vệt mắt
looking_through_legs,7,Nhìn xuyên qua đôi chân
derp_eyes,7,Mắt ngơ ngác
folded_wings,0,Đôi cánh gấp lại
shoulder_strap,0,Dây đeo vai
fur_growth,7,Sự mọc lông thú
knee_tuft,7,Túm lông đầu gối
holding_own_leg,0,Cầm chân của mình
obscured_eyes,7,Mắt bị che
bear_hair_ornament,0,Phụ kiện tóc gấu
penis_out,0,Dương vật thò ra
blood_in_mouth,0,Máu trong miệng
prehensile_hair,0,Tóc có khả năng quấn
armless,7,Không có cánh tay
purple_anus,0,Hậu môn tím
flaming_eye,0,Mắt bốc cháy
covering_nipples,0,Che núm vú
jewel_under_eye,0,Đá quý bên dưới mắt
chest_fur,0,Lông ngực
eye_focus,0,Trọng tâm mắt
pulling_hair,7,Đang kéo tóc
blood_in_hair,0,Máu trong tóc
pink_horn,7,Sừng hồng
bruise_on_face,0,Vết bầm trên khuôn mặt
drop-shaped_pupils,0,Đồng tử giọt hình
two_tone_face,7,Khuôn mặt hai tông
arm_above_head,0,Cánh tay bên trên đầu
bandaid_on_hand,0,Băng cá nhân trên bàn tay
no_eyebrows,0,Không có lông mày
gaping_mouth,7,Miệng há rộng
blood_on_arm,0,Máu trên cánh tay
side_ahoge,0,Tóc ahoge lệch bên
flaming_hair,7,Tóc bốc cháy
hand_on_arm,7,Bàn tay trên cánh tay
butterfly_on_hand,0,Bươm bướm trên bàn tay
bandage_on_nose,0,Băng quấn trên mũi
hands_on_another's_cheeks,0,Đặt hai tay lên má người khác
black_arm_warmers,0,Băng giữ ấm cánh tay đen
humanoid_face,7,Khuôn mặt dạng người
cetacean_penis,7,Dương vật họ cá voi
nail_(hardware),0,Móng tay
foot_on_balls,7,Bàn chân trên tinh hoàn
mismatched_pubic_hair,0,Tóc vùng kín lệch đôi
hair_grab,7,Bóp tóc
nape_braid,0,Bím tóc gáy
arm_pull,7,Kéo cánh tay
cutout_above_navel,0,Lỗ cắt bên trên rốn
cetacean_tail,0,Đuôi cá voi
4_breasts,7,Bốn ngực
scar_on_leg,0,Sẹo trên chân
barely_visible_anus,7,Hậu môn hầu như không lộ rõ
bulging_breasts,7,Ngực lồi
curly_eyebrows,0,Lông mày xoăn
brother_penetrating_sister,7,Anh em trai thâm nhập chị em gái
patchwork_skin,0,Da chắp vá
bandaged_chest,0,Ngực băng bó
finger_heart,0,Trái tim ngón tay
black_ear_tips,7,Đầu chóp tai đen
fur-trimmed_collar,0,Cổ áo lông thú viền
hand_on_own_penis,0,Bàn tay trên dương vật của mình
long_nose,0,Mũi dài
see-through_body,0,Cơ thể xuyên thấu
translucent_penis,7,Dương vật bán trong suốt
solid_eyes,0,Mắt màu đặc
small_nose,7,Mũi nhỏ
blue_eyebrows,7,Lông mày xanh dương
grey_nails,0,Móng tay xám
animal_ear_hood,0,Mũ trùm tai động vật
sweaty_penis,7,Dương vật đầm mồ hôi
arm_cutout,0,Lỗ cắt cánh tay
yellow_tongue,0,Lưỡi vàng
tail_around_penis,7,Đuôi quanh dương vật
orange_nose,7,Mũi cam
penis_on_tongue,0,Dương vật trên lưỡi
hand_on_wall,0,Bàn tay trên bức tường
nose_to_anus,7,Mũi tới hậu môn
red_eyebrows,7,Lông mày đỏ
hair_extensions,0,Tóc nối
breast_slip,0,Trượt hở ngực
urine_in_mouth,7,Nước tiểu trong miệng
spiky_hair,7,Tóc dựng
finger_in_own_mouth,0,Ngón tay trong miệng của mình
panther_tail,0,Đuôi báo đen
teal_hair,7,Tóc xanh cổ vịt
glistening_arms,7,Cánh tay bóng nhẫy
blonde_eyebrows,7,Lông mày vàng hoe
saliva_on_face,7,Nước bọt trên khuôn mặt
brushing_teeth,0,Đang chải răng
shoulder_peek,0,Vai lấp ló
crotch_breasts,7,Ngực đũng quần
mechanical_ears,0,Tai cơ khí
hip_tuft,7,Túm lông hông
pink_horns,0,Sừng hồng
donut_hair_bun,0,Búi tóc bánh donut
hair_lift,0,Nâng lên tóc
hands_on_own_legs,0,Bàn tay trên chân của mình
snake_hair,0,Tóc rắn
glowing_hair,0,Tóc phát sáng
face_to_breasts,0,Khuôn mặt tới ngực
anus_focus,7,Trọng tâm hậu môn
rat_tail,7,Đuôi chuột cống
shadow_face,7,Mặt trong bóng tối
hair_on_horn,0,Tóc trên sừng
v-shaped_eyes,0,Mắt hình chữ V
letter_hair_ornament,0,Phụ kiện tóc bức thư
excessive_pubic_hair,0,Tóc vùng kín quá nhiều
hyper_anus,7,Hậu môn phóng đại
penis_tentacles,7,Xúc tu dương vật
black_legs,7,Chân đen
bird_on_shoulder,0,Chim trên vai
hand_on_own_shoulder,0,Bàn tay trên vai của mình
holding_own_tail,0,Cầm đuôi của mình
ear_stud,7,Khuyên tai dạng nụ
hand_on_own_neck,0,Bàn tay trên cổ của mình
chocolate_on_body,0,Sô-cô-la trên cơ thể
horn_grab,7,Bóp sừng
4_horns,7,Bốn cái sừng
hand_wraps,0,Băng quấn bàn tay
cum_on_hands,0,Tinh dịch trên bàn tay
fake_facial_hair,0,Tóc trên mặt giả
red_vulva,7,Âm hộ đỏ
feather_hands,7,Bàn tay lông vũ
black_facial_hair,0,Tóc trên mặt màu đen
arm_around_shoulders,7,Cánh tay quanh vai
leaf_hair,7,Tóc chiếc lá
sunflower_hair_ornament,0,Phụ kiện tóc hướng dương
tail_around_own_leg,0,Đuôi quanh chân của mình
chest_scar,7,Sẹo ngực
hand_on_neck,7,Bàn tay trên cổ
glowing_nipples,0,Núm vú phát sáng
belly_blush,7,Má hồng bụng
holding_arm,7,Cầm cánh tay
floating_headgear,0,Đồ đội đầu lơ lửng
ethereal_hair,7,Tóc thoát tục
shoulder_blush,0,Má hồng vai
glistening_belly,7,Bụng bóng nhẫy
hearts_around_body,7,Trái tim quanh cơ thể
lop_rabbit_ears,0,Tai thỏ cụp
white_hands,0,Bàn tay trắng
patterned_hair,0,Tóc có hoa văn
eastern_dragon_tail,0,Đuôi rồng phương Đông
countershade_genitalia,7,Bộ phận sinh dục bóng ngược
sword_over_shoulder,0,Kiếm phía trên vai
rectangular_mouth,0,Miệng hình chữ nhật
hand_on_balls,7,Bàn tay trên tinh hoàn
hands_on_ground,0,Bàn tay trên mặt đất
cigarette_in_mouth,7,Thuốc lá trong miệng
scar_on_mouth,0,Sẹo trên miệng
licking_another's_face,0,Liếm mặt người khác
cable_tail,0,Đuôi dạng cáp
d-pad_hair_ornament,0,Phụ kiện tóc hình D-pad
yellow_nose,7,Mũi vàng
small_horn,7,Sừng nhỏ
low_side_ponytail,0,Tóc đuôi ngựa lệch bên thấp
straight_legs,7,Chân thẳng
convenient_arm,0,Cánh tay tiện ích
diamond_hair_ornament,0,Phụ kiện tóc hình thoi
missing_wings,0,Cánh thiếu
6_breasts,7,Sáu ngực
split_ponytail,0,Tóc đuôi ngựa chia hai
panda_ears,0,Tai gấu trúc
missing_arm,7,Cánh tay thiếu
multicolored_face,7,Khuôn mặt nhiều màu
snow_leopard_ears,0,Tai báo tuyết
metal_skin,0,Da kim loại
rabbit-shaped_pupils,0,Đồng tử hình thỏ
two-tone_horns,0,Sừng hai tông
small_wings,7,Cánh nhỏ
official_alternate_eye_color,0,Màu mắt phụ chính thức
striped_hair,0,Tóc kẻ sọc
orange_wings,0,Cánh cam
ear_frill,7,Diềm xếp tai
drill_ponytail,0,Tóc đuôi ngựa xoắn ốc
grabbing_both_legs,7,Nắm cả hai chân
band-aid_on_face,7,Băng cá nhân trên mặt
purple_inner_ear,7,Tai mặt trong tím
offering_hand,0,Đưa cho bàn tay
chest_wraps,7,Băng quấn ngực
tail_masturbation,0,Thủ dâm đuôi
lipstick_on_penis,7,Son môi trên dương vật
kiss_on_penis,7,Hôn trên dương vật
glistening_tail,7,Đuôi bóng nhẫy
mark_under_eye,0,Dấu bên dưới mắt
chinese_hairpin,0,Kẹp tóc Trung Quốc
ear_penetration,7,Sự thâm nhập tai
blue_mouth,7,Miệng xanh dương
foot_on_penis,7,Bàn chân trên dương vật
tired_eyes,7,Mắt mệt mỏi
small_head,0,Đầu nhỏ
flower_in_mouth,0,Hoa trong miệng
missing_tail,0,Đuôi thiếu
tongue_penetration,7,Sự thâm nhập lưỡi
mark_under_both_eyes,0,Dấu bên dưới cả hai con mắt
nipple_pull,0,Kéo núm vú
gradient_penis,0,Dương vật chuyển sắc
large_nose,0,Mũi lớn
single_breast_curtain,0,Rèm ngực một chiếc
prehensile_penis,7,Dương vật có khả năng quấn
grey_eyebrows,7,Lông mày xám
invisible_penis,0,Dương vật tàng hình
spotted_legs,7,Chân có đốm
mechanical_eyes,0,Mắt cơ khí
fur-trimmed_legwear,0,Đồ che chân lông thú viền
orange_pupils,0,Đồng tử cam
living_tail,7,Đuôi có sự sống
brown_nails,0,Móng tay nâu
oversized_wings,0,Cánh quá khổ
covered_penis,0,Dương vật được che
blonde_pubic_hair,0,Tóc vùng kín vàng hoe
flower_in_eye,0,Hoa trong mắt
hands_on_own_ass,0,Bàn tay trên mông của mình
armpit_tuft,7,Túm lông nách
body_outline,7,Đường viền cơ thể
penis_on_head,0,Dương vật trên đầu
red_inner_ear,7,Tai mặt trong đỏ
farting_on_face,7,Đánh rắm lên mặt
one_ear_up,7,Một cái tai dựng lên
arm_scar,7,Sẹo cánh tay
wrist_tuft,7,Túm lông cổ tay
big_tongue,7,Lưỡi to
brown_vulva,7,Âm hộ nâu
strawberry_hair_ornament,0,Phụ kiện tóc dâu tây
breasts_on_head,0,Ngực trên đầu
detailed_fur,7,Lông có chi tiết
transparent_wings,0,Cánh trong suốt
ear_wiggle,0,Tai lắc lư
looking_at_hand,0,Nhìn bàn tay
hand_focus,0,Trọng tâm bàn tay
lollipop_in_mouth,0,Kẹo mút trong miệng
arm_spikes,0,Gai nhọn cánh tay
pearl_hair_ornament,0,Phụ kiện tóc ngọc trai
touching_penis,7,Chạm dương vật
extra_mouth,0,Thêm miệng
multi_wing,7,Nhiều cánh
pink_arm_warmers,0,Băng giữ ấm cánh tay hồng
tan_inner_ear_fluff,7,Lông tơ tai mặt trong nâu rám nắng
legs_behind_head,0,Đôi chân phía sau đầu
curved_eyebrows,7,Lông mày cong
cotton_tail,7,Đuôi cotton
red_anus,7,Hậu môn đỏ
grid_teeth,0,Răng lưới
large_hands,0,Bàn tay lớn
bare_breasts,7,Ngực trụi lá
carrying_under_arm,0,Đang mang bên dưới cánh tay
detailed_anus,7,Hậu môn có chi tiết
hair_in_own_mouth,0,Tóc trong miệng của mình
colored_nipples,0,Núm vú nhuộm màu
convenient_tail,0,Đuôi tiện ích
vibrator_in_vagina,7,Đồ chơi rung trong âm đạo
brown_facial_hair,0,Tóc trên mặt màu nâu
green_anus,0,Hậu môn xanh lá
hand_on_own_forehead,0,Bàn tay trên trán của mình
black_leg_warmers,0,Băng giữ ấm chân đen
one_eye_half-closed,7,Một mắt nửa nhắm
v_over_mouth,0,Tư thế chữ V phía trên miệng
ribbed_penis,7,Dương vật sống dọc
white_nose,7,Mũi trắng
glowing_vulva,7,Âm hộ phát sáng
shoulder_markings,7,Vằn vai
leg_wraps,7,Băng quấn chân
genital_growth,7,Sự mọc sinh dục
belly_tattoo,7,Hình xăm bụng
pokemon_on_shoulder,0,Pokémon trên vai
black_breasts,7,Ngực đen
hand_on_chin,7,Bàn tay trên cằm
hand_on_glass,0,Bàn tay trên thủy tinh
arms_between_legs,0,Cánh tay giữa đôi chân
candy_hair_ornament,0,Phụ kiện tóc kẹo
2_fingers,7,Hai ngón tay
hands_on_own_stomach,0,Bàn tay trên bụng của mình
star_eyes,7,Mắt ngôi sao
mismatched_eyebrows,0,Lông mày lệch đôi
cum_on_anus,7,Tinh dịch trên hậu môn
sharp_tail,0,Đuôi sắc
pointy_breasts,0,Ngực nhọn
penis_shaped_bulge,7,Chỗ lùm lùm hình dương vật
glowing_horn,7,Sừng phát sáng
feather_tuft,7,Túm lông vũ
arm_on_knee,0,Cánh tay trên đầu gối
orange_horn,7,Sừng cam
tri_tails,0,Ba cái đuôi
monotone_face,7,Khuôn mặt một tông
belly_nipples,7,Núm vú bụng
kissing_hand,0,Hôn bàn tay
black_tail_tip,7,Đầu chóp đuôi đen
blood_on_leg,0,Máu trên chân
penis_in_penis,7,Dương vật trong dương vật
drawn_ears,0,Tai vẽ
black_mouth,0,Miệng đen
gauze_on_face,0,Gạc y tế trên mặt
genital_shot,7,Cắt cảnh sinh dục
freckled_chest,7,Ngực có tàn nhang
leaf_tail,0,Đuôi chiếc lá
full-body_tattoo,0,Hình xăm toàn thân
drying_hair,0,Đang sấy tóc
tan_breasts,7,Ngực nâu rám nắng
orange_tongue,0,Lưỡi cam
6_arms,7,Sáu cánh tay
glowing_mouth,0,Miệng phát sáng
black_feet,0,Bàn chân đen
cherry_hair_ornament,0,Phụ kiện tóc hoa anh đào
large_ears,0,Tai lớn
glistening_anus,7,Hậu môn bóng nhẫy
black_arms,7,Cánh tay đen
arm_between_breasts,0,Cánh tay giữa ngực
hugging_penis,7,Ôm dương vật
licking_tongue,7,Đang liếm lưỡi
hand_on_lap,0,Bàn tay trên đùi
head_on_chest,0,Đầu trên ngực
ear_grab,7,Bóp tai
ear_chain,0,Dây chuyền tai
heart_nose,7,Mũi trái tim
legs_in_water,7,Đôi chân trong nước
holding_legs_up,7,Giơ cầm đôi chân lên
white_vulva,7,Âm hộ trắng
flower_over_eye,0,Hoa phía trên mắt
leg_scar,7,Sẹo chân
dark_nose,7,Mũi sẫm
animal_tail,7,Đuôi động vật
monotone_breasts,7,Ngực một tông
resting_on_belly,7,Nghỉ trên bụng
brown_hands,0,Bàn tay nâu
cumshot_in_mouth,7,Xuất tinh lên ảnh trong miệng
chocolate_on_breasts,0,Sô-cô-la trên ngực
presenting_own_breasts,0,Ngực chĩa ra của mình
two_tone_eyes,7,Mắt hai tông
scar_on_shoulder,0,Sẹo trên vai
hand_on_table,0,Bàn tay trên bàn
genital_close-up,7,Cận cảnh bộ phận sinh dục
scar_on_hand,0,Sẹo trên bàn tay
multi_leg,7,Nhiều chân
legs_folded,0,Đôi chân gấp lại
tail_bondage,0,Trói buộc đuôi
liquid_hair,0,Tóc dạng lỏng
hairpin,7,Kẹp tóc
animal_ear_legwear,0,Đồ che chân tai động vật
cephalopod_eyes,0,Mắt đầu chân vòng
multicolored_horn,7,Sừng nhiều màu
glistening_tongue,7,Lưỡi bóng nhẫy
tentacle_around_leg,7,Xúc tu quanh chân
yellow_vulva,7,Âm hộ vàng
glowing_tongue,0,Lưỡi phát sáng
sweaty_belly,7,Bụng đầm mồ hôi
penis_peek,0,Dương vật lấp ló
green_horns,0,Sừng xanh lá
short_side_ponytail,0,Tóc đuôi ngựa lệch bên ngắn
cleft_tail,7,Đuôi chẻ đôi
white_feet,7,Bàn chân trắng
white_arm_warmers,0,Băng giữ ấm cánh tay trắng
two_tone_wings,7,Cánh hai tông
tail_in_ass,0,Đuôi trong mông
dice_hair_ornament,0,Phụ kiện tóc xúc xắc
open_frown,7,Nhăn mặt mở
green_horn,7,Sừng xanh lá
monotone_penis,7,Dương vật một tông
robotic_arm,7,Cánh tay người máy
sweaty_anus,7,Hậu môn đầm mồ hôi
peanut_mouth,0,Miệng đậu phộng
sweaty_arms,7,Cánh tay đầm mồ hôi
mole_above_mouth,0,Nốt ruồi bên trên miệng
hand_on_own_elbow,0,Bàn tay trên khuỷu tay của mình
pecs_with_breasts,7,Cơ ngực kèm ngực
fiery_horns,0,Sừng bằng lửa
leg_between_thighs,0,Chân giữa đùi
brown_anus,7,Hậu môn nâu
tan_face,7,Khuôn mặt nâu rám nắng
bare_chest,7,Ngực trần
weasel_ears,0,Tai chồn
feathered_tail,7,Đuôi có lông vũ
brown_lips,0,Môi nâu
penis_shadow,0,Bóng dương vật
mechanical_arm,7,Cánh tay cơ khí
ear_bite,7,Cắn tai
cum_on_own_tongue,7,Tinh dịch trên lưỡi của mình
cum_between_breasts,7,Tinh dịch giữa ngực
cybernetic_leg,7,Chân người máy cấy ghép
heart_in_heart_hands,0,Trái tim trong bàn tay trái tim
spotted_arms,7,Cánh tay có đốm
hand_on_floor,0,Bàn tay trên sàn nhà
mismatched_humanoid_penis,7,Dương vật dạng người lệch đôi
penis_towards_viewer,7,Dương vật về phía người xem
shell_hair_ornament,0,Phụ kiện tóc vỏ
outstretched_leg,0,Chân duỗi thẳng
object_in_tail,7,Vật thể trong đuôi
raised_finger,7,Ngón tay dựng lên
breast_blush,7,Má hồng ngực
arm_around_another's_back,0,Cánh tay quanh của người khác ngả về sau
mouth_pull,0,Kéo miệng
arm_cuffs,0,Ống bọc cổ tay cánh tay
white_nipples,0,Núm vú trắng
finger_frame,0,Khung hình ngón tay
face_between_breasts,0,Khuôn mặt giữa ngực
hyena_ears,0,Tai linh cẩu
light_hair,7,Tóc nhạt
mostly_nude_gynomorph,7,Nhân vật gynomorph khỏa thân chủ yếu
hairy_legs,7,Chân nhiều lông
ankle_tuft,7,Túm lông cổ chân
tongue_showing,7,Lưỡi thè ra
shared_food,0,Đồ ăn dùng chung
white_facial_hair,0,Tóc trên mặt màu trắng
feces_in_mouth,7,Phân trong miệng
cutting_hair,0,Đang cắt tóc
mostly_nude_intersex,7,Người liên giới tính khỏa thân chủ yếu
long_body,0,Cơ thể dài
finger_to_face,0,Ngón tay tới khuôn mặt
monotone_skin,7,Da một tông
freckled_arms,7,Cánh tay có tàn nhang
monkey_ears,0,Tai khỉ
gradient_horns,0,Sừng chuyển sắc
fur_trim_(clothing),7,Viền lông
missing_eye,0,Mắt thiếu
snow_leopard_tail,0,Đuôi báo tuyết
ponytail_ears,7,Tai đuôi ngựa
glistening_face,7,Khuôn mặt bóng nhẫy
blood_on_chest,0,Máu trên ngực
anus_only,7,Chỉ có hậu môn
v-cut,7,Tư thế chữ V bị cắt
penis_between_breasts,7,Dương vật giữa ngực
hoof_hands,7,Bàn tay móng guốc
tan_horn,7,Sừng nâu rám nắng
ear_scrunchie,0,Dây buộc tóc tai
hand_mirror,0,Cái gương bàn tay
human_and_animal_ears,7,Tai người và tai thú
four-leaf_clover_hair_ornament,0,Phụ kiện tóc cỏ ba lá chiếc lá bốn
spotted_face,7,Khuôn mặt có đốm
ass_to_mouth,7,Mông tới miệng
latex_body,7,Cơ thể cao su
saliva_on_anus,7,Nước bọt trên hậu môn
food_on_breasts,0,Thức ăn trên ngực
precum_on_own_penis,7,Dịch tiền xuất tinh trên dương vật của mình
grey_inner_ear_fluff,7,Lông tơ tai mặt trong xám
mole_on_shoulder,0,Nốt ruồi trên vai
brown_face,7,Khuôn mặt nâu
cosmic_hair,7,Tóc vũ trụ
blue_hands,0,Bàn tay xanh dương
cut_bangs,0,Tóc mái bị cắt
body_pillow,0,Gối cơ thể
darkened_anus,7,Hậu môn tối đi
cropped_arms,0,Cánh tay lửng
stitched_arm,0,Cánh tay khâu
wavy_eyes,0,Mắt gợn sóng
detached_ahoge,0,Tóc ahoge tách rời
vaginal_fluids_on_hand,7,Dịch âm đạo trên bàn tay
green_inner_ear,7,Tai mặt trong xanh lá
crystal_hair,0,Tóc pha lê
long_horn,7,Sừng dài
penis_in_face,7,Dương vật trong khuôn mặt
teal_fur,7,Lông xanh cổ vịt
bulging_eyes,0,Mắt lồi
countershade_breasts,7,Ngực bóng ngược
white_arms,7,Cánh tay trắng
sparse_chest_hair,0,Tóc ngực thưa
wet_penis,7,Dương vật ướt
undersized_breast_cup,0,Cốc ngực quá nhỏ
paint_splatter_on_face,0,Sơn văng trên mặt
covering_one_eye,0,Che một con mắt
gradient_tail,0,Đuôi chuyển sắc
tan_eyebrows,7,Lông mày nâu rám nắng
cum_on_own_chest,7,Tinh dịch trên ngực của mình
breasts_on_table,0,Ngực trên bàn
white_legs,7,Chân trắng
glowing_wings,0,Cánh phát sáng
mole_on_arm,0,Nốt ruồi trên cánh tay
cum_from_penis,7,Tinh dịch từ dương vật
egg_hair_ornament,0,Phụ kiện tóc trứng
unusual_wings,7,Cánh bất thường
foot_blush,0,Má hồng bàn chân
penis_growth,0,Sự mọc dương vật
bottomwear_around_one_leg,7,Trang phục thân dưới quanh một chân
5_eyes,7,Năm con mắt
gradient_wings,0,Cánh chuyển sắc
aqua_skin,0,Da màu xanh ngọc
striped_horn,7,Sừng kẻ sọc
colored_teeth,0,Răng nhuộm màu
mostly_nude_humanoid,7,Dạng người khỏa thân chủ yếu
huge_eyebrows,0,Lông mày khổng lồ
horn_flower,0,Hoa sừng
vibrator_on_nipple,0,Đồ chơi rung trên núm vú
half_crown_braid,0,Bím tóc vương miện một nửa
cat_smile,7,Nụ cười mèo
dragon_ears,0,Tai rồng
tapir_tail,0,Đuôi heo vòi
face_in_breasts,7,Khuôn mặt trong ngực
hands_on_knees,7,Bàn tay trên đầu gối
gradient_fur,0,Lông chuyển sắc
hair_color_connection,0,Nối màu tóc
blue_breasts,7,Ngực xanh dương
lipstick_mark_on_penis,0,Dấu son môi trên dương vật
butt_tuft,7,Túm lông mông
disembodied_eye,0,Mắt tách rời
deer_tail,0,Đuôi nai
kissing_penis,0,Hôn dương vật
arm_across_waist,0,Cánh tay ngang qua eo
foot_wraps,0,Băng quấn bàn chân
belly_markings,7,Vằn bụng
lipstick_mark_on_face,0,Vệt son môi trên mặt
lifebuoy_hair_ornament,0,Phụ kiện tóc phao cứu sinh
brown_sclera,0,Củng mạc nâu
bear_tail,0,Đuôi gấu
white_fingers,7,Ngón tay trắng
shoulder_grab,7,Bóp vai
cat_ear_legwear,0,Đồ che chân tai mèo
big_pupils,7,Đồng tử to
long_horns,0,Sừng dài
floating_eyebrows,7,Lông mày lơ lửng
looking_through_own_legs,0,Nhìn xuyên qua chân của mình
long_arms,0,Cánh tay dài
penis_over_eyes,0,Dương vật phía trên mắt
crocodilian_tail,0,Đuôi họ cá sấu
nipple_tuft,7,Túm lông núm vú
x_eyes,7,Mắt chữ X
wings_tied,7,Đôi cánh được buộc
slit_penis,7,Dương vật xẻ tà
short_horn,7,Sừng ngắn
pink_eyebrows,7,Lông mày hồng
legs_over_head,0,Đôi chân phía trên đầu
eyes_mostly_closed,7,Mắt gần khép
penis_on_ass,0,Dương vật trên mông
hands_on_feet,0,Bàn tay trên bàn chân
starfish_hair_ornament,0,Phụ kiện tóc sao biển
text_on_body,7,Chữ trong ảnh trên cơ thể
hand_print,7,Họa tiết bàn tay
white_ear_tips,7,Đầu chóp tai trắng
striped_skin,0,Da kẻ sọc
legs_back,0,Lưng chân
starry_hair,0,Tóc đầy sao
hands_in_both_pockets,7,Bàn tay trong cả hai túi áo
urine_on_face,7,Nước tiểu trên mặt
otter_tail,0,Đuôi rái cá
tongue_on_penis,7,Lưỡi trên dương vật
multiple_legs,0,Nhiều chân
brown_legs,7,Chân nâu
devil_horns_(gesture),7,Sừng quỷ
skunk_tail,0,Đuôi chồn hôi
brown_feet,7,Bàn chân nâu
curved_penis,0,Dương vật cong
living_hair,0,Tóc có sự sống
long_nipples,0,Núm vú dài
3_horns,7,Ba cái sừng
uneven_twintails,0,Tóc hai búi không đều
white_chest,7,Ngực trắng
grey_face,7,Khuôn mặt xám
butterfly-shaped_pupils,0,Đồng tử hình bươm bướm
9_tails,7,Chín cái đuôi
eye_print,0,Họa tiết mắt
tail_hug,7,Ôm bằng đuôi
brown_arms,7,Cánh tay nâu
sparkle_hair_ornament,0,Phụ kiện tóc ánh lấp lánh
spotted_shoulders,7,Vai có đốm
foot_sniffing,7,Đang ngửi bàn chân
stitched_mouth,0,Miệng khâu
looking_at_own_penis,7,Nhìn dương vật của mình
weapon_tail,7,Đuôi vũ khí
pink_mouth,7,Miệng hồng
exposed_muscle,0,Lộ cơ
tapir_ears,0,Tai heo vòi
toast_in_mouth,0,Bánh mì nướng trong miệng
mouth_insertion,0,Đưa vào miệng
hand_over_eye,0,Bàn tay phía trên mắt
purple_eyebrows,7,Lông mày tím
looking_at_belly,7,Nhìn bụng
nub_tail,7,Đuôi cộc
back_tuft,7,Túm lông lưng
nose_to_nose,7,Mũi tới mũi
veiny_hands,0,Bàn tay lộ gân
writing_on_belly,7,Chữ viết trên bụng
showing_teeth,7,Đang cho thấy răng
black_face,7,Khuôn mặt đen
claw_fingers,7,Ngón tay móng vuốt
leash_in_mouth,0,Dây dắt trong miệng
3_tails,7,Ba cái đuôi
furry_tail,7,Đuôi nhiều lông
tail_in_mouth,7,Đuôi trong miệng
dog_penis,0,Dương vật chó
big_horn,7,Sừng to
prehensile_tongue,0,Lưỡi có khả năng quấn
brown_tail_tip,7,Đầu chóp đuôi nâu
animal_on_arm,0,Động vật trên cánh tay
orange_inner_ear,7,Tai mặt trong cam
hand_on_own_ear,0,Bàn tay trên tai của mình
yellow_anus,7,Hậu môn vàng
biting_ear,0,Đang cắn tai
long_eyebrows,0,Lông mày dài
hand_on_tail,7,Bàn tay trên đuôi
brown_pupils,0,Đồng tử nâu
smokestack_hair_ornament,0,Phụ kiện tóc ống khói
blue_face,7,Khuôn mặt xanh dương
body_in_mouth,7,Cơ thể trong miệng
single_bare_leg,0,Chân trụi lá một chiếc
silver_skin,0,Da màu bạc
licking_foot,0,Đang liếm bàn chân
tentacle_around_arm,7,Xúc tu quanh cánh tay
foot_on_table,0,Bàn chân trên bàn
one_ear_down,0,Một cái tai cụp xuống
foot_on_head,7,Bàn chân trên đầu
rubbing_penis,7,Đang xoa dương vật
navel_fetish,7,Sở thích rốn
yellow_lips,0,Môi vàng
half-heart_hands,0,Bàn tay trái tim một nửa
belly_on_ground,7,Bụng trên mặt đất
6_nipples,7,Sáu núm vú
foot_in_mouth,7,Bàn chân trong miệng
dilated_pupils,0,Đồng tử giãn
balls_on_tail,7,Tinh hoàn trên đuôi
sex_toy_in_mouth,7,Đồ chơi tình dục trong miệng
striped_face,7,Khuôn mặt kẻ sọc
shoulder_hair,0,Tóc vai
vaginal_fluids_on_leg,7,Dịch âm đạo trên chân
blue_arms,7,Cánh tay xanh dương
triangle_nose,0,Mũi hình tam giác
pointed_tail,7,Đuôi nhọn
spreading_own_anus,0,Hậu môn mở rộng của mình
feral_with_hair,7,Động vật không nhân hóa kèm tóc
oversized_breast_cup,0,Cốc ngực quá khổ
hyper_vulva,7,Âm hộ phóng đại
smooth_skin,7,Da trơn
penis_shot,7,Cắt cảnh dương vật
single_head_wing,0,Cánh đầu một chiếc
brown_ear_tips,7,Đầu chóp tai nâu
striped_ears,7,Tai kẻ sọc
4_legs,7,Bốn chân
arm_pouch,0,Túi con cánh tay
hidden_eyes,7,Mắt được che
linked_nipples,7,Núm vú được nối
shaking_legs,7,Đang lắc đôi chân
holding_own_legs_back,0,Đưa cầm chân của mình ra sau
orange_eyebrows,7,Lông mày cam
ghost_hair_ornament,0,Phụ kiện tóc ma
solid_circle_pupils,0,Đồng tử màu đặc hình tròn
nude_andromorph,7,Nhân vật andromorph khỏa thân
hairless_tail,7,Đuôi không lông
cat_on_shoulder,0,Mèo trên vai
owl_ears,0,Tai cú mèo
two-tone_wings,0,Cánh hai tông
heart-shaped_eyes,0,Mắt hình trái tim
tail_around_leg,7,Đuôi quanh chân
hand_on_headphones,0,Bàn tay trên tai nghe chụp đầu
gem_hair_ornament,0,Phụ kiện tóc đá quý
white_pubic_hair,0,Tóc vùng kín màu trắng
glowing_horns,0,Sừng phát sáng
helmet_over_eyes,0,Mũ bảo hiểm phía trên mắt
hand_on_railing,0,Bàn tay trên lan can
drying_own_hair,0,Đang sấy tóc của mình
tail_in_vagina,7,Đuôi trong âm đạo
holding_with_tail,0,Giữ bằng đuôi
thigh_tuft,7,Túm lông đùi
green_hands,0,Bàn tay xanh lá
teeth_hold,0,Cái giữ răng
yellow_belly,7,Bụng vàng
tail_heart,7,Trái tim đuôi
hexagon_hair_ornament,0,Phụ kiện tóc lục giác
lightning_bolt_hair_ornament,0,Phụ kiện tóc hình tia sét
cervine_penis,7,Dương vật hươu
goat_tail,0,Đuôi dê
green_eyebrows,7,Lông mày xanh lá
blue_pubic_hair,0,Tóc vùng kín màu xanh dương
nipple_cutout,0,Lỗ cắt núm vú
cum_on_ear,7,Tinh dịch trên tai
featureless_face,7,Khuôn mặt không chi tiết
pink_leg_warmers,0,Băng giữ ấm chân hồng
cumshot_on_face,7,Xuất tinh lên ảnh trên khuôn mặt
spotted_skin,0,Da có đốm
head_in_mouth,0,Đầu trong miệng
obscured_face,7,Khuôn mặt bị che
huge_feet,7,Bàn chân khổng lồ
chest_eye,0,Mắt ngực
huge_ears,0,Tai khổng lồ
blue_legs,7,Chân xanh dương
hands_tied_behind_back,7,Bàn tay được buộc phía sau lưng
musky_feet,7,Bàn chân có mùi xạ hương
hugging_tail,0,Ôm đuôi
hand_on_hand,7,Bàn tay trên bàn tay
hair_flip,0,Cái lật tóc
short_fur,7,Lông ngắn
black_toe_claws,7,Móng vuốt ngón chân đen
teary_eyes,7,Mắt ngấn lệ
nail_bat,0,Dơi móng
orange_vulva,7,Âm hộ cam
orange_face,7,Khuôn mặt cam
torn_wings,0,Đôi cánh bị rách
tan_vulva,7,Âm hộ nâu rám nắng
grey_tongue,0,Lưỡi xám
smoke_from_mouth,0,Khói từ miệng
licking_ear,0,Đang liếm tai
tail_around_partner,7,Đuôi quanh bạn tình
long_fingers,0,Ngón tay dài
darkened_nipples,7,Núm vú tối đi
cream_on_face,0,Màu kem trên khuôn mặt
pig_nose,0,Mũi lợn
very_long_tongue,0,Lưỡi rất dài
small_ears,7,Tai nhỏ
hand_on_vulva,7,Bàn tay trên âm hộ
weasel_tail,0,Đuôi chồn
finger_lick,7,Liếm ngón tay
wool_hair,7,Tóc len
small_nipples,0,Núm vú nhỏ
tucked_penis,0,Dương vật giắt vào trong
grey_belly,7,Bụng xám
ear_pull,7,Kéo tai
coin_hair_ornament,0,Phụ kiện tóc đồng xu
clothed_male_nude_male,0,Nhân vật nam khỏa thân nam mặc đồ
holding_with_feet,0,Giữ bằng bàn chân
short_ears,7,Tai ngắn
blood_on_mouth,0,Máu trên miệng
bandaged_fingers,0,Ngón tay băng bó
straight_arm,7,Cánh tay thẳng
ofuda_between_fingers,0,Bùa ofuda giữa ngón tay
penis_on_butt,7,Dương vật trên mông
eyeball_hair_ornament,0,Phụ kiện tóc mắt cầu
sidelocks_tied_back,0,Tóc mai được buộc ngả về sau
monotone_belly,7,Bụng một tông
two-tone_tail,0,Đuôi hai tông
folded_hair,0,Tóc gấp lại
screw_hair_ornament,0,Phụ kiện tóc ốc vít
lion_mane,0,Bờm sư tử
countershade_body,7,Cơ thể bóng ngược
looking_at_anus,7,Nhìn hậu môn
sitting_on_shoulder,0,Đang ngồi trên vai
white_toes,7,Ngón chân trắng
glistening_lips,7,Môi bóng nhẫy
fire_on_chest,0,Lửa trên ngực
big_wings,7,Cánh to
tan_tail_tip,7,Đầu chóp đuôi nâu rám nắng
striped_leg_warmers,0,Băng giữ ấm chân kẻ sọc
hand_to_head,0,Bàn tay tới đầu
pig_ears,0,Tai lợn
tied_ears,0,Tai được buộc
red_panda_ears,0,Tai gấu trúc đỏ
brown_breasts,7,Ngực nâu
orange_inner_ear_fluff,7,Lông tơ tai mặt trong cam
smooth_horn,7,Sừng trơn
face_in_pillow,0,Khuôn mặt trong gối
animal_with_hair,0,Động vật kèm tóc
4_wings,7,Bốn cánh
orange_horns,0,Sừng cam
blood_on_breasts,0,Máu trên ngực
view_between_legs,0,Góc nhìn giữa đôi chân
feather_in_hair,7,Lông vũ trong tóc
fiery_wings,0,Cánh bằng lửa
6_eyes,7,Sáu con mắt
anus_outline,7,Đường viền hậu môn
ears_visible_through_hair,0,Tai nhìn thấy được xuyên qua tóc
striped_penis,7,Dương vật kẻ sọc
biting_own_finger,0,Đang cắn ngón tay của mình
grey_breasts,7,Ngực xám
star_pupils,7,Đồng tử ngôi sao
bovine_horn,7,Sừng bò
hair_between_horns,0,Tóc giữa sừng
missing_leg,7,Chân thiếu
red_feet,0,Bàn chân đỏ
featureless_legs,7,Chân không chi tiết
tan_arms,7,Cánh tay nâu rám nắng
straight_leg,7,Chân thẳng
dildo_in_mouth,0,Dương vật giả trong miệng
penis_blush,7,Má hồng dương vật
glistening_legwear,7,Đồ che chân bóng nhẫy
green_arms,7,Cánh tay xanh lá
musky_anus,7,Hậu môn có mùi xạ hương
yellow_breasts,7,Ngực vàng
blood_on_body,0,Máu trên cơ thể
yellow_face,7,Khuôn mặt vàng
rice_on_face,0,Cơm trên khuôn mặt
purple_arm_warmers,0,Băng giữ ấm cánh tay tím
two_tone_horn,7,Sừng hai tông
ears_through_hood,0,Tai xuyên qua mũ trùm
hand_on_crotch,7,Bàn tay trên đũng quần
blue_tail_tip,7,Đầu chóp đuôi xanh dương
exposed_belly,7,Lộ bụng
feces_on_body,7,Phân trên cơ thể
grey_pupils,0,Đồng tử xám
holly_hair_ornament,0,Phụ kiện tóc cây nhựa xanh
waving_arms,0,Đang vẫy cánh tay
arm_feathers,7,Lông vũ cánh tay
hands_in_pocket,0,Bàn tay trong túi áo
face_down,0,Khuôn mặt hướng xuống
red_inner_ear_fluff,7,Lông tơ tai mặt trong đỏ
penis_on_pussy,0,Dương vật trên âm hộ
blue_inner_ear_fluff,7,Lông tơ tai mặt trong xanh dương
shadowed_eyes,7,Mắt có bóng
paint_on_body,0,Màu vẽ trên cơ thể
tail_cuff,7,Ống tay đuôi
saliva_on_breasts,0,Nước bọt trên ngực
horn_growth,7,Sự mọc sừng
leopard_ears,0,Tai báo
holding_face,7,Cầm khuôn mặt
tan_nose,7,Mũi nâu rám nắng
buttplug_tail,7,Đuôi chậu hậu môn
green_face,7,Khuôn mặt xanh lá
glowing_hand,0,Bàn tay phát sáng
purple_mouth,0,Miệng tím
red_face,7,Khuôn mặt đỏ
hands_on_shoulders,7,Bàn tay trên vai
otter_ears,0,Tai rái cá
cum_on_fingers,0,Tinh dịch trên ngón tay
light_face,7,Khuôn mặt nhạt
grey_anus,7,Hậu môn xám
long_mouth,0,Miệng dài
hand_on_foot,7,Bàn tay trên bàn chân
yellow_hands,0,Bàn tay vàng
arm_on_table,0,Cánh tay trên bàn
unworn_hair_ornament,0,Phụ kiện tóc không mặc
translucent_wings,7,Cánh bán trong suốt
large_horns,0,Sừng lớn
yellow_feet,7,Bàn chân vàng
blue_feet,7,Bàn chân xanh dương
tail_mane,7,Bờm đuôi
multi_mouth,7,Nhiều miệng
humanoid_penis_on_feral,7,Dương vật dạng người trên động vật không nhân hóa
ear_flower,0,Hoa tai
cum_on_shoulder,7,Tinh dịch trên vai
white_anus,7,Hậu môn trắng
planet_hair_ornament,0,Phụ kiện tóc hành tinh
glowing_anus,0,Hậu môn phát sáng
scar_on_tail,0,Sẹo trên đuôi
sharp_horn,7,Sừng sắc
brown_tuft,7,Túm lông nâu
grey_hands,7,Bàn tay xám
red_mouth,7,Miệng đỏ
weapon_arm,7,Cánh tay vũ khí
eyes_in_shadow,0,Mắt trong bóng đổ
black_finger_claws,7,Móng vuốt ngón tay đen
creature_on_shoulder,0,Sinh vật trên vai
hand_in_hair,7,Bàn tay trong tóc
countershade_belly,7,Bụng bóng ngược
animal_legs,0,Chân động vật
genital_markings,7,Vằn sinh dục
grey_legs,7,Chân xám
hair_wings,0,Cánh tóc
severed_arm,0,Cánh tay bị cắt lìa
covering_eyes,7,Che mắt
hands_on_own_chin,0,Bàn tay trên cằm của mình
urine_on_chest,7,Nước tiểu trên ngực
heart_ear_ornament,0,Trang trí tai trái tim
cum_on_own_belly,7,Tinh dịch trên bụng của mình
fingers_to_cheeks,0,Ngón tay tới má
tan_chest,7,Ngực nâu rám nắng
6_legs,7,Sáu chân
censored_anus,0,Hậu môn đã kiểm duyệt
mole_above_eye,0,Nốt ruồi bên trên mắt
toes_tied,7,Ngón chân được buộc
pseudo-penis,7,Dương vật giả
blue_belly,7,Bụng xanh dương
arms_tied_behind_back,7,Cánh tay được buộc phía sau lưng
mismatched_wings,0,Cánh lệch đôi
disembodied_tongue,0,Lưỡi tách rời
goo_hair,7,Tóc nhầy
slim_legs,0,Chân thon
chest_grab,7,Bóp ngực
hand_on_mouth,7,Bàn tay trên miệng
hands_on_another's_back,0,Bàn tay trên của người khác ngả về sau
light_ears,7,Tai nhạt
writing_on_chest,7,Chữ viết trên ngực
alternate_hair_ornament,0,Phụ kiện tóc khác
creepy_face,7,Khuôn mặt rợn người
cum_on_own_leg,7,Tinh dịch trên chân của mình
tentacle_tail,0,Đuôi xúc tu
skeletal_wings,0,Cánh hình bộ xương
small_feet,7,Bàn chân nhỏ
bat_nose,7,Mũi dơi
tree_horns,0,Sừng cây
red_pubic_hair,0,Tóc vùng kín màu đỏ
purple_breasts,7,Ngực tím
tail_spines,7,Cột sống đuôi
clock_eyes,0,Mắt đồng hồ
flaming_eyes,0,Mắt bốc cháy
extra_pupils,0,Thêm đồng tử
green_legs,7,Chân xanh lá
pink_breasts,7,Ngực hồng
crown_hair_ornament,0,Phụ kiện tóc vương miện
orange_legs,7,Chân cam
tan_tuft,7,Túm lông nâu rám nắng
purple_pubic_hair,0,Tóc vùng kín màu tím
curved_horns,0,Sừng cong
black_belly,7,Bụng đen
arms_on_knees,0,Cánh tay trên đầu gối
single_mechanical_eye,0,Mắt một chiếc cơ khí
penis_to_breast,0,Dương vật tới ngực
monotone_hands,7,Bàn tay một tông
big_teeth,7,Răng to
black_tuft,7,Túm lông đen
long_toenails,0,Móng chân dài
navel_pendant,7,Mặt dây chuyền rốn
grey_lips,0,Môi xám
twin_hair_bows,7,Nơ tóc đôi
thick_chest_hair,0,Tóc ngực dày
flipped_bangs,0,Tóc mái lật sang bên
monotone_horn,7,Sừng một tông
skin_seams,0,Đường may da
hair_over_face,0,Tóc phía trên khuôn mặt
ear_birthmark,0,Nốt bớt tai
weapon_on_shoulder,7,Vũ khí trên vai
breast_strap,0,Dây đeo ngực
pink_hands,7,Bàn tay hồng
penis_in_tentacle,7,Dương vật trong xúc tu
grey_tuft,7,Túm lông xám
sentient_penis,7,Dương vật có tri giác
head_on_arm,0,Đầu trên cánh tay
grey_arms,7,Cánh tay xám
toe_seam,0,Đường may ngón chân
bird_hair_ornament,0,Phụ kiện tóc chim
heart-shaped_hair,0,Tóc hình trái tim
sheep_tail,0,Đuôi cừu
ursine_penis,7,Dương vật gấu
curved_tail,7,Đuôi cong
glistening_feet,7,Bàn chân bóng nhẫy
face_tentacles,7,Xúc tu mặt
pink_feet,7,Bàn chân hồng
cross_pupils,7,Đồng tử chữ thập
spade_hair_ornament,0,Phụ kiện tóc hình cái xẻng
countershade_ears,7,Tai bóng ngược
hand_under_leg,7,Bàn tay bên dưới chân
red_facial_hair,0,Tóc trên mặt màu đỏ
animal_skin,7,Da động vật
stitched_leg,0,Chân khâu
bird_on_arm,0,Chim trên cánh tay
brown_pubic_hair,0,Tóc vùng kín màu nâu
panda_hair_ornament,0,Phụ kiện tóc gấu trúc
penis_in_cloaca,7,Dương vật trong lỗ huyệt
fox_hair_ornament,0,Phụ kiện tóc cáo
armpit_hair_peek,0,Lông nách lấp ló
chest_gem,7,Đá quý ngực
arm_around_partner,7,Cánh tay quanh bạn tình
navel_penetration,0,Sự thâm nhập rốn
barely_visible_nipples,7,Núm vú hầu như không lộ rõ
dark_eyebrows,7,Lông mày sẫm
foot_worship,0,Sự sùng bái bàn chân
pussy_juice_on_fingers,0,Dịch âm hộ trên ngón tay
dark_pupils,7,Đồng tử sẫm
hand_in_mouth,0,Bàn tay trong miệng
leopard_tail,0,Đuôi báo
genital_tattoo,7,Hình xăm sinh dục
foot_tuft,7,Túm lông bàn chân
glowing_tail,0,Đuôi phát sáng
flowing_hair,7,Tóc bay trong gió
fiery_tail,0,Đuôi bằng lửa
mermaid_tail,7,Đuôi nàng tiên cá
shoulder_plates,0,Cái đĩa vai
heart_on_chest,0,Trái tim trên ngực
blonde_facial_hair,0,Tóc trên mặt vàng hoe
animal_on_hand,0,Động vật trên bàn tay
smoke_from_nose,0,Khói từ mũi
fluffy_fur,7,Lông lông xù
monotone_anus,7,Hậu môn một tông
cloud_hair_ornament,0,Phụ kiện tóc đám mây
face_grab,7,Bóp mặt
mismatched_nipples,7,Núm vú lệch đôi
arms_on_table,0,Cánh tay trên bàn
light_tail,7,Đuôi nhạt
object_on_breast,0,Vật thể trên ngực
bandaged_tail,0,Đuôi băng bó
arms_around_another's_back,0,Cánh tay quanh của người khác ngả về sau
wet_face,0,Khuôn mặt ướt
arm_wrapping,7,Quấn cánh tay
legs_around_partner,7,Đôi chân quanh bạn tình
washing_hair,0,Đang giặt tóc
eye_symbol,0,Biểu tượng mắt
triangle-shaped_pupils,0,Đồng tử hình tam giác hình
dark_eyes,7,Mắt sẫm
toe_in_mouth,7,Ngón chân trong miệng
wing_growth,7,Sự mọc cánh
orange_tail_tip,7,Đầu chóp đuôi cam
arms_across_body,0,Cánh tay ngang qua cơ thể
rainbow_eyes,0,Mắt cầu vồng
sitting_on_penis,0,Đang ngồi trên dương vật
foot_shot,7,Cắt cảnh bàn chân
yellow_legs,7,Chân vàng
purple_hands,0,Bàn tay tím
moth_antennae,0,Ăng-ten bướm đêm
big_mouth_(anatomy),7,Miệng to
round_body,7,Cơ thể tròn
covered_anus,0,Hậu môn được che
tentacles_around_legs,7,Xúc tu quanh đôi chân
flower_over_mouth,0,Hoa phía trên miệng
side_capelet,0,Áo choàng ngắn lệch bên
butt_wings,7,Cánh mông
looking_at_own_breasts,7,Nhìn ngực của mình
dark_ears,7,Tai sẫm
quad_braids,0,Bốn bím tóc
hand_blush,0,Má hồng bàn tay
belly_mouth,7,Miệng bụng
looking_down_at_penis,7,Nhìn xuống dương vật
leg_focus,0,Trọng tâm chân
clothed_to_nude,7,Mặc quần áo tới khỏa thân
two_tone_feet,7,Bàn chân hai tông
glowing_fur,7,Lông phát sáng
male_with_breasts,0,Giới tính nam kèm ngực
cybernetic_eye,7,Mắt người máy cấy ghép
very_long_ears,0,Tai rất dài
unusual_eyes,7,Mắt bất thường
green_breasts,7,Ngực xanh lá
wing_ears,0,Tai cánh
short_braid,0,Bím tóc ngắn
raised_leg_grab,7,Nắm chân dựng lên
bouncing_belly,0,Bụng nảy
black_fingers,7,Ngón tay đen
skeletal_hand,0,Bàn tay hình bộ xương
single_mechanical_hand,0,Bàn tay một chiếc cơ khí
pumpkin_hair_ornament,0,Phụ kiện tóc bí ngô
face_to_face,7,Khuôn mặt tới khuôn mặt
feet_only,0,Chỉ có bàn chân
aqua_pupils,0,Đồng tử xanh ngọc
darkened_skin,0,Da tối đi
cutout_eyelashes,0,Lông mi mổ xẻ
breast_pillow,0,Gối ngực
arm_across_chest,0,Cánh tay ngang qua ngực
cum_on_fur,7,Tinh dịch trên lông thú
glowing_nose,7,Mũi phát sáng
hyena_tail,0,Đuôi linh cẩu
rainbow_body,7,Cơ thể cầu vồng
chicken-wing_tied,7,Cánh gà được buộc
finger_tattoo,0,Hình xăm ngón tay
object_between_breasts,7,Vật thể giữa ngực
green_mouth,7,Miệng xanh lá
flower_to_mouth,0,Hoa tới miệng
fur_cuffs,0,Ống bọc cổ tay lông thú
penis_tentacle,0,Xúc tu dương vật
licking_breast,0,Đang liếm ngực
feline_ears,7,Tai mèo
red_panda_tail,0,Đuôi gấu trúc đỏ
magenta_body,7,Cơ thể hồng cánh sen
no_hair_ornament,0,Không có phụ kiện tóc
severed_hair,0,Tóc bị cắt lìa
covering_own_ears,0,Che tai của mình
alternate_wings,0,Cánh khác
food_on_hand,0,Thức ăn trên bàn tay
leg_cutout,0,Lỗ cắt chân
single_bare_arm,0,Cánh tay trụi lá một chiếc
8_nipples,7,Tám núm vú
spiral_pupils,7,Đồng tử xoắn ốc
tail_penis,7,Dương vật đuôi
pink_pubic_hair,0,Tóc vùng kín màu hồng
brown_inner_ear_fluff,7,Lông tơ tai mặt trong nâu
gold_nails,0,Móng tay vàng kim
asymmetrical_arms,0,Cánh tay bất đối xứng
orange_lips,0,Môi cam
fake_cat_ears,7,Tai mèo giả
hair_between_breasts,0,Tóc giữa ngực
smelling_penis,0,Ngửi dương vật
thick_arm_hair,0,Tóc cánh tay dày
legs_above_head,7,Đôi chân bên trên đầu
heart_nipples,7,Núm vú trái tim
shark_teeth,7,Răng cá mập
yellow_arms,7,Cánh tay vàng
puffy_chest,0,Ngực phồng
heart_arms,0,Cánh tay trái tim
huge_horns,0,Sừng khổng lồ
sweaty_chest,7,Ngực đầm mồ hôi
gradient_nails,0,Móng tay chuyển sắc
orange_anus,7,Hậu môn cam
paw_hair_ornament,0,Phụ kiện tóc chân thú
tentacle_tongue,0,Lưỡi xúc tu
metal_hair_tubes,0,Lọn tóc ống kim loại
monotone_arms,7,Cánh tay một tông
weapon_in_mouth,0,Vũ khí trong miệng
chicken_leg,0,Chân gà
waving_hand,7,Đang vẫy bàn tay
skeletal_arm,0,Cánh tay hình bộ xương
broken_heart_hair_ornament,0,Phụ kiện tóc trái tim bị gãy
ear_expansion,7,Độ giãn tai
breast_drop,0,Giọt ngực
inflated_belly,7,Bụng phồng to
round_eyes,7,Mắt tròn
dipstick_fingers,7,Ngón tay hình que
tentacle_on_penis,0,Xúc tu trên dương vật
nipple-to-nipple,0,Núm vú tới núm vú
urine_on_leg,7,Nước tiểu trên chân
holding_arms,7,Cầm cánh tay
blood_from_vagina,0,Máu từ âm đạo
tail_bite,7,Cắn đuôi
looking_at_own_belly,7,Nhìn bụng của mình
moth_wings,0,Cánh bướm đêm
apple_hair_ornament,0,Phụ kiện tóc táo
tail_ridge,7,Gờ đuôi
foot_rub,7,Xoa bàn chân
hand_on_diaper,7,Bàn tay trên tã lót
spread_navel,0,Rốn dạng ra
grey_pubic_hair,0,Tóc vùng kín màu xám
feet_on_table,0,Bàn chân trên bàn
lightning_ahoge,0,Tóc ahoge sấm sét
monotone_feet,7,Bàn chân một tông
belly_focus,7,Trọng tâm bụng
outstretched_legs,0,Chân duỗi thẳng
vaginal_fluids_on_face,7,Dịch âm đạo trên khuôn mặt
drawn_wings,0,Cánh vẽ
big_chest,7,Ngực to
hand_on_weapon,0,Bàn tay trên vũ khí
penis_tongue,7,Lưỡi dương vật
penis_on_stomach,0,Dương vật trên bụng
cum_in_ear,0,Tinh dịch trong tai
dipstick_hair,7,Tóc hình que
cum_in_nipples,7,Tinh dịch trong núm vú
shoulder_patch,0,Miếng vá vai
hugging_own_tail,0,Ôm đuôi của mình
black_inner_ear_fluff,7,Lông tơ tai mặt trong đen
orange_arms,7,Cánh tay cam
grey_feet,7,Bàn chân xám
claw_toes,7,Ngón chân móng vuốt
licking_own_finger,0,Đang liếm ngón tay của mình
light_nipples,0,Núm vú nhạt
nail_(weapon),7,Móng tay
arm_on_own_head,0,Cánh tay trên đầu của mình
hands_on_floor,0,Bàn tay trên sàn nhà
chocolate_on_face,0,Sô-cô-la trên khuôn mặt
short_legs,7,Chân ngắn
two-tone_nails,0,Móng tay hai tông
mismatched_eyelashes,0,Lông mi lệch đôi
pink_face,7,Khuôn mặt hồng
hand_on_side,7,Bàn tay trên lệch bên
eye_tattoo,0,Hình xăm mắt
orange_feet,7,Bàn chân cam
holding_leg_up,7,Giơ cầm chân lên
shiny_eyes,0,Mắt bóng
holding_feet,0,Cầm bàn chân
spotted_hair,0,Tóc có đốm
goat_horn,7,Sừng dê
heart_on_body,7,Trái tim trên cơ thể
flaming_hand,0,Bàn tay bốc cháy
mismatched_horns,0,Sừng lệch đôi
aqua_horns,0,Sừng xanh ngọc
zipper_mouth,7,Miệng khóa kéo
tan_eyes,7,Mắt nâu rám nắng
breast_zipper,0,Khóa kéo ngực
light_breasts,7,Ngực nhạt
pattern_arm_warmers,7,Băng giữ ấm cánh tay hoa văn
balls_above_penis,7,Tinh hoàn bên trên dương vật
bandaid_on_shoulder,0,Băng cá nhân trên vai
glistening_genital_fluids,7,Dịch sinh dục bóng nhẫy
red_tail_tip,7,Đầu chóp đuôi đỏ
shaped_pubic_hair,0,Tóc hình vùng kín
side_bangs,7,Tóc mái lệch bên
tall_hair,0,Tóc cao
tan_anus,7,Hậu môn nâu rám nắng
arrow_in_body,0,Mũi tên trong cơ thể
mole_on_chest,0,Nốt ruồi trên ngực
extra_legs,0,Thêm chân
eye_spots,7,Đốm mắt
thick_navel_hair,0,Tóc rốn dày
bandaid_on_finger,0,Băng cá nhân trên ngón tay
sparse_arm_hair,0,Tóc cánh tay thưa
twintails_day,0,Ngày hai búi
straight_arms,7,Cánh tay thẳng
towel_on_shoulder,7,Khăn tắm trên vai
fur_wrist_cuffs,0,Ống bọc cổ tay cổ tay lông thú
multi_tongue,7,Nhiều cái lưỡi
hand_between_legs,7,Bàn tay giữa đôi chân
tan_wings,7,Cánh nâu rám nắng
hands_on_table,0,Bàn tay trên bàn
writing_on_breasts,7,Chữ viết trên ngực
food_hair,7,Tóc thức ăn
tail_frill,7,Diềm xếp đuôi
freckled_tail,7,Đuôi có tàn nhang
ball_hands,0,Bàn tay quả bóng
dog_hair_ornament,0,Phụ kiện tóc chó
tan_hands,7,Bàn tay nâu rám nắng
ears_as_hair,7,Tai thay tóc
braid_over_shoulder,0,Tóc tết phía trên vai
tail_upskirt,7,Ảnh hớ váy đuôi
low_horns,0,Sừng thấp
grape_hair_ornament,0,Phụ kiện tóc nho
forearm_hair,7,Tóc cẳng tay
barely_visible_breasts,7,Ngực hầu như không lộ rõ
tail_in_own_ass,7,Đuôi trong mông của mình
swinging_penis,7,Đung đưa dương vật
animal_ear_helmet,0,Mũ bảo hiểm tai động vật
hair_mouth,7,Miệng tóc
hair_through_hood,0,Tóc xuyên qua mũ trùm
magic_arm,0,Cánh tay phép thuật
whale_hair_ornament,0,Phụ kiện tóc cá voi
covering_penis,7,Che dương vật
micro_legs,7,Chân rất nhỏ
shoulder_freckles,0,Tàn nhang vai
dolphin_hair_ornament,0,Phụ kiện tóc cá heo
face_in_crotch,0,Khuôn mặt trong đũng quần
flower_on_chest,0,Hoa trên ngực
presenting_mouth,7,Miệng chĩa ra
muscle_size_difference,7,Chênh lệch kích thước cơ
cum_in_penis,7,Tinh dịch trong dương vật
rose_in_mouth,7,Hoa hồng trong miệng
pointing_at_penis,7,Chỉ vào dương vật
aqua_wings,0,Cánh xanh ngọc
green_pubic_hair,0,Tóc vùng kín màu xanh lá
notched_wings,7,Cánh chẻ
round_nose,0,Mũi tròn
red_arms,7,Cánh tay đỏ
braided_tail,0,Đuôi tết
food_between_breasts,0,Thức ăn giữa ngực
tongue_stud,7,Khuyên nụ lưỡi
flat_chest_grab,0,Bóp ngực phẳng
navel_focus,0,Trọng tâm rốn
hair_focus,0,Trọng tâm tóc
fur_capelet,0,Áo choàng ngắn lông thú
penis_in_ear,7,Dương vật trong tai
gradient_body,7,Cơ thể chuyển sắc
ascot_between_breasts,0,Khăn ascot giữa ngực
8_breasts,7,Tám ngực
countershade_penis,7,Dương vật bóng ngược
scorpion_tail,0,Đuôi bọ cạp
golden_arms,0,Cánh tay màu vàng
two_tone_arms,7,Cánh tay hai tông
winged_hair_ornament,0,Phụ kiện tóc có cánh
white_toe_claws,7,Móng vuốt ngón chân trắng
monotone_inner_ear,7,Tai một tông mặt trong
sparse_navel_hair,0,Tóc rốn thưa
pink_inner_ear_fluff,7,Lông tơ tai mặt trong hồng
blue_fingers,7,Ngón tay xanh dương
teal_penis,7,Dương vật xanh cổ vịt
lube_on_penis,7,Chất bôi trơn trên dương vật
hand_on_bulge,7,Bàn tay trên phần phồng lên
writing_on_genitals,7,Chữ viết trên bộ phận sinh dục
hands_under_legs,0,Bàn tay bên dưới đôi chân
hand_to_weapon,0,Bàn tay tới vũ khí
impossible_hair,0,Tóc bất khả thi
scar_on_breast,0,Sẹo trên ngực
vaginal_fluids_on_tongue,7,Dịch âm đạo trên lưỡi
blue_arm_warmers,0,Băng giữ ấm cánh tay xanh dương
touching_face,7,Chạm khuôn mặt
feet_on_chair,0,Bàn chân trên ghế
back_hair,0,Lông lưng
arms_around_partner,7,Cánh tay quanh bạn tình
light_penis,7,Dương vật nhạt
rabbit_ear_headphones,0,Tai nghe tai thỏ
fish_in_mouth,0,Cá trong miệng
spotted_ears,7,Tai có đốm
hand_hair,0,Lông tay
finger_bite,7,Cắn ngón tay
hand_above_head,7,Bàn tay bên trên đầu
penis_in_nipple,7,Dương vật trong núm vú
colored_eyebrows,0,Lông mày nhuộm màu
yellow_inner_ear_fluff,7,Lông tơ tai mặt trong vàng
brown_tail_tuft,7,Túm lông đuôi nâu
ferret_ears,0,Tai chồn bạc
saliva_on_foot,7,Nước bọt trên bàn chân
dipstick_nose,7,Mũi hình que
dark_tail,7,Đuôi sẫm
vaginal_fluids_on_tail,7,Dịch âm đạo trên đuôi
living_penis,7,Dương vật có sự sống
monotone_legs,7,Chân một tông
blood_from_penis,7,Máu từ dương vật
cutting_own_hair,0,Đang cắt tóc của mình
feces_on_face,7,Phân trên mặt
metal_wings,0,Cánh kim loại
ankle_wings,0,Cánh cổ chân
foot_in_water,7,Bàn chân trong nước
glistening_ears,7,Tai bóng nhẫy
bodily_fluids_on_penis,7,Dịch cơ thể trên dương vật
arm_around_waist,7,Cánh tay quanh eo
foot_on_chest,7,Bàn chân trên ngực
beaver_tail,0,Đuôi hải ly
black_tail_tuft,7,Túm lông đuôi đen
scar_across_eyebrow,0,Sẹo ngang qua lông mày
hands_on_headphones,0,Bàn tay trên tai nghe chụp đầu
sparse_leg_hair,0,Tóc chân thưa
cum_on_nipples,7,Tinh dịch trên núm vú
monotone_wings,7,Cánh một tông
moose_ears,0,Tai nai sừng tấm
tentacles_around_arms,7,Xúc tu quanh cánh tay
finger_to_eye,0,Ngón tay tới mắt
lemon_hair_ornament,0,Phụ kiện tóc chanh
shoulder_scar,7,Sẹo vai
urine_on_belly,7,Nước tiểu trên bụng
hand_on_own_wrist,0,Bàn tay trên cổ tay của mình
purple_face,7,Khuôn mặt tím
feathered_arms,0,Cánh tay có lông vũ
tan_legs,7,Chân nâu rám nắng
penis_over_one_eye,0,Dương vật phía trên một con mắt
hands_between_legs,7,Bàn tay giữa đôi chân
aqua_lips,0,Môi xanh ngọc
long_toes,0,Ngón chân dài
loose_anus,7,Hậu môn rộng
arm_pillow,0,Gối cánh tay
dot_pupils,0,Đồng tử chấm
yellow_tuft,7,Túm lông vàng
hollow_body,0,Cơ thể trũng
white_tongue,0,Lưỡi trắng
blue_tuft,7,Túm lông xanh dương
wide_face,0,Khuôn mặt rộng
ofuda_on_nipples,0,Bùa ofuda trên núm vú
raised_shoulders,7,Vai dựng lên
breast_cutouts,0,Lỗ cắt ngực
breast_markings,7,Vằn ngực
stretching_arms,7,Đang kéo giãn cánh tay
severed_hand,0,Bàn tay bị cắt lìa
brown_belly,7,Bụng nâu
arm_over_shoulder,0,Cánh tay phía trên vai
precum_on_face,7,Dịch tiền xuất tinh trên khuôn mặt
glistening_skinsuit,7,Bộ đồ ôm sát bóng nhẫy
tentacle_around_penis,7,Xúc tu quanh dương vật
diamond_mouth,0,Miệng hình thoi
hand_on_own_tail,0,Bàn tay trên đuôi của mình
veiny_face,0,Khuôn mặt lộ gân
holding_raised_leg,7,Cầm chân dựng lên
nipple_torture,0,Tra tấn núm vú
glistening_horn,7,Sừng bóng nhẫy
pokemon_tail,0,Đuôi Pokémon
hand_markings,7,Vằn bàn tay
writing_on_face,7,Chữ viết trên khuôn mặt
face_in_shadow,0,Khuôn mặt trong bóng đổ
naked_capelet,0,Áo choàng ngắn trần
grabbing_own_hair,0,Nắm tóc của mình
feet_tied,7,Bàn chân được buộc
penis_on_belly,7,Dương vật trên bụng
grey_facial_hair,0,Tóc trên mặt màu xám
hair_covering_breasts,7,Ngực tóc che
teal_nipples,7,Núm vú xanh cổ vịt
breast_freckles,0,Tàn nhang ngực
turquoise_hair,7,Tóc xanh ngọc lam
hands_on_own_knee,0,Bàn tay trên đầu gối của mình
tan_feet,7,Bàn chân nâu rám nắng
red_legs,7,Chân đỏ
brushing_own_hair,0,Đang chải tóc của mình
freckled_ears,7,Tai có tàn nhang
brown_fingers,7,Ngón tay nâu
pseudo_horn,7,Sừng giả
orange_hands,7,Bàn tay cam
3_penises,7,Ba dương vật
penis_covering_eyes,7,Mắt dương vật che
chain_around_arm,0,Dây chuyền quanh cánh tay
penis_snake,7,Rắn dương vật
glistening_shoulders,7,Vai bóng nhẫy
calf_tuft,7,Túm lông bắp chân
hyper_tongue,7,Lưỡi phóng đại
jackal_tail,0,Đuôi chồn sói
nipple_mouth,7,Miệng núm vú
foot_pussy,0,Âm hộ bàn chân
crooked_tail,7,Đuôi vẹo
ass_hair,0,Tóc mông
see-through_hair,0,Tóc xuyên thấu
green_feet,7,Bàn chân xanh lá
penguin_tail,0,Đuôi cánh cụt
detailed_mouth,7,Miệng có chi tiết
detailed_navel,7,Rốn có chi tiết
chocolate_on_nipples,0,Sô-cô-la trên núm vú
arms_out,7,Dạng cánh tay ra
peeking_through_fingers,0,Nhòm ngón tay
black_teeth,0,Răng đen
hyper_tail,7,Đuôi phóng đại
glowing_pupils,0,Đồng tử phát sáng
feline_tail,7,Đuôi mèo
teal_skin,7,Da màu xanh cổ vịt
grabbing_both_ears,7,Nắm cả hai cái tai
wavy_tail,7,Đuôi gợn sóng
tongue_around_penis,7,Lưỡi quanh dương vật
tucked_arm,7,Cánh tay giắt vào trong
penis_drawing,7,Hình vẽ dương vật
long_fur,7,Lông dài
starry_eyes,7,Mắt đầy sao
cum_in_navel,0,Tinh dịch trong rốn
blue_ear_tips,7,Đầu chóp tai xanh dương
two_tone_legs,7,Chân hai tông
steam_from_mouth,0,Hơi nước từ miệng
big_arms,7,Cánh tay to
hand_jewel,0,Đá quý bàn tay
drawn_tail,0,Đuôi vẽ
prosthetic_hand,0,Bàn tay nhân tạo
nipple_grab,7,Bóp núm vú
blue_leg_warmers,0,Băng giữ ấm chân xanh dương
bandages_over_eyes,0,Băng gạc phía trên mắt
horn_markings,7,Vằn sừng
eyebrow_scar,7,Sẹo lông mày
huge_lips,7,Môi khổng lồ
hair_growth,0,Sự mọc tóc
horns_pose,0,Tư thế sừng
mechanical_leg,7,Chân cơ khí
spiral_horn,0,Sừng xoắn ốc
screen_eyes,7,Mắt màn hình
standing_on_toes,7,Đang đứng trên ngón chân
crossed_feet,7,Bàn chân chéo
hyper_lips,7,Môi phóng đại
white_lips,0,Môi trắng
latex_skin,7,Da cao su
covered_breasts,7,Ngực được che
orange_tuft,7,Túm lông cam
presenting_own_anus,0,Hậu môn chĩa ra của mình
breast_tuft,7,Túm lông ngực
feces_on_penis,7,Phân trên dương vật
pink_belly,7,Bụng hồng
gold_skin,0,Da màu vàng kim
disembodied_foot,0,Bàn chân tách rời
red_breasts,7,Ngực đỏ
crystal_hair_ornament,0,Phụ kiện tóc pha lê
leaf_arms,7,Cánh tay chiếc lá
blue_facial_hair,0,Tóc trên mặt màu xanh dương
fingers_to_mouth,0,Ngón tay tới miệng
6_horns,7,Sáu cái sừng
leg_over_thigh,7,Chân phía trên đùi
cum_on_own_hand,7,Tinh dịch trên bàn tay của mình
gold_horns,0,Sừng vàng kim
small_eyes,7,Mắt nhỏ
gear_hair_ornament,0,Phụ kiện tóc bánh răng
penis_markings,7,Vằn dương vật
naked_paint,0,Màu vẽ trần
breasts_on_tray,0,Ngực trên cái khay
navel_peek,0,Rốn lấp ló
frilled_arm_warmers,0,Băng giữ ấm cánh tay nhún xếp
glowing_hands,0,Bàn tay phát sáng
exposed_shoulder,7,Lộ vai
head_tail,0,Đuôi đầu
mechanical_hair,0,Tóc cơ khí
rainbow_fur,7,Lông cầu vồng
folded_twintails,0,Tóc buộc hai bên gấp lại
holding_legs_back,7,Đưa cầm đôi chân ra sau
reverse_mouth_shot,7,Cắt cảnh miệng ngược
big_balls_small_penis,7,Dương vật tinh hoàn to nhỏ
hand_on_pecs,7,Bàn tay trên cơ ngực
sitting_between_legs,0,Đang ngồi giữa đôi chân
light_nose,7,Mũi nhạt
tail_in_own_pussy,7,Đuôi trong âm hộ của mình
bulge_in_face,7,Phần phồng lên trong khuôn mặt
breasts_on_another's_back,0,Ngực trên của người khác ngả về sau
breasts_day,0,Ngày ngực
magenta_hair,7,Tóc hồng cánh sen
heart-shaped_pubic_hair,0,Tóc hình vùng kín trái tim
giraffe_ears,0,Tai hươu cao cổ
hand_on_partner,7,Bàn tay trên bạn tình
6_tails,7,Sáu cái đuôi
tentacle_in_ear,0,Xúc tu trong tai
holding_eyeball,0,Cầm nhãn cầu
floating_wings,7,Đôi cánh lơ lửng
genital_transformation,7,Sự biến đổi sinh dục
open_wings,7,Cánh mở
alternate_facial_hair,0,Tóc trên mặt khác
blue_teeth,0,Răng xanh dương
penis_in_own_mouth,7,Dương vật trong miệng của mình
teal_tongue,7,Lưỡi xanh cổ vịt
spotted_penis,7,Dương vật có đốm
wet_skin,7,Da ướt
penis_in_slit,7,Dương vật trong xẻ tà
ovipositor_penis,7,Dương vật cơ quan đẻ trứng
whale_tail_(clothing),0,Đuôi cá voi
text_in_eyes,0,Chữ trong ảnh trong mắt
messy_fur,7,Lông rối
bat_tail,0,Đuôi dơi
pale_body,7,Cơ thể nhạt
cum_in_eye,0,Tinh dịch trong mắt
huge_wings,7,Cánh khổng lồ
arms_in_front,7,Cánh tay trong phía trước
hands_on_waist,7,Bàn tay trên eo
gold_body,7,Cơ thể vàng kim
4_nipples,7,Bốn núm vú
holding_hair,7,Cầm tóc
wing_bondage,7,Trói buộc cánh
multi_hand,7,Nhiều bàn tay
4_tails,7,Bốn cái đuôi
hands_on_own_breasts,7,Bàn tay trên ngực của mình
toe_wiggle,7,Ngón chân lắc lư
thick_tongue,7,Lưỡi dày
thin_penis,7,Dương vật mỏng
fur_(clothing),0,Lông thú
rectangular_pupils,0,Đồng tử hình chữ nhật
raised_wings,7,Cánh dựng lên
single_mechanical_leg,0,Chân một chiếc cơ khí
body_in_anus,7,Cơ thể trong hậu môn
light_inner_ear,7,Tai mặt trong nhạt
front_vulva,7,Âm hộ phía trước
lying_on_breasts,7,Đang nằm trên ngực
thick_leg_hair,0,Tóc chân dày
8_legs,7,Tám chân
porcine_penis,7,Dương vật lợn
mismatched_animal_ear_colors,0,Màu tai động vật lệch đôi
black_toes,7,Ngón chân đen
face_jewel,0,Đá quý mặt
magenta_eyes,7,Mắt hồng cánh sen
egg_in_vagina,7,Trứng trong âm đạo
tail_head,7,Đầu đuôi
pink_legs,7,Chân hồng
grey_tail_tip,7,Đầu chóp đuôi xám
nipple_tassels,0,Chùm tua rua núm vú
party_horn,0,Sừng tiệc
sitting_on_tail,0,Đang ngồi trên đuôi
dipstick_toes,7,Ngón chân hình que
iridescent_hair,0,Tóc ánh kim
bodily_fluids_in_mouth,7,Dịch cơ thể trong miệng
tail_around_neck,0,Đuôi quanh cổ
pale_fur,7,Lông nhạt
naked_chocolate,0,Sô-cô-la trần
green_tail_tip,7,Đầu chóp đuôi xanh lá
purple_tail_tip,7,Đầu chóp đuôi tím
heart_hair_bun,0,Búi tóc trái tim
belly_to_belly,7,Bụng tới bụng
arm_scrunchie,0,Dây buộc tóc cánh tay
red_belly,7,Bụng đỏ
horn_(instrument),0,Sừng
veiny_belly,0,Bụng lộ gân
broken_arm,0,Cánh tay bị gãy
urine_on_penis,7,Nước tiểu trên dương vật
blood_on_penis,0,Máu trên dương vật
purple_belly,7,Bụng tím
nail_(hollow_knight),0,Móng tay
lipstick_mark_on_breast,0,Dấu son môi trên ngực
mismatched_ears,7,Tai lệch đôi
hair_hand,7,Bàn tay tóc
mostly_nude_human,7,Người khỏa thân chủ yếu
hand_lick,7,Liếm bàn tay
bound_toes,0,Ngón chân bị trói
mechanical_penis,0,Dương vật cơ khí
hand_behind_own_head,7,Bàn tay phía sau đầu của mình
glowing_belly,7,Bụng phát sáng
licking_hand,0,Đang liếm bàn tay
green_fingers,7,Ngón tay xanh lá
nose_scar,7,Sẹo mũi
orange_breasts,7,Ngực cam
hand_under_chin,7,Bàn tay bên dưới cằm
featureless_arms,7,Cánh tay không chi tiết
grey_leg_warmers,0,Băng giữ ấm chân xám
nude_prey,7,Con mồi khỏa thân
red_armpit_hair,0,Tóc nách màu đỏ
grey_fingers,7,Ngón tay xám
uneven_bangs,0,Tóc mái không đều
mismatched_equine_penis,7,Dương vật ngựa lệch đôi
tongue_in_foreskin,7,Lưỡi trong bao quy đầu
fork_hair_ornament,0,Phụ kiện tóc dĩa
giraffe_horns,0,Sừng hươu cao cổ
cow_horn,7,Sừng bò
heart_antenna_hair,0,Tóc ăng-ten trái tim
blush_visible_through_hair,0,Đỏ mặt nhìn thấy được xuyên qua tóc
chestnut,0,Hạt dẻ
blood_from_eye,7,Máu từ mắt
shiny_lips,0,Môi bóng
cropped_ears,7,Tai lửng
metal_penis,7,Dương vật kim loại
toned_body,7,Cơ thể thon săn
nipple_tag,0,Nhãn núm vú
colored_penis,0,Dương vật nhuộm màu
purple_inner_ear_fluff,7,Lông tơ tai mặt trong tím
hamster_ears,0,Tai chuột hamster
touching_chest,7,Chạm ngực
detached_arm,0,Cánh tay tách rời
penis_on_breast,7,Dương vật trên ngực
mouth_focus,0,Trọng tâm miệng
wing_hug,0,Ôm bằng cánh
foot_markings,7,Vằn bàn chân
belly-to-belly,0,Bụng tới bụng
pig_tail,0,Đuôi lợn
tail_fluff,7,Búi lông đuôi
rodent_tail,7,Đuôi bộ gặm nhấm
white_finger_claws,7,Móng vuốt ngón tay trắng
dragonfly_wings,0,Cánh chuồn chuồn
cream_on_body,0,Màu kem trên cơ thể
penis_between_hands,7,Dương vật giữa bàn tay
spiked_wings,0,Cánh có gai
weapon_between_breasts,0,Vũ khí giữa ngực
yellow_tail_tip,7,Đầu chóp đuôi vàng
hand_on_hair,7,Bàn tay trên tóc
penis_on_vulva,7,Dương vật trên âm hộ
hand_on_window,0,Bàn tay trên cửa sổ
fish_skeleton_hair_ornament,0,Phụ kiện tóc bộ xương cá
thumb_in_mouth,7,Ngón cái trong miệng
wing_print,0,Họa tiết cánh
bruise_on_leg,0,Vết bầm trên chân
foot_on_back,7,Bàn chân trên lưng
big_legs,7,Chân to
covering_own_face,0,Che khuôn mặt của mình
hair_bun_ears,7,Tai búi tóc
huge_hands,7,Bàn tay khổng lồ
eye_hair_ornament,0,Phụ kiện tóc mắt
flower-shaped_hair,0,Tóc hình hoa
peach_hair_ornament,0,Phụ kiện tóc đào
round_tail,7,Đuôi tròn
bottomwear_around_legs,7,Trang phục thân dưới quanh đôi chân
wheat_in_mouth,7,Lúa mì trong miệng
leaf_ears,7,Tai chiếc lá
lipstick_on_face,7,Son môi trên khuôn mặt
light_belly,7,Bụng nhạt
butt_in_face,7,Mông trong khuôn mặt
unusual_navel,7,Rốn bất thường
green_inner_ear_fluff,7,Lông tơ tai mặt trong xanh lá
purple_legs,7,Chân tím
tan_teeth,7,Răng nâu rám nắng
red_arm_warmers,0,Băng giữ ấm cánh tay đỏ
breast_scar,7,Sẹo ngực
tail_tattoo,7,Hình xăm đuôi
leg_strap,7,Dây đeo chân
bruise_on_arm,0,Vết bầm trên cánh tay
towel_on_one_shoulder,0,Khăn tắm trên một vai
metal_arm_cuffs,0,Ống bọc cổ tay cánh tay kim loại
avian_arms,7,Cánh tay chim
band-aid_on_leg,7,Băng cá nhân trên chân
ethereal_tail,7,Đuôi thoát tục
looking_at_hands,0,Nhìn bàn tay
light_eyes,7,Mắt nhạt
hidden_face,7,Khuôn mặt được che
phone_over_face,0,Điện thoại phía trên khuôn mặt
exposed_chest,7,Lộ ngực
tail_around_arm,0,Đuôi quanh cánh tay
canine_ears,7,Tai chó
5_tails,7,Năm cái đuôi
penis_bondage,7,Trói buộc dương vật
hair_over_mouth,0,Tóc phía trên miệng
extra_hands,0,Thêm bàn tay
hand_on_ankle,7,Bàn tay trên cổ chân
navel_tuft,7,Túm lông rốn
eye_patch_(marking),7,Miếng che mắt
micro_in_hand,7,Rất nhỏ trong bàn tay
hands_on_wall,7,Bàn tay trên bức tường
arm_on_thigh,0,Cánh tay trên đùi
tail_hand,7,Bàn tay đuôi
brown_toes,7,Ngón chân nâu
brown_tongue,7,Lưỡi nâu
person_between_breasts,0,Người giữa ngực
purple_arms,7,Cánh tay tím
tongue_in_mouth,7,Lưỡi trong miệng
fake_antennae,0,Ăng-ten giả
hyper_feet,7,Bàn chân phóng đại
mole_on_leg,0,Nốt ruồi trên chân
wing_spikes,7,Gai nhọn cánh
shaking_breasts,7,Đang lắc ngực
mouth_full,7,Miệng đầy
side_eye,7,Mắt lệch bên
light_hands,7,Bàn tay nhạt
purple_feet,7,Bàn chân tím
hand_on_ear,7,Bàn tay trên tai
sword_in_mouth,0,Kiếm trong miệng
kissing_hair,0,Hôn tóc
furred_wings,7,Cánh có lông
presenting_belly,7,Bụng chĩa ra
lagomorph_penis,7,Dương vật bộ thỏ
tentacle_around_breast,7,Xúc tu quanh ngực
dipstick_horn,7,Sừng hình que
crystal_horns,0,Sừng pha lê
wing_markings,7,Vằn cánh
gold_teeth,0,Răng vàng kim
balls_in_mouth,7,Tinh hoàn trong miệng
penis_tattoo,0,Hình xăm dương vật
multicolored_legs,7,Chân nhiều màu
heart_arms_duo,0,Hai người ôm nhau tạo hình trái tim
precum_on_hand,7,Dịch tiền xuất tinh trên bàn tay
skeletal_tail,0,Đuôi hình bộ xương
beaver_ears,0,Tai hải ly
penis_on_cheek,0,Dương vật trên má
cosmic_fur,7,Lông vũ trụ
multicolored_arms,7,Cánh tay nhiều màu
foot_transformation,7,Sự biến đổi bàn chân
tail_flower,0,Hoa đuôi
detailed_penis,7,Dương vật có chi tiết
arm_out_of_frame,0,Dạng cánh tay ra khung hình
exposed_teeth,0,Lộ răng
hair_around_ear,0,Tóc quanh tai
stomach_hair,0,Lông bụng
holding_horn,7,Cầm sừng
robotic_leg,7,Chân người máy
tongue_fetish,7,Sở thích lưỡi
horns_through_hood,0,Sừng xuyên qua mũ trùm
glowing_ears,0,Tai phát sáng
ferret_tail,0,Đuôi chồn bạc
no_navel,0,Không có rốn
pink_tail_tip,7,Đầu chóp đuôi hồng
glistening_armwear,7,Đồ che tay bóng nhẫy
head_between_legs,0,Đầu giữa đôi chân
tapering_tongue,7,Lưỡi vót nhọn
purple_facial_hair,0,Tóc trên mặt màu tím
glowing_skin,0,Da phát sáng
patting_belly,0,Vỗ bụng
8_eyes,7,Tám con mắt
green_belly,7,Bụng xanh lá
horn_fetish,7,Sở thích sừng
pokemon_on_arm,0,Pokémon trên cánh tay
penis_out_of_frame,0,Dương vật thò ra khung hình
multicolored_tongue,7,Lưỡi nhiều màu
fluffy_body,7,Cơ thể lông xù
musky_body,7,Cơ thể có mùi xạ hương
pink_arms,7,Cánh tay hồng
severed_leg,0,Chân bị cắt lìa
purple_leg_warmers,0,Băng giữ ấm chân tím
red_leg_warmers,0,Băng giữ ấm chân đỏ
red_tuft,7,Túm lông đỏ
hair_tattoo,0,Hình xăm tóc
balls_on_penis,7,Tinh hoàn trên dương vật
hair_undone,0,Tóc chưa cài
tentacle_around_tail,7,Xúc tu quanh đuôi
hand_shadow_covering_breasts_(meme),0,Ngực bàn tay bóng che
very_big_eyes,0,Mắt rất to
nail,7,Móng tay
paw-shaped_pupils,0,Đồng tử hình chân thú
cum_on_eye,7,Tinh dịch trên mắt
hands_on_own_leg,0,Bàn tay trên chân của mình
pussy_juice_in_mouth,0,Dịch âm hộ trong miệng
shadow_hands,0,Bàn tay bóng
bandage_on_hair,0,Băng quấn trên tóc
leg_cuffs,7,Ống bọc cổ tay chân
hand_around_neck,7,Bàn tay quanh cổ
visible_ears,0,Tai lộ rõ
hand_on_sheath,0,Bàn tay trên bao kiếm
torn_ear,7,Tai bị rách
ear_scar,7,Sẹo tai
arm_on_leg,7,Cánh tay trên chân
blue_toes,7,Ngón chân xanh dương
presenting_body,7,Cơ thể chĩa ra
sparkling_hair,0,Tóc lấp lánh
arm_fins,0,Vây cánh tay
fake_breasts,7,Ngực giả
looking_down_at_belly,7,Nhìn xuống bụng
ear_growth,7,Sự mọc tai
fake_hair_bun,0,Búi tóc giả
spiral_penis,7,Dương vật xoắn ốc
giant_hand,0,Bàn tay khổng lồ
touching_leg,7,Chạm chân
side_mouth,7,Miệng lệch bên
face_on_butt,7,Khuôn mặt trên mông
eye_beam,0,Chùm mắt
tears_from_one_eye,0,Nước mắt từ một con mắt
penis_between_thighs,7,Dương vật giữa đùi
monotone_chest,7,Ngực một tông
green_pseudo_hair,7,Tóc giả màu xanh lá
countershade_skin,7,Da bóng ngược
orange_pubic_hair,0,Tóc vùng kín màu cam
covering_chest,7,Che ngực
finger_to_tongue,0,Ngón tay tới lưỡi
watermelon_hair_ornament,0,Phụ kiện tóc dưa hấu
body_between_breasts,7,Cơ thể giữa ngực
freckled_belly,7,Bụng có tàn nhang
bovine_penis,7,Dương vật bò
tan_fingers,7,Ngón tay nâu rám nắng
bandaged_ear,0,Tai băng bó
dragon_horn,7,Sừng rồng
tail_in_water,7,Đuôi trong nước
tongue_grab,7,Bóp lưỡi
raised_hands,7,Bàn tay dựng lên
eyes_on_wings,0,Mắt trên đôi cánh
wide_mouth,0,Miệng rộng
gauze_on_arm,0,Gạc y tế trên cánh tay
magic_hands,7,Bàn tay phép thuật
yellow_mouth,7,Miệng vàng
bone_in_mouth,0,Xương trong miệng
drill_hand,0,Bàn tay xoắn ốc
nipple_bells,0,Chuông núm vú
poking_belly,0,Đang chỉ vào bụng
split-color_skin,0,Da hai màu tách biệt
shoulder-to-shoulder,0,Vai tới vai
teal_nose,7,Mũi xanh cổ vịt
big_navel,7,Rốn to
tail_hair,7,Tóc đuôi
asymmetrical_breasts,0,Ngực bất đối xứng
lipstick_mark_on_leg,0,Dấu son môi trên chân
bovine_ears,7,Tai bò
weapon_between_legs,0,Vũ khí giữa đôi chân
thin_arms,7,Cánh tay mỏng
fingers_between_toes,0,Ngón tay giữa ngón chân
card_between_breasts,0,Thẻ giữa ngực
hand_on_wrist,7,Bàn tay trên cổ tay
toned_belly,7,Bụng thon săn
light_arms,7,Cánh tay nhạt
arm_across_neck,0,Cánh tay ngang qua cổ
silver_body,7,Cơ thể bạc
symbol-shaped_eyes,0,Mắt biểu tượng hình
humanoid_penis_in_slit,7,Dương vật dạng người trong xẻ tà
leaf_wings,0,Cánh chiếc lá
foot_on_butt,7,Bàn chân trên mông
face_on_chest,7,Khuôn mặt trên ngực
balancing_on_tail,0,Giữ thăng bằng trên đuôi
thumb_to_mouth,0,Ngón cái tới miệng
measuring_penis,7,Đang đo dương vật
hand_mouth,0,Miệng bàn tay
knife_in_mouth,0,Con dao trong miệng
hands_on_back,7,Bàn tay trên lưng
muscle_car,0,Ô tô cơ
food-themed_hair,0,Tóc chủ đề thức ăn
smelling_hair,0,Ngửi tóc
leg_over_shoulder,7,Chân phía trên vai
gauze_on_leg,0,Gạc y tế trên chân
face_to_pecs,0,Khuôn mặt tới cơ ngực
clock_hands,0,Bàn tay đồng hồ
extra_tails,0,Thêm đuôi
hand_size_difference,0,Chênh lệch kích thước bàn tay
no_horns,0,Không có sừng
body_tattoo,7,Hình xăm cơ thể
penis_on_ground,7,Dương vật trên mặt đất
small_hands,0,Bàn tay nhỏ
orange_hair_ornament,0,Phụ kiện tóc cam
stomach_mouth,0,Miệng bụng
card_between_fingers,0,Thẻ giữa ngón tay
blood_on_feet,0,Máu trên bàn chân
balloon_with_face,7,Bóng bay kèm khuôn mặt
penis_on_shoulder,0,Dương vật trên vai
grey_chest,7,Ngực xám
holding_ear,0,Cầm tai
long_ponytail,7,Tóc đuôi ngựa dài
3_legs,7,Ba chân
tongue_tattoo,0,Hình xăm lưỡi
number_hair_ornament,0,Phụ kiện tóc chữ số
hand_feet,7,Bàn chân bàn tay
lipstick_on_body,7,Son môi trên cơ thể
hand_print_on_butt,7,Họa tiết bàn tay trên mông
green_teeth,0,Răng xanh lá
penguin_hair_ornament,0,Phụ kiện tóc cánh cụt
number_on_body,7,Chữ số trên cơ thể
hand_on_throat,7,Bàn tay trên cổ họng
head_on_shoulder,7,Đầu trên vai
blood_on_teeth,0,Máu trên răng
hand_on_calf,7,Bàn tay trên bắp chân
orange_facial_hair,0,Tóc trên mặt màu cam
multiple_hair_ribbons,0,Nhiều ruy băng tóc
cropped_arm,0,Cánh tay lửng
crocodilian_penis,7,Dương vật họ cá sấu
raccoon_tail_hair,7,Tóc đuôi gấu mèo
grabbing_both_breasts,7,Nắm cả hai ngực
gaping_nipples,0,Núm vú há rộng
cum_on_horn,7,Tinh dịch trên sừng
6_fingers,7,Sáu ngón tay
tail_scar,7,Sẹo đuôi
white_tail_tuft,7,Túm lông đuôi trắng
wet_tongue,7,Lưỡi ướt
ears_aside,7,Tai lệch bên
saliva_on_hand,0,Nước bọt trên bàn tay
bee_wings,0,Cánh ong
hand_around_waist,7,Bàn tay quanh eo
feet_on_penis,7,Bàn chân trên dương vật
dark_face,7,Khuôn mặt sẫm
card_in_mouth,0,Thẻ trong miệng
knee_to_chest,0,Đầu gối tới ngực
mismatched_eyes,0,Mắt lệch đôi
wavy_horn,7,Sừng gợn sóng
sand_on_skin,0,Cát trên da
translucent_belly,7,Bụng bán trong suốt
two_tone_inner_ear,7,Tai hai tông mặt trong
gold_nipples,7,Núm vú vàng kim
hand_on_bed,0,Bàn tay trên giường
paw_tuft,7,Túm lông chân thú
pink_fingers,7,Ngón tay hồng
pointing_at_mouth,0,Chỉ vào miệng
cum_on_own_breasts,7,Tinh dịch trên ngực của mình
sword_in_front_of_face,0,Kiếm trong phía trước khuôn mặt
notched_tail,0,Đuôi chẻ
writing_on_leg,7,Chữ viết trên chân
hair_tuft,0,Túm lông tóc
vibrator_in_anus,0,Đồ chơi rung trong hậu môn
teal_tail,7,Đuôi xanh cổ vịt
gauze_over_eye,0,Gạc y tế phía trên mắt
translucent_tail,7,Đuôi bán trong suốt
ursine_ears,7,Tai gấu
humanoid_ears,7,Tai dạng người
ear_tufts,0,Túm lông tai
translucent_hand,7,Bàn tay bán trong suốt
cum_on_lips,0,Tinh dịch trên môi
hand_to_forehead,0,Bàn tay tới trán
sticker_on_arm,0,Nhãn dán trên cánh tay
face_focus,7,Trọng tâm mặt
flower_in_braid,0,Hoa trong tóc tết
glowing_arm,0,Cánh tay phát sáng
crossed_fingers,0,Ngón tay chéo
flipped_sidelocks,0,Tóc mai lật sang bên
zebra_ears,0,Tai ngựa vằn
chocolate_on_hand,0,Sô-cô-la trên bàn tay
toes_up,0,Giơ ngón chân lên
multicolored_tail_feathers,7,Lông vũ đuôi nhiều màu
tail_bulge,7,Chỗ lùm lùm đuôi
mouth_scar,7,Sẹo miệng
leg_spikes,7,Gai nhọn chân
cybernetic_tail,7,Đuôi người máy cấy ghép
dark_horn,7,Sừng sẫm
aqua_tail,0,Đuôi xanh ngọc
green_hair_ornament,0,Phụ kiện tóc xanh lá
hair_to_side,7,Tóc tới lệch bên
chest_(container),7,Ngực
wavy_eyebrows,0,Lông mày gợn sóng
waving_hands,0,Đang vẫy bàn tay
tube_in_mouth,7,Dạng ống trong miệng
long_pseudo_hair,7,Tóc dài giả
arm_around_back,7,Cánh tay quanh lưng
sword_between_breasts,0,Kiếm giữa ngực
fully_clothed_to_nude,7,Mặc kín tới khỏa thân
light_legs,7,Chân nhạt
ghost_hands,0,Bàn tay ma
magenta_fur,7,Lông hồng cánh sen
two_tone_hands,7,Bàn tay hai tông
neckerchief_between_breasts,0,Khăn quàng cổ giữa ngực
robot_arm,7,Cánh tay người máy
double_nipple_penetration,7,Sự thâm nhập núm vú kép
pink_tuft,7,Túm lông hồng
hand_on_shin,7,Bàn tay trên cẳng chân
breasts_on_ground,7,Ngực trên mặt đất
cloud_hair,0,Tóc đám mây
cream_on_breasts,0,Màu kem trên ngực
alternate_body_hair,0,Tóc cơ thể khác
cable_hair,0,Tóc cáp
stickers_on_body,7,Nhãn dán trên cơ thể
head_on_hands,0,Đầu trên bàn tay
ass_to_other_mouth,7,Mông tới miệng người khác
orange_fingers,7,Ngón tay cam
wet_tail,0,Đuôi ướt
key_hair_ornament,0,Phụ kiện tóc chìa khóa
apple_in_mouth,7,Táo trong miệng
leg_on_shoulder,7,Chân trên vai
red_fingers,7,Ngón tay đỏ
lipstick_on_anus,7,Son môi trên hậu môn
hand_on_legs,7,Bàn tay trên đôi chân
gold_penis,7,Dương vật vàng kim
butterfly_on_nose,0,Bươm bướm trên mũi
fiery_ears,0,Tai bằng lửa
nipple_orgasm,7,Lên đỉnh núm vú
white_tail_feathers,7,Lông vũ đuôi trắng
cum_on_wings,0,Tinh dịch trên đôi cánh
arm_in_front,7,Cánh tay trong phía trước
ear_wreath,0,Vòng hoa tai
writing_on_penis,7,Chữ viết trên dương vật
scar_on_lip,0,Sẹo trên môi
hand_on_animal,0,Bàn tay trên động vật
hands_on_own_belly,7,Bàn tay trên bụng của mình
aqua_fur,0,Lông xanh ngọc
see-through_horns,0,Sừng xuyên thấu
spiked_hair_ornament,0,Phụ kiện tóc có gai
red_teeth,0,Răng đỏ
bottle_between_breasts,0,Cái chai giữa ngực
precum_from_penis,7,Dịch tiền xuất tinh từ dương vật
3_arms,7,Ba cánh tay
3_breasts,7,Ba ngực
dirty_hands,0,Bàn tay bẩn
elephant_penis,7,Dương vật voi
fruit_hair_ornament,0,Phụ kiện tóc trái cây
crystal_tail,0,Đuôi pha lê
brown_chest,7,Ngực nâu
panda_tail,0,Đuôi gấu trúc
grey_arm_warmers,0,Băng giữ ấm cánh tay xám
phone_with_ears,0,Điện thoại kèm tai
foot_expansion,7,Độ giãn bàn chân
name_tag_hair_ornament,0,Phụ kiện tóc nhãn tên
sweaty_skin,7,Da đầm mồ hôi
sword_fingers,0,Ngón tay kiếm
light_fingers,7,Ngón tay nhạt
hair_size_difference,7,Chênh lệch kích thước tóc
hand_on_object,7,Bàn tay trên vật thể
masturbation_inside_body,7,Thủ dâm bên trong cơ thể
tucked_arms,7,Cánh tay giắt vào trong
standing_on_three_legs,0,Đang đứng trên ba chân
humanoid_nose,7,Mũi dạng người
metal_hair,0,Tóc kim loại
light_chest,7,Ngực nhạt
navel_stud,7,Khuyên nụ rốn
floating_arms,0,Cánh tay lơ lửng
bone_tail,0,Đuôi xương
censored_face,7,Khuôn mặt đã kiểm duyệt
small_mouth,7,Miệng nhỏ
writing_on_arm,7,Chữ viết trên cánh tay
arm_on_shoulder,7,Cánh tay trên vai
purple_tuft,7,Túm lông tím
hyper_ears,7,Tai phóng đại
paintbrush_tail,7,Đuôi cọ vẽ
french_horn,0,Sừng Pháp
finger_to_head,0,Ngón tay tới đầu
rainbow_penis,7,Dương vật cầu vồng
ear_through_crown,0,Tai xuyên qua vương miện
pattern_leg_warmers,7,Băng giữ ấm chân hoa văn
muscle_worship,7,Sự sùng bái cơ
head_in_anus,7,Đầu trong hậu môn
veiny_legs,0,Chân lộ gân
latex_arm_warmers,7,Băng giữ ấm cánh tay cao su
penis_between_toes,7,Dương vật giữa ngón chân
hand_on_mirror,0,Bàn tay trên cái gương
beer_belly,7,Bụng bia
hugging_legs,7,Ôm đôi chân
blood_on_tongue,0,Máu trên lưỡi
hands_on_leg,7,Bàn tay trên chân
touching_breast,7,Chạm ngực
rainbow_wings,0,Cánh cầu vồng
wet_anus,7,Hậu môn ướt
skunk_ears,0,Tai chồn hôi
wet_breasts,7,Ngực ướt
blue_tail_feathers,7,Lông vũ đuôi xanh dương
shrimp_hair_ornament,0,Phụ kiện tóc tôm
mole_on_nose,0,Nốt ruồi trên mũi
blood_from_ass,7,Máu từ mông
biting_own_tongue,0,Đang cắn lưỡi của mình
palette_hair_ornament,0,Phụ kiện tóc bảng màu
floating_breasts,0,Ngực lơ lửng
kissing_penis_tip,7,Hôn đầu chóp dương vật
official_alternate_skin_color,0,Màu da phụ chính thức
breast_curtain_lift,0,Nâng lên rèm ngực
asymmetrical_eyes,0,Mắt bất đối xứng
fur_leg_warmers,0,Băng giữ ấm chân lông thú
brushing_tail,0,Đang chải đuôi
straight_horn,7,Sừng thẳng
saliva_trail_between_teeth,0,Vệt nước bọt giữa răng
anus_cutout,0,Lỗ cắt hậu môn
leaf_in_mouth,0,Lá cây trong miệng
cybernetic_hand,7,Bàn tay người máy cấy ghép
holding_nail,0,Cầm móng tay
blue_hair_tips,7,Đầu chóp tóc xanh dương
holding_shoulder,7,Cầm vai
ofuda_on_breast,7,Bùa ofuda trên ngực
sun_hair_ornament,0,Phụ kiện tóc mặt trời
vulva_to_mouth,7,Âm hộ tới miệng
kiss_on_nose,7,Hôn trên mũi
biting_nipple,0,Đang cắn núm vú
black_chest,7,Ngực đen
glistening_hands,7,Bàn tay bóng nhẫy
chibi_on_shoulder,0,Chibi trên vai
cumshot_on_chest,7,Xuất tinh lên ảnh trên ngực
no_hands,0,Không có bàn tay
breast_shot,7,Cắt cảnh ngực
hand_over_head,7,Bàn tay phía trên đầu
dark_hands,7,Bàn tay sẫm
severed_penis,0,Dương vật bị cắt lìa
looking_at_foot,0,Nhìn bàn chân
multicolored_leg_warmers,0,Băng giữ ấm chân nhiều màu
precum_in_mouth,7,Dịch tiền xuất tinh trong miệng
elephant_ears,0,Tai voi
sitting_on_arm,0,Đang ngồi trên cánh tay
flaming_wings,7,Cánh bốc cháy
breast_torture,0,Tra tấn ngực
green_ear_tips,7,Đầu chóp tai xanh lá
dark_lips,7,Môi sẫm
multi_anus,7,Nhiều hậu môn
tail_expansion,7,Độ giãn đuôi
bandaid_on_chest,0,Băng cá nhân trên ngực
drool_on_face,7,Dãi trên khuôn mặt
huge_tongue,7,Lưỡi khổng lồ
puffy_hair,0,Tóc phồng
touching_belly,7,Chạm bụng
anus_blush,7,Má hồng hậu môn
penis_in_navel,7,Dương vật trong rốn
blonde_eyelashes,7,Lông mi vàng hoe
heart-shaped_mouth,0,Miệng hình trái tim
tan_tongue,7,Lưỡi nâu rám nắng
lip_expansion,7,Độ giãn môi
wide_tongue,7,Lưỡi rộng
stitched_eye,0,Mắt khâu
polka_dot_hair,0,Tóc chấm bi
fluffy_breasts,7,Ngực lông xù
asymmetrical_ears,0,Tai bất đối xứng
tentacle_mouth,7,Miệng xúc tu
two_tone_breasts,7,Ngực hai tông
red_ear_tips,7,Đầu chóp tai đỏ
cake_hair_ornament,0,Phụ kiện tóc bánh ngọt
sheath_tuft,7,Túm lông bao dương vật
knuckle_hair,0,Tóc khớp ngón
disembodied_eyes,7,Mắt tách rời
arrow_hair_ornament,0,Phụ kiện tóc mũi tên
arms_around_waist,7,Cánh tay quanh eo
tail_vulva,7,Âm hộ đuôi
tail_down,7,Đuôi cụp xuống
paintbrush_hair_ornament,0,Phụ kiện tóc cọ vẽ
missing_ear,0,Tai thiếu
blue_chest,7,Ngực xanh dương
equine_tail,7,Đuôi ngựa
sticker_on_leg,0,Nhãn dán trên chân
aqua_tongue,0,Lưỡi xanh ngọc
light_horn,7,Sừng nhạt
no_ahoge,0,Không có tóc chỉa
leg_pouch,7,Túi con chân
hands_on_arms,7,Bàn tay trên cánh tay
tail_hold,7,Cái giữ đuôi
one_eye_in_shadow,0,Một con mắt trong bóng đổ
towel_on_arm,0,Khăn tắm trên cánh tay
extra_horns,0,Thêm sừng
bright_eyes,7,Mắt sáng
finger_on_chin,7,Ngón tay trên cằm
pale_eyes,7,Mắt nhạt
peeking_penis,7,Nhòm dương vật
tentacle_on_breast,7,Xúc tu trên ngực
hands_on_own_neck,0,Bàn tay trên cổ của mình
poking_penis,0,Đang chỉ vào dương vật
hair_hanging_down,0,Tóc thõng xuống hướng xuống
pencil_behind_ear,0,Bút chì phía sau tai
orange_belly,7,Bụng cam
hand_under_breast,7,Bàn tay bên dưới ngực
hair_wagging,0,Tóc vẫy
creepy_eyes,0,Mắt rợn người
precum_on_tongue,7,Dịch tiền xuất tinh trên lưỡi
countershade_wings,7,Cánh bóng ngược
gradient_horn,7,Sừng chuyển sắc
leaf_censor,0,Kiểm duyệt chiếc lá
white_armpit_hair,0,Tóc nách màu trắng
yellow_fingers,7,Ngón tay vàng
hand_to_face,7,Bàn tay tới khuôn mặt
tail_on_ground,7,Đuôi trên mặt đất
foot_on_belly,7,Bàn chân trên bụng
christmas_tree_hair_ornament,0,Phụ kiện tóc cây Giáng sinh
light_tongue,7,Lưỡi nhạt
gem_eyes,0,Mắt đá quý
holding_hair_ornament,0,Cầm phụ kiện tóc
condom_on_nipples,0,Bao cao su trên núm vú
biting_own_tail,0,Đang cắn đuôi của mình
turquoise_body,7,Cơ thể xanh ngọc lam
folded_braid,0,Tóc tết gấp lại
dolphin_tail,7,Đuôi cá heo
multicolored_breasts,7,Ngực nhiều màu
inverted_eyelashes,0,Lông mi đảo ngược
holding_ears,0,Cầm tai
slicked_back_hair,7,Tóc lưng vuốt
brown_arm_warmers,0,Băng giữ ấm cánh tay nâu
extra_breasts,0,Thêm ngực
bloody_wings,0,Cánh vấy máu
hands_on_own_shoulders,0,Bàn tay trên vai của mình
chest_freckles,0,Tàn nhang ngực
yellow_chest,7,Ngực vàng
round_breasts,7,Ngực tròn
cheek_horn,7,Sừng gò má
lipstick_mark_on_chest,0,Dấu son môi trên ngực
painted_breasts,7,Ngực vẽ họa tiết
finger_on_penis,7,Ngón tay trên dương vật
grey_ear_tips,7,Đầu chóp tai xám
side_belly,7,Bụng lệch bên
tentacle_in_nipple,7,Xúc tu trong núm vú
hairy_hands,7,Bàn tay nhiều lông
horn_sex,7,Quan hệ bằng sừng
cum_from_ear,7,Tinh dịch từ tai
swinging_legs,0,Đung đưa đôi chân
green_chest,7,Ngực xanh lá
double_finger_heart,0,Trái tim ngón tay kép
ear_lick,7,Liếm tai
hair_loss,7,Rụng tóc
fur_ridge,7,Gờ lông thú
sweaty_tail,7,Đuôi đầm mồ hôi
both_hands_on_penis,7,Cả hai bàn tay trên dương vật
no_animal_ears,0,Không có tai động vật
leg_hug,7,Ôm chân
dipstick_arms,7,Cánh tay hình que
spiked_horns,0,Sừng có gai
grabbed_breast_over_shoulder,0,Ngực bị nắm phía trên vai
toe_outline,7,Đường viền ngón chân
maroon_fur,7,Lông nâu đỏ
one_eye_visible,7,Một con mắt nhìn thấy được
genital_size_difference,7,Chênh lệch kích thước sinh dục
cosmic_tail,7,Đuôi vũ trụ
clover-shaped_pupils,0,Đồng tử hình cỏ ba lá
black_eye_patch,7,Miếng vá mắt đen
finger_frame_over_eye,0,Khung hình ngón tay phía trên mắt
cum_on_own_feet,7,Tinh dịch trên bàn chân của mình
claw_hair_clip,0,Kẹp tóc móng vuốt
orange_mouth,7,Miệng cam
light_eyebrows,7,Lông mày nhạt
nipple_to_collar,7,Núm vú tới vòng cổ
diamond_in_eye,0,Hình thoi trong mắt
foot_on_crotch,7,Bàn chân trên đũng quần
4_hands,7,Bốn bàn tay
colored_anus,0,Hậu môn nhuộm màu
stepping_on_face,7,Bước khuôn mặt
tail_collar,7,Cổ áo đuôi
tail_around_waist,7,Đuôi quanh eo
torn_skin,0,Da bị rách
biting_shoulder,0,Đang cắn vai
tail_wrapping,7,Quấn đuôi
holding_both_ears,7,Cầm cả hai cái tai
fur_hair,7,Tóc lông thú
flaming_horn,7,Sừng bốc cháy
hands_on_own_feet,0,Bàn tay trên bàn chân của mình
bandaid_on_foot,0,Băng cá nhân trên bàn chân
fur_and_scales,7,Lông và vảy
bouncing_hair,0,Tóc nảy
hands_behind_own_head,7,Bàn tay phía sau đầu của mình
purple_ear_tips,7,Đầu chóp tai tím
food_on_penis,0,Thức ăn trên dương vật
holding_chest,7,Cầm ngực
mole_beside_mouth,0,Nốt ruồi bên cạnh miệng
egg_in_mouth,7,Trứng trong miệng
arm_on_own_leg,0,Cánh tay trên chân của mình
cream_hair,7,Tóc màu kem
lip_scar,7,Sẹo môi
straps_across_chest,7,Dây đeo ngang qua ngực
eye_patch_only,7,Chỉ có miếng che mắt
fake_rabbit_tail,7,Đuôi thỏ giả
furry_ears,7,Tai nhiều lông
biting_hair,0,Đang cắn tóc
light_feet,7,Bàn chân nhạt
bouncing_tail,7,Đuôi nảy
fur_hood,0,Mũ trùm lông thú
animal_arms,7,Cánh tay động vật
green_arm_warmers,0,Băng giữ ấm cánh tay xanh lá
goo_body,7,Cơ thể nhầy
extra_teeth,0,Thêm răng
licking_own_nipple,0,Đang liếm núm vú của mình
blood_on_shoulder,0,Máu trên vai
bandage_on_leg,0,Băng quấn trên chân
ear_rub,7,Xoa tai
tail_dimple,7,Lúm đồng tiền đuôi
messy_tail,7,Đuôi rối
blue_eyelashes,7,Lông mi xanh dương
no_prosthetic_arm,0,Không có cánh tay nhân tạo
washing_hands,0,Đang giặt bàn tay
clothed_andromorph,7,Nhân vật andromorph mặc đồ
tentacle_in_penis,7,Xúc tu trong dương vật
large_wings,7,Cánh lớn
grey_toes,7,Ngón chân xám
triangle_anus,7,Hậu môn hình tam giác
teal_inner_ear,7,Tai mặt trong xanh cổ vịt
yellow_leg_warmers,0,Băng giữ ấm chân vàng
tail_size_difference,7,Chênh lệch kích thước đuôi
rainbow_hair_ornament,0,Phụ kiện tóc cầu vồng
bound_leg,0,Chân bị trói
leg_wings,0,Cánh chân
legs_around_waist,7,Đôi chân quanh eo
black_tail_feathers,7,Lông vũ đuôi đen
broken_wing,7,Cánh bị gãy
tentacle_arms,7,Cánh tay xúc tu
head_on_belly,7,Đầu trên bụng
leaves_on_body,7,Lá trên cơ thể
beard_over_mouth,0,Râu quai nón phía trên miệng
bound_breasts,0,Ngực bị trói
hands_on_ears,7,Bàn tay trên tai
sitting_on_own_tail,0,Đang ngồi trên đuôi của mình
chain_between_breasts,0,Dây chuyền giữa ngực
hand_behind_neck,7,Bàn tay phía sau cổ
detailed_eyes,7,Mắt có chi tiết
high_braided_ponytail,0,Tóc đuôi ngựa cao tết
purple_fingers,7,Ngón tay tím
striped_shoulders,7,Vai kẻ sọc
blue_tail_tuft,7,Túm lông đuôi xanh dương
arrow_pointing_to_anus,7,Mũi tên chĩa ra tới hậu môn
sitting_on_leg,0,Đang ngồi trên chân
hands_on_ankles,7,Bàn tay trên cổ chân
cosmic_wings,7,Cánh vũ trụ
thick_fur,7,Lông dày
cum_on_own_tail,7,Tinh dịch trên đuôi của mình
stars_in_hair,7,Ngôi sao trong tóc
hand_eye,0,Mắt bàn tay
tan_toes,7,Ngón chân nâu rám nắng
canine_nose,7,Mũi chó
eye_makeup,7,Trang điểm mắt
heart_tail_duo,0,Hai người tạo hình trái tim bằng đuôi
fake_nose,0,Mũi giả
drawn_horns,0,Sừng vẽ
finger_in_sheath,7,Ngón tay trong bao kiếm
giraffe_tail,0,Đuôi hươu cao cổ
toe_lick,7,Liếm ngón chân
kissing_nose,0,Hôn mũi
unusual_nipples,7,Núm vú bất thường
purple_tail_tuft,7,Túm lông đuôi tím
foot_on_leg,7,Bàn chân trên chân
hand_on_chair,0,Bàn tay trên ghế
boar_ears,0,Tai lợn rừng
outstretched_crossed_arms,0,Cánh tay chéo duỗi thẳng
forearm_tuft,7,Túm lông cẳng tay
holding_own_hand,0,Cầm bàn tay của mình
multicolored_arm_warmers,0,Băng giữ ấm cánh tay nhiều màu
drawn_eyes,0,Mắt vẽ
glistening_chest,7,Ngực bóng nhẫy
loose_hair,7,Tóc xõa
hand_on_own_balls,7,Bàn tay trên tinh hoàn của mình
detached_horns,0,Sừng tách rời
feral_with_hands,7,Động vật không nhân hóa kèm bàn tay
gradient_ears,7,Tai chuyển sắc
octopus_hair_ornament,0,Phụ kiện tóc bạch tuộc
fish-shaped_pupils,0,Đồng tử hình cá
small_eyebrows,7,Lông mày nhỏ
green_leg_warmers,0,Băng giữ ấm chân xanh lá
face_veil,7,Màn che mặt
wide_nose,0,Mũi rộng
hip_wings,7,Cánh hông
hair_over_crotch,0,Tóc phía trên đũng quần
plant_in_anus,7,Thực vật trong hậu môn
orange_toes,7,Ngón chân cam
looking_over_shoulders,7,Nhìn qua vai
big_toes,7,Ngón chân to
pushing_face,0,Đang đẩy khuôn mặt
cut_ear,0,Tai bị cắt
multi_breast_growth,7,Sự mọc ngực nhiều
fluffy_arms,7,Cánh tay lông xù
6_wings,7,Sáu cánh
hand_on_knot,7,Bàn tay trên nút thắt
blood_on_breast,7,Máu trên ngực
black_fur_markings,7,Vằn lông thú đen
scale_eyebrows,7,Lông mày vảy
hand_scar,7,Sẹo bàn tay
feathered_ears,7,Tai có lông vũ
orange_ear_tips,7,Đầu chóp tai cam
hand_chains,0,Dây chuyền bàn tay
pussy_juice_on_face,0,Dịch âm hộ trên khuôn mặt
multicolored_belly,7,Bụng nhiều màu
leg_lick,7,Liếm chân
teal_ears,7,Tai xanh cổ vịt
sex_inside_body,7,Quan hệ tình dục bên trong cơ thể
green_facial_hair,0,Tóc trên mặt màu xanh lá
smooth_anus,7,Hậu môn trơn
magic_penis,7,Dương vật phép thuật
body_chain,0,Dây chuyền thân
nipple_bell,7,Chuông núm vú
standing_leg_lock,0,Đứng lọn tóc chân
no_ears,0,Không có tai
tail_out_of_water,7,Đuôi thò ra nước
snowman_hair_ornament,0,Phụ kiện tóc người tuyết
hairy_body,7,Cơ thể nhiều lông
tan_nails,7,Móng tay nâu rám nắng
penis_on_glass,0,Dương vật trên thủy tinh
hair_blush,0,Má hồng tóc
flat_belly,7,Bụng phẳng
pink_toes,7,Ngón chân hồng
green_tuft,7,Túm lông xanh lá
bandaid_on_breast,0,Băng cá nhân trên ngực
hair_on_shoulders,7,Tóc trên vai
chest_hair_peek,0,Lông ngực lấp ló
red_tail_feathers,7,Lông vũ đuôi đỏ
mustelid_penis,7,Dương vật họ chồn
animal_between_breasts,0,Động vật giữa ngực
pie_in_face,0,Bánh nhân trong khuôn mặt
licking_navel,0,Đang liếm rốn
horizontal_vulva,7,Âm hộ ngang
tan_lips,7,Môi nâu rám nắng
broken_leg,0,Chân bị gãy
white_pseudo_hair,7,Tóc giả màu trắng
penis_sheath,0,Bao dương vật dương vật
finger_wagging,0,Ngón tay vẫy
patterned_fur,7,Lông có hoa văn
breast_on_breast,0,Ngực trên ngực
hands_on_penis,0,Bàn tay trên dương vật
hugging_own_leg,0,Ôm chân của mình
holding_nose,0,Cầm mũi
two_tone_chest,7,Ngực hai tông
eyeshadow_under_eye,0,Phấn mắt bên dưới mắt
thick_leg,7,Chân dày
long_feet,7,Bàn chân dài
object_behind_ear,0,Vật thể phía sau tai
severed_tail,0,Đuôi bị cắt lìa
black_nail_polish,7,Sơn móng tay đen
missing_finger,0,Ngón tay thiếu
towel_on_legs,0,Khăn tắm trên đôi chân
golden_wings,0,Cánh màu vàng
saliva_on_finger,7,Nước bọt trên ngón tay
rodent_penis,7,Dương vật bộ gặm nhấm
starry_skin,0,Da đầy sao
body_pattern,7,Hoa văn cơ thể
bound_feet,0,Bàn chân bị trói
grabbing_raised_legs,7,Nắm chân dựng lên
teal_wings,7,Cánh xanh cổ vịt
kissing_shoulder,0,Hôn vai
penis_mouth,7,Miệng dương vật
crooked_teeth,0,Răng vẹo
double_arm_hug,0,Ôm cánh tay kép
condom_in_hair,0,Bao cao su trong tóc
belly_worship,7,Sự sùng bái bụng
nose_beak,7,Mỏ mũi
leaf_in_hair,0,Lá cây trong tóc
single_eyebrow,0,Một lông mày
head_on_breast,7,Đầu trên ngực
hand_on_ears,7,Bàn tay trên tai
alternate_ears,0,Tai khác
tentacle_legs,0,Chân xúc tu
dirty_anus,7,Hậu môn bẩn
french_braided_twintails,0,Tóc hai búi Pháp tết
thick_nipples,7,Núm vú dày
disembodied_mouth,0,Miệng tách rời
dark_feet,7,Bàn chân sẫm
penis_in_own_ass,7,Dương vật trong mông của mình
blue_pseudo_hair,7,Tóc giả màu xanh dương
pubes_in_mouth,7,Lông mu trong miệng
alternate_animal_ears,0,Tai động vật khác
fake_cow_horns,7,Sừng bò giả
bandages_over_mouth,0,Băng gạc phía trên miệng
fluffy_legs,7,Chân lông xù
red_toes,7,Ngón chân đỏ
arms_on_head,0,Cánh tay trên đầu
hands_on_own_arms,0,Bàn tay trên cánh tay của mình
cum_on_own_arm,7,Tinh dịch trên cánh tay của mình
third_eye_closed,0,Mắt thứ ba khép lại
silver_nails,0,Móng tay bạc
white_body_hair,7,Tóc cơ thể màu trắng
straight_bangs,7,Tóc mái thẳng
head_arms,0,Cánh tay đầu
visor_eyes,7,Mắt lưỡi trai
legs_on_table,0,Đôi chân trên bàn
heart_in_pupils,7,Trái tim trong đồng tử
blue_armpit_hair,0,Tóc nách màu xanh dương
tail_strap,0,Dây đeo đuôi
head_hands,7,Bàn tay đầu
long_inner_ear_fluff,7,Lông tơ tai dài mặt trong
chopsticks_in_mouth,0,Đôi đũa trong miệng
nipple_band,7,Dải băng núm vú
diamond_pupils,7,Đồng tử hình thoi
aqua_pubic_hair,0,Tóc vùng kín màu xanh ngọc
spoon_hair_ornament,0,Phụ kiện tóc thìa
glowing_teeth,0,Răng phát sáng
humanoid_penis_outline,7,Đường viền dương vật dạng người
drool_on_feet,7,Dãi trên bàn chân
grabbing_shoulders,7,Nắm vai
skin_suit_(stellar_blade),0,Bộ đồ da
arm_over_head,7,Cánh tay phía trên đầu
anus_behind_thong,7,Hậu môn phía sau quần lót dây
goat_legs,0,Chân dê
dark_legs,7,Chân sẫm
glossy_body,7,Cơ thể bóng loáng
rabbit_ear_legwear,0,Đồ che chân tai thỏ
rat_ears,7,Tai chuột cống
spread_mouth,7,Miệng dạng ra
pink_tail_tuft,7,Túm lông đuôi hồng
colored_armpit_hair,0,Tóc nách nhuộm màu
imminent_hand_holding,0,Cầm bàn tay sắp xảy ra
breast_out,7,Ngực thò ra
breasts_on_face,7,Ngực trên khuôn mặt
breasts_tied,7,Ngực được buộc
grabbing_face,7,Nắm khuôn mặt
urine_in_own_mouth,7,Nước tiểu trong miệng của mình
ear_clip,7,Kẹp tai
grey_teeth,7,Răng xám
fluffy_shoulders,7,Vai lông xù
large_tongue,7,Lưỡi lớn
fire_hair_ornament,0,Phụ kiện tóc lửa
kissing_ear,0,Hôn tai
holding_finger,0,Cầm ngón tay
resting_arm,7,Nghỉ trên cánh tay
jellyfish_hair_ornament,0,Phụ kiện tóc sứa
navel_insertion,0,Đưa vào rốn
antelope_horns,0,Sừng linh dương
crystal_horn,7,Sừng pha lê
flower_hair,7,Tóc hoa
shaking_penis,7,Đang lắc dương vật
excessive_armpit_hair,0,Tóc nách quá nhiều
entwined_toes,7,Ngón chân quấn vào nhau
hand_to_hand,0,Bàn tay tới bàn tay
ear_tails,7,Đuôi tai
floating_ears,7,Tai lơ lửng
raccoon_hair_ornament,0,Phụ kiện tóc gấu mèo
longer_spine_fur,7,Lông cột sống dài hơn
eyes_rolled_up,7,Mắt cuộn lên hướng lên
mouth_beam,0,Chùm miệng
hand_on_nipple,7,Bàn tay trên núm vú
bruise_on_chest,0,Vết bầm trên ngực
iridescent_body,7,Cơ thể ánh kim
two_tone_tail_feathers,7,Lông vũ đuôi hai tông
bell_ear_ornament,0,Trang trí tai chuông
tail_removed,0,Đuôi đã tháo ra
robotic_hand,7,Bàn tay người máy
foot_tattoo,0,Hình xăm bàn chân
nail_ornament,0,Đồ trang trí móng
cookie_hair_ornament,0,Phụ kiện tóc bánh quy
muzzle_in_anus,7,Mõm trong hậu môn
licking_body,7,Đang liếm cơ thể
cat_ear_headband,7,Băng đô tai mèo
open_anus,7,Hậu môn mở
wing_censor,0,Kiểm duyệt cánh
tongue_hanging_out,7,Lưỡi thõng xuống thò ra
hand_over_heart,0,Bàn tay phía trên trái tim
no_anus,0,Không có hậu môn
striped_tongue,7,Lưỡi kẻ sọc
chest_mouth,0,Miệng ngực
hand_tuft,7,Túm lông bàn tay
grey_tail_feathers,7,Lông vũ đuôi xám
yellow_ear_tips,7,Đầu chóp tai vàng
hand_on_snout,7,Bàn tay trên mõm
tentacle_between_breasts,0,Xúc tu giữa ngực
bandaged_horn,0,Sừng băng bó
avian_legs,7,Chân chim
holding_body,7,Cầm cơ thể
drying_body,0,Đang sấy cơ thể
belly_on_glass,0,Bụng trên thủy tinh
sitting_on_chest,0,Đang ngồi trên ngực
short_arms,7,Cánh tay ngắn
dark_arms,7,Cánh tay sẫm
feces_on_genitals,7,Phân trên bộ phận sinh dục
kiss_on_belly,7,Hôn trên bụng
plant_wings,0,Cánh cây cảnh
censored_eyes,7,Mắt đã kiểm duyệt
hairless_hands,7,Bàn tay không lông
hands_to_paws,7,Bàn tay tới bàn chân thú
rhinoceros_ears,0,Tai tê giác
bandaid_on_horn,0,Băng cá nhân trên sừng
dipstick_legs,7,Chân hình que
countershade_toes,7,Ngón chân bóng ngược
raccoon_penis,7,Dương vật gấu mèo
iridescent_fur,7,Lông ánh kim
chin_horn,7,Sừng cằm
tan_mouth,7,Miệng nâu rám nắng
holding_own_legs_up,7,Giơ cầm chân của mình lên
brown_leg_warmers,0,Băng giữ ấm chân nâu
urine_on_body,7,Nước tiểu trên cơ thể
musky_breasts,7,Ngực có mùi xạ hương
cum_from_navel,7,Tinh dịch từ rốn
tennis_ball_in_mouth,7,Quả bóng quần vợt trong miệng
frilled_arm_strap,0,Dây đeo cánh tay nhún xếp
sex_toy_in_penis,7,Đồ chơi tình dục trong dương vật
testicles_on_face,0,Tinh hoàn trên khuôn mặt
multicolored_pseudo_hair,7,Tóc nhiều màu giả
antelope_ears,0,Tai linh dương
shaved_fur,7,Lông cạo ngắn
two_tone_tongue,7,Lưỡi hai tông
heart_tongue,0,Lưỡi trái tim
hand_on_body,7,Bàn tay trên cơ thể
unusual_tongue,7,Lưỡi bất thường
arm_bite,7,Cắn cánh tay
food_on_hair,0,Thức ăn trên tóc
disembodied_leg,0,Chân tách rời
stitched_fingers,0,Ngón tay khâu
hands_above_breasts,7,Bàn tay bên trên ngực
tentacles_as_hands,0,Xúc tu như là bàn tay
ear_transformation,7,Biến đổi tai
ears_tied_back,7,Tai được buộc ngả về sau
veil_over_eyes,0,Màn che mặt phía trên mắt
beverage_between_breasts,7,Đồ uống giữa ngực
canine_tail,7,Đuôi chó
pink_eyelashes,7,Lông mi hồng
multiple_animal_ears,0,Tai động vật nhiều
ear_sex,0,Quan hệ bằng tai
pencil_as_mustache,0,Bút chì như là ria mép
furry_legs,7,Chân nhiều lông
dark_inner_ear,7,Tai mặt trong sẫm
biting_penis,0,Đang cắn dương vật
feet_on_desk,7,Bàn chân trên bàn làm việc
lip_stud,7,Khuyên nụ môi
pulling_own_ear,0,Đang kéo tai của mình
single_inverted_nipple,0,Núm vú đảo ngược một chiếc
teeth_print,0,Họa tiết răng
belly_fur,7,Lông bụng
duck_hair_ornament,0,Phụ kiện tóc vịt
wing_tattoo,0,Hình xăm cánh
leg_fur,0,Lông chân
blush_face,7,Khuôn mặt má hồng
elephant_tail,0,Đuôi voi
downcast_eyes,0,Mắt cụp xuống
unusual_ears,7,Tai bất thường
japanese_white-eye,0,Mắt Nhật Bản trắng
arms_crossed_under_breasts,7,Cánh tay bắt chéo bên dưới ngực
skull_face_paint,7,Màu vẽ mặt đầu lâu
metal_arm,7,Cánh tay kim loại
hugging_own_penis,7,Ôm dương vật của mình
covering_nose,0,Che mũi
blood_on_fur,7,Máu trên lông thú
biting_breast,0,Đang cắn ngực
star_on_body,7,Ngôi sao trên cơ thể
humanoid_feet_on_feral,7,Bàn chân dạng người trên động vật không nhân hóa
hair_bondage,0,Trói buộc tóc
spiky_fur,7,Lông dựng
precum_on_leg,7,Dịch tiền xuất tinh trên chân
colored_mouth,0,Miệng nhuộm màu
curled_fur,7,Lông uốn xoăn
writing_on_foot,7,Chữ viết trên bàn chân
legs_held_open,7,Đôi chân được cầm mở
feet_behind_head,7,Bàn chân phía sau đầu
purple_eyelashes,7,Lông mi tím
chocolate_on_legs,0,Sô-cô-la trên đôi chân
sheep_hair_ornament,0,Phụ kiện tóc cừu
snake_on_shoulder,0,Rắn trên vai
big_ear,7,Tai to
black_striped_fur,7,Lông kẻ sọc đen
chocolate_on_penis,0,Sô-cô-la trên dương vật
fur_armlet,0,Vòng lông đeo tay
feces_on_leg,7,Phân trên chân
human_skin,7,Da người
balls_on_nose,7,Tinh hoàn trên mũi
can_between_breasts,0,Lon giữa ngực
scar_across_eyes,0,Sẹo ngang qua mắt
cum_on_upper_body,7,Tinh dịch trên nửa thân trên
leaf_nose,7,Mũi chiếc lá
legs_on_shoulders,7,Đôi chân trên vai
four_eyes,0,Bốn con mắt
light_wings,7,Cánh nhạt
blood_on_foot,7,Máu trên bàn chân
clothed_breasts,7,Ngực mặc đồ
arm_around_leg,7,Cánh tay quanh chân
bovine_tail,7,Đuôi bò
urine_on_breasts,7,Nước tiểu trên ngực
green_toes,7,Ngón chân xanh lá
medium_tail,7,Đuôi vừa
nipple_expansion,7,Độ giãn núm vú
big_fingers,7,Ngón tay to
multicolored_feet,7,Bàn chân nhiều màu
imminent_breast_grab,0,Bóp ngực sắp xảy ra
cutout_below_navel,0,Lỗ cắt bên dưới rốn
blue_nail_polish,7,Sơn móng tay xanh dương
fake_head_wings,0,Cánh đầu giả
holding_tail_up,7,Cầm đuôi dựng lên
belly_cutout,7,Lỗ cắt bụng
yellow_arm_warmers,0,Băng giữ ấm cánh tay vàng
yellow_tail_tuft,7,Túm lông đuôi vàng
nipple_hair,0,Tóc núm vú
insect_hair_ornament,0,Phụ kiện tóc côn trùng
hand_on_own_calf,0,Bàn tay trên bắp chân của mình
monochrome_body,7,Cơ thể đơn sắc
chocolate_on_foot,0,Sô-cô-la trên bàn chân
mole_under_breast,0,Nốt ruồi bên dưới ngực
micro_on_penis,7,Rất nhỏ trên dương vật
moose_tail,0,Đuôi nai sừng tấm
macro_breasts,7,Ngực phóng to
multicolored_hands,7,Bàn tay nhiều màu
holding_tongue,7,Cầm lưỡi
robotic_legs,7,Chân người máy
precum_on_foot,7,Dịch tiền xuất tinh trên bàn chân
heart_out_of_chest,0,Trái tim thò ra ngực
nose_chain,7,Dây chuyền mũi
red_tail_tuft,7,Túm lông đuôi đỏ
spread_nipple,0,Núm vú dạng ra
stitched_hand,0,Bàn tay khâu
severed_finger,0,Ngón tay bị cắt lìa
dark_breasts,7,Ngực sẫm
front_braid,0,Bím tóc phía trước
huge_hair,7,Tóc khổng lồ
person_on_shoulder,0,Người trên vai
cheek-to-breast,0,Má tới ngực
striped_wings,7,Cánh kẻ sọc
licking_nose,7,Đang liếm mũi
red_feather_hair,7,Tóc lông vũ màu đỏ
orange_teeth,0,Răng cam
saliva_on_body,7,Nước bọt trên cơ thể
hands_on_bed,0,Bàn tay trên giường
paw_on_belly,7,Bàn chân thú trên bụng
fur-trimmed_tube_top,0,Áo dạng ống lông thú viền
teal_anus,7,Hậu môn xanh cổ vịt
censored_breasts,0,Ngực đã kiểm duyệt
red_chest,7,Ngực đỏ
ass_in_face,7,Mông trong khuôn mặt
detached_legs,0,Chân tách rời
big_penis_in_chastity,7,Dương vật lớn trong trinh tiết
moon_with_face,0,Mặt trăng kèm khuôn mặt
red_pseudo_hair,7,Tóc giả màu đỏ
snorkel_in_mouth,0,Ống thở trong miệng
body_grab,7,Bóp cơ thể
forehead_horn,7,Sừng trán
covering_one_nipple,0,Che một núm vú
human_ears,7,Tai người
spotted_wings,7,Cánh có đốm
raising_leg,7,Nâng chân
band-aid_on_arm,7,Băng cá nhân trên tay
writing_on_tail,7,Chữ viết trên đuôi
saliva_on_nipples,0,Nước bọt trên núm vú
face_in_hands,0,Khuôn mặt trong bàn tay
shaved_body,0,Cơ thể cạo ngắn
whisker_tuft,7,Túm lông râu mép
hand_on_horn,7,Bàn tay trên sừng
stretching_legs,7,Đang kéo giãn đôi chân
black_hand,7,Bàn tay đen
untying_hair,0,Đang cởi dây tóc
animal_on_leg,0,Động vật trên chân
cum_from_eyes,7,Tinh dịch từ mắt
yellow_tail_feathers,7,Lông vũ đuôi vàng
belly_gem,7,Đá quý bụng
sitting_on_hand,0,Đang ngồi trên bàn tay
ear_size_difference,7,Chênh lệch kích thước tai
black_armpit_hair,7,Tóc nách màu đen
licking_leg,0,Đang liếm chân
tongue_in_sheath,7,Lưỡi trong bao kiếm
bouncing_ears,7,Tai nảy
lipstick_mark_on_shoulder,0,Dấu son môi trên vai
two_tone_belly,7,Bụng hai tông
chest_blush,0,Má hồng ngực
donut_hair_ornament,0,Phụ kiện tóc bánh donut
mostly_nude_feral,7,Nhân vật bán thú khỏa thân chủ yếu
glistening_teeth,7,Răng bóng nhẫy
animal_on_chest,0,Động vật trên ngực
bandaid_on_ear,0,Băng cá nhân trên tai
one_hand_up,7,Giơ một bàn tay lên
feces_on_hand,7,Phân trên bàn tay
snow_on_body,0,Tuyết trên cơ thể
high-heeled_mechanical_legs,0,Chân cao có gót cơ khí
macro_penis,7,Dương vật phóng to
triangle_hands,0,Bàn tay hình tam giác
exposed_feet,7,Lộ bàn chân
eyebrow_ridge,7,Gờ lông mày
hood_over_eyes,0,Mũ trùm phía trên mắt
showing_chest,7,Đang cho thấy ngực
hand_above_breast,7,Bàn tay bên trên ngực
shadow_penis,7,Dương vật bóng
foot_hands,7,Bàn tay bàn chân
holding_water,0,Cầm nước
belly_size_difference,7,Chênh lệch kích thước bụng
touching_own_leg,7,Chạm chân của mình
anal_beads_in_vagina,7,Hạt chuỗi hậu môn trong âm đạo
hand_on_forearm,7,Bàn tay trên cẳng tay
bloomers_around_one_leg,0,Quần phồng quanh một chân
golden_body,7,Cơ thể màu vàng
arm_growth,7,Sự mọc cánh tay
camo_body,7,Cơ thể rằn ri
arms_around_legs,7,Cánh tay quanh đôi chân
butterfly_over_eye,0,Bươm bướm phía trên mắt
painted_belly,7,Bụng vẽ họa tiết
hair_color_change,7,Đổi màu tóc
glowing_breasts,7,Ngực phát sáng
multicolored_tuft,7,Túm lông nhiều màu
cracked_face,0,Khuôn mặt nứt
frilled_penis,7,Dương vật nhún xếp
hand_on_headset,0,Bàn tay trên tai nghe
hand_shot,7,Cắt cảnh bàn tay
pink_nail_polish,7,Sơn móng tay hồng
official_alternate_hair_ornament,0,Trang sức tóc phụ chính thức
hugging_belly,7,Ôm bụng
smelling_feet,0,Ngửi bàn chân
holly_on_tail,7,Cây nhựa xanh trên đuôi
ear_cuffs,0,Ống bọc cổ tay tai
multiple_hands,7,Nhiều bàn tay
pointy_and_animal_ears,7,Nhọn và tai động vật
furry_penis,7,Dương vật nhiều lông
flower_hands,0,Bàn tay hoa
gradient_arms,7,Cánh tay chuyển sắc
sitting_on_shoulders,7,Đang ngồi trên vai
paws_on_penis,7,Bàn chân thú trên dương vật
licking_mouth,7,Đang liếm miệng
red_hair_tips,7,Đầu chóp tóc đỏ
fluffy_penis,7,Dương vật lông xù
brown_eye,7,Mắt nâu
two_tone_anus,7,Hậu môn hai tông
hairy_feet,7,Bàn chân nhiều lông
leaning_on_hand,7,Tựa người trên bàn tay
pubes_on_face,7,Lông mu trên khuôn mặt
mushroom_hair_ornament,0,Phụ kiện tóc nấm
gold_lips,0,Môi vàng kim
green_arm,0,Cánh tay xanh lá
leg_warmers_only,7,Chỉ có băng giữ ấm chân
multiple_ear_piercings,7,Khuyên tai nhiều
wrist_wings,0,Cánh cổ tay
zebra_tail,0,Đuôi ngựa vằn
humanoid_body_hair,7,Tóc cơ thể dạng người
inner_mouth,7,Miệng mặt trong
cat_feet,0,Bàn chân mèo
two_tone_nose,7,Mũi hai tông
7_tails,7,Bảy cái đuôi
lotus_hair_ornament,0,Phụ kiện tóc sen
drawing_on_body,7,Hình vẽ trên cơ thể
drawing_on_own_face,0,Hình vẽ trên khuôn mặt của mình
brown_armpit_hair,7,Tóc nách màu nâu
kissing_foot,0,Hôn bàn chân
snowflake_pupils,0,Đồng tử bông tuyết
rounded_ears,7,Tai tròn
tail_lick,7,Liếm đuôi
lying_on_penis,7,Đang nằm trên dương vật
stump_horn,7,Sừng gốc cây
twin_ear_bows,7,Nơ tai đôi
penis_in_sheath,7,Dương vật trong bao kiếm
braided_fur,7,Lông tết
foot_on_thigh,7,Bàn chân trên đùi
hollow_mouth,0,Miệng trũng
energy_tail,0,Đuôi năng lượng
arm_fur,7,Lông cánh tay
red_eyelashes,7,Lông mi đỏ
tongue_in_throat,7,Lưỡi trong cổ họng
axolotl_tail,0,Đuôi kỳ giông axolotl
hands_on_crotch,7,Bàn tay trên đũng quần
red_nail_polish,7,Sơn móng tay đỏ
hyper_long_penis,7,Dương vật phóng đại dài
fake_cow_ears,7,Tai bò giả
button_nose,0,Mũi cúc
pupils_only,7,Chỉ có đồng tử
cum_from_nipples,7,Tinh dịch từ núm vú
broken_horns,0,Sừng bị gãy
hand_to_mouth,7,Bàn tay tới miệng
blonde_armpit_hair,0,Tóc nách vàng hoe
navel_tattoo,7,Hình xăm rốn
prehensile_ears,0,Tai có khả năng quấn
furry_arms,7,Cánh tay nhiều lông
tail_around_body,7,Đuôi quanh cơ thể
muscular_chest,7,Ngực cơ bắp
leg_fins,7,Vây chân
hand_wings,0,Cánh bàn tay
hair_to_fur,7,Tóc tới lông thú
dark_fingers,7,Ngón tay sẫm
licking_teeth,7,Đang liếm răng
maple_leaf_hair_ornament,0,Phụ kiện tóc chiếc lá phong
multicolored_nose,7,Mũi nhiều màu
fin_hair,7,Tóc vây
spotted_nose,7,Mũi có đốm
inflated_breasts,7,Ngực phồng to
anus_pocket,7,Túi áo hậu môn
multicolored_inner_ear,7,Tai nhiều màu mặt trong
snake_head_tail,0,Đuôi đầu rắn
pumpkin_breasts,7,Ngực bí ngô
6_ears,7,Sáu cái tai
one_arm,7,Một cánh tay
convenient_hand,0,Bàn tay tiện ích
pink_pseudo_hair,7,Tóc giả màu hồng
insect_on_finger,0,Côn trùng trên ngón tay
food_on_legs,0,Thức ăn trên đôi chân
maroon_hair,7,Tóc nâu đỏ
no_genitals,0,Không có bộ phận sinh dục
body_zipper,7,Khóa kéo cơ thể
turtle_penis,7,Dương vật rùa
twitching_tail,7,Đuôi giật giật
lipstick_mark_on_arm,0,Dấu son môi trên cánh tay
purple_chest,7,Ngực tím
purple_armpit_hair,0,Tóc nách màu tím
cat_ear-shaped_hair,0,Tóc hình tai mèo
body_in_vagina,7,Cơ thể trong âm đạo
hand_on_muzzle,7,Bàn tay trên mõm
arm_stripes,7,Sọc cánh tay
holding_in_mouth,7,Đang cầm trong miệng
wet_feet,7,Bàn chân ướt
tied_to_foot,7,Trói vào bàn chân
kiss_on_hand,7,Hôn trên bàn tay
cum_in_own_vagina,7,Tinh dịch trong âm đạo của mình
hyper_hands,7,Bàn tay phóng đại
face_on_breast,7,Khuôn mặt trên ngực
badger_ears,0,Tai lửng
cybernetic_face,7,Khuôn mặt người máy cấy ghép
blue_toe_claws,7,Móng vuốt ngón chân xanh dương
yellow_toes,7,Ngón chân vàng
robotic_arms,7,Cánh tay người máy
no_penis,0,Không có dương vật
purple_toes,7,Ngón chân tím
lifting_belly,7,Đang nhấc bụng
alternate_tail,0,Đuôi khác
knot_in_mouth,7,Nút thắt trong miệng
tentacle_around_body,7,Xúc tu quanh cơ thể
huge_arms,7,Cánh tay khổng lồ
glowing_nails,0,Móng tay phát sáng
bone_wings,7,Cánh xương
raccoon_tails_(hairstyle),0,Đuôi gấu mèo
medium_penis,7,Dương vật vừa
hair_on_shoulder,7,Tóc trên vai
horn_sheath,7,Bao dương vật sừng
badger_tail,0,Đuôi lửng
christmas_ornaments_in_hair,0,Đồ trang trí Giáng sinh trong tóc
pen_to_mouth,0,Bút máy tới miệng
single_empty_eye,0,Mắt trống một chiếc
rings_on_arms,7,Nhẫn trên cánh tay
pupil,7,Đồng tử
teal_nails,7,Móng tay xanh cổ vịt
pink_ear_tips,7,Đầu chóp tai hồng
circle_eyes,7,Mắt hình tròn
grabbing_own_flat_chest,0,Nắm ngực của mình phẳng
rabbit_on_shoulder,0,Thỏ trên vai
foot_on_foot,7,Bàn chân trên bàn chân
precum_on_breasts,7,Dịch tiền xuất tinh trên ngực
multi_face,7,Nhiều khuôn mặt
tucked_legs,7,Đôi chân giắt vào trong
dark_wings,7,Cánh sẫm
tongue_sheath,7,Bao dương vật lưỡi
elbow_on_arm,0,Khuỷu tay trên cánh tay
wings_on_head,7,Đôi cánh trên đầu
hairless_feet,7,Bàn chân không lông
wet_legs,7,Chân ướt
cut_horn,7,Sừng bị cắt
axolotl_ears,0,Tai kỳ giông axolotl
hand_on_elbow,7,Bàn tay trên khuỷu tay
metallic_hair,7,Tóc ánh kim
long_teeth,7,Răng dài
halo_horns,7,Sừng vầng hào quang
extra_tongue,0,Thêm lưỡi
chest_on_pillow,0,Ngực trên gối
pumpkin_belly,7,Bụng bí ngô
hyper_navel,7,Rốn phóng đại
urine_on_arm,7,Nước tiểu trên cánh tay
nose_expansion,7,Độ giãn mũi
pink_facial_hair,7,Tóc trên mặt màu hồng
caprine_penis,7,Dương vật dê
mismatched_arm_warmers,0,Băng giữ ấm cánh tay lệch đôi
hand_held,7,Bàn tay được cầm
ear_focus,0,Trọng tâm tai
pen_in_mouth,0,Bút máy trong miệng
mostly_nude_andromorph,7,Nhân vật andromorph khỏa thân chủ yếu
nipples_out_of_frame,0,Núm vú thò ra khung hình
glistening_wings,7,Cánh bóng nhẫy
tail_on_face,0,Đuôi trên khuôn mặt
missing_hand,7,Bàn tay thiếu
transparent_hand,0,Bàn tay trong suốt
nipple_cutouts,7,Lỗ cắt núm vú
butterfly_on_face,0,Bươm bướm trên khuôn mặt
crows_feet,7,Bàn chân quạ
trimmed_tail,0,Đuôi viền
milk_on_breasts,7,Sữa trên ngực
eye_drops,0,Giọt mắt
multicolored_sclera,0,Củng mạc nhiều màu
muscular_arm,7,Cánh tay cơ bắp
dull_eyes,7,Mắt mờ
hand_on_another's_tail,0,Tay đặt lên đuôi người khác
penis_on_table,7,Dương vật trên bàn
hair_heart,7,Trái tim tóc
looking_at_own_hand,7,Nhìn bàn tay của mình
one_leg_on_ground,7,Một chân trên mặt đất
camel_ears,0,Tai lạc đà
robot_penis,7,Dương vật người máy
eye_in_mouth,0,Mắt trong miệng
arms_back,7,Lưng cánh tay
triangle-shaped_hair,0,Tóc hình tam giác hình
foot_on_breast,7,Bàn chân trên ngực
penis_on_back,7,Dương vật trên lưng
liquid_from_eyes,0,Dạng lỏng từ mắt
heart_shaped_tail,7,Đuôi hình trái tim
no_fingers,0,Không có ngón tay
ofuda_on_leg,0,Bùa ofuda trên chân
belly_eye,7,Mắt bụng
green_toe_claws,7,Móng vuốt ngón chân xanh lá
glowing_chest,0,Ngực phát sáng
hair_on_penis,0,Tóc trên dương vật
shrimp_tail,0,Đuôi tôm
toe_tuft,7,Túm lông ngón chân
rubbing_breast,7,Đang xoa ngực
diaper_on_face,7,Tã lót trên khuôn mặt
legs_around_head,7,Đôi chân quanh đầu
leaves_in_hair,7,Lá trong tóc
orange_leg_warmers,0,Băng giữ ấm chân cam
nipple_tattoo,7,Hình xăm núm vú
feces_on_tail,7,Phân trên đuôi
genital_removal,7,Sự tháo bỏ sinh dục
double_devil_horns_(gesture),7,Sừng quỷ kép
grabbing_own_penis,7,Nắm dương vật của mình
countershade_fingers,7,Ngón tay bóng ngược
yellow_pseudo_hair,7,Tóc giả màu vàng
gradient_legs,7,Chân chuyển sắc
translucent_breasts,7,Ngực bán trong suốt
large_feet,0,Bàn chân lớn
tentacle_on_nipple,7,Xúc tu trên núm vú
rubbing_eye,7,Đang xoa mắt
finger_on_tongue,7,Ngón tay trên lưỡi
metal_teeth,7,Răng kim loại
hair_weapon,0,Vũ khí tóc
leg_stripes,7,Sọc chân
covering_body,0,Che cơ thể
two-tone_leg_warmers,0,Băng giữ ấm chân hai tông
two_tone_pseudo_hair,7,Tóc hai tông giả
water_drop_hair_ornament,0,Phụ kiện tóc nước giọt
triangular_ears,7,Tai hình tam giác
breast_pull,0,Kéo ngực
convenient_breasts,0,Ngực tiện ích
holding_detached_hair,0,Cầm tóc tách rời
glowing_tail_tip,7,Đầu chóp đuôi phát sáng
syringe_hair_ornament,0,Phụ kiện tóc ống tiêm
6_hands,7,Sáu bàn tay
heart_hands_over_eye,0,Bàn tay trái tim phía trên mắt
torn_wing,7,Cánh bị rách
touching_breasts,7,Chạm ngực
glowing_face,7,Khuôn mặt phát sáng
stitched_body,7,Cơ thể khâu
precum_on_chest,7,Dịch tiền xuất tinh trên ngực
anus_held_open,7,Hậu môn được cầm mở
purple_pseudo_hair,7,Tóc giả màu tím
holding_both_breasts,7,Cầm cả hai ngực
heart_eye_patch,7,Miếng vá mắt trái tim
small_body,7,Cơ thể nhỏ
grabbing_own_tail,0,Nắm đuôi của mình
holding_mouth_open,7,Cầm miệng mở
brown_tail_feathers,7,Lông vũ đuôi nâu
horizontal_navel,0,Rốn ngang
tail_gem,7,Đá quý đuôi
dragon_on_shoulder,0,Rồng trên vai
resting_on_arms,7,Nghỉ trên cánh tay
fluffy_hands,0,Bàn tay lông xù
crocodile_hair_ornament,0,Phụ kiện tóc cá sấu
foot_on_shoulder,7,Bàn chân trên vai
bandage_in_mouth,0,Băng quấn trong miệng
hand_on_forehead,7,Bàn tay trên trán
forked_penis,7,Dương vật chẻ đôi
orange_tail_tuft,7,Túm lông đuôi cam
feather_fingers,0,Ngón tay lông vũ
finger_in_own_ear,0,Ngón tay trong tai của mình
topless_to_nude,7,Để ngực trần tới khỏa thân
eye_color_transformation,7,Sự biến đổi màu mắt
hands_on_sides,7,Bàn tay trên lệch bên
leg_torture,7,Tra tấn chân
penis_on_feet,7,Dương vật trên bàn chân
white_fur_tuft,7,Túm lông thú trắng
text_hair_ornament,0,Phụ kiện tóc chữ
kissing_leg,0,Hôn chân
multi_body,7,Nhiều cơ thể
bald_tail,7,Đuôi trọc
broken_legs,7,Chân bị gãy
horse_anus,0,Hậu môn ngựa
anus_on_glass,7,Hậu môn trên thủy tinh
bunny_ears_(gesture),7,Tai thỏ
detailed_feet,7,Bàn chân có chi tiết
metal_tail,7,Đuôi kim loại
detached_eyes,0,Mắt tách rời
saliva_on_chest,7,Nước bọt trên ngực
button_hair_ornament,0,Phụ kiện tóc cúc
holding_mouth,7,Cầm miệng
teal_eyebrows,7,Lông mày xanh cổ vịt
tentacles_around_body,7,Xúc tu quanh cơ thể
skin_sheath,7,Bao dương vật da
hands_in_lap,7,Bàn tay trong đùi
two-sided_horns,0,Sừng mặt hai
penis_arm,7,Cánh tay dương vật
suspenders_on_nipples,7,Dây treo quần trên núm vú
slapping_breasts,0,Đang tát ngực
orange_pseudo_hair,7,Tóc giả màu cam
hand_on_tongue,7,Bàn tay trên lưỡi
sparkling_body,7,Cơ thể lấp lánh
spreading_another's_legs,0,Kéo rộng chân người khác
facial_hair_growth,7,Sự mọc tóc trên mặt
dark_tongue,7,Lưỡi sẫm
penis_in_own_vagina,7,Dương vật trong âm đạo của mình
horn_removal,7,Tháo sừng
ear_fur,7,Lông tai
vertical_mouth,0,Miệng dọc
kiss_on_foot,7,Hôn trên bàn chân
spider_legs,7,Chân nhện
brushing_fur,7,Đang chải lông thú
weapon_across_shoulders,0,Vũ khí ngang qua vai
egg_belly,7,Bụng trứng
black_nose_horn,7,Sừng mũi đen
dark_nails,7,Móng tay sẫm
black_pseudo_hair,7,Tóc giả màu đen
body_expansion,7,Độ giãn cơ thể
ruined_anus,7,Hậu môn hoang tàn
flowing_tail,7,Đuôi tung bay
tan_pseudo_hair,7,Tóc giả màu nâu rám nắng
touching_foot,7,Chạm bàn chân
covering_ears,7,Che tai
chicken_wing,0,Cánh gà
glistening_fingers,7,Ngón tay bóng nhẫy
glistening_nails,7,Móng tay bóng nhẫy
finger_to_own_nose,0,Ngón tay tới mũi của mình
reptilian_tail,7,Đuôi bò sát
torn_body,7,Cơ thể bị rách
breast_on_head,7,Ngực trên đầu
sweaty_fur,7,Lông đầm mồ hôi
lube_on_breasts,0,Chất bôi trơn trên ngực
holding_own_ears,0,Cầm tai của mình
arms_around_shoulders,7,Cánh tay quanh vai
10_legs,7,Mười chân
no_eyelashes,7,Không có lông mi
adjusting_hair_ornament,0,Đang chỉnh phụ kiện tóc
goo_tail,7,Đuôi nhầy
foot_on_own_balls,7,Bàn chân trên tinh hoàn của mình
equine_ears,7,Tai ngựa
sharp_fingers,7,Ngón tay sắc
fur-trimmed_arm_warmers,0,Băng giữ ấm cánh tay lông thú viền
fur_tattoo,7,Hình xăm lông thú
penis_on_balls,7,Dương vật trên tinh hoàn
standing_on_penis,7,Đang đứng trên dương vật
glistening_pseudo_hair,7,Tóc bóng nhẫy giả
body_tuft,7,Túm lông cơ thể
drying_fur,7,Đang sấy lông thú
foot_on_bulge,7,Bàn chân trên phần phồng lên
pride_color_hair,7,Tóc màu tự hào
hand_on_own_back,0,Bàn tay trên của mình ngả về sau
orange_chest,7,Ngực cam
prosthetic_tail,7,Đuôi nhân tạo
paint_on_fingers,0,Màu vẽ trên ngón tay
black_pseudo-penis,7,Dương vật giả đen
black_chest_hair,7,Tóc ngực màu đen
belly_on_table,7,Bụng trên bàn
hand_towel,0,Khăn tắm bàn tay
side_horns,0,Sừng lệch bên
unusual_horn,7,Sừng bất thường
penis_on_chest,7,Dương vật trên ngực
hugging_leg,7,Ôm chân
lightning_bolt-shaped_pupils,0,Đồng tử hình bu lông sấm sét
robot_arms,7,Cánh tay người máy
leg_blush,7,Má hồng chân
hand_tail,0,Đuôi bàn tay
small_anus,7,Hậu môn nhỏ
black_feather_hair,7,Tóc lông vũ màu đen
long_finger,0,Ngón tay dài
rainbow_ears,7,Tai cầu vồng
twitter_rabbit_ears_(meme),0,Tai thỏ Twitter
iridescent_wings,7,Cánh ánh kim
nipple_stud,7,Khuyên nụ núm vú
ear_cuff,7,Ống tay tai
spotted_breasts,7,Ngực có đốm
lemur_ears,0,Tai culi
lemur_tail,0,Đuôi culi
finger_markings,7,Vằn ngón tay
gun_between_breasts,0,Súng giữa ngực
paint_in_hair,0,Màu vẽ trong tóc
censored_feet,0,Bàn chân đã kiểm duyệt
sparse_ass_hair,0,Tóc mông thưa
tail_around_balls,7,Đuôi quanh tinh hoàn
penis_between_feet,7,Dương vật giữa bàn chân
rubbing_chest,7,Đang xoa ngực
leash_in_own_mouth,7,Dây dắt trong miệng của mình
whale_tail_(fashion),7,Đuôi cá voi
tail_around_own_waist,0,Đuôi quanh eo của mình
penis_between_forepaws,7,Dương vật giữa bàn chân trước
hands_around_waist,7,Bàn tay quanh eo
teal_mouth,7,Miệng xanh cổ vịt
face_in_belly,7,Khuôn mặt trong bụng
urine_on_tongue,7,Nước tiểu trên lưỡi
huge_horn,7,Sừng khổng lồ
urine_on_foot,7,Nước tiểu trên bàn chân
excessive_body_hair,7,Tóc cơ thể quá nhiều
grabbing_hand,7,Nắm bàn tay
tall_ears,7,Tai cao
tied_nipples,0,Núm vú được buộc
internal_penis,7,Dương vật bên trong
gem-studded_nails,0,Móng tay đá quý đính đinh
penis_face,0,Khuôn mặt dương vật
finger_on_face,7,Ngón tay trên khuôn mặt
hyper_armpit_hair,7,Tóc nách phóng đại
multicolored_nipples,7,Núm vú nhiều màu
slapping_own_belly,7,Đang tát bụng của mình
x_eye,0,Mắt chữ X
foot_on_weapon,0,Bàn chân trên vũ khí
touching_nipples,7,Chạm núm vú
wing_tuft,7,Túm lông cánh
veiny_skin,7,Da lộ gân
prosthetic_ear,0,Tai nhân tạo
blue_feather_hair,7,Tóc lông vũ màu xanh dương
sex_toy_in_nipple,7,Đồ chơi tình dục trong núm vú
foot_on_another's_back,0,Bàn chân trên của người khác ngả về sau
hands_under_breasts,7,Bàn tay bên dưới ngực
green_tail_tuft,7,Túm lông đuôi xanh lá
brown_eyelashes,7,Lông mi nâu
arms_held,7,Cánh tay được cầm
monotone_mouth,7,Miệng một tông
1_arm,7,Một cánh tay
bound_wings,0,Cánh bị trói
balls_on_breasts,7,Tinh hoàn trên ngực
peeking_nipple,7,Nhòm núm vú
butterfly_on_shoulder,0,Bươm bướm trên vai
eyebrow_stud,7,Khuyên mày dạng nụ
teal_horn,7,Sừng xanh cổ vịt
equine_penis_with_foreskin,7,Dương vật ngựa kèm bao quy đầu
tan_ear_tips,7,Đầu chóp tai nâu rám nắng
wooden_horn,7,Sừng bằng gỗ
pride_color_face_paint,7,Màu vẽ mặt màu tự hào
leg_around_partner,7,Chân quanh bạn tình
cat_nose,7,Mũi mèo
finger_in_foreskin,7,Ngón tay trong bao quy đầu
precum_on_belly,7,Dịch tiền xuất tinh trên bụng
blood_on_tail,0,Máu trên đuôi
light_tuft,7,Túm lông nhạt
single_blank_eye,0,Mắt trống một chiếc
huge_eyes,7,Mắt khổng lồ
horn_(e.g.o),0,Sừng
triangular_anus,0,Hậu môn hình tam giác
insect_legs,7,Chân côn trùng
covered_eye,7,Mắt được che
resting_on_arm,7,Nghỉ trên cánh tay
tail_fur,7,Lông đuôi
leaves_on_arms,7,Lá trên cánh tay
no_toes,0,Không có ngón chân
smoking_eyes,7,Mắt đang bốc khói
pink_hair_tips,7,Đầu chóp tóc hồng
dragonfly_hair_ornament,0,Phụ kiện tóc chuồn chuồn
skull-shaped_pupils,0,Đồng tử hình đầu lâu
hand_on_abs,7,Bàn tay trên cơ bụng
short_penis,7,Dương vật ngắn
hand_expansion,7,Độ giãn bàn tay
ponytail_over_shoulder,0,Tóc đuôi ngựa phía trên vai
striped_inner_ear,7,Tai kẻ sọc mặt trong
fluffy_wings,7,Cánh lông xù
urine_on_tail,7,Nước tiểu trên đuôi
tail_to_collar,7,Đuôi tới vòng cổ
tentacle_in_navel,7,Xúc tu trong rốn
sparkling_tail,7,Đuôi lấp lánh
light_toes,7,Ngón chân nhạt
double_arm_grab,7,Nắm cánh tay kép
two_tone_tuft,7,Túm lông hai tông
hand_wave,0,Vẫy bàn tay
touching_tail,0,Chạm đuôi
logo_hair_ornament,0,Phụ kiện tóc biểu tượng
body_wraps,7,Băng quấn cơ thể
kissing_breast,0,Hôn ngực
prey_in_mouth,7,Con mồi trong miệng
naked_poncho,0,Áo poncho trần
hair_strands,7,Lọn tóc
elbow_fur,7,Lông khuỷu tay
rectangular_eyes,0,Mắt hình chữ nhật
ears_flat,7,Tai ép phẳng
brown_toe_claws,7,Móng vuốt ngón chân nâu
rubbing_nose,0,Đang xoa mũi
leg_cuff,7,Ống tay chân
arm_freckles,0,Tàn nhang cánh tay
tail_plates,7,Cái đĩa đuôi
tail_penetration,7,Sự thâm nhập đuôi
fingers_on_penis,7,Ngón tay trên dương vật
crab_hair_ornament,0,Phụ kiện tóc cua
pussy_tuft,7,Túm lông âm hộ
clitoris_to_nipple,7,Âm vật tới núm vú
fur-trimmed_poncho,0,Áo poncho lông thú viền
green_eyelashes,7,Lông mi xanh lá
holding_object_with_tail,7,Cầm vật kèm đuôi
hair_around_horn,0,Tóc quanh sừng
money_between_breasts,0,Tiền giữa ngực
hearts_around_upper_body,7,Trái tim quanh nửa thân trên
nipple_chain_to_collar,7,Dây chuyền núm vú tới vòng cổ
8_tails,7,Tám cái đuôi
holding_legs_open,7,Cầm đôi chân mở
legs_out_of_water,7,Dạng đôi chân ra nước
chubby_face,7,Khuôn mặt mũm mĩm
hand_out,7,Dạng bàn tay ra
vertical_anus,0,Hậu môn dọc
grey_tail_tuft,7,Túm lông đuôi xám
tail_slap,7,Tát đuôi
fur-trimmed_wrist_cuffs,0,Ống bọc cổ tay cổ tay lông thú viền
purple_hair_tips,7,Đầu chóp tóc tím
bandaid_on_eye,0,Băng cá nhân trên mắt
breasts_on_lap,7,Ngực trên đùi
hand_over_shoulder,7,Bàn tay phía trên vai
shadowed_face,7,Khuôn mặt có bóng
feces_on_chest,7,Phân trên ngực
butt_on_face,7,Mông trên khuôn mặt
blue_finger_claws,7,Móng vuốt ngón tay xanh dương
tail_wiggle,7,Đuôi lắc lư
poking_nose,0,Đang chỉ vào mũi
tail_on_leg,7,Đuôi trên chân
navy_fur,7,Lông xanh navy
blowing_nose,0,Thổi mũi
disembodied_finger,0,Ngón tay tách rời
hand_over_breast,7,Bàn tay phía trên ngực
equine_legs,7,Chân ngựa
huge_hair_bun,0,Búi tóc khổng lồ
arms_on_legs,7,Cánh tay trên đôi chân
arthropod_tail,0,Đuôi chân khớp
plant_horn,7,Sừng cây cảnh
nipple_zipper,0,Khóa kéo núm vú
alternate_wing_color,0,Màu cánh khác
disembodied_arm,0,Cánh tay tách rời
disembodied_tail,7,Đuôi tách rời
translucent_skin,7,Da bán trong suốt
head_in_hands,7,Đầu trong bàn tay
eye_color_change,7,Đổi màu mắt
ear_tattoo,7,Hình xăm tai
ear_up,7,Tai dựng lên
ear_bell,7,Chuông tai
penis_in_hand,7,Dương vật trong bàn tay
mismatched_armpit_hair,0,Tóc nách lệch đôi
stitched_tongue,0,Lưỡi khâu
card_hand,7,Bàn tay thẻ
scar_on_ear,0,Sẹo trên tai
bird_on_leg,0,Chim trên chân
long_tail_feathers,7,Lông vũ đuôi dài
latex_leg_warmers,7,Băng giữ ấm chân cao su
looking_at_tail,0,Nhìn đuôi
nipple_focus,7,Trọng tâm núm vú
markings_on_body,7,Dấu vết / hoa văn trên cơ thể
arms_down,7,Hạ cánh tay xuống
quad_hair_rings,0,Bốn vòng tóc
blood_on_belly,7,Máu trên bụng
biting_hand,7,Đang cắn bàn tay
sleeping_with_eyes_open,0,Đang ngủ kèm mắt mở
light_inner_ear_fluff,7,Lông tơ tai mặt trong nhạt
tail_on_shoulder,7,Đuôi trên vai
very_long_penis,7,Dương vật rất dài
diamond_eyes,7,Mắt hình thoi
hands_on_neck,7,Bàn tay trên cổ
elephant_toes,7,Ngón chân voi
looking_down_at_breasts,7,Nhìn xuống ngực
painting_body,7,Đang vẽ cơ thể
tan_feather_hair,7,Tóc lông vũ màu nâu rám nắng
broken_teeth,7,Răng bị gãy
wing_grab,7,Bóp cánh
pulling_tongue,0,Đang kéo lưỡi
foot_on_glass,0,Bàn chân trên thủy tinh
gun_in_own_mouth,0,Súng trong miệng của mình
tail_over_shoulder,7,Đuôi phía trên vai
split_color_hair,7,Tóc màu chia hai
big_eye,7,Mắt to
frilly_penis,7,Dương vật nhún diềm
beak_lips,7,Môi mỏ
detached_ears,0,Tai tách rời
light_anus,7,Hậu môn nhạt
spring_onion_hair_ornament,0,Phụ kiện tóc hành tây mùa xuân
olive_eyes,7,Mắt xanh ô liu
scale_hair,7,Tóc vảy
fingers_to_cheek,0,Ngón tay tới má
butterfly_in_eye,0,Bươm bướm trong mắt
multicolored_anus,7,Hậu môn nhiều màu
pouting_lips,7,Giờn dỗi với môi
white_nose_horn,7,Sừng mũi trắng
dildo_in_penis,7,Dương vật giả trong dương vật
belly_bed,7,Giường bụng
wing_flapping,0,Cánh vỗ
veiny_pseudo-penis,7,Dương vật lộ gân giả
grey_mouth,7,Miệng xám
pulling_arm,0,Đang kéo cánh tay
feather_in_mouth,0,Lông vũ trong miệng
liquid_wings,0,Cánh dạng lỏng
grabbing_chest,7,Nắm ngực
hand_on_book,0,Bàn tay trên sách
tail_pussy,0,Âm hộ đuôi
alternate_horns,0,Sừng khác
rodent_ears,7,Tai bộ gặm nhấm
foot_hair,0,Lông chân
cross_in_eye,0,Thập tự trong mắt
hand_on_genitalia,7,Bàn tay trên bộ phận sinh dục
spotted_tongue,7,Lưỡi có đốm
dark_belly,7,Bụng sẫm
wet_arms,7,Cánh tay ướt
melting_eyes,0,Mắt đang tan chảy
armored_body,7,Cơ thể bọc giáp
fishnet_arm_warmers,0,Băng giữ ấm cánh tay lưới
oral_with_eye_contact,7,Quan hệ bằng miệng kèm giao tiếp bằng mắt
hand_on_thighs,7,Bàn tay trên đùi
kissing_eye,0,Hôn mắt
human_skin_color,7,Màu da người
plane_wings,7,Cánh máy bay
purple_nail_polish,7,Sơn móng tay tím
nipple_object_insertion,0,Đưa vào vật thể núm vú
leg_pull,0,Kéo chân
sun_with_face,0,Mặt trời kèm khuôn mặt
tail_beads,7,Hạt chuỗi trên đuôi
ear_hands,7,Bàn tay tai
veiny_feet,0,Bàn chân lộ gân
hand_on_paw,7,Bàn tay trên bàn chân thú
small_arms,7,Cánh tay nhỏ
entwined_arms,7,Cánh tay quấn vào nhau
tentacle_eye,7,Mắt xúc tu
gift_between_breasts,0,Quà tặng giữa ngực
rings_on_legs,7,Nhẫn trên đôi chân
tail_on_furniture,7,Đuôi trên đồ nội thất
condom_between_breasts,0,Bao cao su giữa ngực
prehensile_wings,0,Cánh có khả năng quấn
naked_hood,0,Mũ trùm trần
multiple_moles_under_one_eye,0,Nhiều nốt ruồi bên dưới một con mắt
nude_female_clothed_male,7,Nhân vật nam mặc đồ nữ khỏa thân
flower_tail,7,Đuôi hoa
animal_on_face,0,Động vật trên khuôn mặt
spotted_chest,7,Ngực có đốm
tongue_on_glass,7,Lưỡi trên thủy tinh
hands_to_hooves,7,Bàn tay tới móng guốc
face_torture,7,Tra tấn mặt
two-tone_arm_warmers,0,Băng giữ ấm cánh tay hai tông
horn_bell,0,Chuông sừng
wide_feet,7,Bàn chân rộng
gradient_tongue,7,Lưỡi chuyển sắc
penis_tied,7,Dương vật được buộc
toe_grab,0,Bóp ngón chân
leg_tied,7,Chân được buộc
10_breasts,7,Mười ngực
brushing_feet,7,Đang chải bàn chân
tongue_between_fingers,0,Lưỡi giữa ngón tay
ball_in_mouth,7,Quả bóng trong miệng
finger_writing,0,Viết lên ngón tay
leg_in_water,7,Chân trong nước
brown_chest_hair,7,Tóc ngực màu nâu
urine_on_hand,7,Nước tiểu trên bàn tay
frilled_leg_warmers,0,Băng giữ ấm chân nhún xếp
clock_hair_ornament,0,Phụ kiện tóc đồng hồ
back_fur,7,Lông lưng
headband_ears,7,Tai băng đô
urine_from_mouth,7,Nước tiểu từ miệng
vulva_on_face,7,Âm hộ trên khuôn mặt
standing_on_shoulder,0,Đang đứng trên vai
hands_around_neck,7,Bàn tay quanh cổ
iridescent_tail,7,Đuôi ánh kim
penile_breasts,7,Ngực thuộc dương vật
turquoise_tail,7,Đuôi xanh ngọc lam
narrow_legs,7,Chân hẹp
fire_eyes,7,Mắt lửa
multi_teeth,7,Nhiều cái răng
multicolored_pubic_hair,0,Tóc vùng kín nhiều màu
tail_pillow,0,Gối đuôi
eyebrow_spikes,7,Gai nhọn lông mày
pink_chest,7,Ngực hồng
transparent_belly,7,Bụng trong suốt
feces_in_own_mouth,7,Phân trong miệng của mình
brown_finger_claws,7,Móng vuốt ngón tay nâu
two_tone_fingers,7,Ngón tay hai tông
light_pupils,7,Đồng tử nhạt
kiss_on_anus,7,Hôn trên hậu môn
beard_ponytail,7,Tóc đuôi ngựa râu
fur_anklet,0,Vòng chân lông thú
red_eyes_(e.g.o),0,Mắt đỏ
hand_covering_face,7,Khuôn mặt bàn tay che
saliva_on_feet,7,Nước bọt trên bàn chân
head_fur,7,Lông đầu
crab_on_shoulder,0,Cua trên vai
tennis_ball_on_horn,7,Quả bóng quần vợt trên sừng
cum_between_legs,7,Tinh dịch giữa đôi chân
penis_over_shoulder,7,Dương vật phía trên vai
huge_navel,7,Rốn khổng lồ
goo_penis,7,Dương vật nhầy
bound_fingers,0,Ngón tay bị trói
tongue_expansion,7,Độ giãn lưỡi
scar_on_horns,0,Sẹo trên sừng
holding_out_hand,7,Cầm ra ngoài bàn tay
penis_leg,7,Chân dương vật
bell_on_tail,7,Chuông trên đuôi
nose_markings,7,Vằn mũi
cumshot_in_own_mouth,7,Xuất tinh lên ảnh trong miệng của mình
floating_eyes,7,Mắt lơ lửng
pale_eye,0,Mắt nhạt
face_on_belly,7,Khuôn mặt trên bụng
grey_finger_claws,7,Móng vuốt ngón tay xám
diaper_in_face,7,Tã lót trong khuôn mặt
melon_hair_ornament,0,Phụ kiện tóc dưa
pride_color_leg_warmers,7,Băng giữ ấm chân màu tự hào
cleft_anus,0,Hậu môn chẻ đôi
pencil_in_mouth,7,Bút chì trong miệng
covered_horns,0,Sừng được che
green_armpit_hair,0,Tóc nách màu xanh lá
tail_eye,7,Mắt đuôi
tentacle_from_mouth,7,Xúc tu từ miệng
flat_body,7,Cơ thể phẳng
mouth_to_pussy,7,Miệng tới âm hộ
red_ear_fins,7,Vây tai đỏ
hands_in_hair,7,Bàn tay trong tóc
spiked_arm,0,Cánh tay có gai
touching_ear,7,Chạm tai
towel_on_penis,0,Khăn tắm trên dương vật
lying_on_own_breasts,7,Đang nằm trên ngực của mình
branch_horn,7,Sừng cành cây
breast_transformation,7,Sự biến đổi ngực
8_arms,7,Tám cánh tay
reflection_in_eyes,7,Ảnh phản chiếu trong mắt
toes_on_balls,7,Ngón chân trên tinh hoàn
long_face,0,Khuôn mặt dài
extra_nipples,0,Thêm núm vú
white_hair_tips,7,Đầu chóp tóc trắng
cum_between_toes,7,Tinh dịch giữa ngón chân
green_finger_claws,7,Móng vuốt ngón tay xanh lá
book_to_mouth,0,Sách tới miệng
thick_ass_hair,0,Tóc mông dày
arm_on_head,7,Cánh tay trên đầu
duck_penis,7,Dương vật vịt
stitched_chest,0,Ngực khâu
chest_horn,7,Sừng ngực
sitting_on_hair,0,Đang ngồi trên tóc
moth_hair_ornament,0,Phụ kiện tóc bướm đêm
layered_hair,0,Tóc nhiều lớp
veiny_body,7,Cơ thể lộ gân
hair_sex,7,Quan hệ bằng tóc
bandaid_on_tail,0,Băng cá nhân trên đuôi
anus_slip,7,Trượt hở hậu môn
tail_on_penis,7,Đuôi trên dương vật
long_breasts,7,Ngực dài
mole_on_ear,0,Nốt ruồi trên tai
tongue_on_foot,7,Lưỡi trên bàn chân
mole_on_foot,0,Nốt ruồi trên bàn chân
elbow_on_leg,0,Khuỷu tay trên chân
mismatched_arms,0,Cánh tay lệch đôi
flower_wings,0,Cánh hoa
eye_penetration,7,Sự thâm nhập mắt
spotted_belly,7,Bụng có đốm
mouth_out_of_frame,0,Miệng thò ra khung hình
bulge_to_face,0,Phần phồng lên tới khuôn mặt
entwined_legs,7,Chân quấn vào nhau
horizontal_anus,7,Hậu môn ngang
hands_on_thigh,7,Bàn tay trên đùi
nose_jewel,0,Đá quý mũi
egg_from_penis,7,Trứng từ dương vật
bandaged_face,7,Khuôn mặt băng bó
bandaged_eye,7,Mắt băng bó
waving_tail,7,Đang vẫy đuôi
ribbed_leg_warmers,0,Băng giữ ấm chân sống dọc
chest_(furniture),0,Ngực
bruise_on_shoulder,0,Vết bầm trên vai
leg_spots,7,Đốm chân
cloud_with_face,0,Mây kèm khuôn mặt
liquid_from_mouth,0,Dạng lỏng từ miệng
small_chest,7,Ngực nhỏ
sideless_bangs,0,Tóc mái hở bên
arm_out,7,Dạng cánh tay ra
bomb_hair_ornament,0,Phụ kiện tóc bom
glowing_feet,0,Bàn chân phát sáng
blush_through_hair,7,Đỏ mặt xuyên qua tóc
ass-to-mouth,0,Mông tới miệng
elephant_toe_hands,7,Bàn tay ngón chân voi
cream_belly,7,Bụng màu kem
penis_horn,7,Sừng dương vật
nipple_bondage,7,Trói buộc núm vú
phone_between_breasts,0,Điện thoại giữa ngực
dipstick_wings,7,Cánh hình que
foot_torture,7,Tra tấn bàn chân
eyes_on_body,0,Mắt trên cơ thể
pointed_feet,7,Bàn chân nhọn
micro_on_tongue,7,Rất nhỏ trên lưỡi
hand_mark,7,Dấu bàn tay
sitting_on_belly,7,Đang ngồi trên bụng
arm_under_breast,7,Cánh tay bên dưới ngực
bridal_chest_(fate),0,Ngực cô dâu
crotch_fur,7,Lông đũng quần
hands_tied_above_head,7,Bàn tay được buộc bên trên đầu
hand_on_desk,7,Bàn tay trên bàn làm việc
ear_over_eye,7,Tai phía trên mắt
licking_shoulder,0,Đang liếm vai
holding_object_with_feet,7,Cầm vật kèm bàn chân
touching_hand,7,Chạm bàn tay
touching_arm,7,Chạm cánh tay
hands_on_glass,7,Bàn tay trên thủy tinh
pink_teeth,7,Răng hồng
face_in_sheath,7,Khuôn mặt trong bao kiếm
tail_spots,7,Đốm đuôi
long_braid,7,Bím tóc dài
crocodile_tail,7,Đuôi cá sấu
tail_between_breasts,0,Đuôi giữa ngực
asymmetrical_bouncing_breasts,7,Ngực nảy bất đối xứng
painted-on_face,7,Vẽ họa tiết trên khuôn mặt
dipstick_ear_fins,7,Vây tai hình que
partially_feathered_tail,0,Đuôi có lông vũ một phần
smiley_face_hair_ornament,0,Phụ kiện tóc mặt mỉm cười
pointing_at_breasts,0,Chỉ vào ngực
shield_hair_ornament,0,Phụ kiện tóc khiên
breast_bulge,7,Chỗ lùm lùm ngực
penis_collar,0,Cổ áo dương vật
belly_fluff,7,Lông tơ bụng
money_in_mouth,0,Tiền trong miệng
plant_tail,0,Đuôi cây cảnh
cum_in_own_hair,7,Tinh dịch trong tóc của mình
pointy_nipples,7,Núm vú nhọn
leg_fluff,7,Lông tơ chân
pussy_juice_on_feet,7,Dịch âm hộ trên bàn chân
touching_shoulder,7,Chạm vai
mouth_on_penis,7,Miệng trên dương vật
breasts_press,7,Ép ngực
holding_with_tongue,0,Giữ bằng lưỡi
no_skin,0,Không có da
towel_around_breasts,0,Khăn tắm quanh ngực
missing_teeth,7,Răng thiếu
body_piercings,0,Khuyên cơ thể
hands_in_mouth,7,Bàn tay trong miệng
fur-trimmed_jumpsuit,0,Áo liền quần lông thú viền
hand_on_tentacle,0,Bàn tay trên xúc tu
looking_up_at_penis,7,Nhìn lên dương vật
floating_legs,7,Đôi chân lơ lửng
precum_on_finger,7,Dịch tiền xuất tinh trên ngón tay
curled_tongue,7,Lưỡi uốn xoăn
tongue_on_balls,7,Lưỡi trên tinh hoàn
starry_wings,7,Cánh đầy sao
anus_expansion,7,Độ giãn hậu môn
cat_penis,0,Dương vật mèo
foot_size_difference,7,Chênh lệch kích thước bàn chân
hands_over_mouth,7,Bàn tay phía trên miệng
genital_slit_balls,7,Tinh hoàn xẻ tà sinh dục
sword_on_shoulder,7,Kiếm trên vai
solid_eye,0,Mắt màu đặc
arm_to_leg,7,Cánh tay tới chân
balls_as_fake_breasts,7,Tinh hoàn như là ngực giả
side_chest_pose,0,Tư thế ngực lệch bên
food_on_feet,7,Thức ăn trên bàn chân
bound_penis,0,Dương vật bị trói
food_on_foot,0,Thức ăn trên bàn chân
holding_with_two_hands,7,Giữ bằng hai tay
swimwear_around_one_leg,7,Đồ bơi quanh một chân
chest_window,7,Cửa sổ ngực
orange_arm_warmers,0,Băng giữ ấm cánh tay cam
detached_tail,0,Đuôi tách rời
mismatched_facial_hair,0,Tóc trên mặt lệch đôi
tail_on_tail,7,Đuôi trên đuôi
multicolored_eyebrows,7,Lông mày nhiều màu
purple_toe_claws,7,Móng vuốt ngón chân tím
presenting_chest,7,Ngực chĩa ra
navel_blush,7,Má hồng rốn
hand_over_crotch,7,Bàn tay phía trên đũng quần
hand_on_leash,7,Bàn tay trên dây dắt
pink_pseudo-penis,7,Dương vật giả hồng
tongue_in_ear,7,Lưỡi trong tai
unusual_hair,7,Tóc bất thường
holding_with_foot,7,Giữ bằng bàn chân
pig_penis,0,Dương vật lợn
huge_antenna_hair,0,Tóc ăng-ten khổng lồ
thick_horn,7,Sừng dày
on_top_of_belly,7,Ở phía trên bụng
wings_over_eyes,0,Đôi cánh phía trên mắt
robotic_tail,7,Đuôi người máy
gold_nose,7,Mũi vàng kim
1_wing,7,Một cánh
hairy_breasts,7,Ngực nhiều lông
unworn_fake_animal_ears,0,Tai động vật giả không mặc
spiral_tail,7,Đuôi xoắn ốc
female_armpit_hair,0,Tóc nách nữ
shell_to_ear,0,Vỏ tới tai
arm_warmers_only,7,Chỉ có ống giữ ấm cánh tay
eye_shot,7,Cắt cảnh mắt
big_mouth,0,Miệng to
hand_on_partner's_back,7,Bàn tay trên của bạn tình ngả về sau
short_fingers,7,Ngón tay ngắn
brown_pseudo_hair,7,Tóc giả màu nâu
green_tail_feathers,7,Lông vũ đuôi xanh lá
partial_fur,7,Lông một phần
fake_dog_ears,7,Tai chó giả
gem_nose,7,Mũi đá quý
fire_body,0,Cơ thể lửa
ear_wings,0,Cánh tai
braided_pseudo_hair,7,Tóc tết giả
one_shoulder_out,7,Một vai thò ra
holographic_eyes,7,Mắt toàn ảnh
long_breast_curtain,0,Rèm ngực dài
penis_slip,0,Trượt hở dương vật
5_horns,7,Năm cái sừng
penis_under_breasts,0,Dương vật bên dưới ngực
helmet_over_one_eye,0,Mũ bảo hiểm phía trên một con mắt
leg_over_knee,7,Chân phía trên đầu gối
food_as_ears,0,Thức ăn như là tai
penis_torture,7,Tra tấn dương vật
see-through_tail,0,Đuôi xuyên thấu
staring_at_chest,7,Nhìn chằm chằm ngực
cum_in_nipple,0,Tinh dịch trong núm vú
dark_chest,7,Ngực sẫm
wooden_body,7,Cơ thể bằng gỗ
painted-on_mouth,7,Vẽ họa tiết trên miệng
skull_in_anus,7,Đầu lâu trong hậu môn
dirty_fur,7,Lông bẩn
musical_note-shaped_pupils,0,Đồng tử hình nốt nhạc âm nhạc
arm_spots,7,Đốm cánh tay
lying_on_tail,0,Đang nằm trên đuôi
leaning_on_arm,7,Tựa người trên cánh tay
earphones_on_animal_ears,0,Tai nghe nhét tai trên tai động vật
heart_wings,0,Cánh trái tim
touching_own_penis,7,Chạm dương vật của mình
pink_armpit_hair,7,Tóc nách màu hồng
tucked_leg,7,Chân giắt vào trong
arm_around_head,7,Cánh tay quanh đầu
pointed_tongue,7,Lưỡi nhọn
hand_on_tree,0,Bàn tay trên cây
asymmetrical_eyelashes,0,Lông mi bất đối xứng
feces_on_anus,7,Phân trên hậu môn
penis_sitting,7,Tư thế ngồi dương vật
dipstick_tail_feathers,7,Lông vũ đuôi hình que
glistening_toes,7,Ngón chân bóng nhẫy
tapering_horn,7,Sừng vót nhọn
reptilian_penis,7,Dương vật bò sát
eyebrow_wiggle,7,Lông mày lắc lư
tentacle_on_leg,7,Xúc tu trên chân
holding_to_chest,0,Đang cầm tới ngực
bare_hands,7,Bàn tay trần
presenting_nipples,0,Núm vú chĩa ra
cracked_horn,7,Sừng nứt
animal_in_mouth,0,Động vật trong miệng
foot_on_own_penis,7,Bàn chân trên dương vật của mình
floating_tail,7,Đuôi lơ lửng
countershade_anus,7,Hậu môn bóng ngược
quad_nipples,7,Bốn núm vú
pink_body_hair,7,Tóc cơ thể màu hồng
skin_pattern,7,Hoa văn da
pink_toe_claws,7,Móng vuốt ngón chân hồng
hair_mane,7,Bờm tóc
detailed_hair,7,Tóc có chi tiết
7_horns,7,Bảy cái sừng
closed_hands,7,Bàn tay khép
book_on_breasts,0,Sách trên ngực
nipple_size_difference,7,Chênh lệch kích thước núm vú
fluffy_feet,7,Bàn chân lông xù
eyebrows_(marking),7,Lông mày
penis_between_buttocks,7,Dương vật giữa mông
penis_on_leg,7,Dương vật trên chân
sitting_on_breasts,0,Đang ngồi trên ngực
featureless_nipples,7,Núm vú không chi tiết
face_blush,7,Má hồng mặt
covering_navel,0,Che rốn
balloon_belly,7,Bụng bóng bay
covering_anus,0,Che hậu môn
pride_color_tail,7,Đuôi màu tự hào
monotone_facial_hair,7,Tóc trên mặt một tông
arms_tied_above_head,7,Cánh tay được buộc bên trên đầu
staring_at_penis,7,Nhìn chằm chằm dương vật
ginger_fur,7,Lông gừng
arms_on_breasts,7,Cánh tay trên ngực
pussy_tongue,7,Lưỡi âm hộ
arrow_pointing_to_penis,7,Mũi tên chĩa ra tới dương vật
bound_tail,0,Đuôi bị trói
black_white_body,7,Cơ thể đen trắng
tail_transformation,7,Biến đổi đuôi
horn_penetration,7,Sự thâm nhập sừng
forehead_tuft,7,Túm lông trán
paper_in_mouth,0,Giấy trong miệng
foot_on_tail,7,Bàn chân trên đuôi
pseudo_pupils,7,Đồng tử giả
waist_tuft,7,Túm lông eo
cross_eyes,7,Mắt chữ thập
foot_growth,7,Sự mọc bàn chân
white_chest_hair,7,Tóc ngực màu trắng
metal_tongue,7,Lưỡi kim loại
eye_torture,7,Tra tấn mắt
mole_on_hand,0,Nốt ruồi trên bàn tay
banana_hair_ornament,0,Phụ kiện tóc chuối
two_tone_arm_warmers,7,Băng giữ ấm cánh tay hai tông
precum_from_mouth,7,Dịch tiền xuất tinh từ miệng
fingers_to_head,0,Ngón tay tới đầu
hand_on_nose,7,Bàn tay trên mũi
butterfly_on_hair,0,Bươm bướm trên tóc
painting_nails,7,Đang vẽ móng tay
feet_above_head,0,Bàn chân bên trên đầu
tentacle_vulva,7,Âm hộ xúc tu
tail_scrunchie,0,Dây buộc tóc đuôi
pencil_in_hair,0,Bút chì trong tóc
leash_between_breasts,0,Dây dắt giữa ngực
eyebrow_whiskers,7,Râu mèo lông mày
flat_tail,7,Đuôi phẳng
hand_in_water,7,Bàn tay trong nước
paint_on_hands,0,Màu vẽ trên bàn tay
touching_tongue,7,Chạm lưỡi
blushing_penis,7,Đỏ mặt nhìn dương vật
single_hand,0,Một bàn tay
leg_on_thigh,7,Chân trên đùi
sweaty_nipples,7,Núm vú đầm mồ hôi
biting_own_hand,0,Đang cắn bàn tay của mình
featureless_penis,7,Dương vật không chi tiết
multicolored_chest,7,Ngực nhiều màu
food_with_face,0,Thức ăn kèm khuôn mặt
pussy_juice_on_own_leg,7,Dịch âm hộ trên chân của mình
cosmic_body,7,Cơ thể vũ trụ
wing_horns,7,Sừng cánh
kangaroo_tail,0,Đuôi chuột túi
hairless_body,7,Cơ thể không lông
body_spikes,7,Gai nhọn cơ thể
tattoo_between_breasts,0,Hình xăm giữa ngực
dolphin_penis,0,Dương vật cá heo
talking_penis,7,Nói chuyện với dương vật
official_alternate_horns,0,Sừng chính thức khác
gripping_penis,7,Đang siết dương vật
cum_in_toes,7,Tinh dịch trong ngón chân
snake_mouth,0,Miệng rắn
two-tone_pubic_hair,0,Tóc vùng kín hai tông
tiger_hair_ornament,0,Phụ kiện tóc hổ
resting_arms,7,Nghỉ trên cánh tay
sticker_on_hair,0,Nhãn dán trên tóc
cybernetic_penis,7,Dương vật người máy cấy ghép
stickers_on_face,7,Nhãn dán trên khuôn mặt
standing_on_tail,7,Đang đứng trên đuôi
partially_clothed_female_nude_male,7,Nhân vật nam khỏa thân nữ mặc đồ một phần
gun_in_mouth,7,Súng trong miệng
lowered_tail,7,Đuôi hạ xuống
two_color_fur,7,Lông màu hai
stained_fur,7,Lông vấy bẩn
arm_frill,7,Diềm xếp cánh tay
hand_in_diaper,7,Bàn tay trong tã lót
heart_ahoge_duo,0,Hai người tạo hình trái tim bằng cọng tóc ngược
torn_arm,7,Cánh tay bị rách
cat_covering_ears_(meme),0,Tai mèo che
tied_mouth,7,Miệng được buộc
rainbow_horn,7,Sừng cầu vồng
one_ear,7,Một cái tai
symbol_on_chest,7,Biểu tượng trên ngực
beetle_horn,0,Sừng bọ
object_between_legs,7,Vật thể giữa đôi chân
sweaty_shoulders,7,Vai đầm mồ hôi
yellow_toe_claws,7,Móng vuốt ngón chân vàng
grey_feather_hair,7,Tóc lông vũ màu xám
red_toe_claws,7,Móng vuốt ngón chân đỏ
looking_back_through_legs,7,Ngoái nhìn xuyên qua đôi chân
flower_on_face,0,Hoa trên khuôn mặt
old_nail_(hollow_knight),0,Móng tay cũ
flower_mouth,7,Miệng hoa
purple_teeth,7,Răng tím
plaid_leg_warmers,0,Băng giữ ấm chân kẻ caro
anus_transformation,7,Sự biến đổi hậu môn
paw_in_mouth,7,Bàn chân thú trong miệng
obscured_mouth,7,Miệng bị che
ass_to_face,7,Mông tới khuôn mặt
kissing_chest,0,Hôn ngực
legs_held_up,7,Đôi chân được cầm hướng lên
holding_own_arm,7,Cầm cánh tay của mình
smooth_penis,7,Dương vật trơn
teal_pupils,7,Đồng tử xanh cổ vịt
rope_around_penis,7,Dây thừng quanh dương vật
penis_to_navel,0,Dương vật tới rốn
star-shaped_hair,0,Tóc hình ngôi sao
broken_finger,0,Ngón tay bị gãy
instrument_hair_ornament,0,Phụ kiện tóc nhạc cụ
fish_eye_view,7,Góc nhìn mắt cá
brown_pseudo-penis,7,Dương vật giả nâu
striped_breasts,7,Ngực kẻ sọc
cum_on_navel,7,Tinh dịch trên rốn
striped_nails,0,Móng tay kẻ sọc
ovipositor_in_mouth,7,Cơ quan đẻ trứng trong miệng
thick_back_hair,0,Tóc lưng dày
marks_on_body,7,Dấu trên cơ thể
8_horns,7,Tám cái sừng
hair_knot,0,Nút thắt tóc
plant_in_vagina,7,Thực vật trong âm đạo
object_in_penis,7,Vật thể trong dương vật
lipstick_on_breast,7,Son môi trên ngực
arm_on_hip,7,Cánh tay trên hông
tongue_bondage,7,Trói buộc lưỡi
looking_at_chest,7,Nhìn ngực
kicking_legs,7,Đang đá đôi chân
twitching_toes,7,Ngón chân giật giật
scales_on_shoulder,7,Vảy trên vai
two_tone_leg_warmers,7,Băng giữ ấm chân hai tông
two_tone_toes,7,Ngón chân hai tông
foot_on_vulva,7,Bàn chân trên âm hộ
burnt_hair,0,Tóc cháy
burning_hair,0,Tóc đang cháy
dark_eyelashes,7,Lông mi sẫm
hand_on_shoulders,7,Bàn tay trên vai
wide_tail,7,Đuôi rộng
cybernetic_ear,7,Tai người máy cấy ghép
hand_on_door,7,Bàn tay trên cánh cửa
lube_on_hand,7,Chất bôi trơn trên bàn tay
6_toes,7,Sáu ngón chân
rubbing_face,7,Đang xoa khuôn mặt
rubbing_hands,7,Đang xoa bàn tay
finger_on_nipple,0,Ngón tay trên núm vú
tail_star,7,Ngôi sao đuôi
face_in_pussy,7,Khuôn mặt trong âm hộ
saliva_on_tail,7,Nước bọt trên đuôi
holding_object_in_mouth,7,Cầm vật trong miệng
holding_own_horns,0,Cầm sừng của mình
body_chains,7,Dây chuyền cơ thể
nose_stud,0,Khuyên nụ mũi
object_to_mouth,0,Vật thể tới miệng
question_mark_ahoge,0,Tóc ahoge vệt hỏi
head_hair,7,Tóc đầu
balancing_on_finger,0,Giữ thăng bằng trên ngón tay
wing_fingers,7,Ngón tay cánh
headband_over_one_eye,0,Băng đô phía trên một con mắt
licking_between_toes,7,Đang liếm giữa ngón chân
fake_penis_shadow,0,Bóng dương vật giả
candy_apple_hair_ornament,0,Phụ kiện tóc táo kẹo
tongue_between_toes,7,Lưỡi giữa ngón chân
tail_on_fire,7,Đuôi trên lửa
striped_chest,7,Ngực kẻ sọc
money-shaped_pupils,0,Đồng tử hình tiền
donut_mouth,7,Miệng bánh donut
hair_on_floor,7,Tóc trên sàn nhà
blush_visible_through_hands,0,Đỏ mặt nhìn thấy được xuyên qua bàn tay
scars_on_chest,7,Sẹo trên ngực
monotone_pseudo_hair,7,Tóc một tông giả
urine_in_vagina,7,Nước tiểu trong âm đạo
hugging_arm,7,Ôm cánh tay
colored_fur,7,Lông nhuộm màu
penis_in_sex_toy,7,Dương vật trong đồ chơi tình dục
rainbow_inner_ear,7,Tai mặt trong cầu vồng
tan_tail_tuft,7,Túm lông đuôi nâu rám nắng
creature_on_hand,0,Sinh vật trên bàn tay
fangs_on_penis,7,Răng nanh trên dương vật
forepaw_on_penis,7,Bàn chân trước trên dương vật
hand_between_breasts,7,Bàn tay giữa ngực
arm_over_breasts,7,Cánh tay phía trên ngực
leg_back,7,Lưng chân
eyebrow_through_mane,7,Lông mày xuyên qua bờm
fluffy_ear,7,Tai lông xù
squeezing_belly,7,Đang bóp bụng
arrow_symbol_hair_ornament,0,Phụ kiện tóc mũi tên biểu tượng
7_eyes,7,Bảy con mắt
nail_hair_ornament,0,Phụ kiện tóc móng
holding_own_leg_back,0,Đưa cầm chân của mình ra sau
washing_face,0,Đang giặt khuôn mặt
bandaged_wings,0,Cánh băng bó
grey_toe_claws,7,Móng vuốt ngón chân xám
cybernetic_body,7,Cơ thể người máy cấy ghép
robotic_penis,7,Dương vật người máy
sand_on_foot,7,Cát trên bàn chân
tongue_on_face,7,Lưỡi trên khuôn mặt
tail_scales,7,Vảy đuôi
wringing_hair,0,Đang vắt tóc
holographic_horns,0,Sừng toàn ảnh
saliva_on_legs,7,Nước bọt trên đôi chân
ball_fur,7,Lông quả bóng
cheese_hair_ornament,0,Phụ kiện tóc phô mai
large_head_wings,0,Cánh đầu lớn
iridescent_skin,0,Da ánh kim
touching_own_face,7,Chạm khuôn mặt của mình
purple_finger_claws,7,Móng vuốt ngón tay tím
hands_on_mouth,7,Bàn tay trên miệng
hair_covering_nipples,7,Núm vú tóc che
spiked_tongue,7,Lưỡi có gai
painted_penis,7,Dương vật vẽ họa tiết
foot_on_wing,7,Bàn chân trên cánh
flower_on_tail,7,Hoa trên đuôi
eye_color_connection,0,Nối màu mắt
chocolate_hair_ornament,0,Phụ kiện tóc sô-cô-la
vulva_nipples,7,Núm vú âm hộ
shoulder_fluff,7,Lông tơ vai
lightning_tail,7,Đuôi sấm sét
glans_in_mouth,7,Quy đầu trong miệng
dark_tuft,7,Túm lông sẫm
crescent-shaped_pupils,0,Đồng tử hình lưỡi liềm
crotch_in_face,7,Đũng quần trong khuôn mặt
flaming_ears,0,Tai bốc cháy
unusual_anus,7,Hậu môn bất thường
balls_on_feet,7,Tinh hoàn trên bàn chân
feet_on_legs,7,Bàn chân trên đôi chân
creature_on_arm,0,Sinh vật trên cánh tay
micro_in_mouth,7,Rất nhỏ trong miệng
flaming_horns,0,Sừng bốc cháy
tucked_tail,7,Đuôi giắt vào trong
milk_on_face,7,Sữa trên khuôn mặt
dark_toes,7,Ngón chân sẫm
kissing_tail_mouth,7,Hôn miệng đuôi
neck_to_tail_bondage,7,Cổ tới trói buộc đuôi
multi_pupil,7,Nhiều đồng tử
nipple_blush,7,Má hồng núm vú
heart_eyebrows,7,Lông mày trái tim
red_finger_claws,7,Móng vuốt ngón tay đỏ
horn_spikes,7,Gai nhọn sừng
humanoid_hands_on_feral,7,Bàn tay dạng người trên động vật không nhân hóa
gold_tongue,7,Lưỡi vàng kim
tattoo_on_shoulder,7,Hình xăm trên vai
glowing_legs,0,Chân phát sáng
presenting_nipple,7,Núm vú chĩa ra
rainbow_feather_(pokemon),0,Lông vũ cầu vồng
penis_ornament,0,Đồ trang trí dương vật
penis_on_nose,7,Dương vật trên mũi
pride_color_arm_warmers,7,Băng giữ ấm cánh tay màu tự hào
arrow_pointing_to_belly,7,Mũi tên chĩa ra tới bụng
veiny_chest,7,Ngực lộ gân
veiny_wings,7,Cánh lộ gân
touching_toes,0,Chạm ngón chân
tail_in_cloaca,7,Đuôi trong lỗ huyệt
spoon_in_mouth,7,Thìa trong miệng
fur-trimmed_veil,0,Màn che mặt lông thú viền
heart_shaped_pupils,7,Đồng tử hình trái tim
hearts_around_penis,7,Trái tim quanh dương vật
hands_on_calves,7,Bàn tay trên bắp chân
hands_on_chin,7,Bàn tay trên cằm
drawn_nose,0,Mũi vẽ
looking_at_mouth,7,Nhìn miệng
hand_on_counter,7,Bàn tay trên quầy
fake_eyelashes,0,Lông mi giả
face_in_balls,7,Khuôn mặt trong tinh hoàn
black_hair_tip,7,Đầu chóp tóc đen
legs_over_shoulders,7,Đôi chân phía trên vai
nipple_to_tongue,7,Núm vú tới lưỡi
pokemon_wings,0,Cánh Pokémon
eye_over_eye,0,Mắt phía trên mắt
tentacle_in_nose,7,Xúc tu trong mũi
feces_on_arm,7,Phân trên cánh tay
penis_to_butt,7,Dương vật tới mông
leg_squeeze,7,Bóp chân
anus_mouth,7,Miệng hậu môn
jaw_horn,7,Sừng hàm
tail_between_buttocks,7,Đuôi giữa mông
unusual_mouth,7,Miệng bất thường
melting_body,7,Cơ thể đang tan chảy
hair_in_mouth,7,Tóc trong miệng
holding_own_legs,7,Cầm chân của mình
belly_up,7,Bụng hướng lên
monkey_feet,7,Bàn chân khỉ
rope_braid,0,Bím tóc dây thừng
briefs_around_one_leg,7,Quần lót tam giác quanh một chân
tail_wings,7,Cánh đuôi
ear_stripes,7,Sọc tai
standing_on_shoulders,7,Đang đứng trên vai
thick_feet,7,Bàn chân dày
hand_on_own_mouth,7,Bàn tay trên miệng của mình
horn_in_mouth,7,Sừng trong miệng
brown_body_hair,7,Tóc cơ thể màu nâu
lipstick_mark_on_anus,0,Dấu son môi trên hậu môn
steam_from_nose,0,Hơi nước từ mũi
heart_ears,7,Tai trái tim
iridescent_horn,7,Sừng ánh kim
saliva_on_teeth,7,Nước bọt trên răng
rainbow_tongue,7,Lưỡi cầu vồng
drill_horn,0,Sừng xoắn ốc
hands_in_front,7,Bàn tay trong phía trước
robotic_hands,7,Bàn tay người máy
hand_truck,0,Xe tải bàn tay
leg_on_table,7,Chân trên bàn
toned_legs,7,Chân thon săn
hand_on_surface,7,Bàn tay trên bề mặt
cat-shaped_pupils,0,Đồng tử hình mèo
smiling_eyes,7,Cười mắt
wing_eyes,7,Mắt cánh
tentacle_between_legs,0,Xúc tu giữa đôi chân
feces_on_tongue,7,Phân trên lưỡi
sitting_on_tongue,7,Đang ngồi trên lưỡi
micro_on_foot,7,Rất nhỏ trên bàn chân
horn_size_difference,7,Chênh lệch kích thước sừng
hamster_on_shoulder,0,Chuột hamster trên vai
foot_insertion,7,Đưa vào bàn chân
multicolored_facial_hair,7,Tóc trên mặt nhiều màu
tentacles_around_penis,7,Xúc tu quanh dương vật
finger_on_forehead,0,Ngón tay trên trán
arm_snake,0,Rắn cánh tay
cat_on_chest,0,Mèo trên ngực
cum_in_tail,7,Tinh dịch trong đuôi
banana_in_mouth,0,Chuối trong miệng
glistening_mouth,7,Miệng bóng nhẫy
heart_spade_tail,7,Đuôi trái tim hình cái xẻng
crystal_eye,0,Mắt pha lê
egg_from_mouth,7,Trứng từ miệng
pink_feather_hair,7,Tóc lông vũ màu hồng
belly_exposed,7,Bụng lộ ra
disembodied_face,0,Khuôn mặt tách rời
inverted_eyes,7,Mắt đảo ngược
disembodied_wings,7,Cánh tách rời
arm_on_breasts,7,Cánh tay trên ngực
cybernetic_wing,7,Cánh người máy cấy ghép
flag_in_mouth,7,Hình cờ trong miệng
pointed_bangs,0,Tóc mái nhọn
wrist_on_leg,7,Cổ tay trên chân
checkered_leg_warmers,0,Băng giữ ấm chân kẻ ca-rô
tied_to_penis,7,Trói vào dương vật
balloon_tail,7,Đuôi bóng bay
fur-trimmed_leg_warmers,0,Băng giữ ấm chân lông thú viền
tongue_around_neck,7,Lưỡi quanh cổ
writing_on_hand,0,Chữ viết trên bàn tay
censored_ears,0,Tai đã kiểm duyệt
alternate_eyebrow_color,0,Màu lông mày khác
hyper_muscle_growth,7,Sự mọc cơ phóng đại
chest_to_chest,7,Ngực tới ngực
liquid_body,0,Cơ thể dạng lỏng
face_in_armpit,0,Khuôn mặt trong nách
rabbit_ears_antenna,0,Ăng-ten tai thỏ
stepping_on_chest,7,Bước ngực
hair_expansion,7,Độ giãn tóc
feet_crossed,7,Bàn chân bắt chéo
leg_over_shin,7,Chân phía trên cẳng chân
notched_ears,0,Tai chẻ
hand_fetish,7,Sở thích bàn tay
object_in_hand,7,Vật thể trong bàn tay
rubbing_ears,0,Đang xoa tai
swinging_tail,7,Đung đưa đuôi
person_on_hand,0,Người trên bàn tay
bodily_fluids_from_mouth,7,Dịch cơ thể từ miệng
hand_on_own_pussy,7,Bàn tay trên âm hộ của mình
demon_eyes,7,Mắt quỷ
shoulder_pouch,0,Túi con vai
green_nail_polish,7,Sơn móng tay xanh lá
sentient_ears,7,Tai có tri giác
canine_penis_tongue,7,Lưỡi dương vật chó
animal_ear_headband,0,Băng đô tai động vật
blood_on_hair,7,Máu trên tóc
body_inside_body,7,Cơ thể bên trong cơ thể
goo_in_mouth,7,Nhầy trong miệng
body_of_water,7,Cơ thể nước
hand_on_dildo,7,Bàn tay trên dương vật giả
tail_claws,7,Móng vuốt đuôi
partially_clothed_anthro_nude_male,7,Nhân vật nam khỏa thân nhân hóa mặc đồ một phần
tongue_pull,7,Kéo lưỡi
precum_on_tail,7,Dịch tiền xuất tinh trên đuôi
arm_fluff,7,Lông tơ cánh tay
grey_pseudo_hair,7,Tóc giả màu xám
10_nipples,7,Mười núm vú
fingers_in_hair,7,Ngón tay trong tóc
large_arm,0,Cánh tay lớn
vine_on_leg,0,Dây leo trên chân
breasts_on_shoulders,0,Ngực trên vai
robot_legs,7,Chân người máy
breast_band,0,Dải băng ngực
belly_outline,7,Đường viền bụng
wild_hair,7,Tóc dã ngoại
arm_torture,7,Tra tấn cánh tay
belly_on_penis,7,Bụng trên dương vật
bare_skin,7,Da trần
feces_on_feet,7,Phân trên bàn chân
penis_across_breasts,7,Dương vật ngang qua ngực
fake_pointy_ears,0,Tai giả nhọn
cum_on_chest_fluff,7,Tinh dịch trên lông tơ ngực
presenting_penis_tip,7,Đầu chóp dương vật chĩa ra
sparkling_fur,7,Lông lấp lánh
finger_painting,0,Bức tranh ngón tay
boar_tail,0,Đuôi lợn rừng
rhinoceros_tail,0,Đuôi tê giác
food_on_belly,7,Thức ăn trên bụng
spider_hair_ornament,0,Phụ kiện tóc nhện
stepping_on_genitals,7,Bước bộ phận sinh dục
hairless_fingers,7,Ngón tay không lông
toe_bondage,7,Trói buộc ngón chân
fur-trimmed_overskirt,0,Chân váy phủ ngoài lông thú viền
halo_around_horn,0,Vầng hào quang quanh sừng
humanoid_legs,7,Chân dạng người
fur_arm_warmers,0,Băng giữ ấm cánh tay lông thú
fur_gauntlets,7,Găng tay giáp lông thú
nipple_growth,7,Sự mọc núm vú
leg_press,7,Ép chân
tongue_between_breasts,7,Lưỡi giữa ngực
hand_tied,7,Bàn tay được buộc
mouth_to_ass,7,Miệng tới mông
fluffy_eyebrows,7,Lông mày lông xù
butt_mouth,7,Miệng mông
two_toned_body,7,Cơ thể thon săn hai
blood_on_eye,7,Máu trên mắt
bound_hair,0,Tóc bị trói
humanoid_penis_tentacles,7,Xúc tu dương vật dạng người
micro_between_breasts,7,Rất nhỏ giữa ngực
translucent_tongue,7,Lưỡi bán trong suốt
raised_shoulder,7,Vai dựng lên
silver_tail,7,Đuôi bạc
leg_on_furniture,7,Chân trên đồ nội thất
spiked_body,7,Cơ thể có gai
horn_lick,7,Liếm sừng
finger_marks,0,Dấu ngón tay
one_wing,7,Một cánh
hands_crossed,7,Bàn tay bắt chéo
arm_around_chest,0,Cánh tay quanh ngực
feces_on_belly,7,Phân trên bụng
star_in_pupils,7,Ngôi sao trong đồng tử
energy_hair,0,Tóc năng lượng
metal_legs,7,Chân kim loại
red_chest_hair,7,Tóc ngực màu đỏ
ear_tug,0,Đang kéo tai
floating_feet,7,Bàn chân lơ lửng
bouncing_flat_chest,0,Ngực nảy phẳng
melting_tail,0,Đuôi đang tan chảy
severed_ear,0,Tai bị cắt lìa
forked_hair,0,Tóc chẻ đôi
arm_scales,7,Vảy cánh tay
hands_on_tail,7,Bàn tay trên đuôi
translucent_handwear,7,Đồ che tay bán trong suốt
purple_feather_hair,7,Tóc lông vũ màu tím
snake_tongue_(polearm),0,Lưỡi rắn
licking_arm,7,Đang liếm cánh tay
antelope_horn,7,Sừng linh dương
multiple_arm_straps,0,Dây đeo cánh tay nhiều
belly_on_back,7,Bụng trên lưng
tongue_in_slit,7,Lưỡi trong xẻ tà
cum_on_horns,0,Tinh dịch trên sừng
teal_ear_tips,7,Đầu chóp tai xanh cổ vịt
hand_on_glans,7,Bàn tay trên quy đầu
both_hands_on_balls,7,Cả hai bàn tay trên tinh hoàn
spiked_arms,7,Cánh tay có gai
folded_legs,7,Đôi chân gấp lại
folded_ear,0,Tai gấp lại
collar_on_penis,7,Vòng cổ trên dương vật
cosmic_penis,7,Dương vật vũ trụ
mouse_hair_ornament,0,Phụ kiện tóc chuột
animal_ear_balloon,7,Bóng bay tai động vật
gripping_tail,7,Đang siết đuôi
dildo_in_nipple,7,Dương vật giả trong núm vú
fluffy_face,7,Khuôn mặt lông xù
mouse_on_shoulder,0,Chuột nhắt trên vai
touching_legs,7,Chạm đôi chân
belly_stripes,7,Sọc bụng
white_feather_hair,7,Tóc lông vũ màu trắng
arm_eye,0,Mắt cánh tay
multicolored_lips,0,Môi nhiều màu
star-shaped_pubic_hair,0,Tóc hình vùng kín ngôi sao
sweaty_hands,7,Bàn tay đầm mồ hôi
pointing_at_foot,7,Chỉ vào bàn chân
veiny_nipples,7,Núm vú lộ gân
pointing_at_belly,7,Chỉ vào bụng
dirty_body,7,Cơ thể bẩn
forehead_eye,7,Mắt trán
bangs_over_eyes,7,Tóc mái phía trên mắt
detailed_ear,7,Tai có chi tiết
chick_hair_ornament,0,Phụ kiện tóc gà con
tongue_around_body,7,Lưỡi quanh cơ thể
penis_in_pseudo-penis,7,Dương vật trong dương vật giả
doll_on_shoulder,0,Búp bê trên vai
holding_own_belly,7,Cầm bụng của mình
tail_under_leg,7,Đuôi bên dưới chân
penis_cuff,7,Ống tay dương vật
penis_on_anus,7,Dương vật trên hậu môn
wing_hold,0,Cái giữ cánh
anal_beads_in_mouth,7,Hạt chuỗi hậu môn trong miệng
single_mechanical_wing,0,Cánh một chiếc cơ khí
two_tone_facial_hair,7,Tóc trên mặt hai tông
pride_color_body,7,Cơ thể màu tự hào
body_stripes,7,Sọc cơ thể
grey_armpit_hair,0,Tóc nách màu xám
tentacle_around_foot,7,Xúc tu quanh bàn chân
french_braid,7,Bím tóc Pháp
furry_body,7,Cơ thể nhiều lông
finger_under_chin,7,Ngón tay bên dưới cằm
rabbit_feet,7,Bàn chân thỏ
balloon_in_mouth,7,Bóng bay trong miệng
leg_behind_head,7,Chân phía sau đầu
teal_belly,7,Bụng xanh cổ vịt
detached_hand,7,Bàn tay tách rời
iridescent_eyes,7,Mắt ánh kim
avian_hands,7,Bàn tay chim
lying_on_tongue,7,Đang nằm trên lưỡi
dipstick_penis,7,Dương vật hình que
missing_nose,0,Mũi thiếu
foot_scar,7,Sẹo bàn chân
lobster_tail,0,Đuôi tôm hùm
smiley_face_print,0,Họa tiết mặt mỉm cười
heart_hair,7,Tóc trái tim
robotic_tongue,7,Lưỡi người máy
finger_grab,0,Bóp ngón tay
nude_to_clothed,7,Khỏa thân tới mặc quần áo
metal_hand,7,Bàn tay kim loại
leg_around_head,7,Chân quanh đầu
showing_leg,7,Đang cho thấy chân
breast_in_mouth,7,Ngực trong miệng
translucent_horn,7,Sừng bán trong suốt
petals_in_mouth,0,Cánh hoa trong miệng
brown_mouth,7,Miệng nâu
flaming_eyebrows,7,Lông mày bốc cháy
sticker_on_chest,0,Nhãn dán trên ngực
tail_ovipositor,7,Cơ quan đẻ trứng đuôi
feet_towards_viewer,7,Bàn chân về phía người xem
hand_on_jaw,7,Bàn tay trên hàm
eye_on_belly,0,Mắt trên bụng
prehensile_toes,0,Ngón chân có khả năng quấn
tongue_on_tongue,7,Lưỡi trên lưỡi
yellow_ear_fluff,7,Lông tơ tai vàng
yellow_feather_hair,7,Tóc lông vũ màu vàng
two-tone_eyebrows,0,Lông mày hai tông
eye_expansion,7,Độ giãn mắt
penis_in_nose,7,Dương vật trong mũi
wax_seal_hair_ornament,0,Phụ kiện tóc hải cẩu sáp
lube_on_anus,7,Chất bôi trơn trên hậu môn
crescent_wing_ornament,0,Đồ trang trí cánh hình lưỡi liềm
gradient_skin,7,Da chuyển sắc
feather_ear,7,Tai lông vũ
eyes_up,7,Mắt hướng lên
horse_legs,0,Chân ngựa
pubic_hair_pull,0,Đang kéo lông mu
licking_own_tail,0,Đang liếm đuôi của mình
feet_on_shoulders,7,Bàn chân trên vai
touching_anus,7,Chạm hậu môn
button_nipples,7,Núm vú cúc
light_lips,7,Môi nhạt
candy_in_mouth,7,Kẹo trong miệng
larger_penis_in_smaller,7,Dương vật to hơn trong nhỏ hơn
tail_legs,0,Chân đuôi
magic_hand,7,Bàn tay phép thuật
bulging_belly,7,Bụng lồi
purple_tail_feathers,7,Lông vũ đuôi tím
partially_open_mouth,7,Miệng một phần mở
hairy_penis,7,Dương vật nhiều lông
swinging_arms,0,Đung đưa cánh tay
fur_spots,7,Đốm lông thú
hand_under_head,7,Bàn tay bên dưới đầu
severed_tongue,0,Lưỡi bị cắt lìa
bed_hair,7,Tóc giường
chest_vulva,7,Âm hộ ngực
chubby_penis,7,Dương vật mũm mĩm
unicorn_tail,0,Đuôi kỳ lân
red_body_hair,7,Tóc cơ thể màu đỏ
hair_in_face,7,Tóc trong khuôn mặt
dark_tail_feathers,7,Lông vũ đuôi sẫm
shaved_breasts,7,Ngực cạo ngắn
rock_skin,0,Da tảng đá
forked_horn,7,Sừng chẻ đôi
breast_worship,7,Sự sùng bái ngực
star_hands,0,Bàn tay ngôi sao
bandaged_hands,7,Bàn tay băng bó
gripping_leg,7,Đang siết chân
winged_hands,7,Bàn tay có cánh
single_animal_ear,0,Tai động vật một chiếc
wet_fingers,7,Ngón tay ướt
blood_on_ear,7,Máu trên tai
feet_in_food,0,Bàn chân trong thức ăn
spit_in_mouth,7,Nước bọt trong miệng
talking_to_penis,7,Nói chuyện với dương vật
navy_hair,7,Tóc xanh navy
hood_over_one_eye,0,Mũ trùm phía trên một con mắt
tentacle_hair_ornament,0,Phụ kiện tóc xúc tu
gauze_on_hand,0,Gạc y tế trên bàn tay
pointy_fingers,7,Ngón tay nhọn
hands_out,7,Dạng bàn tay ra
flower_in_ear,7,Hoa trong tai
hand_on_furniture,7,Bàn tay trên đồ nội thất
kiss_on_breast,7,Hôn trên ngực
straight_tail,7,Đuôi thẳng
short_braided_ponytail,0,Tóc đuôi ngựa ngắn tết
body_fins,0,Vây cơ thể
body_transformation,7,Sự biến đổi cơ thể
presenting_legs,0,Chân chĩa ra
penis_behind_thighs,7,Dương vật phía sau đùi
penis_head,0,Đầu dương vật
inflated_tail,7,Đuôi phồng to
excessive_hair,7,Tóc quá nhiều
animal_on_finger,0,Động vật trên ngón tay
hairless_face,7,Khuôn mặt không lông
maroon_body,7,Cơ thể nâu đỏ
penis_scar,7,Sẹo dương vật
head_penis,7,Dương vật đầu
wet_belly,7,Bụng ướt
forepaw_on_chest,7,Bàn chân trước trên ngực
countershade_hair,7,Tóc bóng ngược
lightning_hair,0,Tóc sấm sét
toe_markings,7,Vằn ngón chân
body_penetration,7,Sự thâm nhập cơ thể
small_teeth,7,Răng nhỏ
bruise_on_hand,0,Vết bầm trên bàn tay
mouth_grab,7,Bóp miệng
hand_drill,0,Tóc xoắn bàn tay
snake_eyes,7,Mắt rắn
aqua_leg_warmers,0,Băng giữ ấm chân xanh ngọc
hands_on_own_thigh,0,Bàn tay trên đùi của mình
diamond_hands,0,Bàn tay hình thoi
bandage_on_chest,0,Băng quấn trên ngực
arm_in_water,7,Cánh tay trong nước
large_teeth,7,Răng lớn
breasts_on_thighs,0,Ngực trên đùi
tail_on_balls,7,Đuôi trên tinh hoàn
pokemon_on_leg,0,Pokémon trên chân
foot_on_knee,7,Bàn chân trên đầu gối
split_color_body,7,Cơ thể màu chia hai
pussy_ejaculation_in_mouth,7,Xuất tinh âm hộ trong miệng
knee_to_face,0,Đầu gối tới khuôn mặt
pointy_penis,7,Dương vật nhọn
topwear_in_mouth,7,Trang phục thân trên trong miệng
mouth_visible_through_hair,0,Miệng nhìn thấy được xuyên qua tóc
finger_between_breasts,0,Ngón tay giữa ngực
neck_hair,7,Tóc cổ
teal_lips,7,Môi xanh cổ vịt
penis_between_pecs,7,Dương vật giữa cơ ngực
foot_on_arm,7,Bàn chân trên cánh tay
bone_in_hair,7,Xương trong tóc
chicken_wings,7,Cánh gà
nail_in_head,0,Móng tay trong đầu
acorn_hair_ornament,0,Phụ kiện tóc quả sồi
aqua_nipples,0,Núm vú xanh ngọc
hand_hold,7,Cái giữ bàn tay
hands_on_partner,7,Bàn tay trên bạn tình
arms_held_back,7,Cánh tay được cầm ngả về sau
starry_fur,7,Lông đầy sao
eyebrow_through_pseudo_hair,7,Lông mày xuyên qua tóc kết từ vật khác
hand_on_sword,7,Bàn tay trên kiếm
hand_on_pillow,7,Bàn tay trên gối
fake_cat_tail,7,Đuôi mèo giả
magic_eye,7,Mắt phép thuật
detailed_tongue,7,Lưỡi có chi tiết
gold_tail,0,Đuôi vàng kim
body_rings,7,Nhẫn cơ thể
anal_fluids_on_penis,7,Dịch hậu môn trên dương vật
gold_ear_stud,7,Khuyên nụ tai vàng kim
arm_hold,7,Cái giữ cánh tay
pointy_feet,7,Bàn chân nhọn
penis_fingers,7,Ngón tay dương vật
arm_on_stomach,7,Cánh tay trên bụng
vibrator_on_feet,7,Đồ chơi rung trên bàn chân
hair_on_tail,0,Tóc trên đuôi
tentacle_with_mouth,0,Xúc tu kèm miệng
genitals_through_zipper,7,Bộ phận sinh dục xuyên qua khóa kéo
black_body_hair,7,Tóc cơ thể màu đen
hugging_tongue,7,Ôm lưỡi
starry_body,7,Cơ thể đầy sao
turquoise_nipples,7,Núm vú xanh ngọc lam
leg_frill,7,Diềm xếp chân
slim_tail,7,Đuôi thon
leg_shaking,7,Chân run lên
vagina_on_penis,7,Âm đạo trên dương vật
face_in_anus,7,Khuôn mặt trong hậu môn
stepping_on_tail,7,Bước đuôi
ahoge_grab,0,Bóp tóc ahoge
double_shoulder_grab,7,Bóp vai kép
penis_in_stomach,7,Dương vật trong bụng
orange_tail_feathers,7,Lông vũ đuôi cam
bulge_on_face,7,Phần phồng lên trên khuôn mặt
ear_petting,7,Đang vuốt ve tai
condom_on_face,0,Bao cao su trên khuôn mặt
condom_on_tongue,0,Bao cao su trên lưỡi
key_in_mouth,0,Chìa khóa trong miệng
gold_wings,7,Cánh vàng kim
tail_lock,0,Lọn tóc đuôi
sparse_back_hair,0,Tóc lưng thưa
brown_feather_hair,7,Tóc lông vũ màu nâu
number-shaped_hands,0,Bàn tay chữ số hình
stars_around_body,7,Ngôi sao quanh cơ thể
eyebrows_visible_through_headband,0,Lông mày nhìn thấy được xuyên qua băng đô
iron_hands_(warhammer),0,Bàn tay sắt
milk_on_body,7,Sữa trên cơ thể
controller_hair_ornament,0,Phụ kiện tóc tay cầm
head_mouth,7,Miệng đầu
ruffled_fur,7,Lông xếp tầng
bolt_hair_ornament,0,Phụ kiện tóc bu lông
vaginal_fluids_on_belly,7,Dịch âm đạo trên bụng
thick_fingers,7,Ngón tay dày
rubbing_feet,7,Đang xoa bàn chân
light_mouth,7,Miệng nhạt
face_hold,0,Cái giữ mặt
floating_horn,7,Sừng lơ lửng
feces_in_penis,7,Phân trong dương vật
precum_on_body,7,Dịch tiền xuất tinh trên cơ thể
blue_hand,7,Bàn tay xanh dương
hand_on_anus,7,Bàn tay trên hậu môn
hands_on_knee,7,Bàn tay trên đầu gối
feces_on_breasts,7,Phân trên ngực
drooling_into_mouth,7,Đang chảy dãi vào trong miệng
hand_on_shield,0,Bàn tay trên khiên
french_braided_ponytail,0,Tóc đuôi ngựa Pháp tết
sweaty_ears,7,Tai đầm mồ hôi
face_chain,0,Dây chuyền mặt
multicolored_pupils,7,Đồng tử nhiều màu
two_tone_feather_hair,7,Tóc lông vũ hai tông
two_tone_pupils,7,Đồng tử hai tông
tongue_mouth,7,Miệng lưỡi
12_breasts,7,Mười hai ngực
tail_blush,0,Má hồng đuôi
single_extra_arm,0,Cánh tay một chiếc phụ thêm
arm_on_ground,7,Cánh tay trên mặt đất
ribbed_horn,7,Sừng sống dọc
hands_on_shins,7,Bàn tay trên cẳng chân
metal_horn,7,Sừng kim loại
legs_lifted,7,Đôi chân nâng lên
foot_in_ass,7,Bàn chân trong mông
flower_on_ear,7,Hoa trên tai
arrow_pointing_to_mouth,7,Mũi tên chĩa ra tới miệng
tentacle_on_chest,7,Xúc tu trên ngực
ear_hair,7,Tóc tai
flaming_body,7,Cơ thể bốc cháy
pulling_arms,7,Đang kéo cánh tay
chubby_legs,7,Chân mũm mĩm
mouth_fetish,7,Sở thích miệng
tail_on_head,7,Đuôi trên đầu
eye_banner_(trend),0,Biểu ngữ mắt
tail_stomach,7,Bụng đuôi
tongue_heart,7,Trái tim lưỡi
tongue_insertion,7,Đưa vào lưỡi
torn_face,7,Khuôn mặt bị rách
holding_nipples,7,Cầm núm vú
saliva_on_arms,7,Nước bọt trên cánh tay
stitched_tail,0,Đuôi khâu
huge_eyelashes,7,Lông mi khổng lồ
syringe_tail,7,Đuôi ống tiêm
wing_pattern,7,Hoa văn cánh
humanoid_lips,7,Môi dạng người
hairy_nipples,7,Núm vú nhiều lông
hunting_horn,0,Sừng săn mồi
striped_belly,7,Bụng kẻ sọc
hands_over_eyes,7,Bàn tay phía trên mắt
drill_arm,7,Cánh tay xoắn ốc
licking_eye,0,Đang liếm mắt
rope_in_mouth,7,Dây thừng trong miệng
glowing_finger,0,Ngón tay phát sáng
object_between_toes,7,Vật thể giữa ngón chân
metallic_wings,7,Cánh ánh kim
candy_corn_horns,7,Sừng ngô kẹo
ahoge_removed,0,Tóc chỉa đã tháo ra
multiple_tongue_piercings,7,Khuyên lưỡi nhiều
gold_hair_ornament,7,Phụ kiện tóc vàng kim
see-through_breast_curtains,0,Rèm ngực xuyên thấu
scar_on_foot,0,Sẹo trên bàn chân
knife_in_chest,0,Con dao trong ngực
mushroom_penis,7,Dương vật nấm
on_top_of_penis,7,Ở phía trên dương vật
pencil_to_face,0,Bút chì tới khuôn mặt
steam_from_ears,0,Hơi nước từ tai
no_lips,0,Không có môi
hoof_on_penis,7,Móng guốc trên dương vật
cat_face_sticker,0,Nhãn dán mặt mèo
dragon_hair_ornament,0,Phụ kiện tóc rồng
snake_arms,7,Cánh tay rắn
hand_in_pouch,7,Bàn tay trong túi con
belly_shot,7,Cắt cảnh bụng
arms_on_own_breasts,7,Cánh tay trên ngực của mình
flower_in_fur,7,Hoa trong lông thú
head_in_hand,7,Đầu trong bàn tay
mouth_strap,7,Dây đeo miệng
tail_on_sofa,7,Đuôi trên ghế bành
penis_popsicle,7,Cây kem que dương vật
butterfly_on_mouth,0,Bươm bướm trên miệng
exposed_leg,7,Lộ chân
flag_nails,0,Móng tay hình cờ
veil_over_one_eye,0,Màn che mặt phía trên một con mắt
orange_feather_hair,7,Tóc lông vũ màu cam
prosthetic_fingers,0,Ngón tay nhân tạo
huge_nails,7,Móng tay khổng lồ
tentacles_around_tail,7,Xúc tu quanh đuôi
blood_from_ears,0,Máu từ tai
eye_behind_hair,7,Mắt phía sau tóc
human_hair,7,Tóc người
hair_bite,7,Cắn tóc
bandaged_legs,7,Chân băng bó
tail_mouth_penetration,7,Sự thâm nhập miệng đuôi
flower_on_shoulder,0,Hoa trên vai
leg_behind_shoulder,0,Chân phía sau vai
hands_behind_neck,7,Bàn tay phía sau cổ
hand_on_planet,7,Bàn tay trên hành tinh
foot_on_wall,7,Bàn chân trên bức tường
tentacle_on_face,7,Xúc tu trên khuôn mặt
burnt_tongue,0,Lưỡi cháy
glowing_hair_tips,7,Đầu chóp tóc phát sáng
no_prosthetic_leg,0,Không có chân nhân tạo
cyan_mouth,7,Miệng xanh lơ
holding_up_breasts,7,Cầm lên ngực
legs_on_furniture,7,Đôi chân trên đồ nội thất
pussy_juice_on_own_hand,7,Dịch âm hộ trên bàn tay của mình
ear_scratch,7,Cào tai
tentacle_around_arms,7,Xúc tu quanh cánh tay
ethereal_wings,7,Cánh thoát tục
barely_visible_tail,7,Đuôi hầu như không lộ rõ
gripping_arms,7,Đang siết cánh tay
nipple_to_penis,7,Núm vú tới dương vật
ofuda_over_one_eye,0,Bùa ofuda phía trên một con mắt
tongue_on_breast,7,Lưỡi trên ngực
cow_hair_ornament,0,Phụ kiện tóc bò
tentacle_around_legs,7,Xúc tu quanh đôi chân
wrist_under_leg,7,Cổ tay bên dưới chân
holographic_ears,0,Tai toàn ảnh
saliva_on_belly,7,Nước bọt trên bụng
penis_on_thighs,7,Dương vật trên đùi
circle_hands,0,Bàn tay hình tròn
transparent_tail,7,Đuôi trong suốt
alternate_tail_color,0,Màu đuôi khác
feline_nose,7,Mũi mèo
hands_on_wrists,7,Bàn tay trên cổ tay
foot_in_pussy,7,Bàn chân trong âm hộ
spotted_hands,7,Bàn tay có đốm
spotted_feet,7,Bàn chân có đốm
sphere_body,0,Cơ thể hình cầu
chest_torture,7,Tra tấn ngực
arms_pulled_back,7,Cánh tay kéo ngả về sau
snake_penis,0,Dương vật rắn
rolled_back_eyes,7,Mắt lưng cuộn lên
shadow_on_face,7,Bóng đổ trên khuôn mặt
touching_own_legs,7,Chạm chân của mình
legs_behind_back,7,Đôi chân phía sau lưng
dildo_with_face,7,Dương vật giả kèm khuôn mặt
spoken_hand,0,Bàn tay trong bóng thoại
fake_eyes,7,Mắt giả
pushing_down_penis,7,Đang đẩy xuống dương vật
star_ahoge,0,Tóc ahoge ngôi sao
pseudo_hair_over_eye,7,Tóc kết từ vật khác phía trên mắt
eye_outline,7,Đường viền mắt
obscured_penis,7,Dương vật bị che
glistening_fingernails,7,Móng tay bóng nhẫy
countershade_inner_ear,7,Tai bóng ngược mặt trong
foot_on_neck,7,Bàn chân trên cổ
stone_body,7,Cơ thể đá
micro_on_nipple,7,Rất nhỏ trên núm vú
lace_arm_warmers,0,Băng giữ ấm cánh tay ren
blood_on_nose,0,Máu trên mũi
striped_arm,7,Cánh tay kẻ sọc
tail_weapon,7,Vũ khí đuôi
tongue_around_balls,7,Lưỡi quanh tinh hoàn
paintbrush_in_mouth,0,Cọ vẽ trong miệng
carrot_nose,7,Mũi cà rốt
finger_in_navel,0,Ngón tay trong rốn
finger_curl,7,Lọn tóc xoăn ngón tay
short_messy_bangs,0,Tóc mái ngắn rối
water_body,7,Cơ thể nước
red_ear_fluff,7,Lông tơ tai đỏ
hairy_tail,7,Đuôi nhiều lông
white_face_paint,7,Màu vẽ mặt trắng
hands_on_own_back,0,Bàn tay trên của mình ngả về sau
arm_behind_leg,0,Cánh tay phía sau chân
koala_ears,0,Tai koala
microphone_between_breasts,0,Micro giữa ngực
muscular_wings,7,Cánh cơ bắp
meat_hair_ornament,0,Phụ kiện tóc thịt
fur-trimmed_pajamas,0,Đồ ngủ lông thú viền
lipstick_mark_on_hand,0,Dấu son môi trên bàn tay
blue_body_hair,7,Tóc cơ thể màu xanh dương
cow_horns_crown,7,Vương miện sừng bò
hand_on_own_tentacles,0,Bàn tay trên xúc tu của mình
bottomless_to_nude,7,Không mặc quần tới khỏa thân
rainbow_skin,0,Da màu cầu vồng
horn_(musical_instrument),7,Sừng
foot_on_object,7,Bàn chân trên vật thể
multicolored_teeth,0,Răng nhiều màu
two_tone_eyebrows,7,Lông mày hai tông
glowing_ear_tips,7,Đầu chóp tai phát sáng
grey_hair_tips,7,Đầu chóp tóc xám
missing_anus,7,Hậu môn thiếu
back_horn,7,Sừng lưng
urine_from_nose,7,Nước tiểu từ mũi
no_fur,7,Không có lông thú
smooth_tail,7,Đuôi trơn
leg_growth,7,Sự mọc chân
pudding_hair_ornament,0,Phụ kiện tóc bánh pudding
penis_lift,7,Nâng lên dương vật
penis_on_lips,7,Dương vật trên môi
black_striped_body,7,Cơ thể kẻ sọc đen
mouth_markings,7,Vằn miệng
holographic_fur,7,Lông toàn ảnh
carrot_in_mouth,7,Cà rốt trong miệng
nose_tuft,7,Túm lông mũi
finger_tuft,7,Túm lông ngón tay
holographic_wings,0,Cánh toàn ảnh
eye_ridges,7,Gờ mắt
toe_insertion,7,Đưa vào ngón chân
brown_eye_patch,7,Miếng vá mắt nâu
rubber_duck_hair_ornament,0,Phụ kiện tóc vịt cao su
1_finger,7,Một ngón tay
looking_at_muscles,7,Nhìn cơ
hair_masturbation,7,Thủ dâm tóc
hair_over_ass,0,Tóc phía trên mông
legs_around_neck,7,Đôi chân quanh cổ
narrow_shoulders,7,Vai hẹp
throbbing_anus,7,Hậu môn giật thình thịch
urine_on_fur,7,Nước tiểu trên lông thú
leaf_legs,7,Chân chiếc lá
cheek_horns,7,Sừng gò má
multi_penis_bulge,7,Chỗ lùm lùm dương vật nhiều
breast_on_table,7,Ngực trên bàn
foot_hug,7,Ôm bàn chân
hand_behind_butt,7,Bàn tay phía sau mông
cum_on_own_wings,7,Tinh dịch trên cánh của mình
bee_hair_ornament,0,Phụ kiện tóc ong
arms_in_water,7,Cánh tay trong nước
hand_under_pillow,0,Bàn tay bên dưới gối
hands_under_chin,0,Bàn tay bên dưới cằm
bandaged_arms,7,Cánh tay băng bó
arm_under_legs,7,Cánh tay bên dưới đôi chân
arm_on_chest,7,Cánh tay trên ngực
splayed_fingers,7,Ngón tay xòe
blood_wings,0,Cánh máu
arm_expansion,7,Độ giãn cánh tay
mechanical_body,7,Cơ thể cơ khí
muscle_loss,7,Sự mất cơ
wing_star,0,Ngôi sao cánh
bandaged_body,7,Cơ thể băng bó
bandage_on_ears,7,Băng quấn trên tai
hand_on_sofa,7,Bàn tay trên ghế bành
tongue_around_breast,7,Lưỡi quanh ngực
wide_chest,7,Ngực rộng
foot_on_mouth,7,Bàn chân trên miệng
darkened_inner_ear,7,Tai tối đi mặt trong
egg_in_nipples,7,Trứng trong núm vú
blanket_over_legs,0,Chăn phía trên đôi chân
tail_focus,0,Trọng tâm đuôi
tail_bun,7,Búi tóc đuôi
giraffe_penis,7,Dương vật hươu cao cổ
pulling_mouth,7,Đang kéo miệng
dirty_arm,0,Cánh tay bẩn
arrow_pointing_to_face,7,Mũi tên chĩa ra tới khuôn mặt
rubbing_anus,7,Đang xoa hậu môn
belly_fetish,7,Sở thích bụng
star_hair_bun,0,Búi tóc ngôi sao
star_in_mouth,0,Ngôi sao trong miệng
disembodied_breasts,7,Ngực tách rời
brown_nose_horn,7,Sừng mũi nâu
black_spotted_fur,7,Lông có đốm đen
translucent_pseudo_hair,7,Tóc bán trong suốt giả
wrists_to_legs,7,Cổ tay tới đôi chân
saliva_on_lips,7,Nước bọt trên môi
long_belly,7,Bụng dài
pen_behind_ear,0,Bút máy phía sau tai
eyes_over_blush,0,Mắt phía trên đỏ mặt
gun_on_shoulder,7,Súng trên vai
prosthetic_wing,7,Cánh nhân tạo
dark_tail_tip,7,Đầu chóp đuôi sẫm
nut_hair_ornament,0,Phụ kiện tóc đai ốc
licking_own_arm,0,Đang liếm cánh tay của mình
triangle-shaped_pubic_hair,0,Tóc hình vùng kín hình tam giác
leg_bite,7,Cắn chân
object_on_shoulder,7,Vật thể trên vai
tail_feathers_tuft,7,Túm lông đuôi lông vũ
small_face,0,Khuôn mặt nhỏ
cream_on_hands,0,Màu kem trên bàn tay
rainbow_arm_warmers,7,Băng giữ ấm cánh tay cầu vồng
pig_hair_ornament,0,Phụ kiện tóc lợn
camel_tail,0,Đuôi lạc đà
glowing_arms,7,Cánh tay phát sáng
pink_finger_claws,7,Móng vuốt ngón tay hồng
ass_on_face,7,Mông trên khuôn mặt
vaginal_fluids_in_mouth,7,Dịch âm đạo trong miệng
female_with_facial_hair,7,Giới tính nữ kèm râu
spear_tail,7,Đuôi ngọn giáo
cum_through_toes,7,Tinh dịch xuyên qua ngón chân
money_in_cleavage,7,Tiền trong khe ngực
tiger_print_arm_warmers,7,Băng giữ ấm cánh tay họa tiết hổ
fur_blanket,0,Chăn lông thú
wings_as_eyes,0,Đôi cánh như là mắt
sheath_mouth,7,Miệng bao dương vật
skeletal_body,0,Cơ thể hình bộ xương
flower_in_tail,7,Hoa trong đuôi
fake_fox_ears,7,Tai cáo giả
bean_eyebrows,7,Lông mày đậu
fluffy_belly,7,Bụng lông xù
patterned_skin,0,Da có hoa văn
mouth_eye,7,Mắt miệng
tail_butt,7,Mông đuôi
head_on_own_shoulder,0,Đầu trên vai của mình
twitching_ear,7,Tai giật giật
ear-to-ear,0,Tai tới tai
horn_in_pussy,7,Sừng trong âm hộ
heart_mouth,7,Miệng trái tim
tentacle_on_arm,7,Xúc tu trên cánh tay
tentacle_with_hand,0,Xúc tu kèm bàn tay
arched_eyebrow,7,Lông mày cong
gauze_on_shoulder,0,Gạc y tế trên vai
pride_color_penis,7,Dương vật màu tự hào
pride_color_fur,7,Lông màu tự hào
micro_between_toes,7,Rất nhỏ giữa ngón chân
licking_own_hand,7,Đang liếm bàn tay của mình
pointy_tongue,7,Lưỡi nhọn
holding_weapon_with_feet,0,Cầm vũ khí kèm bàn chân
blue_chest_hair,7,Tóc ngực màu xanh dương
inverted_cross_hair_clip,7,Kẹp tóc đảo ngược chữ thập
arrow_tail,7,Đuôi mũi tên
hyper_eyes,7,Mắt phóng đại
tapir_penis,7,Dương vật heo vòi
holding_shoulders,7,Cầm vai
mouth_tentacles,0,Xúc tu miệng
bandage_on_tail,7,Băng quấn trên đuôi
leash_on_penis,0,Dây dắt trên dương vật
hand_on_own_forearm,7,Bàn tay trên cẳng tay của mình
reindeer_hair_ornament,0,Phụ kiện tóc tuần lộc
penis_hair,7,Tóc dương vật
penis_on_body,7,Dương vật trên cơ thể
penis_on_nipples,7,Dương vật trên núm vú
hand_on_helmet,0,Bàn tay trên mũ bảo hiểm
plaid_arm_warmers,0,Băng giữ ấm cánh tay kẻ caro
water_on_body,7,Nước trên cơ thể
flower_nipples,7,Núm vú hoa
hidden_mouth,7,Miệng được che
big_tuft,7,Túm lông to
gradient_inner_ear,7,Tai chuyển sắc mặt trong
standing_on_belly,7,Đang đứng trên bụng
glowing_eyebrows,7,Lông mày phát sáng
glowing_lips,7,Môi phát sáng
presenting_tongue,7,Lưỡi chĩa ra
holding_with_penis,7,Giữ bằng dương vật
reverse_leg_lock,0,Lọn tóc chân ngược
feathered_chest,7,Ngực có lông vũ
wet_nose,7,Mũi ướt
drawn_on_face,7,Vẽ trên khuôn mặt
sparkling_wings,7,Cánh lấp lánh
partially_covered_belly,7,Bụng một phần được che
anus_grab,7,Bóp hậu môn
ear_on_shoulder,7,Tai trên vai
ear_mouth,7,Miệng tai
narrow_pupils,7,Đồng tử hẹp
ears_tied,7,Tai được buộc
bone_hand,7,Bàn tay xương
face_on_balls,7,Khuôn mặt trên tinh hoàn
torn_leg,7,Chân bị rách
tentacle_hands,7,Bàn tay xúc tu
seal_tail,0,Đuôi hải cẩu
hand_around_back,7,Bàn tay quanh lưng
nail_polish_(object),7,Sơn móng
arrow_in_mouth,0,Mũi tên trong miệng
darkened_nose,7,Mũi tối đi
leg_bondage,7,Trói buộc chân
hand_on_own_hand,7,Bàn tay trên bàn tay của mình
hand_on_wing,7,Bàn tay trên cánh
hair_on_breasts,7,Tóc trên ngực
shoulder_spots,7,Đốm vai
hugging_breasts,7,Ôm ngực
prosthetic_wings,7,Cánh nhân tạo
bamboo_hair_ornament,0,Phụ kiện tóc tre
black_horn_tip,7,Đầu chóp sừng đen
turquoise_penis,7,Dương vật xanh ngọc lam
golden_inner_ear,7,Tai màu vàng mặt trong
tiny_arms,7,Cánh tay rất nhỏ
kicking_face,7,Đang đá khuôn mặt
magenta_tail,7,Đuôi hồng cánh sen
robotic_body,7,Cơ thể người máy
stuffed_mouth,7,Miệng nhồi bông
equine_penis_tongue,7,Lưỡi dương vật ngựa
striped_hands,7,Bàn tay kẻ sọc
looking_at_own_tail,7,Nhìn đuôi của mình
large_hair,7,Tóc lớn
macro_belly,7,Bụng phóng to
fur_thigh_strap,0,Dây đeo đùi lông thú
foot_sole,7,Lòng bàn chân bàn chân
body_hair_growth,7,Sự mọc tóc cơ thể
white_hand,7,Bàn tay trắng
foot_in_face,7,Bàn chân trong khuôn mặt
tongue_in_penis,7,Lưỡi trong dương vật
food_on_mouth,7,Thức ăn trên miệng
paws_in_face,7,Bàn chân thú trong khuôn mặt
robot_eyes,7,Mắt người máy
eyes_rolled,7,Mắt cuộn lên
red_face_paint,7,Màu vẽ mặt đỏ
dark_pseudo_hair,7,Tóc giả sẫm
paint_on_face,7,Màu vẽ trên khuôn mặt
spiked_fur,7,Lông có gai
orange_hair_tips,7,Đầu chóp tóc cam
wrapping_tails,7,Đang quấn đuôi
hand_on_collar,7,Bàn tay trên vòng cổ
deer_nose,7,Mũi nai
penis_in_tail,7,Dương vật trong đuôi
planet_in_anus,7,Hành tinh trong hậu môn
clock_face,0,Khuôn mặt đồng hồ
shading_face,0,Khuôn mặt tô bóng
sky_face,0,Khuôn mặt bầu trời
shaved_tail,7,Đuôi cạo ngắn
face_on_glass,7,Khuôn mặt trên thủy tinh
tied_breast,0,Ngực được buộc
bandage_on_finger,0,Băng quấn trên ngón tay
face_between_cheeks,7,Khuôn mặt giữa má
tail_pattern,7,Hoa văn đuôi
urine_in_hair,7,Nước tiểu trong tóc
one-shoulder_tunic,0,Áo tuynic vai một
headphones_on_animal_ears,0,Tai nghe chụp đầu trên tai động vật
halo_ahoge,0,Tóc ahoge vầng hào quang
tail-shaped_hair,0,Tóc hình đuôi
see-through_arm_warmers,0,Ống giữ ấm cánh tay xuyên thấu
hamster_tail,0,Đuôi chuột hamster
face_in_mouth,7,Khuôn mặt trong miệng
floating_fingers,7,Ngón tay lơ lửng
aqua_arm_warmers,0,Băng giữ ấm cánh tay xanh ngọc
legs_held,7,Đôi chân được cầm
colored_pupils,7,Đồng tử nhuộm màu
penis_over_breasts,0,Dương vật phía trên ngực
green_feather_hair,7,Tóc lông vũ màu xanh lá
hand_on_beak,7,Bàn tay trên mỏ
leg_on_head,7,Chân trên đầu
aqua_penis,0,Dương vật xanh ngọc
hair_wraps,7,Băng quấn tóc
fiery_eyes,7,Mắt bằng lửa
hair_censor,7,Kiểm duyệt tóc
hands_on_pecs,7,Bàn tay trên cơ ngực
hands_on_arm,7,Bàn tay trên cánh tay
mismatched_leg_warmers,0,Băng giữ ấm chân lệch đôi
sword_hair_ornament,0,Phụ kiện tóc kiếm
egg_from_nipples,7,Trứng từ núm vú
pussy_juice_on_own_tail,7,Dịch âm hộ trên đuôi của mình
pseudo_tail,7,Đuôi giả
flaming_arm,0,Cánh tay bốc cháy
crab_leg,0,Chân cua
dirty_penis,7,Dương vật bẩn
eye_nipples,7,Núm vú mắt
yellow_head_tuft,7,Túm lông đầu vàng
drill_tail,7,Đuôi xoắn ốc
finger_on_mouth,7,Ngón tay trên miệng
butt_to_breast,7,Mông tới ngực
shoulders_up,7,Vai hướng lên
mole_on_anus,7,Nốt ruồi trên hậu môn
tentacles_on_legs,7,Xúc tu trên đôi chân
nose_bondage,7,Trói buộc mũi
bear_ear_headphones,0,Tai nghe tai gấu
nose_size_difference,7,Chênh lệch kích thước mũi
heart_hands_over_stomach,0,Bàn tay trái tim phía trên bụng
horn_scrunchie,0,Dây buộc tóc sừng
curled_ears,7,Tai uốn xoăn
tail_in_own_cloaca,7,Đuôi trong lỗ huyệt của mình
belly_lift,7,Nâng lên bụng
liquid_on_breast,7,Dạng lỏng trên ngực
cup_hair_ornament,0,Phụ kiện tóc cái cốc
notched_horn,7,Sừng chẻ
magenta_penis,7,Dương vật hồng cánh sen
feces_from_mouth,7,Phân từ miệng
monotone_eyelashes,7,Lông mi một tông
tool_arm,7,Cánh tay dụng cụ
horned_tail,7,Đuôi có sừng
bodily_fluids_on_face,7,Dịch cơ thể trên khuôn mặt
flaming_leg,0,Chân bốc cháy
resting_on_breast,7,Nghỉ trên ngực
unusual_arms,7,Cánh tay bất thường
feline_anus,7,Hậu môn mèo
hands_tied_to_feet,7,Bàn tay được buộc tới bàn chân
third_eye_(marking),7,Mắt thứ ba
heart-shaped_nose,0,Mũi hình trái tim
leaning_on_hands,7,Tựa người trên bàn tay
waist_wings,7,Cánh eo
teeth_expansion,7,Độ giãn răng
hand_on_own_waist,7,Bàn tay trên eo của mình
padded_shoulders,0,Vai có đệm
blood_on_ears,0,Máu trên tai
demon_horns_(accessory),7,Sừng quỷ
hand_covering_pussy,7,Âm hộ bàn tay che
penis_only,7,Chỉ có dương vật
penis_pull,7,Kéo dương vật
holographic_tail,7,Đuôi toàn ảnh
crossed_hands,7,Bàn tay chéo
barely_visible_teeth,7,Răng hầu như không lộ rõ
starfish_on_nipples,7,Sao biển trên núm vú
flower_over_eyes,0,Hoa phía trên mắt
teal_inner_ear_fluff,7,Lông tơ tai mặt trong xanh cổ vịt
tuft_ears,7,Tai túm lông
pussy_juice_on_penis,0,Dịch âm hộ trên dương vật
mouth_with_tentacles,0,Miệng kèm xúc tu
object_on_tongue,0,Vật thể trên lưỡi
flower_on_body,7,Hoa trên cơ thể
kangaroo_ears,0,Tai chuột túi
blowing_on_penis,0,Thổi dương vật
rubbing_leg,7,Đang xoa chân
3_nipples,7,Ba núm vú
wing_flower,0,Hoa cánh
saliva_on_arm,7,Nước bọt trên cánh tay
penis_nipples,0,Núm vú dương vật
gear-shaped_pupils,0,Đồng tử hình bánh răng
blonde_tail_tuft,7,Túm lông đuôi vàng hoe
cropped_hair,0,Tóc lửng
face_hidden,7,Khuôn mặt bị che
hair_raising,0,Nâng tóc
hair_tassels,7,Chùm tua rua tóc
argyle_skin,0,Da kẻ quả thoi
hands_folded,7,Bàn tay gấp lại
ofuda_on_penis,0,Bùa ofuda trên dương vật
huge_mouth,7,Miệng khổng lồ
standing_on_hands,7,Đang đứng trên bàn tay
lying_on_own_belly,7,Đang nằm trên bụng của mình
precum_on_own_hand,7,Dịch tiền xuất tinh trên bàn tay của mình
chest_plates,7,Cái đĩa ngực
shiny_horns,0,Sừng bóng
wet_chest,7,Ngực ướt
touching_nose,7,Chạm mũi
multicolored_eye_patch,7,Miếng vá mắt nhiều màu
flag_hair_ornament,0,Phụ kiện tóc hình cờ
white_wing_claws,7,Móng vuốt cánh trắng
rope_around_chest,7,Dây thừng quanh ngực
foot_on_desk,7,Bàn chân trên bàn làm việc
wood_gradient_hair,0,Tóc gỗ chuyển sắc
tentacle_in_anus,7,Xúc tu trong hậu môn
short_tapering_penis,7,Dương vật vót nhọn ngắn
text_in_mouth,0,Chữ trong ảnh trong miệng
bottle_hair_ornament,0,Phụ kiện tóc cái chai
two_tone_ear,7,Tai hai tông
nose_outline,7,Đường viền mũi
neckerchief_in_mouth,0,Khăn quàng cổ trong miệng
patterned_eyes,0,Mắt có hoa văn
double_ponytail,7,Tóc đuôi ngựa kép
feather_tail,0,Đuôi lông vũ
feathered_hair,0,Tóc có lông vũ
dog_on_shoulder,0,Chó trên vai
arm_warmers_(marking),7,Ống giữ ấm cánh tay
lips_on_muzzle,7,Môi trên mõm
straw_in_penis,7,Rơm trong dương vật
arm_blush,7,Má hồng cánh tay
glistening_horns,7,Sừng bóng nhẫy
balls_on_leg,7,Tinh hoàn trên chân
curvy_horns,7,Sừng cong
silver_horns,0,Sừng bạc
glowing_red_eyes,7,Mắt phát sáng đỏ
tiny_tail,7,Đuôi rất nhỏ
drill_nose,7,Mũi xoắn ốc
food_on_toes,0,Thức ăn trên ngón chân
twitching_nipples,0,Núm vú giật giật
multicolored_pseudo-penis,7,Dương vật nhiều màu giả
hoof_on_face,7,Móng guốc trên khuôn mặt
looking_at_own_hands,7,Nhìn bàn tay của mình
layered_heart_eyes,7,Mắt trái tim nhiều lớp
sticker_on_hand,0,Nhãn dán trên bàn tay
drooling_on_penis,7,Đang chảy dãi trên dương vật
hair_in_eyes,0,Tóc trong mắt
crooked_horn,7,Sừng vẹo
hand_on_own_genitalia,7,Bàn tay trên bộ phận sinh dục của mình
hand_on_building,7,Bàn tay trên tòa nhà
penis_in_other_sheath,7,Dương vật trong bao dương vật người khác
saliva_in_hair,7,Nước bọt trong tóc
human_teeth,7,Răng người
wing_scar,7,Sẹo cánh
painted_body,7,Cơ thể vẽ họa tiết
bandage_on_nipple,7,Băng quấn trên núm vú
fake_pokemon_ears,7,Tai Pokémon giả
object_on_penis,7,Vật thể trên dương vật
grabbing_fur,7,Nắm lông thú
urine_in_nose,7,Nước tiểu trong mũi
patterns_on_fur,7,Hoa văn trên lông thú
pussy_juice_on_breast,7,Dịch âm hộ trên ngực
grabbing_tongue,7,Nắm lưỡi
holding_up_leg,7,Cầm lên chân
crotch_mouth,7,Miệng đũng quần
ribbed_tongue,7,Lưỡi sống dọc
orange_armpit_hair,0,Tóc nách màu cam
facial_hair_to_fur,7,Râu tới lông thú
sweaty_toes,7,Ngón chân đầm mồ hôi
cat_between_legs,0,Mèo giữa đôi chân
water_wings,7,Cánh nước
leaning_on_belly,7,Tựa người trên bụng
scythe_tail,7,Đuôi lưỡi hái
one_leg,7,Một chân
7_fingers,7,Bảy ngón tay
chocolate_on_tongue,0,Sô-cô-la trên lưỡi
multicolored_toes,7,Ngón chân nhiều màu
bean_mouth,7,Miệng đậu
feet_on_thighs,7,Bàn chân trên đùi
rope_around_leg,7,Dây thừng quanh chân
tongue_chain,0,Dây chuyền lưỡi
ovipositor_in_penis,7,Cơ quan đẻ trứng trong dương vật
symbol_on_belly,7,Biểu tượng trên bụng
phone_to_animal_ear,0,Điện thoại tới tai động vật
fur_covering_nipples,7,Núm vú lông thú che
brown_teeth,7,Răng nâu
clitoris_to_tongue,7,Âm vật tới lưỡi
brown_spotted_fur,7,Lông có đốm nâu
cum_on_own_shoulder,7,Tinh dịch trên vai của mình
pokemon_between_legs,0,Pokémon giữa đôi chân
sharp_tongue,0,Lưỡi sắc
shark_penis,7,Dương vật cá mập
curly_bangs,0,Tóc mái xoăn
mouth_on_breast,7,Miệng trên ngực
hairless_toes,7,Ngón chân không lông
cum_on_skin,7,Tinh dịch trên da
energy_horns,0,Sừng năng lượng
body_growth,7,Sự mọc cơ thể
body_drawing,7,Hình vẽ cơ thể
melting_mouth,7,Miệng đang tan chảy
hand_in_swimwear,7,Bàn tay trong đồ bơi
wing_size_difference,7,Chênh lệch kích thước cánh
nose_in_anus,7,Mũi trong hậu môn
leg_on_back,7,Chân trên lưng
splayed_legs,7,Chân xòe
fire_from_mouth,7,Lửa từ miệng
hugging_finger,0,Ôm ngón tay
dreamy_eyes,7,Mắt mơ màng
arm_on_own_stomach,0,Cánh tay trên bụng của mình
hands_on_hands,7,Bàn tay trên bàn tay
messy_bangs,0,Tóc mái rối
precum_on_own_leg,7,Dịch tiền xuất tinh trên chân của mình
precum_on_own_face,7,Dịch tiền xuất tinh trên khuôn mặt của mình
black-hair,7,Tóc đen
sitting_on_feet,7,Đang ngồi trên bàn chân
aquarium_body,7,Cơ thể bể cá
wet_hands,7,Bàn tay ướt
unusual_fur_pattern,7,Hoa văn lông thú bất thường
knife_in_hair,0,Con dao trong tóc
raised_toes,7,Ngón chân dựng lên
raised_fur,7,Lông dựng lên
animal_hair,0,Tóc động vật
green_blue_eyes,7,Mắt xanh lá xanh dương
teeth_marks,7,Dấu răng
yellow_hair_tips,7,Đầu chóp tóc vàng
tail_on_pussy,7,Đuôi trên âm hộ
penis_tip_pussy,7,Âm hộ đầu chóp dương vật
lace-trimmed_hair_ornament,0,Phụ kiện tóc ren viền
horn_bondage,7,Trói buộc sừng
kissing_arm,0,Hôn cánh tay
food_in_hair,0,Thức ăn trong tóc
glowing_inner_ear,7,Tai phát sáng mặt trong
glistening_arm,7,Cánh tay bóng nhẫy
honey_on_breasts,7,Mật ong trên ngực
dark_eye_patch,7,Miếng vá mắt sẫm
slapping_penis,0,Đang tát dương vật
gold_eye_patch,7,Miếng vá mắt vàng kim
lying_on_own_penis,7,Đang nằm trên dương vật của mình
tentacles_from_penis,7,Xúc tu từ dương vật
blood_on_finger,7,Máu trên ngón tay
two_tone_eye_patch,7,Miếng vá mắt hai tông
small_tongue,7,Lưỡi nhỏ
flower_on_leg,0,Hoa trên chân
bovine_anus,7,Hậu môn bò
object_in_hair,7,Vật thể trong tóc
pussy_juice_on_anus,7,Dịch âm hộ trên hậu môn
cropped_tail,0,Đuôi lửng
feet_on_furniture,7,Bàn chân trên đồ nội thất
nipple_spikes,0,Gai nhọn núm vú
unusual_hands,7,Bàn tay bất thường
resting_on_tail,7,Nghỉ trên đuôi
grey_eyelashes,7,Lông mi xám
open_chest,7,Ngực mở
grey_nose_horn,7,Sừng mũi xám
snow_on_face,0,Tuyết trên khuôn mặt
multi-horn,7,Nhiều cái sừng
precum_on_feet,7,Dịch tiền xuất tinh trên bàn chân
mole_on_belly,7,Nốt ruồi trên bụng
orange_eyelashes,7,Lông mi cam
crystal_skin,0,Da pha lê
arm_in_mouth,7,Cánh tay trong miệng
hands_on_forearms,7,Bàn tay trên cẳng tay
tiger_skin,0,Da hổ
hand_on_car,0,Bàn tay trên ô tô
fingers_on_butt,7,Ngón tay trên mông
scythe_horn,7,Sừng lưỡi hái
hair_covering_face,7,Khuôn mặt tóc che
hair_bows,7,Nơ tóc
fully_clothed_to_mostly_nude,7,Mặc kín tới khỏa thân phần lớn
arrow_pointing_to_nipple,7,Mũi tên chĩa ra tới núm vú
seal_hair_ornament,0,Phụ kiện tóc hải cẩu
tan_eyelashes,7,Lông mi nâu rám nắng
toe_tag,7,Nhãn ngón chân
ear_bands,7,Dải tai
hyper_eyelashes,7,Lông mi phóng đại
measuring_belly,7,Đang đo bụng
mouse_on_hand,0,Chuột nhắt trên bàn tay
ear_tips,7,Đầu chóp tai
amber_fur,7,Lông hổ phách
heart_penis,7,Dương vật trái tim
boobs_on_face,7,Ngực trên khuôn mặt
rounded_teeth,7,Răng tròn
fur_halo,0,Vầng hào quang lông thú
touching_ears,7,Chạm tai
hand_around_wrist,0,Bàn tay quanh cổ tay
squid_hair_ornament,0,Phụ kiện tóc mực
hand_on_nipples,7,Bàn tay trên núm vú
purple_pseudo-penis,7,Dương vật giả tím
foot_bite,7,Cắn bàn chân
skeleton_hands,0,Bàn tay bộ xương
liquid_on_body,7,Dạng lỏng trên cơ thể
skeletal_leg,0,Chân hình bộ xương
hand_waving,7,Đang vẫy bàn tay
huge_toes,7,Ngón chân khổng lồ
huge_nose,7,Mũi khổng lồ
arm_in_arm,7,Cánh tay trong cánh tay
arm_between_legs,7,Cánh tay giữa đôi chân
hands_under_butt,7,Bàn tay bên dưới mông
teal_tail_tip,7,Đầu chóp đuôi xanh cổ vịt
blood_from_ear,7,Máu từ tai
teal_face,7,Khuôn mặt xanh cổ vịt
penis_hanging,7,Dương vật thõng xuống
muzzle_in_mouth,7,Mõm trong miệng
snow_on_fur,7,Tuyết trên lông thú
double_ear,7,Tai kép
three-toned_fur,0,Lông thon săn ba
grabbing_nipples,7,Nắm núm vú
unusual_legs,7,Chân bất thường
hard_nipples,7,Núm vú bảo hộ
buttplug_in_mouth,7,Chậu hậu môn trong miệng
upturned_nose,0,Mũi hướng lên
snail_hair_ornament,0,Phụ kiện tóc ốc sên
grabbing_hands,7,Nắm bàn tay
grabbing_body,7,Nắm cơ thể
holding_both_hands,7,Cầm cả hai bàn tay
diaper_around_leg,7,Tã lót quanh chân
balloon_breasts,7,Ngực bóng bay
sweaty_armpit_hair,7,Tóc nách đầm mồ hôi
black_dot_eyes,7,Mắt chấm đen
stuffed_toy_between_breasts,0,Thú nhồi bông giữa ngực
eyes_in_mouth,7,Mắt trong miệng
blonde_pseudo_hair,7,Tóc vàng hoe giả
snowflake_in_eye,0,Bông tuyết trong mắt
horned_wings,7,Cánh có sừng
missing_tail_tip,7,Đầu chóp đuôi thiếu
arm_focus,0,Trọng tâm cánh tay
hands_on_desk,7,Bàn tay trên bàn làm việc
eye_growth,7,Sự mọc mắt
furred_ears,7,Tai có lông
foot_on_body,7,Bàn chân trên cơ thể
arms_around_chest,7,Cánh tay quanh ngực
leg_on_side,7,Chân trên lệch bên
arms_over_shoulders,7,Cánh tay phía trên vai
envelope_hair_ornament,0,Phụ kiện tóc phong bì
fur_lined_bottomwear,7,Đồ mặc dưới có lớp lót lông thú
fur-trimmed_crown,0,Vương miện lông thú viền
paper_hair,7,Tóc giấy
navel_ejaculation,7,Xuất tinh rốn
tail_on_bed,7,Đuôi trên giường
shoulder_jewel,0,Đá quý vai
pink_tail_feathers,7,Lông vũ đuôi hồng
ear_spots,7,Đốm tai
ass-to-breast,0,Mông tới ngực
breast_mouth,7,Miệng ngực
mouth_anus,7,Hậu môn miệng
meat_hair,0,Tóc thịt
ear_insertion,0,Đưa vào tai
hyper_arms,7,Cánh tay phóng đại
dirty_ass_to_mouth,7,Mông bẩn tới miệng
ghost_tongue,7,Lưỡi ma
holding_wings,7,Cầm đôi cánh
tentacle_around_chest,7,Xúc tu quanh ngực
turquoise_ears,7,Tai xanh ngọc lam
kiss_on_nipple,7,Hôn trên núm vú
pussy_ejaculation_in_face,7,Xuất tinh âm hộ trong khuôn mặt
heart_hair_strand,0,Lọn tóc trái tim
magic_wings,7,Cánh phép thuật
robot_hand,7,Bàn tay người máy
mane_over_eye,7,Bờm phía trên mắt
pearl_body_chain,0,Dây chuyền cơ thể ngọc trai
food_on_tail,0,Thức ăn trên đuôi
covered_ears,0,Tai được che
dark_mouth,7,Miệng sẫm
penis_in_food,7,Dương vật trong thức ăn
darkened_pseudo_hair,7,Tóc tối đi giả
urine_on_own_face,7,Nước tiểu trên khuôn mặt của mình
riding_on_tail,7,Cưỡi đuôi
yellow_finger_claws,7,Móng vuốt ngón tay vàng
paint_on_breasts,7,Màu vẽ trên ngực
ninja_toes,0,Ngón chân ninja
animal_on_tail,0,Động vật trên đuôi
yellow_nose_horn,7,Sừng mũi vàng
green_hair_tips,7,Đầu chóp tóc xanh lá
large_legs,7,Chân lớn
tongue_focus,7,Trọng tâm lưỡi
ball_on_finger,7,Quả bóng trên ngón tay
cookie_in_mouth,7,Bánh quy trong miệng
resting_legs,7,Nghỉ trên đôi chân
flaming_fur,7,Lông bốc cháy
three_tone_face,7,Khuôn mặt ba tông
gripping_hair,7,Đang siết tóc
cybernetic_horn,7,Sừng người máy cấy ghép
arm_around_legs,7,Cánh tay quanh đôi chân
lip_pull,0,Kéo môi
brown_striped_fur,7,Lông kẻ sọc nâu
prosthetic_arm_removed,0,Cánh tay nhân tạo đã tháo ra
finger_on_lip,7,Ngón tay trên môi
extra_fingers,7,Thêm ngón tay
see-through_breast_curtain,0,Rèm ngực xuyên thấu
bone_arm,7,Cánh tay xương
pulling_tail,0,Đang kéo đuôi
eye_sex,0,Quan hệ bằng mắt
nearly_naked_towel,0,Khăn tắm trần gần như
silver_penis,7,Dương vật bạc
bread_hair_ornament,0,Phụ kiện tóc bánh mì
shaved_hair,7,Tóc cạo ngắn
touching_hands,7,Chạm bàn tay
bead_tail_ornament,0,Trang trí đuôi hạt
view_between_breasts,7,Góc nhìn giữa ngực
furry_chest,7,Ngực nhiều lông
muzzle_feet,7,Bàn chân mõm
lagomorph_nose,7,Mũi bộ thỏ
tongue_up,0,Lưỡi hướng lên
ponytail_day,0,Ngày đuôi ngựa
vomit_on_face,7,Nôn trên khuôn mặt
hands_in_water,7,Bàn tay trong nước
leash_around_arm,7,Dây dắt quanh cánh tay
hand_on_own_bulge,7,Bàn tay trên chỗ lùm lùm của mình
leg_out_of_water,7,Dạng chân ra nước
leg_over_head,7,Chân phía trên đầu
chain_around_leg,0,Dây chuyền quanh chân
nipple_caps,7,Mũ núm vú
licking_horn,0,Đang liếm sừng
winged_tail,0,Đuôi có cánh
metallic_penis,7,Dương vật ánh kim
finger_on_head,7,Ngón tay trên đầu
fingers_on_face,7,Ngón tay trên khuôn mặt
5_legs,7,Năm chân
mole_on_penis,0,Nốt ruồi trên dương vật
thin_tongue,7,Lưỡi mỏng
thick_anal_hair,0,Tóc hậu môn dày
balloon_between_legs,7,Bóng bay giữa đôi chân
flower_on_mouth,0,Hoa trên miệng
goo_on_penis,7,Nhầy trên dương vật
perineum_in_anus,7,Tầng sinh môn trong hậu môn
tail_rub,7,Xoa đuôi
tail_fin_scar,7,Sẹo vây đuôi
cream_on_leg,0,Màu kem trên chân
tail_around_head,7,Đuôi quanh đầu
star_eye,7,Mắt ngôi sao
pseudo-breasts,7,Ngực giả
tan_tail_feathers,7,Lông vũ đuôi nâu rám nắng
fake_nails,7,Móng tay giả
breast_eyes,7,Mắt ngực
breast_bed,7,Giường ngực
towel_on_face,0,Khăn tắm trên khuôn mặt
bubble_hair_ornament,0,Phụ kiện tóc bọt khí
head_on_tail,7,Đầu trên đuôi
precum_from_nose,7,Dịch tiền xuất tinh từ mũi
ofuda_on_arm,0,Bùa ofuda trên cánh tay
tail_petting,7,Đang vuốt ve đuôi
asymmetrical_legs,0,Chân bất đối xứng
penis_down,7,Dương vật hướng xuống
penis_hold,0,Cái giữ dương vật
penis_nose,7,Mũi dương vật
ponytail_pull,7,Kéo đuôi ngựa
twin_leg_bows,7,Nơ chân đôi
spade-shaped_pupils,0,Đồng tử hình cái xẻng hình
biting_nose,0,Đang cắn mũi
hand_warmers,7,Băng giữ ấm bàn tay
fennec_ears,7,Tai cáo sa mạc
hand_bite,7,Cắn bàn tay
two_tone_sclera,7,Củng mạc hai tông
aqua_anus,0,Hậu môn xanh ngọc
freckled_penis,7,Dương vật có tàn nhang
butterfly_on_arm,0,Bươm bướm trên cánh tay
canine_penis_with_foreskin,7,Dương vật chó kèm bao quy đầu
fin_hands,7,Bàn tay vây
ears_on_shoulders,7,Tai trên vai
liquid_tail,0,Đuôi dạng lỏng
fire_in_eyes,7,Lửa trong mắt
veiny_tail,7,Đuôi lộ gân
animal_body,7,Cơ thể động vật
thick_hair,7,Tóc dày
loose_fur,7,Lông rộng
nose_to_balls,7,Mũi tới tinh hoàn
teal_teeth,7,Răng xanh cổ vịt
flat_nose,7,Mũi phẳng
black_ear_markings,7,Vằn tai đen
white_striped_fur,7,Lông kẻ sọc trắng
visible_tail,7,Đuôi lộ rõ
tan_pupils,7,Đồng tử nâu rám nắng
v_over_breast,0,Tư thế chữ V phía trên ngực
eye_on_tail,7,Mắt trên đuôi
fake_penis,7,Dương vật giả
wide_open_eyes,7,Mắt rộng mở
arm_lock,7,Lọn tóc cánh tay
vine_tail,7,Đuôi dây leo
lion_hair_ornament,0,Phụ kiện tóc sư tử
claws_in_mouth,7,Móng vuốt trong miệng
cut_finger,0,Ngón tay bị cắt
fingers_on_chin,0,Ngón tay trên cằm
dilated_anus,7,Hậu môn giãn
split-color_fur,0,Lông màu chia hai
body_gem,7,Đá quý cơ thể
magenta_skin,7,Da màu hồng cánh sen
flowers_in_fur,7,Những bông hoa trong lông thú
chest_exposed,7,Ngực lộ ra
frog_tongue,0,Lưỡi ếch
forepaw_on_face,7,Bàn chân trước trên khuôn mặt
aiming_penis,7,Chĩa về phía dương vật
spiked_shoulders,7,Vai có gai
nipple_to_gag,7,Núm vú tới nhét miệng
bone-shaped_pupils,0,Đồng tử hình xương
lace-trimmed_arm_warmers,0,Băng giữ ấm cánh tay ren viền
toe_dipping,0,Nhúng ngón chân
collar_in_mouth,7,Vòng cổ trong miệng
ear_warmers,7,Băng giữ ấm tai
anus_size_difference,7,Chênh lệch kích thước hậu môn
foot_on_furniture,7,Bàn chân trên đồ nội thất
balancing_on_foot,7,Giữ thăng bằng trên bàn chân
painted_fur,7,Lông vẽ họa tiết
partially_visible_anus,7,Hậu môn một phần lộ rõ
wax_on_leg,7,Sáp trên chân
wax_on_breasts,7,Sáp trên ngực
blonde_chest_hair,7,Tóc ngực vàng hoe
double_tongue,7,Lưỡi kép
penis_on_surface,7,Dương vật trên bề mặt
anal_beads_in_penis,7,Hạt chuỗi hậu môn trong dương vật
anal_beads_in_nipple,7,Hạt chuỗi hậu môn trong núm vú
cuddling_tail,7,Ôm ấp đuôi
hand_hair_ornament,0,Phụ kiện tóc bàn tay
smoke_from_eyes,7,Khói từ mắt
smoke_from_belly,7,Khói từ bụng
feet_wraps,7,Băng quấn bàn chân
alternate_nail_color,0,Màu móng khác
wooden_arm,0,Cánh tay bằng gỗ
tail_under_chin,7,Đuôi bên dưới cằm
duck_tail,0,Đuôi vịt
layered_heart_pupils,7,Đồng tử trái tim nhiều lớp
hands_under_head,7,Bàn tay bên dưới đầu
obscured_breasts,7,Ngực bị che
hands_on_object,7,Bàn tay trên vật thể
burning_eyes,7,Mắt đang cháy
feet_under_diaper,7,Bàn chân bên dưới tã lót
hand_on_eye,7,Bàn tay trên mắt
horn_wraps,7,Băng quấn sừng
tongue_tied,7,Lưỡi được buộc
book_on_face,0,Sách trên khuôn mặt
striped_tail_feathers,7,Lông vũ đuôi kẻ sọc
rainbow_nose,7,Mũi cầu vồng
character-shaped_pupils,0,Đồng tử hình nhân vật
small_equine_penis,7,Dương vật ngựa nhỏ
penis_in_beak,7,Dương vật trong mỏ
penis_chain,7,Dây chuyền dương vật
foot_on_chair,7,Bàn chân trên ghế
penis_bell,0,Chuông dương vật
penis-shaped_food,0,Đồ ăn hình dương vật
pov_inside_mouth,0,Góc nhìn thứ nhất bên trong miệng
offering_hand_to_viewer,7,Đưa cho bàn tay tới người xem
nipple_masturbation,7,Thủ dâm núm vú
arrow_in_arm,0,Mũi tên trong cánh tay
hairy_shoulders,7,Vai nhiều lông
tail_on_back,7,Đuôi trên lưng
sea_angel_wings,0,Cánh thiên thần biển
precum_in_own_mouth,7,Dịch tiền xuất tinh trong miệng của mình
hair_around_neck,0,Tóc quanh cổ
planet_between_breasts,7,Hành tinh giữa ngực
finger_over_mouth,7,Ngón tay phía trên miệng
bandaid_on_anus,0,Băng cá nhân trên hậu môn
tail_decoration,7,Đồ trang trí đuôi
arms_on_thighs,7,Cánh tay trên đùi
belly_peek,7,Bụng lấp ló
black_body_markings,7,Vằn cơ thể đen
breast_rings,0,Nhẫn ngực
5_arms,7,Năm cánh tay
tearing_skin,7,Đang xé da
disembodied_breast,0,Ngực tách rời
eye_through_pseudo_hair,7,Mắt xuyên qua tóc kết từ vật khác
cat_ear_helmet,7,Mũ bảo hiểm tai mèo
teal_feet,7,Bàn chân xanh cổ vịt
olive_skin,7,Da màu xanh ô liu
shoulder_to_shoulder,7,Vai tới vai
high_twin_braids,0,Bím tóc đôi cao
tan_fur_tuft,7,Túm lông thú nâu rám nắng
foot_on_hand,7,Bàn chân trên bàn tay
waving_legs,0,Đang vẫy đôi chân
penis_eye,7,Mắt dương vật
v_over_face,0,Tư thế chữ V phía trên khuôn mặt
paw_in_face,7,Bàn chân thú trong khuôn mặt
eyelashes_through_mane,7,Lông mi xuyên qua bờm
eyebrow_through_ear,7,Lông mày xuyên qua tai
fake_devil_horns,7,Sừng quỷ giả
pseudo-penis_in_ass,7,Dương vật giả trong mông
smoke_hair,7,Tóc khói
sweat_on_breast,7,Mồ hôi trên ngực
breast_pockets,7,Túi áo ngực
breast_on_penis,7,Ngực trên dương vật
chest_focus,7,Trọng tâm ngực
flowers_in_hand,7,Những bông hoa trong bàn tay
breast_beam,0,Chùm ngực
naked_sailor_collar,0,Cổ áo thủy thủ trần
electricity_on_penis,7,Dòng điện trên dương vật
candle_in_penis,7,Nến trong dương vật
baseball_bat_over_shoulder,7,Dơi bóng chày phía trên vai
balls_on_chest,7,Tinh hoàn trên ngực
animal_penis_on_humanoid,7,Dương vật động vật trên dạng người
tail_squeeze,7,Bóp đuôi
fur-trimmed_bridal_gauntlets,0,Găng tay giáp cô dâu lông thú viền
blue_ear_tip,7,Đầu chóp tai xanh dương
ear_eyes,7,Mắt tai
ear_wiggling,7,Tai lắc lư
saliva_on_ear,7,Nước bọt trên tai
arm_back,7,Lưng cánh tay
alien_hair_ornament,0,Phụ kiện tóc ngoài hành tinh
arms_to_side,7,Cánh tay tới lệch bên
teal_hands,7,Bàn tay xanh cổ vịt
cervine_anus,7,Hậu môn hươu
screw_navel,7,Rốn ốc vít
huge_legs,7,Chân khổng lồ
light_bulb_hair_ornament,0,Phụ kiện tóc bóng đèn nhạt
hairless_ears,7,Tai không lông
nipple_chain_pull,7,Kéo dây xích núm vú
ladybug_wings,0,Cánh bọ rùa
lamb_ears,0,Tai cừu con
yellow_chest_tuft,7,Túm lông ngực vàng
muscle_arms,7,Cánh tay cơ
twitching_leg,7,Chân giật giật
hands_covering_breasts,7,Ngực bàn tay che
hands_on_surface,7,Bàn tay trên bề mặt
spade_hands,0,Bàn tay hình cái xẻng
bunny_ears_headband,7,Băng đô tai thỏ
popsicle_hair_ornament,0,Phụ kiện tóc kem que
multicolored_feather_hair,7,Tóc lông vũ nhiều màu
tongue_between_legs,7,Lưỡi giữa đôi chân
biting_leg,7,Đang cắn chân
feet_on_tail,7,Bàn chân trên đuôi
latex_fur,7,Lông cao su
sparkling_horn,7,Sừng lấp lánh
peach_eyes,7,Mắt đào
triangle_pupils,7,Đồng tử hình tam giác
face_between_pectorals,0,Khuôn mặt giữa cơ ngực
rock_penis,7,Dương vật tảng đá
holly_on_penis,7,Cây nhựa xanh trên dương vật
striped_feet,7,Bàn chân kẻ sọc
testicles_over_eyes,0,Tinh hoàn phía trên mắt
detailed_skin,7,Da có chi tiết
hands_to_side,7,Bàn tay tới lệch bên
vertical-striped_leg_warmers,0,Băng giữ ấm chân dọc kẻ sọc
inner_ear_markings,7,Vằn tai mặt trong
hoof_on_belly,7,Móng guốc trên bụng
leash_around_penis,7,Dây dắt quanh dương vật
hand_transformation,7,Sự biến đổi bàn tay
hand_print_on_leg,7,Họa tiết bàn tay trên chân
adjusting_breasts,0,Đang chỉnh ngực
rainbow_nails,7,Móng tay cầu vồng
leg_over_butt,7,Chân phía trên mông
leg_scales,7,Vảy chân
hand_in_front_of_mouth,7,Bàn tay trong phía trước miệng
crescent_mouth,0,Miệng hình lưỡi liềm
mouth_held_open,7,Miệng được cầm mở
disembodied_wing,0,Cánh tách rời
smoke_from_anus,7,Khói từ hậu môn
eye_half_closed,7,Mắt nửa khép
blonde_hair_tips,7,Đầu chóp tóc vàng hoe
breasts_strap,7,Dây đeo ngực
nipple_in_mouth,7,Núm vú trong miệng
silver_wings,0,Cánh bạc
nipple_tentacles,7,Xúc tu núm vú
blood_on_horn,7,Máu trên sừng
blood_on_wings,7,Máu trên đôi cánh
spiked_humanoid_penis,7,Dương vật dạng người có gai
hair_penetration,7,Sự thâm nhập tóc
breast_on_face,7,Ngực trên khuôn mặt
rose_hair,7,Tóc hoa hồng
extra_eyebrows,0,Thêm lông mày
unusual_breasts,7,Ngực bất thường
plastic_body,7,Cơ thể nhựa
curved_arms,7,Cánh tay cong
tail_in_penis,7,Đuôi trong dương vật
humanoid_anus,7,Hậu môn dạng người
single_polished_nail,0,Móng tay bóng bẩy một chiếc
bird_on_tail,0,Chim trên đuôi
lube_on_tail,7,Chất bôi trơn trên đuôi
prehensile_facial_hair,0,Tóc trên mặt có khả năng quấn
monotone_leg_warmers,7,Băng giữ ấm chân một tông
neck_wings,0,Cánh cổ
neck_mouth,7,Miệng cổ
tail_through_keyhole,7,Đuôi xuyên qua lỗ khóa
tail_tug,7,Đang kéo đuôi
thin_arm,7,Cánh tay mỏng
ear_beads,7,Hạt chuỗi trên tai
split_hair,7,Tóc chia hai
teasing_feet,7,Trêu bàn chân
controller_between_breasts,0,Tay cầm chơi game giữa ngực
ear_wraps,7,Băng quấn tai
dildo_on_tail,7,Dương vật giả trên đuôi
lock_hair_ornament,0,Phụ kiện tóc lọn tóc
skin_color_connection,0,Nối màu da
ear_halo,7,Vầng hào quang tai
heart_to_penis_(meme),0,Trái tim tới dương vật
blue_ear_fins,7,Vây tai xanh dương
fur-trimmed_crop_top,0,Áo cắt ngắn lông thú viền
monotone_arm_warmers,7,Băng giữ ấm cánh tay một tông
mane_over_eyes,7,Bờm phía trên mắt
cum_on_own_ear,7,Tinh dịch trên tai của mình
rhino_penis,7,Dương vật tê giác
arms_under_legs,7,Cánh tay bên dưới đôi chân
nub_feet,7,Bàn chân cộc
rabbit_in_eyes,0,Thỏ trong mắt
cable_in_mouth,0,Cáp trong miệng
finger_kiss,0,Hôn ngón tay
tail_in_slit,7,Đuôi trong xẻ tà
precum_on_arm,7,Dịch tiền xuất tinh trên cánh tay
shared_wings,0,Cánh dùng chung
unusual_face,7,Khuôn mặt bất thường
cum_on_vagina,7,Tinh dịch trên âm đạo
red_gem_in_body,7,Đá quý đỏ trong cơ thể
hair_between_ass,0,Tóc giữa mông
navel_hair_peek,0,Lông rốn lấp ló
frilled_arm_cuffs,0,Ống bọc cổ tay cánh tay nhún xếp
shaped_pupils,7,Đồng tử hình
pattern_fur,7,Lông hoa văn
eye_flame,7,Ngọn lửa mắt
reaching_into_cleavage,0,Đang với tay vào trong khe ngực
vibrator_in_penis,7,Đồ chơi rung trong dương vật
hammer_tail,7,Đuôi búa
ethereal_horn,7,Sừng thoát tục
stretching_face,7,Đang kéo giãn khuôn mặt
stretching_leg,7,Đang kéo giãn chân
10_eyes,7,Mười con mắt
penis_toes,7,Ngón chân dương vật
poking_chest,7,Đang chỉ vào ngực
book_hair_ornament,0,Phụ kiện tóc sách
hand_in_crotch,7,Bàn tay trong đũng quần
penis_over_head,7,Dương vật phía trên đầu
horn_pull,7,Kéo sừng
polka_dot_nails,0,Móng tay chấm bi
writing_on_ear,7,Chữ viết trên tai
paint_on_penis,7,Màu vẽ trên dương vật
hands_on_own_ears,7,Bàn tay trên tai của mình
mechanical_hand,7,Bàn tay cơ khí
robot_leg,7,Chân người máy
face_scales,7,Vảy mặt
triangle_eyebrows,7,Lông mày hình tam giác
short_tail_feathers,7,Lông vũ đuôi ngắn
tongue_around_arm,7,Lưỡi quanh cánh tay
cream_on_finger,0,Màu kem trên ngón tay
cream_on_hair,0,Màu kem trên tóc
standing_on_breasts,7,Đang đứng trên ngực
broken_tail,7,Đuôi bị gãy
creature_on_chest,0,Sinh vật trên ngực
crazy_face,7,Khuôn mặt điên loạn
antelope_penis,7,Dương vật linh dương
water_from_mouth,7,Nước từ miệng
tentacle_on_foot,7,Xúc tu trên bàn chân
foot_hold,7,Cái giữ bàn chân
wax_on_penis,7,Sáp trên dương vật
penis_on_pecs,7,Dương vật trên cơ ngực
urine_on_shoulder,7,Nước tiểu trên vai
countershade_eyes,7,Mắt bóng ngược
shoulder_horn,7,Sừng vai
olive_body,7,Cơ thể xanh ô liu
goo_tongue,7,Lưỡi nhầy
3_ears,7,Ba cái tai
drool_on_chest,7,Dãi trên ngực
anus_tattoo,7,Hình xăm hậu môn
nose_hair,0,Tóc mũi
one_arm_push-up,7,Đẩy một cánh tay hướng lên
long_hand,0,Bàn tay dài
belly_drop,7,Giọt bụng
bandage_over_eye,7,Băng quấn phía trên mắt
finger_on_chest,7,Ngón tay trên ngực
finger_blush,7,Má hồng ngón tay
red_panda_hair_ornament,0,Phụ kiện tóc gấu trúc đỏ
licking_chest,0,Đang liếm ngực
hair_strand,7,Lọn tóc
8_wings,7,Tám cánh
mouth_trail,0,Vệt miệng
pokemon_between_breasts,0,Pokémon giữa ngực
sitting_on_own_leg,0,Đang ngồi trên chân của mình
horn_tag,7,Nhãn sừng
hand_print_on_breast,7,Họa tiết bàn tay trên ngực
detached_hair_bun,0,Búi tóc tách rời
ponytail_grab,7,Bóp đuôi ngựa
multiple_pupils,7,Nhiều đồng tử
feces_on_foot,7,Phân trên bàn chân
ladybug_hair_ornament,0,Phụ kiện tóc bọ rùa
spiked_hands,7,Bàn tay có gai
building_in_anus,7,Tòa nhà trong hậu môn
head_on_breasts,7,Đầu trên ngực
bubble_gum_on_face,7,Kẹo cao su bọt khí trên khuôn mặt
breast_spread,7,Ngực dạng ra
pussy_juice_on_body,7,Dịch âm hộ trên cơ thể
translucent_fur,7,Lông bán trong suốt
cumshot_on_feet,7,Xuất tinh lên ảnh trên bàn chân
tan_leg_warmers,7,Băng giữ ấm chân nâu rám nắng
naked_jumpsuit,0,Áo liền quần trần
multicolored_inner_ear_fluff,7,Lông tơ tai nhiều màu mặt trong
front_horn,7,Sừng phía trước
broken_fingers,7,Ngón tay bị gãy
mouth_on_butt,7,Miệng trên mông
collar_on_tail,7,Vòng cổ trên đuôi
ear_vulva,7,Âm hộ tai
arm_censor,7,Kiểm duyệt cánh tay
breast_on_leg,7,Ngực trên chân
gem_in_body,0,Đá quý trong cơ thể
planet_in_mouth,7,Hành tinh trong miệng
wet_nipples,7,Núm vú ướt
fox_ear,7,Tai cáo
unicorn_hair_ornament,0,Phụ kiện tóc kỳ lân
glossy_hair,7,Tóc bóng loáng
foot_on_planet,7,Bàn chân trên hành tinh
gold_nail_polish,7,Sơn móng tay vàng kim
bear-shaped_pupils,0,Đồng tử hình gấu
golden_nipples,7,Núm vú màu vàng
people_with_blue_eyes_(meme),0,Những người kèm mắt xanh dương
floral_hair,7,Tóc thêu hoa
cum_on_eyes,7,Tinh dịch trên mắt
cum_on_ears,0,Tinh dịch trên tai
curl_tail,7,Đuôi lọn tóc xoăn
horns_removed,0,Sừng đã tháo ra
shot_in_chest,7,Cắt cảnh trong ngực
pattern_body,7,Cơ thể hoa văn
nose_stripes,7,Sọc mũi
disembodied_anus,7,Hậu môn tách rời
touching_own_hair,7,Chạm tóc của mình
tentacle_from_nipple,7,Xúc tu từ núm vú
tentacles_from_body,7,Xúc tu từ cơ thể
diaper_in_mouth,7,Tã lót trong miệng
eye_removal,7,Tháo mắt
diamond-shaped_hair,0,Tóc hình thoi
hand_on_own_nose,0,Bàn tay trên mũi của mình
blowing_horn,0,Thổi sừng
tongue_in_cloaca,7,Lưỡi trong lỗ huyệt
lying_on_chest,7,Đang nằm trên ngực
leaf_on_breast,0,Lá cây trên ngực
anal_hair_peek,0,Lông hậu môn lấp ló
feces_on_fingers,7,Phân trên ngón tay
long-ear_(arknights),0,Tai dài
skeletal_hand_hair_ornament,0,Phụ kiện tóc bàn tay hình bộ xương
head_between_feet,7,Đầu giữa bàn chân
brushing_penis,7,Đang chải dương vật
sky_blue_fur,7,Lông bầu trời xanh dương
looking_back_at_belly,7,Nhìn lại phía sau bụng
lemur_penis,7,Dương vật culi
feet_on_knot,7,Bàn chân trên nút thắt
facial_fur,7,Lông trên mặt
face_in_neck,0,Khuôn mặt trong cổ
single_mechanical_horn,0,Sừng một chiếc cơ khí
hand_under_topwear,7,Bàn tay bên dưới trang phục thân trên
tongue_mark,0,Dấu lưỡi
hand_on_armpit,7,Bàn tay trên nách
eyes_crossed_out,7,Mắt bắt chéo thò ra
eyebrow_twitching,0,Lông mày giật giật
diamond_skin,0,Da hình thoi
bloody_hand_print,7,Họa tiết bàn tay vấy máu
silver_lips,0,Môi bạc
exposed_body,7,Lộ cơ thể
touching_own_chest,7,Chạm ngực của mình
dildo_in_ear,7,Dương vật giả trong tai
hair_horn,7,Sừng tóc
hair_in_water,7,Tóc trong nước
paint_on_tail,7,Màu vẽ trên đuôi
translucent_ears,7,Tai bán trong suốt
chicken_feet,0,Bàn chân gà
carrying_on_shoulders,7,Đang mang trên vai
shoulder_stripes,7,Sọc vai
paw_on_mouth,7,Bàn chân thú trên miệng
peach_hair,7,Tóc đào
selfie_with_penis,7,Ảnh tự chụp kèm dương vật
cum_through_fingers,7,Tinh dịch xuyên qua ngón tay
cum_between_fingers,7,Tinh dịch giữa ngón tay
penis_ears,7,Tai dương vật
penis_neck,0,Cổ dương vật
bound_arm,7,Cánh tay bị trói
double_ears,7,Tai kép
gradient_eyelashes,0,Lông mi chuyển sắc
grabbing_own_leg,7,Nắm chân của mình
flower_on_nose,0,Hoa trên mũi
hyper_legs,7,Chân phóng đại
tail_on_arm,7,Đuôi trên cánh tay
glowing_fingers,7,Ngón tay phát sáng
forepaw_on_leg,7,Bàn chân trước trên chân
glistening_hand,7,Bàn tay bóng nhẫy
cracked_body,7,Cơ thể nứt
pink_chest_hair,7,Tóc ngực màu hồng
neon_fur,7,Lông neon
sweaty_hair,7,Tóc đầm mồ hôi
bandage_on_breasts,7,Băng quấn trên ngực
bandaged_shoulder,0,Vai băng bó
big_pseudo-penis,7,Dương vật to giả
weapon_in_front_of_face,0,Vũ khí trong phía trước khuôn mặt
money_hand_(meme),0,Bàn tay tiền
breasts_on_shoulder,7,Ngực trên vai
neck_eye,7,Mắt cổ
insect_on_face,0,Côn trùng trên khuôn mặt
washing_penis,7,Đang giặt dương vật
burning_ahoge,0,Tóc chỉa đang cháy
mouth_mirror,0,Cái gương miệng
broken_nose,7,Mũi bị gãy
shaking_arms,7,Đang lắc cánh tay
cock_in_face,7,Dương vật trong khuôn mặt
bird_penis,7,Dương vật chim
presenting_teeth,7,Răng chĩa ra
pseudo-penis_in_pussy,7,Dương vật giả trong âm hộ
sticker_on_shoulder,0,Nhãn dán trên vai
print_arm_warmers,0,Băng giữ ấm cánh tay họa tiết
steaming_penis,7,Dương vật đang bốc khói
fur_grab,7,Bóp lông thú
fur_loss,7,Rụng lông
multicolored_eyelashes,7,Lông mi nhiều màu
frog_on_shoulder,0,Ếch trên vai
collar_to_penis,7,Vòng cổ tới dương vật
monotone_inner_ear_fluff,7,Lông tơ tai một tông mặt trong
arms_on_shoulders,7,Cánh tay trên vai
monkey_arm,0,Cánh tay khỉ
condom_on_tail,7,Bao cao su trên đuôi
spiky_ears,7,Tai dựng
broken_penis,7,Dương vật bị gãy
rubbing_own_belly,7,Đang xoa bụng của mình
saliva_on_leg,7,Nước bọt trên chân
swimwear_around_legs,7,Đồ bơi quanh đôi chân
four_tone_fur,7,Lông bốn tông
sparkling_penis,7,Dương vật lấp lánh
glowing_eyelashes,7,Lông mi phát sáng
ear_in_mouth,7,Tai trong miệng
tail_on_belly,7,Đuôi trên bụng
tail_torture,7,Tra tấn đuôi
breasts_on_planet,7,Ngực trên hành tinh
green_leg,7,Chân xanh lá
cumshot_on_own_face,7,Xuất tinh lên ảnh trên khuôn mặt của mình
plant_in_mouth,7,Thực vật trong miệng
nose_between_toes,7,Mũi giữa ngón chân
nose_to_penis,7,Mũi tới dương vật
urine_from_penis,7,Nước tiểu từ dương vật
finger_on_cheeks,7,Ngón tay trên má
fingers_on_pussy,7,Ngón tay trên âm hộ
fin_hair_ornament,0,Phụ kiện tóc vây
wet_lips,7,Môi ướt
unworn_fake_nails,0,Móng tay giả không mặc
hair_chair,0,Ghế tóc
tentacle_between_toes,7,Xúc tu giữa ngón chân
pink_navel,7,Rốn hồng
hand_in_butt,7,Bàn tay trong mông
hand_wrapping,7,Quấn bàn tay
checkered_hair_ornament,0,Phụ kiện tóc kẻ ca-rô
low_quad_tails,0,Đuôi bốn thấp
yellow_ear_frill,7,Diềm xếp tai vàng
long_wings,7,Cánh dài
hypnotic_penis,7,Dương vật bị thôi miên
head_between_own_breasts,7,Đầu giữa ngực của mình
kicking_feet,7,Đang đá bàn chân
hearts_around_belly,7,Trái tim quanh bụng
envelope_in_mouth,7,Phong bì trong miệng
wings_flapping,7,Đôi cánh vỗ
legs_in_ass,7,Đôi chân trong mông
face_pull,7,Kéo mặt
face_in_hair,0,Khuôn mặt trong tóc
penis_with_tongue,7,Dương vật kèm lưỡi
penis_to_pectoral,0,Dương vật tới cơ ngực
eyes_only,7,Chỉ có mắt
eye_patch_on_head,7,Miếng che mắt trên đầu
amber_pupils,7,Đồng tử hổ phách
pale_penis,7,Dương vật nhạt
translucent_arms,7,Cánh tay bán trong suốt
partially_visible_penis,7,Dương vật một phần lộ rõ
stepping_on_belly,7,Bước bụng
partially_hairless_tail,0,Đuôi một phần không lông
holding_toes,7,Cầm ngón chân
holding_own_leg_up,7,Giơ cầm chân của mình lên
fur_patch,7,Miếng vá lông thú
carrying_tail,7,Mang theo đuôi
horn_blush,7,Má hồng sừng
multicolored_fingers,7,Ngón tay nhiều màu
side_nipple,7,Núm vú lệch bên
pseudo_eyebrows,7,Lông mày giả
short_body,7,Cơ thể ngắn
tuft_grab,7,Bóp túm lông
bulging_anus,7,Hậu môn lồi
alternate_fur_color,0,Màu lông thú khác
tv_hair_ornament,0,Phụ kiện tóc ti vi
eye_to_eye,7,Mắt tới mắt
chubby_tail,7,Đuôi mũm mĩm
arm_cuff,7,Ống tay cánh tay
topless_to_mostly_nude,7,Để ngực trần tới khỏa thân phần lớn
convenient_wing,0,Cánh tiện ích
tongue_size_difference,7,Chênh lệch kích thước lưỡi
elbow_hair,7,Tóc khuỷu tay
split_face,7,Khuôn mặt chia hai
rainbow_leg_warmers,7,Băng giữ ấm chân cầu vồng
single_arm_cuff,0,Ống tay cánh tay một chiếc
penis_on_snout,7,Dương vật trên mõm
detailed_hands,7,Bàn tay có chi tiết
face_only,7,Chỉ có khuôn mặt
cosmic_eyes,7,Mắt vũ trụ
fake_equine_ears,7,Tai ngựa giả
saliva_on_shoulder,7,Nước bọt trên vai
missing_fur,7,Lông thiếu
mismatched_canine_penis,7,Dương vật chó lệch đôi
belly_through_legs,7,Bụng xuyên qua đôi chân
juice_from_mouth,7,Nước ép từ miệng
glass_eye,0,Mắt thủy tinh
glistening_shoulder,7,Vai bóng nhẫy
skeleton_hand,7,Bàn tay bộ xương
heart-shaped_eyebrows,0,Lông mày hình trái tim
foot_on_ankle,7,Bàn chân trên cổ chân
purple_ear_tip,7,Đầu chóp tai tím
purple_hand,7,Bàn tay tím
briefs_around_legs,7,Quần lót tam giác quanh đôi chân
folded_leg,7,Chân gấp lại
tiger_print_leg_warmers,7,Băng giữ ấm chân họa tiết hổ
tail_halo,7,Vầng hào quang đuôi
tail_pouch,0,Túi con đuôi
tail_pointing,7,Đuôi chĩa ra
tail_tongue,7,Lưỡi đuôi
candy_hair,7,Tóc kẹo
reptilian_eyes,7,Mắt bò sát
energy_body,7,Cơ thể năng lượng
thin_body,7,Cơ thể mỏng
blue_navel,7,Rốn xanh dương
feces_on_fur,7,Phân trên lông thú
pussy_juice_on_arm,7,Dịch âm hộ trên cánh tay
pussy_juice_in_own_mouth,7,Dịch âm hộ trong miệng của mình
pussy_juice_on_own_face,7,Dịch âm hộ trên khuôn mặt của mình
cum_on_tail_feathers,7,Tinh dịch trên lông vũ ở đuôi
green_hand,7,Bàn tay xanh lá
no_teeth,0,Không có răng
severed_wings,0,Cánh bị cắt lìa
severed_wing,7,Cánh bị cắt lìa
hands_over_face,7,Bàn tay phía trên khuôn mặt
hands_on_shin,7,Bàn tay trên cẳng chân
lying_on_hair,0,Đang nằm trên tóc
hands_down,7,Hạ bàn tay xuống
hand_on_knees,7,Bàn tay trên đầu gối
hand_on_screen,0,Bàn tay trên màn hình
plastic_skin,0,Da nhựa
branch_in_mouth,0,Cành cây trong miệng
obscured_eye,7,Mắt bị che
magic_horn,7,Sừng phép thuật
fire_from_nose,7,Lửa từ mũi
nose_focus,7,Trọng tâm mũi
nose_plates,7,Cái đĩa mũi
sniffing_fingers,7,Ngửi ngón tay
hair_curl,0,Lọn tóc xoăn tóc
blonde_body_hair,7,Tóc cơ thể vàng hoe
ripped_wings,7,Cánh xé rách
wheat_body,7,Cơ thể lúa mì
nose_on_crotch,7,Mũi trên đũng quần
riding_crop_in_mouth,7,Roi cưỡi ngựa trong miệng
text_on_chest,7,Chữ trong ảnh trên ngực
text_on_penis,7,Chữ trong ảnh trên dương vật
uneven_legs,7,Chân không đều
fellatio_through_body,7,Quan hệ bằng miệng xuyên qua cơ thể
hands_on_own_calves,7,Bàn tay trên bắp chân của mình
hands_on_wings,7,Bàn tay trên đôi cánh
camera_eyes,7,Mắt máy ảnh
robotic_eyes,7,Mắt người máy
floating_eye,7,Mắt lơ lửng
nipple_to_nose,7,Núm vú tới mũi
gradient_inner_ear_fluff,7,Lông tơ tai chuyển sắc mặt trong
nipple_eyes,7,Mắt núm vú
cross_in_mouth,0,Thập tự trong miệng
skull_pupils,7,Đồng tử đầu lâu
skull_eyes,7,Mắt đầu lâu
tied_to_tail,7,Trói vào đuôi
tail_tugging,7,Đang kéo đuôi
tail_around_foot,7,Đuôi quanh bàn chân
skin_change,7,Đổi màu da
heart_in_eyelashes,0,Trái tim trong lông mi
person_in_mouth,0,Người trong miệng
balancing_on_nose,0,Giữ thăng bằng trên mũi
symbol-shaped_hair,0,Tóc biểu tượng hình
speech_bubble_hair_ornament,0,Phụ kiện tóc bọt khí nói
orange_finger_claws,7,Móng vuốt ngón tay cam
missing_eyes,7,Mắt thiếu
fake_hair,0,Tóc giả
sweat_on_penis,7,Mồ hôi trên dương vật
leg_in_mouth,7,Chân trong miệng
leg_worship,0,Sự sùng bái chân
spinning_tails,7,Đang xoay đuôi
face_on_pillow,7,Khuôn mặt trên gối
penis_symbol,7,Biểu tượng dương vật
big_nails,7,Móng tay to
penis_between_balls,7,Dương vật giữa tinh hoàn
penis_in_armpit,7,Dương vật trong nách
arm_holding,7,Cầm cánh tay
vibrator_on_nipples,7,Đồ chơi rung trên núm vú
eye_on_penis,7,Mắt trên dương vật
eye_on_hand,7,Mắt trên bàn tay
navel_expansion,7,Độ giãn rốn
precum_on_nose,7,Dịch tiền xuất tinh trên mũi
touching_lip,7,Chạm môi
multi_penis_outline,7,Đường viền dương vật nhiều
knot_hair_ornament,0,Phụ kiện tóc nút thắt
strawberry_blonde_hair,7,Tóc vàng hoe dâu tây
fur_on_legs,7,Lông thú trên đôi chân
fur-trimmed_hair_tubes,0,Lọn tóc ống lông thú viền
print_leg_warmers,0,Băng giữ ấm chân họa tiết
outstretched_wings,7,Cánh duỗi thẳng
pseudo_nipples,7,Núm vú giả
naked_snake_(cosplay),0,Rắn trần
leaf_eyebrows,7,Lông mày chiếc lá
toe_in_ass,7,Ngón chân trong mông
muscular_tail,7,Đuôi cơ bắp
lightning_bolt_tail,7,Đuôi bu lông sấm sét
print_horns,0,Sừng họa tiết
white_navel,7,Rốn trắng
wide_pupils,7,Đồng tử rộng
loose_skin,7,Da rộng
rainbow_pride_penis,7,Dương vật tự hào cầu vồng
both_hands_on_head,7,Cả hai bàn tay trên đầu
horn_tattoo,7,Hình xăm sừng
horns_tied,7,Sừng được buộc
wooden_leg,7,Chân bằng gỗ
genital_slit_penis,7,Dương vật xẻ tà sinh dục
moth_on_hand,0,Ngài trên bàn tay
balloon_hair_ornament,0,Phụ kiện tóc bóng bay
bandage_on_belly,7,Băng quấn trên bụng
bee_tail,0,Đuôi ong
object_on_belly,7,Vật thể trên bụng
magenta_ears,7,Tai hồng cánh sen
phantom_hand,7,Bàn tay hư ảo
chestnut_hair,7,Tóc hạt dẻ
eye_through_mane,7,Mắt xuyên qua bờm
spread_lips,0,Môi dạng ra
body_stickers,7,Nhãn dán cơ thể
body_between_toes,7,Cơ thể giữa ngón chân
arm_on_back,7,Cánh tay trên lưng
snowflake_in_hair,0,Bông tuyết trong tóc
black_striped_tail,7,Đuôi kẻ sọc đen
face_on_object,7,Khuôn mặt trên vật thể
glowing_through_skin,7,Phát sáng xuyên qua da
fake_teeth,0,Răng giả
nose_in_pussy,7,Mũi trong âm hộ
nose_on_butt,7,Mũi trên mông
shoulder_fins,0,Vây vai
shoulder_eye,7,Mắt vai
heart_hands_duo_(0307_rebl),0,Hai người tạo hình trái tim bằng tay
gold_ears,7,Tai vàng kim
golden_nails,7,Móng tay màu vàng
curled_penis,7,Dương vật uốn xoăn
tube_in_nose,7,Dạng ống trong mũi
talking_to_belly,7,Nói chuyện với bụng
feline_tongue,7,Lưỡi mèo
grab_leg,7,Chân bóp
spiked_chest,7,Ngực có gai
melting_penis,7,Dương vật đang tan chảy
hand_out_of_water,7,Dạng bàn tay ra nước
ear_bondage,7,Trói buộc tai
half-shaved_hair,7,Tóc cạo một nửa
hair_tubes_removed,0,Ống tóc đã tháo ra
hair_between_fingers,0,Tóc giữa ngón tay
tail_wear,7,Đồ mặc đuôi
finger_on_nose,7,Ngón tay trên mũi
tail_in_own_mouth,7,Đuôi trong miệng của mình
fingers_through_hair,7,Ngón tay xuyên qua tóc
robotic_ear,7,Tai người máy
symbol_on_genitals,7,Biểu tượng trên bộ phận sinh dục
penis_on_mouth,7,Dương vật trên miệng
butterfly_on_foot,0,Bươm bướm trên bàn chân
butterfly_on_ear,0,Bươm bướm trên tai
two_tone_nails,7,Móng tay hai tông
two_tone_lips,7,Môi hai tông
grey_striped_fur,7,Lông kẻ sọc xám
penis_on_own_face,7,Dương vật trên khuôn mặt của mình
broken_ear,7,Tai bị gãy
tongue_on_ground,7,Lưỡi trên mặt đất
tongue_worship,7,Sự sùng bái lưỡi
crescent_in_eye,0,Trăng lưỡi liềm trong mắt
silver_eyebrows,7,Lông mày bạc
grey_body_hair,7,Tóc cơ thể màu xám
iridescent_penis,7,Dương vật ánh kim
milk_on_hand,7,Sữa trên bàn tay
pseudo_ears,7,Tai giả
penis_between_fingers,7,Dương vật giữa ngón tay
tail_around_thigh,7,Đuôi quanh đùi
finger_to_neck,0,Ngón tay tới cổ
finger_on_pussy,7,Ngón tay trên âm hộ
finger_in_nose,7,Ngón tay trong mũi
rings_on_ears,7,Nhẫn trên tai
legs_out,7,Dạng đôi chân ra
breasts_on_own_face,7,Ngực trên khuôn mặt của mình
micro_on_breast,7,Rất nhỏ trên ngực
severed_breasts,7,Ngực bị cắt lìa
clothed_other_nude_female,0,Nhân vật nữ khỏa thân người khác mặc đồ
demon_penis,7,Dương vật quỷ
hand_print_on_stomach,7,Họa tiết bàn tay trên bụng
blue-eyes_white_dragon_(cosplay),0,Rồng mắt xanh dương trắng
flower_with_face,0,Hoa kèm khuôn mặt
shaved_eyebrow,0,Lông mày cạo ngắn
10_tails,7,Mười cái đuôi
linked_to_penis,7,Được nối tới dương vật
mechanical_hair_ornament,0,Phụ kiện tóc cơ khí
measuring_breasts,7,Đang đo ngực
feces_from_nipples,7,Phân từ núm vú
multicolored_armpit_hair,7,Tóc nách nhiều màu
biting_face,7,Đang cắn khuôn mặt
blue_nose_horn,7,Sừng mũi xanh dương
hyper_nails,7,Móng tay phóng đại
looking_back_at_penis,7,Nhìn lại phía sau dương vật
veiny_eyes,0,Mắt lộ gân
rope_around_hands,7,Dây thừng quanh bàn tay
head_in_breasts,7,Đầu trong ngực
transparent_breasts,7,Ngực trong suốt
shoulder_fur,7,Lông vai
foot_flower,7,Hoa bàn chân
fake_tiger_ears,7,Tai hổ giả
horn_bite,7,Cắn sừng
genital_bondage,7,Trói buộc sinh dục
foot_on_sofa,7,Bàn chân trên ghế bành
glitter_in_hair,0,Kim tuyến trong tóc
offering_feet,7,Đưa cho bàn chân
canine_tongue,7,Lưỡi chó
cat_tongue,7,Lưỡi mèo
face_between_pecs,7,Khuôn mặt giữa cơ ngực
body_in_ass,7,Cơ thể trong mông
screw_in_body,0,Ốc vít trong cơ thể
obscured_nipples,7,Núm vú bị che
text_on_face,7,Chữ trong ảnh trên khuôn mặt
rubbing_butt_in_face,7,Đang xoa mông trong khuôn mặt
excessive_chest_hair,7,Tóc ngực quá nhiều
exposed_cleavage,7,Lộ khe ngực
candy_corn_finger,7,Ngón tay ngô kẹo
snake_hands,7,Bàn tay rắn
bone_horns,0,Sừng xương
armored_tail,7,Đuôi bọc giáp
condom_between_toes,7,Bao cao su giữa ngón chân
navy_body,7,Cơ thể xanh navy
see-through_hair_ornament,0,Phụ kiện tóc xuyên thấu
eyes_on_arms,7,Mắt trên cánh tay
eyes_on_chest,7,Mắt trên ngực
vertical_eyes,7,Mắt dọc
partially_inside_mouth,7,Một phần bên trong miệng
arm_on_breast,7,Cánh tay trên ngực
arm_bondage,7,Trói buộc cánh tay
face_wraps,7,Băng quấn mặt
canine_nipples,7,Núm vú chó
teal_pseudo_hair,7,Tóc giả màu xanh cổ vịt
teal_breasts,7,Ngực xanh cổ vịt
plant_in_hair,7,Thực vật trong tóc
horns_and_antennae,7,Sừng và ăng-ten
spoken_penis,0,Dương vật trong bóng thoại
background_eyes,7,Mắt nền
belly_vulva,7,Âm hộ bụng
shoulder_torture,7,Tra tấn vai
patting_shoulder,7,Vỗ vai
bound_ears,7,Tai bị trói
looking_at_arm,0,Nhìn cánh tay
painted_horns,7,Sừng vẽ họa tiết
hyper_nose,7,Mũi phóng đại
goo_on_face,7,Nhầy trên khuôn mặt
multi_nose,7,Nhiều cái mũi
goo_on_arm,7,Nhầy trên cánh tay
no_extra_ears,0,Không có tai phụ
cup_on_ear,7,Cốc trên tai
3_wings,7,Ba cánh
hands_on_horns,7,Bàn tay trên sừng
hands_on_chair,7,Bàn tay trên ghế
question_mark_in_eye,0,Dấu hỏi trong mắt
spiked_bangs,0,Tóc mái có gai
hand_ornament,0,Đồ trang trí bàn tay
light_tail_feathers,7,Lông vũ đuôi nhạt
light_nails,7,Móng tay nhạt
turquoise_skin,7,Da màu xanh ngọc lam
toe_in_pussy,7,Ngón chân trong âm hộ
fruit_in_mouth,7,Trái cây trong miệng
hairpin_in_mouth,0,Kẹp tóc trong miệng
hair_over_wings,0,Tóc phía trên đôi cánh
pen_in_hair,0,Bút máy trong tóc
breasts_on_building,7,Ngực trên tòa nhà
pussy_juice_on_own_tongue,7,Dịch âm hộ trên lưỡi của mình
pussy_in_face,7,Âm hộ trong khuôn mặt
blonde_ears,7,Tai vàng hoe
vulva_in_vagina,7,Âm hộ trong âm đạo
prosthetic_horn,7,Sừng nhân tạo
insect_tail,7,Đuôi côn trùng
insect_on_nose,0,Côn trùng trên mũi
flat_face,7,Khuôn mặt phẳng
tail_between_others_legs,7,Đuôi giữa chân những người khác
washing_feet,0,Đang giặt bàn chân
robot_wings,7,Cánh người máy
grey_hand,7,Bàn tay xám
torn_arm_warmers,0,Ống giữ ấm cánh tay bị rách
penis_over_thigh,7,Dương vật phía trên đùi
penis_tail,0,Đuôi dương vật
large_chest,7,Ngực lớn
pink_ear_fluff,7,Lông tơ tai hồng
pointing_at_anus,7,Chỉ vào hậu môn
celestial_body,7,Cơ thể thiên thể
pupils_closed,7,Đồng tử khép lại
shadow_over_body,7,Bóng đổ phía trên cơ thể
tongue_around_leg,7,Lưỡi quanh chân
leg_on_hip,7,Chân trên hông
legs_on_desk,7,Đôi chân trên bàn làm việc
dildo_in_pseudo-penis,7,Dương vật giả trong dương vật giả
imminent_genital_torture,7,Tra tấn sinh dục sắp xảy ra
lifting_hair,7,Đang nhấc tóc
lifting_penis,7,Đang nhấc dương vật
lipstick_on_nipples,7,Son môi trên núm vú
hyper_wings,7,Cánh phóng đại
wind_in_hair,7,Gió trong tóc
wing_spots,7,Đốm cánh
human_skin_colored_horn,7,Sừng nhuộm màu da người
looking_at_tongue,7,Nhìn lưỡi
pale_hair,7,Tóc nhạt
translucent_legs,7,Chân bán trong suốt
checkered_fur,7,Lông kẻ ca-rô
hooded_eyes,7,Mắt có mũ trùm
cat_on_face,0,Mèo trên khuôn mặt
holding_nipple,7,Cầm núm vú
holding_cum_in_mouth,7,Cầm tinh dịch trong miệng
vibrator_in_nipple,7,Đồ chơi rung trong núm vú
tentacle_horns,0,Sừng xúc tu
tentacle_around_horn,7,Xúc tu quanh sừng
anthro_penis,7,Dương vật nhân hóa
eyebrow_stubble,0,Râu lởm chởm lông mày
hidden_genitals,7,Bộ phận sinh dục được che
porcine_tail,7,Đuôi lợn
fake_ahoge,0,Tóc ahoge giả
teal_arms,7,Cánh tay xanh cổ vịt
nose_grab,7,Bóp mũi
scale_tuft,7,Túm lông vảy
short_pseudo_hair,7,Tóc ngắn giả
blue_body_markings,7,Vằn cơ thể xanh dương
hands_on_furniture,7,Bàn tay trên đồ nội thất
hands_open,7,Bàn tay mở
hands_on_own_tail,7,Bàn tay trên đuôi của mình
hands_around_legs,7,Bàn tay quanh đôi chân
hand_vulva,7,Âm hộ bàn tay
hand_to_viewer,7,Bàn tay tới người xem
hand_on_own_legs,7,Bàn tay trên chân của mình
crossed_nipples,7,Núm vú chéo
midriff_tuft,7,Túm lông vòng eo
cross_ahoge,0,Tóc ahoge chữ thập
crooked_ears,7,Tai vẹo
fingers_on_ground,0,Ngón tay trên mặt đất
tail_around_wrist,7,Đuôi quanh cổ tay
twitching_eye,7,Mắt giật giật
chocolate_in_hair,0,Sô-cô-la trong tóc
pointed_nails,7,Móng tay nhọn
cow_print_arm_warmers,7,Băng giữ ấm cánh tay họa tiết bò
missing_wing,7,Cánh thiếu
grabbing_wings,7,Nắm đôi cánh
grabbing_both_twintails,0,Nắm cả hai tóc hai búi
goo_from_mouth,7,Nhầy từ miệng
rope_around_arm,0,Dây thừng quanh cánh tay
plant_horns,0,Sừng cây cảnh
foot_wrapping,7,Quấn bàn chân
bandaid_on_wing,0,Băng cá nhân trên cánh
four_tone_body,7,Cơ thể bốn tông
arms_around_penis,7,Cánh tay quanh dương vật
arms_around_head,7,Cánh tay quanh đầu
saliva_on_toe,7,Nước bọt trên ngón chân
saliva_on_fur,7,Nước bọt trên lông thú
navel_markings,7,Vằn rốn
bandage_on_eye,7,Băng quấn trên mắt
black_arm_wraps,7,Băng quấn cánh tay đen
drool_in_mouth,7,Dãi trong miệng
unusual_teeth,7,Răng bất thường
striped_leg,7,Chân kẻ sọc
uncolored_eyes,7,Mắt chưa tô màu
pink_horn_tip,7,Đầu chóp sừng hồng
stitched_ear,0,Tai khâu
straight_face,7,Khuôn mặt thẳng
drool_on_body,7,Dãi trên cơ thể
circle_hair_ornament,0,Phụ kiện tóc hình tròn
narrow_arms,7,Cánh tay hẹp
freckled_hand,7,Bàn tay có tàn nhang
bandaged_belly,7,Bụng băng bó
1_leg,7,Một chân
plaid_hair_ornament,0,Phụ kiện tóc kẻ caro
saliva_on_mouth,7,Nước bọt trên miệng
arms_over_breasts,7,Cánh tay phía trên ngực
armored_twintails,0,Tóc hai búi bọc giáp
armpit_in_face,7,Nách trong khuôn mặt
black_spotted_body,7,Cơ thể có đốm đen
glistening_leg,7,Chân bóng nhẫy
foot_on_bed,7,Bàn chân trên giường
foot_cuffs,7,Ống bọc cổ tay bàn chân
grabbing_both_arms,7,Nắm cả hai cánh tay
grabbing_own_wings,0,Nắm cánh của mình
sweaty_navel,7,Rốn đầm mồ hôi
almond_nails,7,Móng tay hạnh nhân
grass_in_mouth,7,Cỏ trong miệng
butterfly_on_finger,7,Bươm bướm trên ngón tay
missing_horn,7,Sừng thiếu
countershade_nose,7,Mũi bóng ngược
green_nose_horn,7,Sừng mũi xanh lá
penis_in_breast,7,Dương vật trong ngực
tail_around_ankle,7,Đuôi quanh cổ chân
ear_lift,0,Nâng lên tai
tail_axe,7,Rìu đuôi
ear_torture,7,Tra tấn tai
burnt_fur,7,Lông cháy
blonde_body,7,Cơ thể vàng hoe
blood_on_arms,7,Máu trên cánh tay
hair_drills,7,Tóc xoắn tóc
hair_gel,0,Keo vuốt tóc
crystal_body,7,Cơ thể pha lê
hand_in_briefs,7,Bàn tay trong quần lót tam giác
hand_on_gun,7,Bàn tay trên súng
hand_on_rock,7,Bàn tay trên tảng đá
hands_forward,7,Đưa bàn tay về phía trước
hands_on_own_horns,0,Bàn tay trên sừng của mình
hands_on_side,7,Bàn tay trên lệch bên
head_on_leg,7,Đầu trên chân
triple_nipples,7,Ba núm vú
triangular_body,7,Cơ thể hình tam giác
teal_tail_tuft,7,Túm lông đuôi xanh cổ vịt
bulge_in_mouth,7,Phần phồng lên trong miệng
body_in_hand,7,Cơ thể trong bàn tay
red_nose_horn,7,Sừng mũi đỏ
number_in_eye,0,Chữ số trong mắt
chest_penetration,7,Sự thâm nhập ngực
pride_color_nails,7,Móng tay màu tự hào
tentacle_around_wings,7,Xúc tu quanh đôi cánh
tentacle_from_penis,7,Xúc tu từ dương vật
axe_over_shoulder,7,Rìu phía trên vai
holding_wing,7,Cầm cánh
dildo_in_navel,7,Dương vật giả trong rốn
checkered_nails,0,Móng tay kẻ ca-rô
horn_band_legwear,0,Đồ che chân dải băng sừng
horn_expansion,7,Độ giãn sừng
rainbow_tail_tuft,7,Túm lông đuôi cầu vồng
pseudo-penis_in_mouth,7,Dương vật giả trong miệng
silver_face,7,Khuôn mặt bạc
silver_tongue,7,Lưỡi bạc
shaking_leg,7,Đang lắc chân
censored_hands,0,Bàn tay đã kiểm duyệt
open_vagina,7,Âm đạo mở
sitting_on_legs,7,Đang ngồi trên đôi chân
detached_penis,7,Dương vật tách rời
purple_nose_horn,7,Sừng mũi tím
pussy_juice_on_belly,7,Dịch âm hộ trên bụng
legs_on_bed,7,Đôi chân trên giường
leg_on_sofa,7,Chân trên ghế bành
leg_spines,7,Cột sống chân
leaning_on_shoulder,7,Tựa người trên vai
wave_hair_ornament,0,Phụ kiện tóc sóng
sticker_on_breast,0,Nhãn dán trên ngực
fur_paint,7,Màu vẽ lông thú
drawing_on_face,7,Hình vẽ trên khuôn mặt
bread_in_mouth,7,Bánh mì trong miệng
licking_own_nose,7,Đang liếm mũi của mình
tongue_markings,7,Vằn lưỡi
multi_tail_growth,7,Sự mọc đuôi nhiều
broken_heart_hands,0,Bàn tay trái tim bị gãy
coin_bangs,0,Tóc mái đồng xu
freckled_feet,7,Bàn chân có tàn nhang
mouth_under_water,0,Miệng bên dưới nước
mouth_through_hair,7,Miệng xuyên qua tóc
arrow_in_chest,7,Mũi tên trong ngực
1_hand,7,Một bàn tay
rubbing_ear,7,Đang xoa tai
fox_ear_headphones,0,Tai nghe tai cáo
brown_hand,7,Bàn tay nâu
saliva_on_own_penis,7,Nước bọt trên dương vật của mình
arm_on_wall,0,Cánh tay trên bức tường
arm_mouth,7,Miệng cánh tay
rounded_horn,7,Sừng tròn
rainbow_horns,0,Sừng cầu vồng
chubby_arms,7,Cánh tay mũm mĩm
foot_on_balloon,7,Bàn chân trên bóng bay
slit_like_anus,7,Xẻ tà giống hậu môn
touching_own_arm,7,Chạm cánh tay của mình
dildo_between_breasts,7,Dương vật giả giữa ngực
double_nipples,7,Núm vú kép
holographic_horn,7,Sừng toàn ảnh
spiked_ears,7,Tai có gai
gradient_fingers,7,Ngón tay chuyển sắc
grass_on_body,7,Cỏ trên cơ thể
two_colored_fur,7,Lông nhuộm màu hai
pointing_at_hand,0,Chỉ vào bàn tay
asymmetrical_feet,7,Bàn chân bất đối xứng
penis_with_face,7,Dương vật kèm khuôn mặt
tentacles_from_mouth,7,Xúc tu từ miệng
tentacle_over_eye,0,Xúc tu phía trên mắt
tentacle_around_ear,7,Xúc tu quanh tai
eye_background,0,Nền mắt
tail_breasts,7,Ngực đuôi
fingers_on_crotch,7,Ngón tay trên đũng quần
eyes_on_legs,7,Mắt trên đôi chân
tail_on_lap,0,Đuôi trên đùi
tail_under_balls,7,Đuôi bên dưới tinh hoàn
snow_penis,7,Dương vật tuyết
hair_chest,7,Ngực tóc
micro_in_cleavage,7,Rất nhỏ trong khe ngực
precum_on_own_tongue,7,Dịch tiền xuất tinh trên lưỡi của mình
hairy_face,7,Khuôn mặt nhiều lông
precum_on_anus,7,Dịch tiền xuất tinh trên hậu môn
blood_on_legs,7,Máu trên đôi chân
crown-shaped_pupils,0,Đồng tử hình vương miện
teal_tuft,7,Túm lông xanh cổ vịt
bloodshot_eye,7,Mắt vằn máu
paw_in_eye,0,Bàn chân thú trong mắt
nose_stripe,7,Sọc mũi
nipple_in_pussy,7,Núm vú trong âm hộ
nipple_in_nipple,7,Núm vú trong núm vú
tattoo_on_feet,7,Hình xăm trên bàn chân
9_eyes,7,Chín con mắt
hand_on_fence,7,Bàn tay trên hàng rào
hand_on_sex_toy,7,Bàn tay trên đồ chơi tình dục
carrying_penis,7,Mang theo dương vật
hand_to_chest,7,Bàn tay tới ngực
melting_face,0,Khuôn mặt đang tan chảy
cum_from_own_nose,7,Tinh dịch từ mũi của mình
cum_in_pseudo-penis,7,Tinh dịch trong dương vật giả
feet_on_bulge,7,Bàn chân trên phần phồng lên
cybernetic_chest,7,Ngực người máy cấy ghép
measuring_muscle,7,Đang đo cơ
chin_in_hand,7,Cằm trong bàn tay
cutting_horns,0,Đang cắt sừng
feathered_breasts,7,Ngực có lông vũ
feces_from_penis,7,Phân từ dương vật
feces_in_hair,7,Phân trong tóc
reverse_nipple_penetration,0,Sự thâm nhập núm vú ngược
reverse_ear_penetration,7,Sự thâm nhập tai ngược
feet_on_sofa,7,Bàn chân trên ghế bành
head_in_arms,7,Đầu trong cánh tay
cum_on_shoulders,7,Tinh dịch trên vai
hand_outline,7,Đường viền bàn tay
shoulder_phone,0,Điện thoại vai
nose_on_balls,7,Mũi trên tinh hoàn
halo_hair,0,Tóc vầng hào quang
teal_legs,7,Chân xanh cổ vịt
precum_on_own_feet,7,Dịch tiền xuất tinh trên bàn chân của mình
face_plate,7,Cái đĩa mặt
fiery_eyebrows,0,Lông mày bằng lửa
burnt_face,0,Khuôn mặt cháy
presenting_tail,7,Đuôi chĩa ra
tail_on_partner,7,Đuôi trên bạn tình
tail_over_back,7,Đuôi phía trên lưng
finger_paint,7,Màu vẽ ngón tay
finger_in_ear,7,Ngón tay trong tai
fingers_on_own_penis,7,Ngón tay trên dương vật của mình
tennis_ball_on_horns,0,Quả bóng quần vợt trên sừng
tentacle_ear,7,Tai xúc tu
turquoise_tongue,7,Lưỡi xanh ngọc lam
kissing_body,7,Hôn cơ thể
sparkling_genital_fluids,7,Dịch sinh dục lấp lánh
magenta_nose,7,Mũi hồng cánh sen
flame_fur,7,Lông ngọn lửa
penis_around_penis,7,Dương vật quanh dương vật
robot_eye,7,Mắt người máy
covering_with_tail,7,Che kèm đuôi
sword_in_body,7,Kiếm trong cơ thể
penis_spots,7,Đốm dương vật
button_navel,7,Rốn cúc
grabbing_own_breasts,7,Nắm ngực của mình
honey_on_body,7,Mật ong trên cơ thể
darkened_arms,7,Cánh tay tối đi
hoof_on_chest,7,Móng guốc trên ngực
touching_nipple,7,Chạm núm vú
spit_on_face,7,Nước bọt trên khuôn mặt
horn_in_ass,7,Sừng trong mông
horn_eyes,7,Mắt sừng
shared_body,7,Cơ thể dùng chung
food_on_chest,7,Thức ăn trên ngực
foot_out_of_water,7,Dạng bàn chân ra nước
foot_on_hip,7,Bàn chân trên hông
brown_spotted_body,7,Cơ thể có đốm nâu
glistening_eyebrows,7,Lông mày bóng nhẫy
spotted_shoulder,7,Vai có đốm
plant_fur,7,Lông cây cảnh
wings_of_light,0,Đôi cánh nhạt
wing_biting,0,Đang cắn cánh
rubbing_tail,7,Đang xoa đuôi
ghost_arms,7,Cánh tay ma
skull_tail,7,Đuôi đầu lâu
color_fur,7,Lông màu
one_shoulder_top,7,Áo vai một
mouth_torture,7,Tra tấn miệng
16_breasts,7,Mười sáu ngực
lipstick_mark_on_foot,0,Dấu son môi trên bàn chân
drying_face,7,Đang sấy khuôn mặt
skeletal_face,0,Khuôn mặt hình bộ xương
broken_heart_on_body,7,Trái tim bị gãy trên cơ thể
wet_hand,7,Bàn tay ướt
open_belly,7,Bụng mở
strap_across_chest,7,Dây đeo ngang qua ngực
cake_on_breasts,7,Bánh ngọt trên ngực
wasp_wings,7,Cánh ong bắp cày
bird_in_front_of_eye,0,Chim trong phía trước mắt
breast_hair,7,Tóc ngực
fur_strap,0,Dây đeo lông thú
detached_face,0,Khuôn mặt tách rời
sex_in_mouth,7,Quan hệ tình dục trong miệng
putting_on_condom_with_mouth,7,Đang mặc bao cao su kèm miệng
wavy_ahoge,0,Tóc ahoge gợn sóng
sex_toy_on_tail,7,Đồ chơi tình dục trên đuôi
legs_on_balls,7,Đôi chân trên tinh hoàn
insect_on_shoulder,0,Côn trùng trên vai
leg_around_shoulders,7,Chân quanh vai
