bodily_fluids,7,Dịch cơ thể
sex,0,Quan hệ tình dục
butt,7,Mông
erection,0,Cương cứng
sweat,0,Mồ hôi
cum,0,Tinh dịch
vulva,7,Âm hộ
collarbone,0,Xương quai xanh
penetration,7,Thâm nhập
heart,0,Trái tim
speech_bubble,0,Bong bóng thoại
thick_thighs,0,Đùi đầy đặn
penile,7,Thuộc dương vật
thighs,0,Đùi
hetero,0,Dị tính
claws,0,Móng vuốt
muscular,0,Cơ bắp
mythological_creature,0,Sinh vật thần thoại
vaginal,0,Thuộc âm đạo
ass,0,Mông
greyscale,0,Thang xám
feral,7,Động vật không nhân hóa
frills,0,Viền bèo
topwear,7,Trang phục thân trên
artist_name,0,Tên họa sĩ
censored,0,Đã kiểm duyệt
dialogue,0,Lời thoại
barefoot,0,Chân trần
on_back,0,Nằm ngửa
humanoid_genitalia,7,Bộ phận sinh dục dạng người
biped,7,Đi bằng hai chân
virtual_youtuber,0,YouTuber ảo
collar,0,Vòng cổ
anal,0,Quan hệ qua đường hậu môn
areola,7,Quầng vú
bottomwear,7,Trang phục thân dưới
big_butt,7,Mông lớn
halo,0,Vầng hào quang
wide_hips,0,Hông rộng
hairclip,0,Kẹp tóc
fangs,0,Răng nanh
pussy,0,Âm hộ
cum_inside,7,Xuất tinh bên trong
oral,0,Quan hệ bằng miệng
headgear,0,Đồ đội đầu
fox,0,Cáo
midriff,0,Vùng eo và bụng
spreading,7,Dạng chân
heart_symbol,7,Biểu tượng trái tim
hood,0,Mũ trùm
penile_penetration,7,Dương vật thâm nhập
fang,0,Răng nanh
saliva,0,Nước bọt
anal_penetration,7,Thâm nhập hậu môn
twitter_username,0,Tên người dùng Twitter
ambiguous_gender,0,Giới tính không rõ
sweatdrop,0,Giọt mồ hôi
stomach,0,Bụng
sailor_collar,0,Cổ áo thủy thủ
abs,0,Cơ bụng
mole,0,Nốt ruồi
serafuku,0,Đồng phục thủy thủ
vaginal_penetration,7,Thâm nhập qua âm đạo
border,0,Đường viền
outside,7,Bên ngoài
feathers,0,Lông vũ
paws,7,Bàn chân thú
makeup,0,Trang điểm
star_(symbol),0,Ngôi sao
from_side,0,Góc nhìn bên cạnh
bird,0,Chim
armpits,0,Nách
yuri,0,Tình cảm nữ-nữ
from_behind,0,Góc nhìn từ phía sau
intersex,7,Liên giới tính
presenting,7,Đưa ra phía trước
bottomless,0,Không mặc quần
bound,0,Bị trói
character_name,0,Tên nhân vật
dated,0,Có ghi ngày tháng
cup,0,Cốc
blurry,0,Mờ nhòe
overweight,7,Thừa cân
mosaic_censoring,0,Che bằng khảm
young,7,Trẻ
big_balls,7,Tinh hoàn lớn
tattoo,0,Hình xăm
vein,7,Mạch máu
wet,0,Ướt
multiple_views,0,Nhiều góc nhìn
neckerchief,0,Khăn quàng cổ
precum,0,Dịch tiền xuất tinh
pecs,7,Cơ ngực
soles,0,Lòng bàn chân
:o,0,Biểu cảm :O
orgasm,0,Cực khoái
blood,0,Máu
happy,0,Vui vẻ
thigh_strap,0,Đai đùi
vaginal_fluids,7,Dịch âm đạo
hyper,7,Phóng đại
bulge,0,Phần phồng lên
horse,0,Ngựa
inside,7,Bên trong
masturbation,0,Thủ dâm
2023,0,Năm 2023
two_side_up,0,Hai lọn tóc buộc lên hai bên
scales,0,Vảy
loli,0,Nhân vật nhỏ tuổi
hug,0,Ôm
2024,0,Năm 2024
licking,0,Đang liếm
bar_censor,0,Thanh che
2022,0,Năm 2022
strapless,0,Không dây
v,0,Tư thế chữ V
stripes,7,Sọc
window,0,Cửa sổ
sparkle,0,Lấp lánh
horse_girl,0,Cô gái ngựa
fluffy,0,Bồng bềnh
motion_lines,0,Vệt chuyển động
countershading,7,Màu lưng và bụng tương phản
2025,0,Năm 2025
wrist_cuffs,0,Vòng cổ tay
bondage,0,Trói buộc
buttons,0,Cúc áo
bell,0,Chuông
maid_headdress,0,Mũ hầu gái
drooling,0,Đang chảy dãi
maid,0,Hầu gái
2021,0,Năm 2021
spikes,0,Gai
sound_effects,0,Hiệu ứng âm thanh
:3,0,Biểu cảm :3
femboy,7,Nhân vật nam nữ tính
from_behind_position,7,Tư thế từ phía sau
ascot,0,Khăn ascot
huge_butt,7,Mông rất lớn
dominant,7,Thống trị
sash,0,Đai vải
pov,0,Góc nhìn thứ nhất
uncensored,0,Không kiểm duyệt
2020,0,Năm 2020
dripping,0,Nhỏ giọt
glistening,7,Lấp lánh
frown,0,Nhíu mày
trio,7,Bộ ba
equine_genitalia,7,Bộ phận sinh dục ngựa
on_side,0,Nằm nghiêng
tank_top,0,Áo ba lỗ
siblings,0,Anh chị em ruột
sheath,0,Bao kiếm
slightly_chubby,7,Hơi mũm mĩm
turtleneck,0,Áo cổ lọ
chain,0,Dây chuyền
groin,0,Háng
detached_collar,0,Cổ áo rời
thigh_highs,7,Tất cao đùi
copyright_name,0,Tên tác phẩm/bản quyền
clitoris,0,Âm vật
profile,0,Góc nghiêng
hooves,0,Móng guốc
capelet,0,Áo choàng ngắn
anthrofied,7,Được nhân hóa
head_tilt,0,Nghiêng đầu
2019,0,Năm 2019
fire,0,Lửa
leaf,0,Lá cây
cat_girl,0,Cô gái mèo
topless,7,Để ngực trần
zettai_ryouiki,0,Khoảng hở giữa tất cao đùi và váy
skindentation,0,Vết hằn trên da
demon,0,Quỷ
highleg,0,Cắt cao ở hông
kneehighs,0,Tất cao đến gối
swimwear,7,Đồ bơi
biceps,0,Cơ nhị đầu
presenting_hindquarters,7,Đưa phần thân sau ra phía trước
gem,0,Đá quý
freckles,0,Tàn nhang
fish,0,Cá
^_^,0,Biểu cảm ^_^
sideboob,0,Nghiêng lộ ngực bên
digitigrade,0,Đi bằng ngón chân
denim,0,Vải bò
2018,0,Năm 2018
pussy_juice,0,Dịch âm hộ
helmet,0,Mũ bảo hiểm
plantigrade,7,Bàn chân áp đất
from_front_position,7,Tư thế nhìn từ phía trước
backsack,7,Ba lô
headband,0,Băng đô
facial_mark,0,Điểm trên mặt
on_top,7,Ở phía trên
sleeping,0,Đang ngủ
tentacles,0,Xúc tu
moon,0,Mặt trăng
rose,0,Hoa hồng
crown,0,Vương miện
beak,0,Mỏ
breath,0,Hơi thở
cumshot,7,Xuất tinh lên ảnh
fox_girl,0,Cô gái cáo
animal,0,Động vật
halterneck,0,Áo quàng cổ
hood_down,0,Hạ mũ trùm
bob_cut,0,Tóc bob
age_difference,0,Chênh lệch tuổi tác
cum_in_pussy,0,Tinh dịch trong âm hộ
eating,0,Đang ăn
2017,0,Năm 2017
beard,0,Râu quai nón
testicles,0,Tinh hoàn
elf,0,Tiên
crossover,0,Giao thoa tác phẩm
suit,0,Bộ vest
squatting,0,Đang ngồi xổm
after_sex,0,Sau khi quan hệ
huge_balls,7,Tinh hoàn khổng lồ
2026,0,Năm 2026
trembling,0,Run rẩy
glans,0,Quy đầu
flying_sweatdrops,0,Giọt mồ hôi văng
demon_girl,0,Cô gái quỷ
unicorn,0,Kỳ lân
groping,0,Sờ soạng
2016,0,Năm 2016
female/female,7,Nữ và nữ
electronics,7,Đồ điện tử
dildo,0,Dương vật giả
spots,0,Đốm
bottle,0,Cái chai
bandages,0,Băng gạc
on_bottom,7,Ở phía dưới
1other,0,Một nhân vật khác
container,7,Vật chứa
faceless_character,7,Nhân vật không mặt
oral_penetration,7,Thâm nhập bằng miệng
underboob,0,Ngực lộ phía dưới
whiskers,0,Râu mép
cameltoe,0,Lộ khe quần lót
sisters,0,Chị em gái
rope,0,Dây thừng
child,0,Trẻ em
bestiality,0,Quan hệ với động vật
outline,0,Đường viền
forced,0,Bị ép buộc
restrained,0,Bị giữ chặt
back,0,Lưng
parody,0,Tranh chế
from_below,0,Góc nhìn từ dưới
magical_girl,0,Thiếu nữ phép thuật
cat,0,Mèo
cowgirl_position,0,Tư thế cưỡi ngựa
lingerie,0,Đồ lót nữ gợi cảm
4koma,0,Truyện tranh 4 khung
ass_visible_through_thighs,0,Lộ mông qua kẽ đùi
undressing,0,Đang cởi quần áo
threesome,0,Quan hệ ba người
cross,0,Thập tự
snout,0,Mõm
deer,0,Nai
military,0,Quân đội
alien,0,Người ngoài hành tinh
straddling,0,Ngồi dạng chân qua
arthropod,0,Động vật chân khớp
translucent,0,Bán trong suốt
towel,0,Khăn tắm
cutie_mark,0,Cutie mark
vore,0,Nuốt chửng
thigh_gap,0,Kẽ đùi
animal_print,0,Họa tiết da thú
quadruped,7,Bốn chân
leash,0,Dây dắt
doggystyle,0,Tư thế doggy
curtains,0,Rèm cửa
scrunchie,0,Dây buộc tóc vải
obi,0,Đai obi
sex_from_behind,0,Quan hệ từ phía sau
6+girls,0,Sáu nhân vật nữ trở lên
candy,0,Kẹo
outside_border,0,Ngoài viền ảnh
christmas,0,Giáng sinh
holidays,7,Ngày lễ
cover,0,Ảnh bìa
thong,0,Quần lót dây
eyepatch,0,Miếng che mắt
abdominal_bulge,7,Bụng phình
crossdressing,0,Trang phục chéo giới
suspenders,0,Dây treo quần
veil,0,Màn che mặt
areola_slip,0,Trượt hở quầng vú
voluptuous,7,Nóng bỏng
bug,0,Bọ
nature,0,Thiên nhiên
monster,0,Quái vật
blazer,0,Áo blazer
2015,0,Năm 2015
box,0,Cái hộp
tassel,0,Tua rua
bandaid,0,Băng cá nhân
>_<,0,Biểu cảm >_<
tiara,0,Vương miện nhỏ
staff,0,Gậy trường
stuffed_animal,0,Thú nhồi bông
;d,0,Biểu cảm ;d
restraints,0,Dụng cụ trói
gag,0,Nhét miệng
fishnets,0,Đồ lót lưới
aged_down,0,Trẻ hóa
perineum,0,Tầng sinh môn
official_alternate_hairstyle,0,Kiểu tóc thay thế chính thức
girl_on_top,0,Nữ ở phía trên
smirk,0,Cười mỉa
fully_clothed,7,Mặc kín
onomatopoeia,7,Từ tượng thanh
crossgender,7,Xuyên giới tính
thought_bubble,0,Bong bóng suy nghĩ
athletic,7,Dáng thể thao
musical_note,0,Nốt nhạc
squish,7,Bị ép dẹt
alcohol,0,Đồ uống có cồn
snow,0,Tuyết
beverage,7,Đồ uống
goat,0,Dê
cum_drip,7,Tinh dịch nhỏ giọt
star_(sky),0,Ngôi sao
flaccid,0,Không cương
lion,0,Sư tử
profanity,0,Lời thô tục
smoke,0,Khói
loafers,0,Giày lười
polka_dot,0,Họa tiết chấm bi
hindpaw,7,Bàn chân sau
butterfly,0,Bươm bướm
buckle,0,Khóa
pegasus,0,Ngựa Pegasus
knees_up,0,Co gối
hood_up,0,Kéo mũ trùm
microphone,0,Micro
anger_vein,0,Gân tức giận
wristband,0,Băng cổ tay
condom,0,Bao cao su
on_ground,0,Trên mặt đất
shark,0,Cá mập
monster_girl,0,Quái vật nữ
bridal_gauntlets,0,Găng tay cô dâu
spoken_heart,0,Trái tim trong bong bóng
corset,0,Áo corset
partially_submerged,0,Ngâm một phần
pantyshot,0,Ảnh lộ quần lót
tan,0,Da rám nắng
human_penetrating,7,Người thâm nhập
2014,0,Năm 2014
couch,0,Ghế sofa
plate,0,Chiếc đĩa
curvy,0,Dáng cong
pelvic_curtain,0,Rèm xương chậu
penile_masturbation,7,Thủ dâm dương vật
gauntlets,0,Găng tay giáp
floating,0,Lơ lửng
crescent,0,Trăng lưỡi liềm
cover_page,0,Trang bìa
foreshortening,0,Co ngắn phối cảnh
ribbons,7,Dải ruy băng
head_markings,7,Vằn đầu
public,7,Nơi công cộng
cigarette,0,Thuốc lá
inflation,0,Phình to
leaking_cum,7,Tinh dịch rỉ ra
patreon_username,0,Tên người dùng Patreon
gold_trim,0,Viền vàng
zipper,0,Khóa kéo
dinosaur,0,Khủng long
shortstack,0,Thấp và mũm mĩm
lizard,0,Thằn lằn
cherry_blossoms,0,Hoa anh đào
pom_pom_(clothes),0,Bông tua rua
magic,0,Phép thuật
huge_thighs,7,Đùi khổng lồ
sand,0,Cát
twin_drills,0,Tóc xoắn đôi
skull,0,Đầu lâu
pregnant,0,Mang thai
wind,0,Gió
drinking_glass,0,Ly uống
lace_trim,0,Viền ren
cake,0,Bánh ngọt
furrowed_brow,0,Nhíu mày
web_address,0,Địa chỉ web
moan,7,Rên rỉ
reflection,0,Ảnh phản chiếu
moobs,7,Ngực nam
rock,0,Tảng đá
letterboxed,0,Viền đen trên dưới ảnh
science_fiction,0,Khoa học viễn tưởng
camisole,0,Áo hai dây
mane,0,Bờm
bubble,0,Bọt khí
happy_birthday,0,Chúc mừng sinh nhật
flying,0,Đang bay
hakama,0,Quần hakama
smaller_penetrated,7,Bên bị thâm nhập nhỏ hơn
big_areola,7,Quầng vú to
hyper_balls,7,Tinh hoàn phóng đại
gift,0,Quà tặng
neck_bell,0,Chuông cổ
cum_while_penetrated,7,Xuất tinh khi đang bị thâm nhập
beads,0,Chuỗi hạt
gagged,0,Bị nhét miệng
hedgehog,0,Nhím
smug,0,Vẻ mặt tự mãn
full_moon,0,Trăng tròn
butt_grab,7,Bóp mông
feral_penetrating,7,Nhân vật bán thú thâm nhập
tsurime,0,Mắt xếch lên
high_collar,0,Cổ áo cao
carrying,0,Đang mang
casual,0,Thường ngày
obese,0,Béo phì
bone,0,Xương
sofa,7,Ghế bành
veins,0,Gân
doll,0,Búp bê
dessert,0,Món tráng miệng
harness,0,Đai buộc
jingle_bell,0,Chuông leng keng
dual_persona,0,Hai nhân cách
genderswap,0,Đổi giới tính
smoking,0,Đang hút thuốc
:p,0,Biểu cảm :p
clitoral_hood,0,Quy đầu âm vật
striped_markings,7,Vằn kẻ sọc
mustache,0,Ria mép
forehead,0,Trán
spiked_collar,0,Cổ áo có gai
wink,7,Nháy mắt
straight-on,0,Nhìn chính diện
hyena,0,Linh cẩu
raccoon,0,Gấu mèo
feral_penetrated,7,Nhân vật bán thú bị thâm nhập
facial,0,Thuộc khuôn mặt
androgynous,0,Hòa hợp nam nữ
pocket,0,Túi áo
cunnilingus,0,Kích thích âm hộ bằng miệng
toned,0,Cơ săn chắc
vibrator,0,Đồ chơi rung
intersex/male,7,Liên giới tính và nam
half_updo,0,Búi tóc một nửa
toony,7,Phong cách hoạt hình
ghost,0,Ma
feral_on_feral,7,Bán thú với bán thú
paizuri,0,Ép ngực vào dương vật
crouching,7,Đang cúi người
knee_up,0,Co một gối
seaside,0,Bên biển
2013,0,Năm 2013
musk,7,Xạ hương
featureless_crotch,7,Không vẽ bộ phận sinh dục
saliva_string,7,Sợi nước bọt
exclamation_point,7,Dấu chấm than
covering_privates,0,Che chỗ kín
mirror,0,Cái gương
tareme,0,Mắt cụp xuống
copyright_notice,0,Thông báo bản quyền
mind_control,0,Kiểm soát tâm trí
mary_janes,0,Giày Mary Jane
large_pectorals,0,Cơ ngực lớn
asymmetrical_legwear,0,Đồ che chân bất đối xứng
excessive_cum,0,Rất nhiều tinh dịch
pendant,0,Mặt dây chuyền
sheep,0,Cừu
headset,0,Tai nghe
paper,0,Giấy
spoken_ellipsis,0,Dấu ba chấm trong bong bóng
star,7,Ngôi sao
glass,0,Thủy tinh
double_penetration,0,Sự thâm nhập kép
humor,7,Hài hước
tray,0,Cái khay
notice_lines,0,Nét nhấn mạnh
door,0,Cánh cửa
kemonomimi_mode,0,Chế độ tai thú
lace,0,Ren
larger_dom,7,Bên thống trị to hơn
pauldrons,0,Giáp vai
bowl,0,Bát
blunt_ends,0,Đầu cắt bằng
bite,7,Cắn
precum_drip,0,Dịch trước xuất tinh nhỏ giọt
aged_up,0,Già hóa
winged_unicorn,0,Kỳ lân có cánh
strap_slip,0,Trượt hở dây
pouch,0,Túi con
drinking,0,Đang uống
imminent_sex,7,Sắp quan hệ
reaching,0,Đang với tay
heavy_breathing,0,Thở gấp
2koma,0,Truyện tranh 2 khung
human_on_feral,7,Người với nhân vật bán thú
fins,0,Vây
dog_girl,0,Cô gái chó
drinking_straw,0,Ống hút
question_mark,7,Dấu hỏi
blindfold,0,Băng bịt mắt
selfie,0,Ảnh tự chụp
convenient_censoring,0,Che kiểm duyệt đúng chỗ
messy,7,Rối
macro,7,Cận cảnh
bedding,7,Đồ trải giường
jitome,0,Nhìn xiên
sign,0,Bảng hiệu
:q,0,Biểu cảm :q
musclegut,7,Cơ bụng một múi
missionary,0,Tư thế truyền giáo
goatee,0,Râu quai nón nhọn
gaping,0,Hở hoác
one-hour_drawing_challenge,0,Thử thách vẽ một giờ
scared,0,Sợ hãi
rain,0,Mưa
mug,0,Cốc có quai
annoyed,0,Bực dọc
cleft_of_venus,0,Khe giữa hai mông
underwater,0,Dưới nước
fin,7,Vây
genderswap_(mtf),0,Đổi giới tính (nam thành nữ)
stubble,0,Râu lởm chởm
romantic,7,Lãng mạn
talking_to_viewer,7,Nói chuyện với người xem
overalls,0,Quần yếm
leather,0,Da thuộc
ambiguous_penetration,7,Thâm nhập không rõ ràng
personification,0,Nhân cách hóa
slim,7,Thon
crossdressing_(mtf),0,Giả gái (MTF)
height_difference,0,Chênh lệch chiều cao
twins,0,Đôi
antennae_(anatomy),7,Ăng-ten
leggings,0,Quần legging
highlights_(coloring),7,Điểm sáng khi tô màu
android,0,Người máy
small_waist,7,Eo nhỏ
lollipop,0,Kẹo mút
candle,0,Nến
expansion,7,Độ giãn
broom,0,Cây chổi
bottomwear_down,7,Hạ đồ mặc dưới
shield,0,Khiên
sun,0,Mặt trời
falling_petals,0,Cánh hoa rơi
partially_retracted_foreskin,7,Da quy đầu tụt một phần
epaulettes,0,Bản vai
symbol,7,Biểu tượng
head_rest,0,Gối tựa đầu
crocodilian,0,Họ cá sấu
fence,0,Hàng rào
card,0,Thẻ
cuffs,0,Ống bọc cổ tay
snowing,0,Trời đang có tuyết
gold_(metal),7,Màu vàng kim
bouquet,0,Bó hoa
open_topwear,7,Áo mở
out_of_frame,0,Lọt ra ngoài khung hình
denim_bottomwear,7,Đồ mặc dưới jean
parent_and_child,0,Cha mẹ và trẻ em
blanket,0,Chăn
popsicle,0,Cây kem que
detailed_bulge,7,Hạ bộ có chi tiết
husky,0,Chó husky
diaper,0,Tã lót
can,0,Lon
circlet,0,Vòng đội đầu
lantern,0,Đèn lồng
dog,0,Chó
sportswear,0,Quần áo thể thao
serious,0,Nghiêm túc
clock,0,Đồng hồ
cuff_(restraint),7,Ống tay
lamp,0,Đèn
sideburns,0,Tóc mai
missionary_position,7,Tư thế truyền giáo
angel,0,Thiên thần
stairs,0,Cầu thang
spear,0,Ngọn giáo
apple,0,Táo
controller,0,Tay cầm chơi game
electricity,0,Dòng điện
page_number,0,Chữ số trang
anal_orgasm,7,Lên đỉnh hậu môn
2012,0,Năm 2012
spread_pussy,0,Âm hộ dạng ra
brother_and_sister,0,Anh em trai và chị em gái
cum_on_butt,7,Tinh dịch trên mông
wooden_floor,0,Sàn nhà bằng gỗ
nun,0,Nữ tu
spread_butt,7,Mông dạng ra
reaching_towards_viewer,0,Đang với tay về phía người xem
space,0,Vũ trụ
arrow_(symbol),0,Mũi tên
spoon,0,Thìa
strawberry,0,Dâu tây
egg,0,Trứng
teddy_bear,0,Gấu bông
single_side_bun,0,Búi tóc lệch bên một chiếc
forehead_mark,0,Dấu trán
human_penetrated,7,Người bị thâm nhập
fork,0,Dĩa
bandage,7,Băng quấn
urine,7,Nước tiểu
bathroom,0,Phòng tắm
vaginal_masturbation,7,Thủ dâm âm đạo
grabbing_from_behind,0,Nắm góc nhìn từ phía sau
pout,0,Chu môi
branch,0,Cành cây
cow_print,0,Họa tiết bò
bubble_butt,7,Mông bọt khí
silhouette,0,Bóng
skunk,0,Chồn hôi
tiles,0,Gạch
huge_ass,0,Mông khổng lồ
arched_back,0,Lưng cong
huge_hips,7,Hông khổng lồ
reverse_cowgirl_position,0,Tư thế cưỡi ngựa ngược
railing,0,Lan can
balloon,0,Bóng bay
growth,7,Sự mọc
chopsticks,0,Đôi đũa
chastity_device,7,Đai cấm dục
against_surface,7,Tựa vào bề mặt
bench,0,Ghế dài
spaghetti_strap,0,Dây đeo dây mảnh
pen,0,Bút máy
human_on_humanoid,7,Người trên dạng người
sharp_fingernails,0,Móng tay sắc
new_year,0,Năm mới
sweaty_butt,7,Mông đầm mồ hôi
card_(medium),0,Thẻ
drink,0,Đồ uống
fennec_fox,0,Cáo cáo sa mạc
shell,0,Vỏ
hyper_butt,7,Mông phóng đại
police,0,Cảnh sát
bouncing_balls,7,Tinh hoàn nảy
animal_hood,0,Mũ trùm động vật
larger_penetrated,7,To hơn bị thâm nhập
retracted_foreskin,7,Da quy đầu kéo ngược
sad,0,Buồn
ofuda,0,Bùa ofuda
confetti,0,Giấy vụn trang trí
chastity_cage,0,Lồng trinh tiết
cum_on_ground,7,Tinh dịch trên mặt đất
dildo_insertion,7,Đưa vào dương vật giả
creature,0,Sinh vật
name_tag,0,Nhãn tên
sunflower,0,Hướng dương
witch,0,Phù thủy
snow_leopard,0,Báo tuyết
tube_top,0,Áo dạng ống
basket,0,Cái rổ
tools,0,Dụng cụ
big_pecs,7,Cơ ngực to
wand,0,Cây đũa phép
midriff_peek,0,Vùng eo và bụng lấp ló
spoken_question_mark,0,Dấu hỏi trong bóng thoại
micro,7,Rất nhỏ
frog,0,Ếch
mother_and_child,0,Mẹ và trẻ em
cum_on_balls,7,Tinh dịch trên tinh hoàn
cityscape,0,Cảnh thành phố
jackal,0,Chồn sói
cable,0,Cáp
grabbing_another's_ass,0,Bóp mông người khác
deep_throat,7,Cổ họng sâu
sparkles,7,Ánh lấp lánh
glistening_butt,7,Mông bóng nhẫy
vampire,0,Ma cà rồng
anatomically_correct_genitalia,7,Bộ phận sinh dục đúng giải phẫu
flag,0,Hình cờ
axe,0,Rìu
pumpkin,0,Bí ngô
horizon,0,Đường chân trời
crotch_seam,0,Đường may đũng quần
bound_wrists,0,Cổ tay bị trói
wrist_scrunchie,0,Dây buộc tóc cổ tay
2_penises,7,Hai dương vật
covering,7,Che
throbbing,7,Giật thình thịch
wine_glass,0,Ly rượu vang
head_out_of_frame,0,Đầu lọt ra ngoài khung
antennae,0,Ăng-ten
forehead_jewel,0,Đá quý trán
cheerleader,0,Cổ động viên
thumbs_up,0,Ngón cái hướng lên
tile_floor,0,Sàn nhà gạch
headdress,0,Đồ đội đầu
undershirt,0,Áo lót trong
humanoid_penetrated,7,Dạng người bị thâm nhập
intersex_penetrated,7,Liên giới tính bị thâm nhập
feral_penetrating_feral,7,Động vật không nhân hóa thâm nhập động vật không nhân hóa
saliva_trail,0,Vệt nước bọt
smaller_human,7,Người nhỏ hơn
rope_bondage,7,Trói buộc dây thừng
penile_spines,7,Cột sống thuộc dương vật
briefs,0,Quần lót tam giác
bucket,0,Xô
film_grain,0,Hạt phim
heart_censor,0,Kiểm duyệt hình trái tim
young_feral,7,Nhân vật bán thú trẻ
company_name,0,Tên công ty
nurse,0,Y tá
equine_vulva,7,Âm hộ ngựa
partially_visible_vulva,0,Âm hộ một phần lộ rõ
owl,0,Cú
diamond_(shape),0,Hình thoi
2011,0,Năm 2011
mecha_pilot_suit,0,Bộ đồ phi công mecha
abyssal_ship,0,Con tàu vực thẳm
chicken,0,Gà
disposable_cup,0,Cốc dùng một lần
vines,0,Dây leo
mini_crown,0,Vương miện siêu ngắn
bell_collar,7,Cổ áo chuông
cheetah,0,Báo gấm
dagger,0,Dao găm
winter,0,Mùa đông
key,0,Chìa khóa
stool,0,Ghế đẩu
scar_on_cheek,0,Sẹo trên má
field,0,Cánh đồng
anal_masturbation,7,Thủ dâm hậu môn
arrow_(projectile),0,Mũi tên
bread,0,Bánh mì
bare_back,0,Lưng trần
partially_unbuttoned,0,Một phần mở khuy
bouncing_butt,7,Mông nảy
anal_beads,0,Hạt chuỗi hậu môn
carrot,0,Cà rốt
coin,0,Đồng xu
wood,7,Gỗ
feces,7,Phân
skeleton,0,Bộ xương
covering_crotch,0,Che đũng quần
faceless_human,7,Người không mặt
dirty,0,Bẩn
cum_from_ass,7,Tinh dịch từ mông
whisker_markings,0,Vằn râu mép
wall_(structure),7,Bức tường
brick_wall,0,Bức tường gạch nung
frill_(anatomy),7,Diềm xếp
star_print,0,Họa tiết ngôi sao
emblem,0,Huy hiệu
hairy,0,Có nhiều lông
scythe,0,Lưỡi hái
coffee,0,Cà phê
muscular_thighs,7,Đùi cơ bắp
halftone,0,Chấm nửa tông
skinny,0,Gầy gò
tunic,0,Áo tuynic
mismatched_legwear,0,Đồ che chân lệch đôi
headphones_around_neck,0,Tai nghe chụp đầu quanh cổ
mushroom,0,Nấm
floor,0,Sàn nhà
beer,0,Bia
back-to-back,0,Lưng tới lưng
fireworks,0,Pháo hoa
mole_(marking),7,Nốt ruồi
long_neck,0,Cổ dài
paintbrush,0,Cọ vẽ
mechanical_halo,0,Vầng hào quang cơ khí
huge_areola,7,Quầng vú khổng lồ
hammer,0,Búa
bridal_veil,0,Màn che mặt cô dâu
reindeer,0,Tuần lộc
imminent_penetration,0,Sự thâm nhập sắp xảy ra
mother_and_daughter,0,Mẹ và con gái
polar_bear,0,Gấu Bắc Cực
kangaroo,0,Chuột túi
fishnet_legwear,7,Đồ che chân lưới
multiple_rings,0,Nhiều chiếc nhẫn
crocodile,0,Cá sấu
wraps,7,Băng quấn
gohei,0,Gậy gohei
pubic_tattoo,0,Hình xăm vùng kín
tentacle_penetration,7,Sự thâm nhập xúc tu
beachball,0,Quả bóng bãi biển
barely_visible_genitalia,7,Bộ phận sinh dục hầu như không lộ rõ
spreading_own_pussy,0,Âm hộ mở rộng của mình
happy_new_year,0,Chúc mừng năm mới
head_wreath,0,Vòng hoa đầu
cybernetics,7,Người máy cấy ghép
paw_print,0,Họa tiết chân thú
buttplug,7,Chậu hậu môn
weasel,0,Chồn
cookie,0,Bánh quy
pattern_legwear,7,Đồ che chân hoa văn
younger_penetrated,7,Nhỏ tuổi hơn bị thâm nhập
spoken_exclamation_mark,0,Dấu chấm than trong bóng thoại
planet,0,Hành tinh
monkey,0,Khỉ
latex_skinsuit,7,Bộ đồ ôm sát cao su
headgear_only,7,Chỉ mặc đồ đội đầu
summer,0,Mùa hè
anchor_symbol,0,Biểu tượng cái neo
deep_penetration,0,Sự thâm nhập sâu
2010,0,Năm 2010
spiral,0,Đường xoáy
ribs,0,Xương sườn
mouse_girl,0,Cô gái chuột
autumn_leaves,0,Lá mùa thu
wine,0,Rượu vang
gender_transformation,7,Sự biến đổi giới tính
stirrup_legwear,0,Tất có đai bàn chân
larger_feral,7,Nhân vật bán thú to hơn
dildo_in_ass,7,Dương vật giả trong mông
big_bulge,7,Chỗ lùm lùm to
zebra,0,Ngựa vằn
brothers,0,Anh em trai
pointing_at_viewer,0,Chỉ vào người xem
crescent_moon,0,Mặt trăng hình lưỡi liềm
spider,0,Nhện
cephalopod,0,Đầu chân vòng
head_fins,0,Vây đầu
cave,0,Hang động
topwear_only,7,Chỉ mặc trang phục thân trên
photo_(object),0,Ảnh chụp
uneven_legwear,0,Đồ chân không đều
dolphin,0,Cá heo
explosion,0,Vụ nổ
lowleg,0,Cạp trễ
cat_boy,0,Cậu trai mèo
heart_of_string,0,Trái tim bằng dây
unretracted_foreskin,7,Da quy đầu chưa kéo
wind_lift,0,Nâng lên gió
tea,0,Trà
neckwear,7,Phụ kiện cổ
large_penetration,7,Sự thâm nhập lớn
drink_can,0,Lon đồ uống
tribal,0,Văn hoá bộ lạc
giant,0,Khổng lồ
money,0,Tiền
latex_legwear,0,Đồ che chân cao su
kitchen,0,Nhà bếp
old,0,Cũ
fang_out,0,Răng nanh thò ra
spotted_markings,7,Vằn có đốm
snowflakes,0,Bông tuyết
animal_collar,0,Cổ áo động vật
crow,0,Quạ
animal_on_head,0,Động vật trên đầu
syringe,0,Ống tiêm
facepaint,0,Vẽ mặt
baseball_bat,0,Dơi bóng chày
brown_areola,7,Quầng vú nâu
torn_bottomwear,7,Trang phục thân dưới bị rách
pinstripe_pattern,0,Hoa văn sọc chỉ
father_and_child,0,Cha và trẻ em
meat,0,Thịt
bat_(animal),0,Dơi
cherry,0,Hoa anh đào
shark_girl,0,Cô gái cá mập
head_grab,0,Bóp đầu
muscular_intersex,7,Người liên giới tính cơ bắp
lube,0,Chất bôi trơn
anal_fluids,7,Dịch hậu môn
69_position,7,Vị trí 69
carrying_person,0,Mang theo người
cloaca,0,Lỗ huyệt
clipboard,0,Bảng kẹp giấy
swallowing,0,Đang nuốt
nun_headdress,0,Khăn trùm nữ tu
throne,0,Ngai vàng
donut,0,Bánh donut
stomach_bulge,0,Chỗ lùm lùm bụng
toilet,0,Bồn cầu
neck_bulge,7,Chỗ lùm lùm cổ
gold,0,Màu vàng kim
duck,0,Vịt
raised_topwear,7,Áo dựng lên
striped_legwear,7,Đồ che chân kẻ sọc
heart_cutout,0,Lỗ cắt trái tim
braided_bun,0,Búi tóc tết
coffee_mug,0,Cốc có quai cà phê
split,0,Chia hai
presenting_own_armpit,0,Nách chĩa ra của mình
sticker,0,Nhãn dán
narrow_waist,0,Eo hẹp
evening,0,Buổi tối
studs,0,Khuyên nụ
strap,0,Dây đeo
locker,0,Tủ để đồ
two_tone_scales,7,Vảy hai tông
pencil,0,Bút chì
human_penetrating_feral,7,Người thâm nhập động vật không nhân hóa
pattern_topwear,7,Áo hoa văn
anchor,0,Cái neo
mermaid,0,Nàng tiên cá
checkered_floor,0,Sàn nhà kẻ ca-rô
bamboo,0,Tre
mountainous_horizon,0,Đường chân trời núi non
median_furrow,0,Đường rãnh giữa bụng
watermelon,0,Dưa hấu
earclip,0,Kẹp tai
organs,0,Nội tạng
furrification,0,Hoá thú
penguin,0,Cánh cụt
puffy_areola,7,Quầng vú phồng
skull_head,0,Đầu đầu lâu
camouflage,0,Rằn ri
number_tattoo,0,Hình xăm chữ số
open_collar,0,Cổ áo mở
earphones,0,Tai nghe nhét tai
crop_top_overhang,0,Vạt thừa lộ trên áo croptop
muscular_humanoid,7,Dạng người cơ bắp
screen,0,Màn hình
lock,0,Lọn tóc
knees,0,Đầu gối
tiger_print,0,Họa tiết hổ
maple_leaf,0,Lá phong
metal_collar,0,Cổ áo kim loại
cow_girl,0,Cô gái bò
metal_cuffs,7,Ống bọc cổ tay kim loại
skyscraper,0,Nhà chọc trời
heart_print,0,Họa tiết trái tim
presenting_balls,7,Tinh hoàn chĩa ra
huge_pecs,7,Cơ ngực khổng lồ
suggestive,7,Gợi cảm
tile_wall,0,Bức tường gạch
glass_cup,7,Cốc thủy tinh
feral_penetrating_human,7,Động vật không nhân hóa thâm nhập người
track_suit,0,Bộ đồ điền kinh
heart_pasties,0,Miếng che ngực hình tim
monster_girl_(genre),7,Quái vật nữ
rectangular_halo,0,Vầng hào quang hình chữ nhật
neck_tattoo,0,Hình xăm cổ
brown_feathers,0,Lông vũ nâu
tailcoat,0,Áo đuôi tôm
transparent,0,Trong suốt
oral_masturbation,7,Thủ dâm bằng miệng
zombie,0,Thây ma
turtle,0,Rùa
sweaty_balls,7,Tinh hoàn đầm mồ hôi
frilled_collar,0,Cổ áo nhún xếp
hatching_(texture),0,Vẽ gạch sọc (kết cấu)
number,7,Chữ số
gynomorph_penetrated,7,Nhân vật nữ có cơ quan sinh dục nam bị thâm nhập
anatomically_correct_vulva,7,Âm hộ đúng giải phẫu
lightning,0,Sấm sét
pride_colors,7,Màu tự hào
sepia,0,Màu nâu vàng cổ điển
countershade_neck,7,Cổ bóng ngược
dog_boy,0,Cậu trai chó
leaf_on_head,0,Lá cây trên đầu
vase,0,Lọ hoa
stage,0,Sân khấu
young_on_young,7,Trẻ trên trẻ
glistening_thighs,7,Đùi bóng nhẫy
egyptian,7,Ai Cập
iris,7,Mống mắt
2009,0,Năm 2009
flag_print,0,Họa tiết hình cờ
beard_stubble,0,Râu lởm chởm
tan_balls,7,Tinh hoàn nâu rám nắng
bruise,0,Vết bầm
autumn,0,Mùa thu
bee,0,Ong
noseless,7,Không có mũi
sleepy,0,Buồn ngủ
multiple_moles,0,Nhiều nốt ruồi
spoken_musical_note,0,Nốt nhạc trong bóng thoại
sidelighting,0,Ánh sáng bên
rice,0,Cơm
boat,0,Thuyền
brown_balls,7,Tinh hoàn nâu
peach,0,Đào
long_sideburns,0,Tóc mai dài
sweaty_thighs,7,Đùi đầm mồ hôi
moth,0,Ngài
genderswap_(ftm),0,Đổi giới tính
fingerless_(marking),7,Không có ngón tay
starfish,0,Sao biển
partially_unzipped,0,Một phần kéo khóa
internal_cumshot,0,Tinh dịch bắn ra bên trong
tiger_girl,0,Cô gái hổ
thin_thighs,0,Đùi mỏng
mole_on_neck,0,Nốt ruồi trên cổ
demon_boy,0,Cậu trai quỷ
ship,0,Con tàu
clothed_humanoid,7,Dạng người mặc đồ
raining,7,Trời đang mưa
arthropod_girl,0,Cô gái chân khớp
humanoid_on_humanoid,7,Dạng người trên dạng người
multiple_belts,0,Nhiều thắt lưng
gills,0,Mang
paper_lantern,0,Đèn lồng giấy
lily_(flower),0,Huệ
mechanical_magical_girl,0,Cô gái kỳ diệu cơ khí
bondage_gear,7,Đồ trói buộc
cutout,7,Lỗ cắt
pattern_bottomwear,7,Đồ mặc dưới hoa văn
antelope,0,Linh dương
human_penetrating_humanoid,7,Người thâm nhập dạng người
dressing,0,Đang mặc đồ
forehead_gem,7,Đá quý trán
musical_symbol,7,Biểu tượng âm nhạc
censored_genitalia,7,Bộ phận sinh dục đã kiểm duyệt
latex_handwear,7,Đồ che tay cao su
bandaid_on_knee,0,Băng cá nhân trên đầu gối
quads,0,Bốn
0_0,0,Mắt tròn xoe
leopard_print,0,Họa tiết báo
question,7,Hỏi
winking_at_viewer,7,Nháy mắt với người xem
beer_mug,0,Cốc có quai bia
single_pauldron,0,Một giáp vai
glistening_balls,7,Tinh hoàn bóng nhẫy
tan_scales,7,Vảy nâu rám nắng
mouthless,7,Không có miệng
muscular_gynomorph,7,Nhân vật gynomorph cơ bắp
thin_calves,0,Bắp chân mỏng
pockets,7,Túi áo
father_and_daughter,0,Cha và con gái
train_interior,0,Bên trong tàu hỏa
smaller_feral,7,Nhân vật bán thú nhỏ hơn
wine_bottle,0,Cái chai rượu vang
poster_(object),0,Áp phích
heart_(marking),7,Dấu hình trái tim
mismatched_genitalia,7,Bộ phận sinh dục lệch đôi
open_door,0,Cánh cửa mở
larger_human,7,Người to hơn
eagle,0,Đại bàng
squatting_cowgirl_position,0,Tư thế cưỡi ngựa ngồi xổm
open_bottomwear,7,Đồ mặc dưới mở
prosthetic,7,Nhân tạo
bandaid_on_cheek,0,Băng cá nhân trên má
hyper_thighs,7,Đùi phóng đại
carpet,0,Thảm
boy_on_top,0,Cậu trai trên áo
young_penetrated,7,Trẻ bị thâm nhập
cum_on_ass,0,Tinh dịch trên mông
spines,0,Cột sống
multiple_piercings,0,Nhiều cái khuyên
raccoon_girl,0,Cô gái gấu mèo
energy,0,Năng lượng
size_transformation,7,Sự biến đổi kích thước
lightning_bolt_symbol,0,Biểu tượng tia sét
elephant,0,Voi
letter,0,Bức thư
brick,0,Gạch nung
viewfinder,0,Ống ngắm
multi_head,7,Nhiều cái đầu
drawing_(object),0,Bản vẽ
open_beak,7,Mỏ mở
thorns,0,Gai
larger_intersex,7,Người liên giới tính to hơn
poster,7,Áp phích
tank,0,Áo ba lỗ
mouse_(animal),0,Chuột nhắt
heart-shaped_box,0,Hộp hình trái tim
dominant_intersex,7,Người liên giới tính chiếm ưu thế
photo,7,Ảnh chụp
glistening_eyelids,7,Mí mắt bóng nhẫy
lifting_person,0,Đang nhấc người
talking_to_partner,7,Nói chuyện với bạn tình
broken,0,Bị gãy
soldier,0,Lính
2008,0,Năm 2008
ankle_cuffs,0,Ống bọc cổ tay cổ chân
snake_hood,0,Mũ trùm rắn
straps,7,Dây đeo
thigh_grab,7,Bóp đùi
banana,0,Chuối
button_(fastener),7,Cúc áo
fox_boy,0,Cậu trai cáo
diamond_button,0,Cúc áo hình thoi
pussy_peek,0,Âm hộ lấp ló
frilly,7,Nhún diềm
snowman,0,Người tuyết
paint,0,Màu vẽ
furisode,0,Kimono furisode
giraffe,0,Hươu cao cổ
octopus,0,Bạch tuộc
workout,7,Tập thể dục
gold_chain,0,Dây chuyền vàng kim
pantsless,7,Không có quần
pull_out,0,Kéo thò ra
brown_bear,0,Gấu nâu
cheese,0,Phô mai
back_cutout,0,Lỗ cắt lưng
brown_scales,0,Vảy nâu
boxers_(clothing),7,Quần boxer
cage,0,Lồng
brown_markings,7,Vằn nâu
triangle,0,Hình tam giác
stomach_tattoo,0,Hình xăm bụng
twilight,0,Chạng vạng
sake,0,Rượu sake
partially_undressed,0,Cởi đồ một phần
tower,0,Tháp
medical_eyepatch,0,Miếng bịt mắt y tế
clothed_human,7,Người mặc đồ
silk,0,Lụa
rose_print,0,Họa tiết hoa hồng
collar_tag,7,Nhãn cổ áo
public_restroom,0,Nhà vệ sinh công cộng
no_sclera,0,Không có củng mạc
freckled_butt,7,Mông có tàn nhang
grabbing_own_ass,0,Nắm mông của mình
mother_and_son,0,Mẹ và con trai
mole_on_thigh,0,Nốt ruồi trên đùi
rose_(flower),7,Hoa hồng
hamster,0,Chuột hamster
heart-shaped_chocolate,0,Sô-cô-la hình trái tim
fireplace,0,Lò sưởi
blowing_bubble_gum,0,Thổi bóng kẹo cao su
asking,7,Đang hỏi
rubber_duck,0,Vịt cao su
brown_bottomwear,7,Đồ mặc dưới nâu
grapes,0,Nho
2007,0,Năm 2007
lion_girl,0,Cô gái sư tử
coattails,0,Đuôi áo
goo_transformation,7,Sự biến đổi nhầy
lemon,0,Chanh
pancake,0,Bánh kếp
bird_girl,0,Cô gái chim
head_back,0,Lưng đầu
butt_expansion,7,Độ giãn mông
multiple_positions,7,Nhiều tư thế
sport,7,Thể thao
envelope,0,Phong bì
lipstick_mark,0,Dấu son môi
larger_gynomorph,7,Nhân vật gynomorph to hơn
side_cutout,0,Lỗ cắt lệch bên
ringlets,0,Tóc xoăn lọn
cross_scar,0,Sẹo chữ thập
ape,0,Vượn
strap_pull,0,Kéo dây
towel_on_head,0,Khăn tắm trên đầu
armpit_fetish,7,Sở thích nách
leaf_print,0,Họa tiết chiếc lá
circle,0,Hình tròn
padlock,0,Ổ khóa
cross-eyed,0,Mắt lé
sink,0,Bồn rửa
bandaged_head,0,Đầu băng bó
wrinkles,7,Nếp nhăn
gears,0,Bánh răng
whisker_spots,7,Đốm râu mép
gym,7,Thể dục
clover,0,Cỏ ba lá
see-through_veil,0,Màn che mặt xuyên thấu
chewing_gum,0,Nhai kẹo cao su
banner,0,Biểu ngữ
shaking_butt,7,Đang lắc mông
weights,0,Cân nặng
chick,0,Gà con
visor,7,Lưỡi trai
onesie,0,Bộ liền thân
buttplug_insertion,7,Đưa vào chậu hậu môn
hearts_around_head,7,Trái tim quanh đầu
warm_colors,0,Màu ấm
cat_lingerie,0,Đồ lót nữ mèo
elderly,7,Lớn tuổi
american_flag_print,0,Họa tiết hình cờ Mỹ
stomach_cutout,0,Lỗ cắt bụng
buttplug_in_ass,7,Chậu hậu môn trong mông
huge_bulge,7,Chỗ lùm lùm khổng lồ
huge_penetration,7,Sự thâm nhập khổng lồ
glistening_areola,7,Quầng vú bóng nhẫy
brown_topwear,7,Áo nâu
dominant_gynomorph,7,Nhân vật gynomorph chiếm ưu thế
torture,0,Tra tấn
unworn_helmet,0,Mũ bảo hiểm không mặc
name_in_dialogue,7,Tên trong lời thoại
cheek_bulge,0,Chỗ lùm lùm gò má
name_drop,7,Giọt tên
submissive_human,7,Người nhượng bộ
cat_paws,0,Bàn chân thú mèo
older_penetrated,7,Lớn tuổi hơn bị thâm nhập
neonate,7,Sơ sinh
armpit_peek,0,Nách lấp ló
heart_tattoo,0,Hình xăm trái tim
frilled_wrist_cuffs,0,Ống bọc cổ tay cổ tay nhún xếp
throwing,0,Đang ném
andromorph_penetrated,7,Nhân vật andromorph bị thâm nhập
carrying_partner,7,Mang theo bạn tình
toeless_(marking),7,Không có ngón chân
colorful,0,Sặc sỡ
hairpods,0,Kẹp tóc hình tai nghe
cat_hood,0,Mũ trùm mèo
nostrils,0,Lỗ mũi
cum_in_container,0,Tinh dịch trong vật chứa
stage_lights,0,Đèn sân khấu
hooded_capelet,0,Áo choàng ngắn có mũ trùm
frilled_capelet,0,Áo choàng ngắn nhún xếp
big_head,0,Đầu to
veiny_balls,7,Tinh hoàn lộ gân
knee_highs,7,Tất cao đến gối
long_foreskin,0,Bao quy đầu dài
spooning,0,Thuyền chung thủy
tentacle_in_ass,7,Xúc tu trong mông
rhinoceros,0,Tê giác
gown,0,Đầm dạ hội
dice,0,Xúc xắc
cat_cutout,0,Lỗ cắt mèo
see-through_silhouette,0,Bóng xuyên thấu
latex_armwear,7,Đồ che tay cao su
clothed_animal,0,Động vật mặc đồ
moss,0,Rêu
torn_topwear,7,Trang phục thân trên bị rách
jellyfish,0,Sứa
father_and_son,0,Cha và con trai
multiple_prey,7,Nhiều con mồi
cheek-to-cheek,0,Má tới má
roots_(hair),0,Gốc tóc
sheep_girl,0,Cô gái cừu
countershade_butt,7,Mông bóng ngược
animal_genitalia_on_humanoid,0,Bộ phận sinh dục động vật trên dạng người
sleepwear,0,Đồ ngủ
star_halo,0,Vầng hào quang ngôi sao
cliff,0,Vách đá
aiming_at_viewer,0,Chĩa về phía người xem
raincoat,0,Áo mưa
beer_can,0,Lon bia
intersex_penetrating_intersex,7,Liên giới tính thâm nhập liên giới tính
obscured_penetration,7,Sự thâm nhập bị che
spread_ass,0,Mông dạng ra
tent,0,Lều
counter,0,Quầy
spade_(shape),0,Hình cái xẻng
heart_balloon,0,Bóng bay trái tim
thigh_pouch,0,Túi con đùi
dusk,0,Chạng vạng
overskirt,0,Chân váy phủ ngoài
pussy_juice_trail,0,Vệt nước ép âm hộ
legwear_only,7,Chỉ mặc trang phục chân
back_tattoo,0,Hình xăm lưng
hairless,7,Không có tóc
smirking_at_viewer,7,Nhếch mép nhìn người xem
leather_topwear,7,Áo da
no_pussy,0,Không có âm hộ
sailor,0,Thủy thủ
christmas_decorations,7,Đồ trang trí Giáng sinh
aqua_neckerchief,0,Khăn quàng cổ xanh ngọc
triple_penetration,0,Ba sự thâm nhập
balcony,0,Ban công
bandaged_neck,0,Cổ băng bó
ladder,0,Thang
wedding,0,Cưới
cactus,0,Xương rồng
microdress,0,Váy siêu ngắn
bat_print,0,Họa tiết dơi
striped_topwear,7,Áo kẻ sọc
shirtless,7,Không có áo sơ mi
user_interface,0,Giao diện người dùng
heart_facial_mark,0,Hình trái tim trên mặt
tile,7,Gạch
diaper_fetish,7,Sở thích tã lót
lemur,0,Culi
cocktail_glass,0,Ly cocktail
ass_to_ass,7,Mông tới mông
liquid,0,Dạng lỏng
throbbing_balls,7,Tinh hoàn giật thình thịch
torch,0,Đèn đuốc
small_balls,7,Tinh hoàn nhỏ
talking_feral,7,Nói chuyện với động vật không nhân hóa
soda,0,Nước ngọt
striped_bottomwear,7,Đồ mặc dưới kẻ sọc
gloved_handjob,0,Thủ dâm bằng găng tay
stuffed_cat,0,Mèo nhồi bông
cum_on_stomach,0,Tinh dịch trên bụng
darkened_balls,7,Tinh hoàn tối đi
undressing_another,0,Đang cởi đồ người khác
writing,0,Chữ viết
surreal,0,Siêu thực
drawing_(action),0,Hình vẽ
disembodied_head,0,Đầu tách rời
brown_stripes,7,Sọc nâu
scar_on_forehead,0,Sẹo trên trán
multiple_scars,0,Nhiều cái sẹo
dominant_feral,7,Nhân vật bán thú chiếm ưu thế
head_turned,7,Đầu quay đi
wood_floor,7,Sàn nhà gỗ
poncho,0,Áo poncho
short,7,Ngắn
tiger_boy,0,Cậu trai hổ
2006,0,Năm 2006
sun_symbol,0,Biểu tượng mặt trời
hyper_hips,7,Hông phóng đại
soap,0,Bọt xà phòng
pond,0,Ao nước
cream,0,Màu kem
gynomorph_penetrating_intersex,7,Nhân vật nữ có cơ quan sinh dục nam thâm nhập liên giới tính
brown_theme,0,Chủ đề nâu
soda_can,0,Lon nước ngọt
gender_symbol,7,Biểu tượng giới tính
tube,0,Dạng ống
cum_on_back,0,Tinh dịch trên lưng
loose_feather,7,Lông vũ rộng
swim_trunks,0,Quần bơi nam
character_print,0,Họa tiết nhân vật
brown_capelet,0,Áo choàng ngắn nâu
big_clitoris,7,Âm vật to
chubby_cheeks,7,Má mũm mĩm
bird_on_head,0,Chim trên đầu
torn_legwear,7,Trang phục chân bị rách
daisy_(flower),0,Cúc dại
lotus,0,Sen
disposable_coffee_cup,0,Cốc cà phê dùng một lần
pudding,0,Bánh pudding
swing,0,Cái đu
humanoid_on_feral,7,Dạng người trên động vật không nhân hóa
pearl_(gem),7,Ngọc trai
master,7,Chủ nhân
leopard_spots,7,Đốm báo
ovum_with_heart,0,Trứng có tim
basketball_(object),0,Bóng rổ
humanoid_genitalia_on_feral,7,Bộ phận sinh dục dạng người trên động vật không nhân hóa
brown_sailor_collar,0,Cổ áo thủy thủ màu nâu
confused,0,Bối rối
gold_armlet,0,Vòng đeo tay vàng kim
fishnet_topwear,7,Áo lưới
lolita_(fashion),7,Lolita
cool_colors,0,Màu lạnh
prone_bone_position,7,Tư thế nằm sấp
diaper_only,7,Chỉ có tã lót
diamond_cutout,0,Lỗ cắt hình thoi
pie,0,Bánh nhân
gorilla,0,Khỉ đột
multicolored_topwear,7,Áo nhiều màu
doctor,0,Bác sĩ
splits,7,Chia hai
chinese_knot,0,Nút thắt Trung Quốc
overweight_intersex,7,Người liên giới tính thừa cân
blank_censor,0,Kiểm duyệt trống
multiple_bracelets,0,Nhiều vòng tay
milk_bottle,0,Cái chai sữa
gym_bottomwear,7,Đồ mặc dưới thể dục
shrimp,0,Tôm
tribal_markings,7,Vằn văn hoá bộ lạc
attacking_viewer,0,Tấn công người xem
deer_girl,0,Cô gái nai
hip_grab,7,Bóp hông
halo_behind_head,0,Vầng hào quang phía sau đầu
snowflake_print,0,Họa tiết bông tuyết
flats,0,Phẳng
oral_only,7,Chỉ có quan hệ bằng miệng
fishnet_top,0,Áo lưới
multicolored_halo,0,Vầng hào quang nhiều màu
dust,0,Bụi
feral_on_top,7,Động vật không nhân hóa trên áo
sake_bottle,0,Cái chai rượu sake
humanoid_penetrating_humanoid,7,Dạng người thâm nhập dạng người
missing_legwear,0,Đồ che chân thiếu
cum_through,7,Tinh dịch xuyên qua
checkered,7,Kẻ ca-rô
beaver,0,Hải ly
party,0,Tiệc
space_helmet,0,Mũ bảo hiểm vũ trụ
plaid,7,Kẻ caro
arrow_(weapon),7,Mũi tên
bomb,0,Bom
drawing_tablet,0,Bảng vẽ
beetle,0,Bọ cánh cứng
japanese,7,Nhật Bản
smokestack,0,Ống khói
smaller_humanoid,7,Dạng người nhỏ hơn
cat_print,0,Họa tiết mèo
butler,0,Quản gia
stone_wall,0,Bức tường đá
larger_humanoid,7,Dạng người to hơn
afterglow,0,Ánh chiều tàn
squirrel_girl,0,Cô gái sóc
handwear_only,7,Chỉ có găng tay
gold_crown,0,Vương miện vàng kim
chastity_device_only,7,Chỉ có đai cấm dục
feral_transformation,7,Sự biến đổi bán thú
combat_helmet,0,Mũ bảo hiểm chiến đấu
scar_on_neck,0,Sẹo trên cổ
single_gauntlet,0,Một găng tay giáp
figure,0,Dáng người
neck_ruff,0,Diềm cổ
flashlight,0,Đèn pin
fishnet_armwear,7,Đồ che tay lưới
dirt,0,Bụi bẩn
human_prey,7,Con mồi người
hip_bones,0,Xương hông
bare_hips,0,Hông trần
grinning_at_viewer,7,Cười toe nhìn người xem
heart_button,0,Cúc áo trái tim
fish_girl,0,Cô gái cá
mole_on_cheek,0,Nốt ruồi trên má
lifebuoy,0,Phao cứu sinh
pencil_(object),7,Bút chì
mop,0,Cây lau nhà
flight_deck,0,Boong đáp
prison,0,Tù
neckwear_grab,0,Bóp khăn cổ
brown_claws,0,Móng vuốt nâu
pauldron,7,Giáp vai
metal,7,Kim loại
intersex_penetrating_gynomorph,7,Liên giới tính thâm nhập nhân vật nữ có cơ quan sinh dục nam
skull_print,0,Họa tiết đầu lâu
whale,0,Cá voi
musky_butt,7,Mông có mùi xạ hương
bone_frill,7,Diềm xếp xương
panther_girl,0,Cô gái báo đen
writing_on_butt,7,Chữ viết trên mông
gecko,0,Tắc kè
head_only,0,Chỉ có đầu
patch,0,Miếng vá
chastity_cage_only,7,Chỉ có lồng trinh tiết
3_heads,7,Ba cái đầu
creepy,7,Rợn người
big_knot,7,Nút thắt to
severed_head,0,Đầu bị cắt lìa
ornate_border,0,Viền ảnh cầu kỳ
head_down,0,Đầu hướng xuống
tiger_stripes,0,Sọc hổ
toast,0,Bánh mì nướng
camo,7,Rằn ri
sweaty_armpits,0,Nách đầm mồ hôi
gynomorph_penetrating_gynomorph,7,Nhân vật nữ có cơ quan sinh dục nam thâm nhập nhân vật nữ có cơ quan sinh dục nam
spine,0,Cột sống
bowl_cut,0,Bát bị cắt
musky_balls,7,Tinh hoàn có mùi xạ hương
chandelier,0,Đèn chùm
inviting_to_sex,7,Mời quan hệ tình dục
cum_on_vulva,7,Tinh dịch trên âm hộ
gauze,0,Gạc y tế
brown_corset,0,Áo corset nâu
restroom_stall,7,Buồng vệ sinh
skyline,0,Đường chân trời thành phố
narrow_hips,0,Hông hẹp
wreath,0,Vòng hoa
star_facial_mark,0,Dấu trên mặt ngôi sao
young_humanoid,7,Dạng người trẻ
brown_mane,7,Bờm nâu
chewing,0,Nhai
sleeveless_topwear,7,Áo không tay
muscular_human,7,Người cơ bắp
butterfly_print,0,Họa tiết bươm bướm
panda,0,Gấu trúc
pearl,0,Ngọc trai
tied_up_(nonsexual),0,Bị trói (không khiêu dâm)
human_to_feral,7,Người tới động vật không nhân hóa
overweight_gynomorph,7,Nhân vật gynomorph thừa cân
pattern_swimwear,7,Đồ bơi hoa văn
anal_beads_in_ass,7,Hạt chuỗi hậu môn trong mông
pastel_colors,0,Màu màu pastel
spreading_another's_pussy,0,Mở âm hộ người khác
egg_insertion,7,Đưa vào trứng
lights,7,Đèn
american_flag_legwear,0,Quần cờ Mỹ
goat_girl,0,Cô gái dê
keyhole,0,Lỗ khóa
spoon_position,7,Tư thế thìa
claw_(weapon),0,Móng vuốt
scar_on_stomach,0,Sẹo trên bụng
pig,0,Lợn
sleeping_on_person,0,Đang ngủ trên người
cetacean_genitalia,7,Bộ phận sinh dục họ cá voi
butt_shot,7,Cắt cảnh mông
pirate,7,Cướp biển
cross_print,0,Họa tiết chữ thập
missing_halo,0,Vầng hào quang thiếu
stationary_restraints,0,Dụng cụ cố định
2_heads,7,Hai cái đầu
submissive_intersex,7,Người liên giới tính nhượng bộ
bear_girl,0,Cô gái gấu
medieval,0,Trung cổ
bat_(object),7,Dơi
overweight_humanoid,7,Dạng người thừa cân
very_long_fingernails,0,Móng tay rất dài
snail,0,Ốc sên
thigh_markings,7,Vằn đùi
broken_heart,0,Trái tim bị gãy
oversized_animal,0,Động vật quá khổ
humanoid_vulva_on_feral,7,Âm hộ dạng người trên động vật không nhân hóa
flame_print,0,Họa tiết ngọn lửa
nape,0,Gáy
cube,0,Khối lập phương
crossdressing_(ftm),0,Trang phục chéo giới
lighter,0,Bật lửa
melon,0,Dưa
2005,0,Năm 2005
thigh_cutout,0,Lỗ cắt đùi
curled_up,0,Uốn xoăn hướng lên
bandaid_on_pussy,0,Băng cá nhân trên âm hộ
volleyball_(sport),0,Bóng chuyền
stone_floor,0,Sàn nhà đá
creature_and_personification,0,Sinh vật và nhân cách hóa
frilled_cuffs,0,Ống bọc cổ tay nhún xếp
no_dickey,0,Không có cổ áo giả
cowboy,0,Cao bồi
halloween_bucket,0,Xô Halloween
humanoid_penetrating_human,7,Dạng người thâm nhập người
birthmark,0,Nốt bớt
egg_(food),0,Trứng
forehead_markings,7,Vằn trán
head_frill,7,Diềm xếp đầu
holly_(plant),7,Cây nhựa xanh
cheek_spots,7,Đốm gò má
palm_leaf,0,Lá cọ
melting_popsicle,0,Cây kem que đang tan chảy
demon_(megami_tensei),0,Quỷ
baseball_(sport),0,Bóng chày
arachnid_humanoid,0,Dạng người họ nhện
smaller_intersex,7,Người liên giới tính nhỏ hơn
large_testicles,0,Tinh hoàn lớn
round_border,0,Viền ảnh tròn
worm,0,Giun
muzzle_(marking),7,Mõm
squirrel,0,Sóc
store,7,Cửa hàng
double_chin,0,Cằm kép
human_only,7,Chỉ có người
freckled_thighs,7,Đùi có tàn nhang
beakless,7,Không có mỏ
brainwashing,7,Tẩy não
spring_(season),0,Mùa xuân
on_swing,0,Trên đu quay
rice_bowl,0,Bát cơm
neck_grab,0,Bóp cổ
feral_prey,7,Con mồi bán thú
half-siblings,0,Anh chị em một nửa
urine_on_ground,7,Nước tiểu trên mặt đất
back_spikes,0,Gai nhọn lưng
cherry_blossom_print,0,Họa tiết hoa nở hoa anh đào
steam_censor,0,Kiểm duyệt hơi nước
lion_boy,0,Cậu trai sư tử
raised_bottomwear,7,Đồ mặc dưới dựng lên
beak_fetish,7,Sở thích mỏ
chicken_(food),0,Gà
head_spikes,0,Gai nhọn đầu
pattern_armwear,7,Đồ che tay hoa văn
seamed_legwear,0,Quần tất có đường chỉ
vulva_outline,7,Đường viền âm hộ
ovipositor,7,Cơ quan đẻ trứng
hyper_bulge,7,Chỗ lùm lùm phóng đại
lock_symbol,7,Biểu tượng lọn tóc
smoke_trail,0,Vệt khói
open_window,0,Cửa sổ mở
cockpit,0,Buồng lái
competition,0,Thi đấu
gate,0,Cổng
wooden_fence,0,Hàng rào bằng gỗ
fangs_out,0,Răng nanh thò ra
censored_vulva,7,Âm hộ đã kiểm duyệt
hairy_vulva,7,Âm hộ nhiều lông
palms,0,Lòng bàn tay
print_topwear,7,Áo họa tiết
bodice,0,Áo corset
circle_name,0,Tên hình tròn
dream,7,Giấc mơ
barbell,0,Thanh thẳng
smoking_cigarette,7,Thuốc lá đang bốc khói
lube_bottle,7,Cái chai chất bôi trơn
tribal_tattoo,0,Hình xăm văn hoá bộ lạc
crosswalk,0,Vạch qua đường
ankle_strap,0,Dây đeo cổ chân
back_markings,7,Vằn lưng
island,0,Đảo
wooden_bucket,0,Xô bằng gỗ
buttoned_cuffs,0,Ống bọc cổ tay có cúc
sideburns_stubble,0,Râu lởm chởm tóc mai
alternate_legwear,0,Đồ che chân khác
muscular_top,7,Áo cơ bắp
aqua_halo,0,Vầng hào quang xanh ngọc
wooden_wall,0,Bức tường bằng gỗ
snout_growth,7,Sự mọc mõm
overweight_feral,7,Nhân vật bán thú thừa cân
mud,0,Bùn
long_beard,0,Râu dài
flat_ass,0,Mông phẳng
glistening_vulva,7,Âm hộ bóng nhẫy
squid,0,Mực ống
box_of_chocolates,0,Cái hộp sô-cô-la
transparent_border,0,Viền ảnh trong suốt
wheat,0,Lúa mì
cuffs_(clothing),7,Ống bọc cổ tay
crescent_print,0,Họa tiết hình lưỡi liềm
closed_frown,7,Nhăn mặt khép
fish_(food),0,Cá
striped_armwear,7,Đồ che tay kẻ sọc
tan_areola,7,Quầng vú nâu rám nắng
butt_heart,7,Trái tim mông
syrup,0,Xi-rô
broken_halo,0,Vầng hào quang bị gãy
multiple_weapons,0,Nhiều vũ khí
thong_straps,7,Dây đeo chữ T
screw,0,Ốc vít
spiked_armlet,0,Vòng đeo tay có gai
chef,0,Đầu bếp
studded_collar,0,Cổ áo đính đinh
applying_makeup,0,Đang trang điểm
strawberry_print,0,Họa tiết dâu tây
beer_bottle,0,Cái chai bia
forehead_tattoo,0,Hình xăm trán
triangle_facial_mark,0,Dấu trên mặt hình tam giác
see-through_legwear,0,Trang phục chân xuyên thấu
holly,0,Cây nhựa xanh
two_tone_feathers,7,Lông vũ hai tông
mole_on_ass,0,Nốt ruồi trên mông
bottomwear_pull,7,Đang kéo trang phục thân dưới
star_(marking),7,Ngôi sao
throat,0,Cổ họng
teasing_viewer,7,Trêu người xem
liquid_latex,7,Cao su dạng lỏng
two_tone_topwear,7,Áo hai tông
star_sticker,0,Nhãn dán ngôi sao
dominant_human,7,Người chiếm ưu thế
blood_on_ground,0,Máu trên mặt đất
barely_visible_balls,7,Tinh hoàn hầu như không lộ rõ
animal_head,0,Đầu động vật
tailless,7,Không có đuôi
bus,0,Xe buýt
window_(computing),0,Cửa sổ
hammock,0,Võng
basketball_(sport),0,Bóng rổ
reverse_missionary_position,7,Tư thế truyền giáo ngược
bald_eagle,0,Đại bàng trọc
curtain_grab,0,Bóp rèm
frilled_sailor_collar,0,Cổ áo thủy thủ nhún xếp
brown_border,0,Viền ảnh nâu
raised_paw,7,Bàn chân thú dựng lên
veiny_knot,7,Nút thắt lộ gân
2004,0,Năm 2004
foliage,0,Lá cây
moose,0,Nai sừng tấm
bat_girl,0,Cô gái dơi
camo_print,7,Họa tiết rằn ri
height,0,Chiều cao
juice,0,Nước ép
diving_suit,0,Bộ đồ lặn
sticker_(medium),0,Nhãn dán
star_ornament,0,Đồ trang trí ngôi sao
crotch_plate,0,Cái đĩa đũng quần
bear_boy,0,Cậu trai gấu
vaginal_fluids_on_vulva,7,Dịch âm đạo trên âm hộ
briefs_only,7,Chỉ có quần lót tam giác
big_sheath,7,Bao dương vật to
shark_hood,0,Mũ trùm cá mập
pavement,0,Vỉa hè
energy_drink,0,Đồ uống năng lượng
invisible_floor,0,Sàn nhà tàng hình
futa_with_futa,0,Futanari kèm futanari
spider_girl,0,Cô gái nhện
tan_feathers,7,Lông vũ nâu rám nắng
multicolored_vulva,7,Âm hộ nhiều màu
soda_bottle,0,Cái chai nước ngọt
single_strap,0,Một dây đeo
tall,7,Cao
two_tone_vulva,7,Âm hộ hai tông
countershade_scales,7,Vảy bóng ngược
young_human,7,Người trẻ
presenting_own_ass,0,Mông chĩa ra của mình
hyper_areola,7,Quầng vú phóng đại
single_vertical_stripe,0,Sọc một chiếc dọc
furgonomic_bottomwear,7,Đồ mặc dưới nửa người nửa thú
bottomwear_aside,7,Kéo trang phục thân dưới sang bên
snap-fit_buckle,0,Khóa cúc bấm dáng thể hình
flag_(object),7,Hình cờ
snake_girl,0,Cô gái rắn
vibrator_in_ass,7,Đồ chơi rung trong mông
pregnant_intersex,7,Người liên giới tính mang thai
translucent_topwear,7,Áo bán trong suốt
split_screen,0,Màn hình chia hai
drill,0,Tóc xoắn
no_testicles,0,Không có tinh hoàn
talking_to_prey,7,Nói chuyện với con mồi
stuffed_shark,0,Cá mập nhồi bông
prepuce,0,Da quy đầu
brown_collar,0,Cổ áo màu nâu
slit_penetration,7,Sự thâm nhập xẻ tà
waist_grab,7,Bóp eo
aquarium,0,Bể cá
large_insertion,0,Đưa vào lớn
spiked_halo,0,Vầng hào quang có gai
volleyball_(object),0,Bóng chuyền
bouncing,0,Nảy
muscular_on_muscular,7,Cơ bắp trên cơ bắp
single_stripe,0,Một cái sọc
aqua_gem,0,Đá quý xanh ngọc
ant,0,Kiến
presenting_own_pussy,0,Âm hộ chĩa ra của mình
thick_neck,0,Cổ dày
imminent_orgasm,0,Lên đỉnh sắp xảy ra
koala,0,Gấu túi
glass_bottle,0,Cái chai thủy tinh
translucent_tentacles,7,Xúc tu bán trong suốt
multiple_orgasms,0,Nhiều lên đỉnh
ankles_tied,7,Cổ chân được buộc
multicolored_antennae,7,Ăng-ten nhiều màu
multicolored_legwear,7,Đồ che chân nhiều màu
two-tone_halo,0,Vầng hào quang hai tông
cheek_markings,7,Vằn gò má
athletic_intersex,7,Người liên giới tính cường tráng
multiple_necklaces,0,Nhiều vòng cổ
older_on_young,7,Lớn tuổi hơn trên trẻ
gold_collar,0,Cổ áo màu vàng kim
smaller_on_top,7,Nhỏ hơn trên áo
species_in_dialogue,7,Loài trong lời thoại
cat_on_head,0,Mèo trên đầu
eyelid_pull,0,Kéo mí mắt
dirndl,0,Váy dirndl
cross_halo,0,Vầng hào quang chữ thập
bouncing_ass,0,Mông nảy
snout_markings,7,Vằn mõm
brown_handwear,7,Đồ che tay nâu
huge_testicles,0,Tinh hoàn khổng lồ
broken_chain,0,Dây chuyền bị gãy
wrist_grab,7,Bóp cổ tay
coffee_cup,7,Cốc cà phê
voluptuous_gynomorph,7,Nhân vật gynomorph nóng bỏng
forearms,0,Cẳng tay
heart_(organ),0,Trái tim
hanbok,0,Áo hanbok
bird_boy,0,Cậu trai chim
sunflower_field,0,Cánh đồng hướng dương
circle_cut,0,Hình tròn bị cắt
heart_collar,0,Cổ áo trái tim
boxing,0,Quyền Anh
mole_on_stomach,0,Nốt ruồi trên bụng
feral_penetrating_humanoid,7,Động vật không nhân hóa thâm nhập dạng người
licking_cum,0,Đang liếm tinh dịch
long_claws,0,Móng vuốt dài
cracked_wall,0,Bức tường nứt
ribbons_(anatomy),7,Dải ruy băng
cum_on_partner,7,Tinh dịch trên bạn tình
bandaged_wrist,0,Cổ tay băng bó
wide_hipped_humanoid,7,Dạng người hông rộng
soccer,0,Bóng đá
swimwear_aside,7,Kéo đồ bơi sang bên
training,0,Tập luyện
undressing_self,7,Đang tự cởi đồ
sharp_toenails,0,Móng chân sắc
army,0,Lục quân
ofuda_on_head,0,Bùa ofuda trên đầu
single_wrist_cuff,0,Ống tay cổ tay một chiếc
seam_(sewing),7,Đường may
ruff,7,Diềm cổ
crescent_facial_mark,0,Dấu trên mặt hình lưỡi liềm
2003,0,Năm 2003
ass_on_glass,0,Mông trên thủy tinh
pouch_(anatomy),7,Túi con
blonde_mane,7,Bờm vàng hoe
aqua_theme,0,Chủ đề xanh ngọc
butter,0,Bơ
brown_halo,0,Vầng hào quang nâu
thick_beard,0,Râu dày
genderswap_(otf),0,Đổi giới tính
angel_and_devil,0,Thiên thần và quỷ
lock_bulge,7,Chỗ lùm lùm lọn tóc
single_horizontal_stripe,0,Sọc một chiếc ngang
long_snout,7,Mõm dài
cross_pasties,0,Miếng che ngực chữ thập
tan_markings,7,Vằn nâu rám nắng
father_penetrating_son,7,Cha thâm nhập con trai
honey_(food),7,Mật ong
transformation_through_sex,7,Biến hình xuyên qua quan hệ tình dục
forehead-to-forehead,0,Trán tới trán
wall_clock,0,Đồng hồ bức tường
laundry,0,Phòng giặt đồ
collared_capelet,0,Áo choàng ngắn có cổ
pointed_crown,0,Vương miện nhọn
gauze_on_cheek,0,Gạc y tế trên má
hexagon,0,Lục giác
brick_floor,0,Sàn nhà gạch nung
larger_on_top,7,To hơn trên áo
snorkel,0,Ống thở
arrow_through_heart,0,Mũi tên xuyên qua trái tim
cropped_head,0,Đầu lửng
tea_cup,7,Cốc trà
frog_print,0,Họa tiết ếch
intersex_humanoid,7,Dạng người liên giới tính
armpit_cutout,0,Lỗ cắt nách
goat_boy,0,Cậu trai dê
thigh_expansion,7,Độ giãn đùi
animal_skull,0,Đầu lâu động vật
bear_print,0,Họa tiết gấu
cow_boy,0,Cậu trai bò
heart_pendant,0,Mặt dây chuyền trái tim
gold_tiara,0,Vương miện nhỏ vàng kim
clover_print,0,Họa tiết cỏ ba lá
tan_topwear,7,Áo nâu rám nắng
countershade_thighs,7,Đùi bóng ngược
number_print,0,Họa tiết chữ số
side_drill,0,Tóc xoắn lệch bên
egyptian_headdress,7,Đồ đội đầu Ai Cập
lighthouse,0,Ngọn hải đăng
multiple_heads,0,Nhiều cái đầu
detached_sheath,7,Bao dương vật tách rời
animal_on_lap,0,Động vật trên đùi
glistening_scales,7,Vảy bóng nhẫy
corn,0,Ngô
claw_marks,7,Dấu móng vuốt
cum_on_own_balls,7,Tinh dịch trên tinh hoàn của mình
spaghetti,0,Dây mảnh
butt_tattoo,7,Hình xăm mông
fish_print,0,Họa tiết cá
basketball_(ball),7,Bóng rổ
split_theme,0,Chủ đề chia hai
voluptuous_intersex,7,Người liên giới tính nóng bỏng
star_tattoo,0,Hình xăm ngôi sao
horizontal_cloaca,7,Lỗ huyệt ngang
acorn,0,Quả sồi
stone_lantern,0,Đèn lồng đá
anal_only,0,Chỉ có quan hệ qua đường hậu môn
thong_aside,0,Quần lót dây lệch bên
puffy_cheeks,0,Má phồng
skull_ornament,0,Đồ trang trí đầu lâu
moon_(ornament),0,Mặt trăng
bandaid_on_thigh,0,Băng cá nhân trên đùi
head_chain,0,Dây chuyền đầu
dipstick_antennae,7,Ăng-ten hình que
crotch_cutout,0,Lỗ cắt đũng quần
countershade_balls,7,Tinh hoàn bóng ngược
wet_topwear,7,Áo ướt
volcano,0,Núi lửa
dominant_humanoid,7,Dạng người chiếm ưu thế
floating_head,0,Đầu lơ lửng
ass_cutout,0,Lỗ cắt mông
energy_beam,0,Chùm năng lượng
note,0,Nốt nhạc
smaller_gynomorph,7,Nhân vật gynomorph nhỏ hơn
asking_viewer,7,Hỏi người xem
baseball_(object),0,Bóng chày
round_window,0,Cửa sổ tròn
multi_balls,7,Nhiều tinh hoàn
knot_in_sheath,7,Nút thắt trong bao kiếm
melting_halo,0,Vầng hào quang đang tan chảy
neck_tassel,0,Chùm tua rua cổ
virgin,0,Trinh nữ
crotch_shot,7,Cắt cảnh đũng quần
cheek_spikes,7,Gai nhọn gò má
butt_size_difference,7,Chênh lệch kích thước mông
submissive_feral,7,Nhân vật bán thú nhượng bộ
jellyfish_cut,0,Sứa bị cắt
grill,0,Nướng
hedgehog_boy,0,Cậu trai nhím gai
leather_cuffs,7,Ống bọc cổ tay da
mattress,0,Đệm nằm
cow,0,Bò
mismatched_sclera,0,Củng mạc lệch đôi
ladybug,0,Bọ rùa
iridescent,0,Ánh kim
chain_headband,0,Băng đô dây xích
character_censor,0,Kiểm duyệt nhân vật
oversized_topwear,7,Áo quá khổ
avian_butt,7,Mông chim
glitter,0,Kim tuyến
pregnant_feral,7,Nhân vật bán thú mang thai
meadow,0,Đồng cỏ
head_in_crotch,7,Đầu trong đũng quần
thighband,7,Dải đùi
cum_on_head,7,Tinh dịch trên đầu
musky_armpit,7,Nách có mùi xạ hương
visor_(armor),0,Lưỡi trai
2002,0,Năm 2002
cum_on_perineum,7,Tinh dịch trên tầng sinh môn
ornament,7,Đồ trang trí
triangle_print,0,Họa tiết hình tam giác
wasp,0,Ong bắp cày
tablet,7,Bảng vẽ
exposed_pocket,0,Lộ túi áo
suit_symbol,7,Biểu tượng vest
big_cheeks,7,Má to
gynomorph_humanoid,7,Dạng người dạng cái
intersex_on_top,7,Liên giới tính trên áo
submissive_gynomorph,7,Nhân vật gynomorph nhượng bộ
poster_(medium),0,Áp phích
pumpkin_head,0,Đầu bí ngô
tan_bottomwear,7,Đồ mặc dưới nâu rám nắng
no_blindfold,0,Không có băng bịt mắt
braided_pigtails,7,Tóc hai bím tết
ass_peek,0,Mông lấp ló
plastic_bottle,0,Cái chai nhựa
onion,0,Hành tây
petals_on_liquid,0,Cánh hoa trên dạng lỏng
pilot,0,Phi công
blowing_bubbles,0,Thổi bọt khí
bridal_lingerie,0,Đồ lót nữ cô dâu
latex_transformation,7,Sự biến đổi cao su
bottomless_intersex,7,Người liên giới tính hở phần dưới
very_wide_shot,0,Cắt cảnh rất rộng
hourglass,0,Đồng hồ cát
anchor_print,0,Họa tiết cái neo
clock_tower,0,Tháp đồng hồ
muscular_feral,7,Nhân vật bán thú cơ bắp
monotone_bottomwear,7,Đồ mặc dưới một tông
pubic_stubble,0,Râu lởm chởm vùng kín
heart-shaped_gem,0,Đá quý hình trái tim
3_claws,7,Ba móng vuốt
witch_(madoka_magica),0,Phù thủy
musical_note_print,0,Họa tiết nốt nhạc âm nhạc
winged_heart,0,Trái tim có cánh
striped_scales,7,Vảy kẻ sọc
cervine_genitalia,7,Bộ phận sinh dục hươu
oral_orgasm,7,Lên đỉnh bằng miệng
neck_frill,7,Diềm xếp cổ
star_pasties,0,Miếng che ngực ngôi sao
neckerchief_only,7,Chỉ có khăn quàng cổ
head_between_thighs,0,Đầu giữa đùi
diamond_(gemstone),0,Hình thoi
swan,0,Thiên nga
blonde_highlights,7,Điểm nhấn vàng hoe
sweaty_armpit,7,Nách đầm mồ hôi
mole_(animal),0,Nốt ruồi
child_on_child,7,Trẻ em trên trẻ em
bamboo_broom,0,Cây chổi tre
older_intersex,7,Người liên giới tính lớn tuổi hơn
cheek_pull,0,Kéo gò má
sparkle_print,0,Họa tiết ánh lấp lánh
leather_strap,0,Dây đeo da
invisible,0,Tàng hình
touching_diaper,7,Chạm tã lót
half-spread_pussy,0,Âm hộ một nửa dạng ra
long_mane,7,Bờm dài
toothed_beak,7,Mỏ có răng
floating_island,0,Đảo lơ lửng
strap_lift,0,Nâng lên dây
cock_transformation,7,Sự biến đổi dương vật
honey,0,Mật ong
arched_crown,0,Vương miện cong
bird_print,0,Họa tiết chim
fishnet_leggings,0,Quần legging lưới
foreskin_pull,0,Kéo bao quy đầu
drawn_whiskers,0,Râu mèo vẽ
curtains_open,7,Rèm cửa mở
wheat_field,0,Cánh đồng lúa mì
horned_owl,0,Cú có sừng
towel_around_waist,0,Khăn tắm quanh eo
soap_censor,0,Kiểm duyệt bọt xà phòng
athletic_humanoid,7,Dạng người cường tráng
son_penetrating_mother,7,Con trai thâm nhập mẹ
shortstack_intersex,7,Người liên giới tính thấp và mũm mĩm
sunny,7,Trời nắng
mole_on_collarbone,0,Nốt ruồi trên xương quai xanh
butt_worship,7,Sự sùng bái mông
crotch_grab,0,Bóp đũng quần
species_name,0,Tên loài
chastity_bulge,7,Chỗ lùm lùm trinh tiết
brown_hooves,7,Vó nâu
calves_up,7,Bắp chân hướng lên
young_intersex,7,Người liên giới tính trẻ
religious_symbol,7,Biểu tượng tôn giáo
maple_leaf_print,0,Họa tiết chiếc lá phong
bandaid_on_forehead,0,Băng cá nhân trên trán
thick_calves,0,Bắp chân dày
thigh_highs_only,7,Chỉ có tất cao đùi
two-tone_legwear,0,Đồ che chân hai tông
raised_calf,7,Bắp chân dựng lên
cum_in_cloaca,0,Tinh dịch trong lỗ huyệt
huge_moon,0,Mặt trăng khổng lồ
gold_anklet,0,Vòng chân vàng kim
translucent_penetration,7,Sự thâm nhập bán trong suốt
single_bridal_gauntlet,0,Găng tay giáp cô dâu một chiếc
cum_on_wall,0,Tinh dịch trên bức tường
mother_penetrated,7,Mẹ bị thâm nhập
vaginal_orgasm,7,Lên đỉnh âm đạo
knees_out_of_frame,0,Đầu gối lọt ra ngoài khung
exposed_bone,0,Lộ xương
spotted_scales,7,Vảy có đốm
crazy,0,Điên loạn
fluffy_balls,7,Tinh hoàn lông xù
latex_topwear,7,Áo cao su
heart-shaped_lock,0,Lọn tóc hình trái tim
butt_markings,7,Vằn mông
plaid_topwear,7,Áo kẻ caro
arthropod_boy,0,Cậu trai chân khớp
head_feathers,7,Lông vũ đầu
blood_on_bandages,0,Máu trên băng gạc
circle_facial_mark,0,Dấu trên mặt hình tròn
bottomless_humanoid,7,Dạng người hở phần dưới
precum_on_ground,7,Dịch tiền xuất tinh trên mặt đất
no_irises,7,Không có mống mắt
sun_tattoo,0,Hình xăm mặt trời
fish_boy,0,Cậu trai cá
flag_swimwear,7,Đồ bơi hình cờ
perfume_bottle,0,Cái chai nước hoa
pinstripe_suit,0,Bộ đồ sọc chỉ
monotone_topwear,7,Áo một tông
writing_on_thigh,7,Chữ viết trên đùi
intersex_on_human,7,Liên giới tính trên người
scale_markings,7,Vằn vảy
abandoned,0,Bỏ hoang
two-tone_veil,0,Màn che mặt hai tông
snowflake,7,Bông tuyết
seal_(animal),0,Hải cẩu
licking_tip,0,Đang liếm đầu chóp
excessive_vaginal_fluids,7,Dịch âm đạo quá nhiều
pointing_forward,0,Chỉ tay hướng tới trước
broken_window,0,Cửa sổ bị gãy
licking_armpit,0,Đang liếm nách
short_snout,7,Mõm ngắn
stone_stairs,0,Cầu thang đá
presenting_cloaca,7,Lỗ huyệt chĩa ra
double_horizontal_stripe,0,Sọc kép ngang
balls_on_ground,7,Tinh hoàn trên mặt đất
flying_fish,0,Cá bay
spiked_anklet,0,Vòng chân có gai
bridal_legwear,0,Đồ che chân cô dâu
patch_(fabric),7,Miếng vá
thong_only,7,Chỉ có quần lót dây
huge_pectorals,0,Cơ ngực khổng lồ
russian,7,Nga
victorian,0,Thời Victoria
obese_feral,7,Nhân vật bán thú béo phì
lifting_partner,7,Đang nhấc bạn tình
athletic_gynomorph,7,Nhân vật gynomorph cường tráng
tan_sheath,7,Bao dương vật nâu rám nắng
twin_bows,7,Nơ đôi
lightning_bolt_print,0,Họa tiết bu lông sấm sét
licking_partner,7,Đang liếm bạn tình
muscular_andromorph,7,Nhân vật andromorph cơ bắp
shiny_legwear,0,Đồ che chân bóng
pseudo_mane,7,Bờm giả
living_insertion,7,Đưa vào có sự sống
topwear_pull,7,Đang kéo trang phục thân trên
2001,0,Năm 2001
sketchy,7,Vẽ phác
swamp,7,Đầm lầy
elbow_on_knee,0,Khuỷu tay trên đầu gối
vomit,0,Nôn
splatter,0,Văng
hyper_pecs,7,Cơ ngực phóng đại
harness_only,7,Chỉ có đai buộc
crotch_zipper,0,Khóa kéo đũng quần
vertical_cloaca,7,Lỗ huyệt dọc
eyelash_ornament,0,Đồ trang trí lông mi
brown_beard,7,Râu nâu
animal_onesie,7,Bộ liền thân động vật
lube_in_ass,7,Chất bôi trơn trong mông
wide_hipped_gynomorph,7,Nhân vật gynomorph hông rộng
tentacle_ovipositor,7,Cơ quan đẻ trứng xúc tu
gem_(steven_universe),0,Đá quý
countershade_snout,7,Mõm bóng ngược
billboard,0,Biển quảng cáo
tag,0,Nhãn
floral,7,Thêu hoa
shortstack_gynomorph,7,Nhân vật gynomorph thấp và mũm mĩm
back-seamed_legwear,0,Quần tất có đường chỉ sau
double_vertical_stripe,0,Sọc kép dọc
monotone_balls,7,Tinh hoàn một tông
papers,0,Giấy
freckled_hips,7,Hông có tàn nhang
submissive_humanoid,7,Dạng người nhượng bộ
boar,0,Lợn rừng
marking_on_cheek,0,Vằn trên má
laundry_basket,0,Cái rổ phòng giặt đồ
leashed_viewer,7,Người xem bị xích
no_eyepatch,0,Không có miếng che mắt
multiple_penetration,0,Nhiều sự thâm nhập
single_fishnet_legwear,0,Đồ che chân lưới một chiếc
head_on_head,0,Đầu trên đầu
older_gynomorph,7,Nhân vật gynomorph lớn tuổi hơn
offering_sex,7,Đưa cho quan hệ tình dục
dawn,0,Rạng đông
scar_on_back,0,Sẹo trên lưng
cum_in_throat,0,Tinh dịch trong cổ họng
gums,0,Nướu
wood_wall,7,Bức tường gỗ
brown_neckerchief,0,Khăn quàng cổ nâu
front-to-back,0,Phía trước tới lưng
sparse_stubble,0,Râu lởm chởm thưa
skeleton_print,0,Họa tiết bộ xương
cum_on_pussy,0,Tinh dịch trên âm hộ
helmet_only,7,Chỉ đội mũ bảo hiểm
broken_mirror,0,Cái gương bị gãy
satin,0,Sa tanh
diving,0,Lặn
uneven_balls,7,Tinh hoàn không đều
torn_leggings,0,Quần legging bị rách
cum_in_bowl,0,Tinh dịch trong bát
oversized_bottomwear,7,Đồ mặc dưới quá khổ
inviting_viewer,7,Mời người xem
monk,0,Tu sĩ
two_tone_legwear,7,Đồ che chân hai tông
ankle_grab,7,Bóp cổ chân
futuristic,7,Tương lai
pregnant_humanoid,7,Dạng người mang thai
spread_eagle,7,Đại bàng dạng ra
spiked_pauldrons,0,Giáp vai có gai
butterfly_ornament,0,Đồ trang trí bươm bướm
hexagon_print,0,Họa tiết lục giác
bottomless_gynomorph,7,Nhân vật gynomorph hở phần dưới
wide_hipped_intersex,7,Người liên giới tính hông rộng
no_mole,0,Không có nốt ruồi
big_claws,7,Móng vuốt to
winged_halo,0,Vầng hào quang có cánh
multicolored_bottomwear,7,Đồ mặc dưới nhiều màu
grape,7,Nho
muzzle_(mask),0,Mõm
applying_own_makeup,0,Đang tự trang điểm
bubble_gum,7,Kẹo cao su bọt khí
weasel_girl,0,Cô gái chồn
wet_towel,0,Khăn tắm ướt
huge_sheath,7,Bao dương vật khổng lồ
winged_heart_tattoo,0,Hình xăm trái tim có cánh
hypnotizing_viewer,0,Thôi miên người xem
human_on_human,7,Người trên người
gynomorph_on_human,7,Nhân vật nữ có cơ quan sinh dục nam trên người
wrist_wraps,7,Băng quấn cổ tay
magic_wand,7,Cây đũa phép thuật
faceless_feral,7,Thú không mặt
grid,0,Lưới
elbow_feathers,7,Lông vũ khuỷu tay
canyon,0,Hẻm núi
slide,0,Cầu trượt
grabbing_both_thighs,7,Nắm cả hai cái đùi
covered_pussy,0,Âm hộ được che
cracked_floor,0,Sàn nhà nứt
polka_dot_pajamas,0,Đồ ngủ chấm bi
beans,0,Đậu
striped_pajamas,0,Đồ ngủ kẻ sọc
gem_(symbol),0,Đá quý
wasp_waist,7,Eo ong bắp cày
cum_on_knot,7,Tinh dịch trên nút thắt
stage_curtains,0,Rèm sân khấu
darkened_vulva,7,Âm hộ tối đi
flirting_with_viewer,7,Tán tỉnh người xem
hedgehog_girl,0,Cô gái nhím gai
shaking_orgasm,7,Đang lắc cực khoái
blood_from_forehead,0,Máu từ trán
heart-shaped_ornament,0,Đồ trang trí hình trái tim
shield_on_back,0,Khiên trên lưng
wizard,0,Phù thủy nam
ivy,0,Trường xuân
medical,7,Y tế
blood_on_neck,0,Máu trên cổ
translucent_swimwear,7,Đồ bơi bán trong suốt
striped_genitalia,7,Bộ phận sinh dục kẻ sọc
seducing_viewer,7,Cuốn hút người xem
tank_(vehicle),7,Áo ba lỗ
halter_top,7,Áo dạng yếm
snow_leopard_girl,0,Cô gái báo tuyết
glistening_latex,7,Cao su bóng nhẫy
feces_in_ass,7,Phân trong mông
older_human,7,Người lớn tuổi hơn
animal_helmet,0,Mũ bảo hiểm động vật
puppy,0,Chó con
broccoli,0,Bông cải xanh
son_penetrated,7,Con trai bị thâm nhập
exposed_butt,7,Lộ mông
small_butt,7,Mông nhỏ
camo_bottomwear,7,Đồ mặc dưới rằn ri
armwear_only,7,Chỉ mặc đồ che cánh tay
monkey_boy,0,Cậu trai khỉ
coffee_pot,0,Chậu cà phê
floating_card,0,Thẻ lơ lửng
concrete,0,Bê tông
ferret,0,Chồn
baton_(weapon),0,Cái gậy
vaginal_fluids_on_ground,7,Dịch âm đạo trên mặt đất
tapir_girl,0,Cô gái heo vòi
track_and_field,0,Điền kinh và cánh đồng
brown_sheath,7,Bao dương vật nâu
intersex_on_feral,7,Liên giới tính trên động vật không nhân hóa
skull_on_head,0,Đầu lâu trên đầu
star_wand,0,Cây đũa phép ngôi sao
creature_on_head,0,Sinh vật trên đầu
unibrow,0,Lông mày rậm liền
walrus,0,Hải mã
obese_humanoid,7,Dạng người béo phì
suit_transformation,7,Sự biến đổi vest
thoughts,7,Trong bong bóng nghĩ
presenting_partner,7,Bạn tình chĩa ra
bandaid_on_head,0,Băng cá nhân trên đầu
golden_markings,7,Vằn màu vàng
back_spines,7,Cột sống lưng
braided_beard,0,Râu tết
two_tone_mane,7,Bờm hai tông
erection_in_diaper,7,Cương cứng trong tã lót
covered_pectorals,0,Cơ ngực được che
huge_knot,7,Nút thắt khổng lồ
saliva_on_balls,7,Nước bọt trên tinh hoàn
tassels,7,Chùm tua rua
volleyball,7,Bóng chuyền
formal_wear,7,Đồ mặc trang trọng
gear,7,Bánh răng
slim_humanoid,7,Dạng người thon
predator_penetrating_prey,7,Vật săn mồi thâm nhập con mồi
stuffed_penguin,0,Cánh cụt nhồi bông
covering_ass,0,Che mông
diamond_(gem),7,Hình thoi
bandaid_on_neck,0,Băng cá nhân trên cổ
butterfly_tattoo,0,Hình xăm bươm bướm
farmer,0,Nông dân
fluffy_paws,7,Bàn chân thú lông xù
4_balls,7,Bốn tinh hoàn
2000,0,Năm 2000
detached_leggings,0,Quần legging tách rời
dressing_another,0,Đang mặc đồ cho người khác
egg_in_ass,7,Trứng trong mông
cross-laced_legwear,0,Đồ che chân chữ thập buộc dây
trap_(contrivance),7,Trap
fish_tank,0,Áo ba lỗ cá
flaming_mane,7,Bờm bốc cháy
glistening_knot,7,Nút thắt bóng nhẫy
multiple_insertions,0,Nhiều đưa vào
shaking_head,0,Đang lắc đầu
hyena_boy,0,Cậu trai linh cẩu
brother_penetrating_brother,7,Anh em trai thâm nhập anh em trai
moth_girl,0,Cô gái bướm đêm
hip_tattoo,0,Hình xăm hông
human_to_humanoid,7,Người tới dạng người
horse_boy,0,Cậu trai ngựa
earless,7,Không có tai
gynomorph_on_top,7,Nhân vật nữ có cơ quan sinh dục nam trên áo
paper_on_head,0,Giấy trên đầu
pouch_(clothing),7,Túi con
ghost_girl,0,Cô gái ma
ass-to-ass,0,Mông tới mông
lotus_leaf,0,Lá sen
magical_boy,0,Cậu trai kỳ diệu
goose,0,Ngỗng
monkey_girl,0,Cô gái khỉ
humanoid_on_top,7,Dạng người trên áo
lipstick_on_balls,7,Son môi trên tinh hoàn
back_tentacles,7,Xúc tu lưng
brown_paws,7,Bàn chân thú nâu
orgasm_from_transformation,7,Cực khoái từ biến hình
multiple_thigh_straps,0,Dây đeo đùi nhiều
unusual_penetration,7,Sự thâm nhập bất thường
frilled_straps,0,Dây đeo nhún xếp
glass_door,0,Cánh cửa thủy tinh
soap_bottle,0,Cái chai bọt xà phòng
elbow_spikes,0,Gai nhọn khuỷu tay
fake_halo,0,Vầng hào quang giả
cum_on_pectorals,0,Tinh dịch trên cơ ngực
areola_outline,7,Đường viền quầng vú
christmas_wreath,0,Vòng hoa Giáng sinh
volleyball_(ball),7,Bóng chuyền
bodily_fluids_in_ass,7,Dịch cơ thể trong mông
leather_bottomwear,7,Đồ mặc dưới da
spade_tattoo,0,Hình xăm hình cái xẻng
pointing_down,0,Chỉ tay hướng xuống
spider_print,0,Họa tiết nhện
extra_faces,0,Thêm khuôn mặt
covered_penetration,0,Sự thâm nhập được che
penguin_hood,0,Mũ trùm cánh cụt
skull_symbol,7,Biểu tượng đầu lâu
bulge_grab,7,Bóp chỗ lùm lùm
paint_can,0,Lon sơn
ass_tattoo,0,Hình xăm mông
thumbs_down,0,Ngón cái hướng xuống
medium_sideburns,0,Tóc mai vừa
transformation_through_magic,7,Biến hình xuyên qua phép thuật
brown_cat,0,Mèo nâu
intersex_feral,7,Nhân vật bán thú liên giới tính
mole_on_armpit,0,Nốt ruồi trên nách
plaid_bottomwear,7,Đồ mặc dưới kẻ caro
double_strap_slip,0,Trượt hở dây kép
star_balloon,0,Bóng bay ngôi sao
heart_sticker,0,Nhãn dán trái tim
firefighter,0,Cứu hỏa
stuffed_dog,0,Chó nhồi bông
basement,0,Tầng hầm
four-pointed_star,0,Ngôi sao bốn nhọn
desert_eagle,0,Đại bàng sa mạc
weight_difference,7,Chênh lệch cân nặng
knight_(chess),0,Hiệp sĩ
polka_dot_scrunchie,0,Dây buộc tóc chấm bi
robotic,7,Người máy
brown_suit,0,Bộ đồ màu nâu
liquid_halo,0,Vầng hào quang dạng lỏng
thigh_tattoo,7,Hình xăm đùi
tennis,0,Quần vợt
4_claws,7,Bốn móng vuốt
christmas_ornament,7,Đồ trang trí Giáng sinh
micro_calves,7,Bắp chân rất nhỏ
blood_on_wall,0,Máu trên bức tường
tentacle_girl,0,Cô gái xúc tu
cowgirl_(western),0,Cưỡi ngựa
decoration,7,Đồ trang trí
side_butt,7,Mông lệch bên
lit_candle,7,Nến được chiếu sáng
bound_thighs,0,Đùi bị trói
detached_hood,0,Mũ trùm tách rời
pregnant_gynomorph,7,Nhân vật gynomorph mang thai
exposed_diaper,7,Lộ tã lót
nut_(fruit),7,Đai ốc
mole_on_pussy,0,Nốt ruồi trên âm hộ
bottomless_human,7,Người hở phần dưới
bear_hood,0,Mũ trùm gấu
see-through_curtains,0,Rèm cửa xuyên thấu
countershade_border,7,Viền ảnh bóng ngược
steaming_cup,0,Cốc đang bốc khói
star_symbol,7,Biểu tượng ngôi sao
lizard_(rain_world),0,Thằn lằn
big_iris,7,Mống mắt to
raccoon_boy,0,Cậu trai gấu mèo
anchor_ornament,0,Đồ trang trí cái neo
raised_head,7,Đầu dựng lên
stitched_neck,0,Cổ khâu
undersized_animal,0,Động vật quá nhỏ
snake_print,0,Họa tiết rắn
reindeer_girl,0,Cô gái tuần lộc
silver_(metal),0,Màu bạc
nightmare,0,Ác mộng
wooden_bench,0,Ghế dài bằng gỗ
short_sideburns,0,Tóc mai ngắn
cleft_chin,0,Cằm chẻ đôi
character_and_genderswap,0,Nhân vật và đổi giới tính
very_long_beard,0,Râu rất dài
two_tone_bottomwear,7,Đồ mặc dưới hai tông
waffle,0,Bánh quế
floating_crown,0,Vương miện lơ lửng
rubbing_vulva,7,Đang xoa âm hộ
fake_claws,0,Móng vuốt giả
spades_(suit),7,Hình cái xẻng
anal_bead_pull,7,Kéo hạt hậu môn
punching_viewer,0,Đấm người xem
kitten,0,Mèo con
lube_on_dildo,7,Chất bôi trơn trên dương vật giả
brother_penetrated,7,Anh em trai bị thâm nhập
shaved_head,0,Đầu cạo ngắn
translucent_legwear,7,Đồ che chân bán trong suốt
juice_(beverage),7,Nước ép
wax_seal,0,Hải cẩu sáp
daughter_penetrated,7,Con gái bị thâm nhập
crouching_cowgirl,7,Ngồi xổm cưỡi ngựa
arched_soles,0,Bàn chân cong
father_penetrating_daughter,7,Cha thâm nhập con gái
1999,0,Năm 1999
cum_on_muzzle,7,Tinh dịch trên mõm
pendant_collar,0,Cổ áo mặt dây chuyền
one-piece_thong,0,Quần lót dây một mảnh
stuffed_panda,0,Gấu trúc nhồi bông
space_print,0,Họa tiết vũ trụ
larger_rimmed,7,To hơn bị liếm hậu môn
lingerie_on_feral,7,Đồ lót nữ gợi cảm trên động vật không nhân hóa
diamond_facial_mark,0,Dấu trên mặt hình thoi
covered_clitoris,0,Âm vật được che
throat_microphone,0,Micrô cổ họng
cum_on_neck,0,Tinh dịch trên cổ
zebra_print,0,Họa tiết ngựa vằn
prey_penetrating_predator,7,Con mồi thâm nhập vật săn mồi
metal_wrist_cuffs,0,Ống bọc cổ tay cổ tay kim loại
front-seamed_legwear,0,Quần tất có đường chỉ trước
paw_print_pattern,0,Hoa văn họa tiết chân thú
hunting,0,Săn mồi
scorpion,0,Bọ cạp
topless_humanoid,7,Dạng người hở phần trên
frog_girl,0,Cô gái ếch
bison,0,Bò rừng
monotone_butt,7,Mông một tông
floating_skull,0,Đầu lâu lơ lửng
gum,7,Kẹo cao su
pen_in_pocket,0,Bút máy trong túi áo
frowning_at_viewer,7,Nhăn mặt với người xem
horned_hood,0,Mũ trùm có sừng
crossed_wrists,0,Cổ tay chéo
voluptuous_humanoid,7,Dạng người nóng bỏng
garage,0,Gara
biting_neck,0,Đang cắn cổ
overweight_human,7,Người thừa cân
multicolored_skinsuit,7,Bộ đồ ôm sát nhiều màu
floating_rock,0,Tảng đá lơ lửng
blood_halo,0,Vầng hào quang máu
wedding_veil,7,Màn che mặt cưới
owl_girl,0,Cô gái cú mèo
dialogue_with_sound_effects,7,Lời thoại kèm hiệu ứng âm thanh
hip_expansion,7,Độ giãn hông
unworn_headphones,0,Tai nghe không mặc
team_skull,0,Đầu lâu đội
sun_print,0,Họa tiết mặt trời
submissive_andromorph,7,Nhân vật andromorph nhượng bộ
drill_curls,7,Lọn tóc xoăn xoắn ốc
crown_only,7,Chỉ có vương miện
cat_on_lap,0,Mèo trên đùi
slapping_own_butt,7,Đang tát mông của mình
smirking_at_partner,7,Nhếch mép nhìn bạn tình
clover_(plant),7,Cỏ ba lá
stuffed_winged_unicorn,0,Kỳ lân nhồi bông có cánh
spread_armpit,0,Nách dạng ra
bee_girl,0,Cô gái ong
panda_hood,0,Mũ trùm gấu trúc
heart_pattern,7,Hoa văn trái tim
multiple_hats,0,Nhiều cái mũ
lobster,0,Tôm hùm
censored_with_cum,0,Đã kiểm duyệt kèm tinh dịch
offering_to_viewer,7,Đưa cho người xem
diamond_(marking),7,Hình thoi
1998,0,Năm 1998
crotch_tentacles,7,Xúc tu đũng quần
cross_tattoo,0,Hình xăm chữ thập
snake_tattoo,0,Hình xăm rắn
brown_legwear,7,Đồ che chân màu nâu
stuffed_sheep,0,Cừu nhồi bông
shaved,7,Cạo ngắn
sound_effects_only,0,Chỉ có hiệu ứng âm thanh
feces_on_ground,7,Phân trên mặt đất
human_on_top,7,Người trên áo
feeding_tube,0,Đút cho dạng ống
heart_halo,0,Vầng hào quang trái tim
round_head,7,Đầu tròn
burnt,0,Cháy
shrimp_(food),7,Tôm
applying_lipstick,0,Đang tô son
grabbing_head,7,Nắm đầu
hip_markings,7,Vằn hông
overalls_only,7,Chỉ có quần yếm
wall_lamp,0,Đèn bức tường
heart_ornament,0,Đồ trang trí trái tim
younger_feral,7,Nhân vật bán thú nhỏ tuổi hơn
gold_scales,0,Vảy vàng kim
leather_handwear,7,Đồ che tay da
gynomorph_on_feral,7,Nhân vật nữ có cơ quan sinh dục nam trên động vật không nhân hóa
large_syringe,0,Ống tiêm lớn
cum_in_slit,7,Tinh dịch trong xẻ tà
cross-laced_cutout,0,Lỗ cắt chữ thập buộc dây
pussy_cutout,0,Lỗ cắt âm hộ
bodily_fluids_in_pussy,7,Dịch cơ thể trong âm hộ
striped_neckerchief,0,Khăn quàng cổ kẻ sọc
no_symbol,0,Không có biểu tượng
spotted_hips,7,Hông có đốm
multi_cumshot,7,Nhiều tinh dịch bắn ra
v_over_head,0,Tư thế chữ V phía trên đầu
bones_in_stomach,7,Xương trong bụng
micro_prey,7,Con mồi rất nhỏ
medium_truck,7,Xe tải vừa
gold_buckle,0,Khóa vàng kim
cross-laced_corset,0,Áo corset chữ thập buộc dây
sweatdrop_(iconography),7,Giọt mồ hôi
camel,0,Lạc đà
bus_interior,0,Bên trong xe buýt
floral_pattern,7,Hoa văn thêu hoa
double_halo,0,Vầng hào quang kép
overweight_top,7,Áo thừa cân
cum_in_bucket,7,Tinh dịch trong xô
shared_blanket,0,Chăn dùng chung
whale_shark,0,Cá mập cá voi
older_feral,7,Nhân vật bán thú lớn tuổi hơn
hyena_girl,0,Cô gái linh cẩu
spiked_headband,0,Băng đô có gai
covering_with_blanket,0,Che kèm chăn
unkempt,0,Bờ phơ
mismatched_animal_genitalia,7,Bộ phận sinh dục động vật lệch đôi
tan_eyelids,7,Mí mắt nâu rám nắng
bolt_(hardware),0,Bu lông
tapir,0,Heo vòi
claw_growth,7,Sự mọc móng vuốt
low_drills,0,Tóc xoắn thấp
hyper_sheath,7,Bao dương vật phóng đại
micro_thighs,7,Đùi rất nhỏ
unworn_eyepatch,0,Miếng bịt mắt không mặc
spiked_helmet,0,Mũ bảo hiểm có gai
crown_of_thorns,0,Vương miện gai
raised_tank_top,7,Áo hai dây dựng lên
aqua_sailor_collar,0,Cổ áo thủy thủ màu xanh ngọc
lace-trimmed_collar,0,Cổ áo ren viền
insulting_viewer,0,Chửi người xem
tentacle_around_neck,0,Xúc tu quanh cổ
cave_interior,0,Bên trong hang động
metal_baseball_bat,0,Dơi bóng chày kim loại
multicolored_armwear,7,Đồ che tay nhiều màu
snow_leopard_boy,0,Cậu trai báo tuyết
cherry_print,0,Họa tiết hoa anh đào
carrying_position,7,Mang theo tư thế
locket,0,Mặt dây chuyền ảnh
spotted_thighs,7,Đùi có đốm
mouse_boy,0,Cậu trai chuột
tan_claws,7,Móng vuốt nâu rám nắng
single_drill,0,Một tóc xoắn
stuffed_bird,0,Chim nhồi bông
coral_reef,0,Rạn san hô
fading_border,0,Đường viền bị phai
blood_in_pussy,7,Máu trong âm hộ
band_(music),0,Dải băng
big_fangs,7,Nanh to
touching_bulge,7,Chạm phần phồng lên
animal_around_neck,0,Động vật quanh cổ
print_pajamas,0,Đồ ngủ họa tiết
bonfire,0,Lửa trại
western,7,Phương Tây
reaching_out,7,Đang với tay thò ra
genderswap_on_genderswap,0,Đổi giới tính trên đổi giới tính
huge_cheeks,7,Má khổng lồ
undressing_partner,7,Đang cởi đồ cho bạn tình
ethereal_(zenless_zone_zero),0,Thoát tục
pussy_torture,7,Tra tấn âm hộ
grabbing_own_thigh,0,Nắm đùi của mình
neck_spikes,7,Gai nhọn cổ
pregnant_andromorph,7,Nhân vật andromorph mang thai
floating_heart,7,Trái tim lơ lửng
bridal_gauntlets_only,7,Chỉ có găng tay cô dâu
viewer_on_leash,0,Người xem trên dây dắt
knot_hanging,7,Nút thắt thõng xuống
multicolored_handwear,7,Đồ che tay nhiều màu
cum_in_goo,7,Tinh dịch trong nhầy
curly_mane,7,Bờm xoăn
wax,0,Sáp
lipstick_fetish,7,Sở thích son môi
screw_in_head,0,Ốc vít trong đầu
vaginal_fluids_on_dildo,7,Dịch âm đạo trên dương vật giả
crossed_belts,0,Thắt lưng chéo
flying_squirrel,0,Sóc bay
collar_grab,0,Bóp cổ áo
sheath_outline,7,Đường viền bao dương vật
retro,7,Hoài cổ
younger_intersex,7,Người liên giới tính nhỏ tuổi hơn
double_cumshot,7,Tinh dịch bắn ra kép
pattern_headgear,7,Phụ kiện đội đầu hoa văn
honey_badger,0,Lửng mật ong
long_fangs,0,Nanh dài
character_hood,0,Mũ trùm nhân vật
striped_tank_top,0,Áo hai dây kẻ sọc
cum_on_floor,0,Tinh dịch trên sàn nhà
wooden_spoon,0,Thìa bằng gỗ
child_penetrated,7,Trẻ em bị thâm nhập
tilted_halo,0,Vầng hào quang nghiêng
quad_drills,0,Bốn tóc xoắn
christmas_topwear,7,Áo Giáng sinh
rounded_collar,0,Cổ áo tròn
flying_button,0,Cúc áo bay
throat_grab,0,Bóp cổ họng
tentacle_grab,7,Bóp xúc tu
tactical_gear,7,Bánh răng chiến thuật
thigh_scar,7,Sẹo đùi
shell-less,7,Không có vỏ
heart_lock_(kantai_collection),0,Lọn tóc trái tim
cum_in_diaper,7,Tinh dịch trong tã lót
musky_vulva,7,Âm hộ có mùi xạ hương
wet_floor,0,Sàn nhà ướt
person_on_head,0,Người trên đầu
brown_tank_top,0,Áo hai dây nâu
viking,0,Kỵ sĩ Bắc Âu
whale_girl,0,Cô gái cá voi
unusual_insertion,0,Đưa vào bất thường
faceless_intersex,7,Người liên giới tính không mặt
print_mug,0,Cốc có quai họa tiết
snow_on_head,0,Tuyết trên đầu
cum_in_cup,0,Tinh dịch trong cốc
cake_cat_(honkai:_star_rail),0,Mèo bánh ngọt
striped_back,7,Lưng kẻ sọc
spotted_genitalia,7,Bộ phận sinh dục có đốm
aqua_scrunchie,0,Dây buộc tóc xanh ngọc
stomping_viewer,0,Dẫm lên người xem
lifebuoy_ornament,0,Đồ trang trí phao cứu sinh
lipstick_mark_on_testicles,0,Dấu son môi trên tinh hoàn
smaller_andromorph,7,Nhân vật andromorph nhỏ hơn
iris_(flower),0,Mống mắt
cross_facial_mark,0,Dấu trên mặt chữ thập
oversized_forearms,0,Cẳng tay quá khổ
triangle_position,7,Tư thế hình tam giác
internal_wall,7,Bức tường bên trong
bovine_genitalia,7,Bộ phận sinh dục bò
heart_eyepatch,0,Miếng bịt mắt trái tim
lace_border,0,Viền ảnh ren
baseball_helmet,0,Mũ bảo hiểm bóng chày
genderswap_(otm),0,Đổi giới tính
younger_human,7,Người nhỏ tuổi hơn
shaved_vulva,7,Âm hộ cạo ngắn
bone_print,0,Họa tiết xương
translucent_bottomwear,7,Đồ mặc dưới bán trong suốt
shark_print,0,Họa tiết cá mập
pony_(animal),0,Ngựa pony
long_whiskers,7,Râu mèo dài
sweaty_vulva,7,Âm hộ đầm mồ hôi
vine_bondage,0,Trói buộc dây leo
wooden_horse,0,Ngựa bằng gỗ
topwear_lift,7,Nhấc trang phục thân trên
heart_wand,0,Cây đũa phép trái tim
multiple_cock_rings,7,Nhẫn dương vật nhiều
cross_ornament,0,Đồ trang trí chữ thập
raised_hips,7,Hông dựng lên
golden_claws,7,Móng vuốt màu vàng
multicolored_buttons,0,Cúc áo nhiều màu
carrot_print,0,Họa tiết cà rốt
urine_in_ass,7,Nước tiểu trong mông
deer_boy,0,Cậu trai nai
father_penetrated,7,Cha bị thâm nhập
brown_butt,7,Mông nâu
athletic_human,7,Người cường tráng
moon_(marking),7,Mặt trăng
penguin_girl,0,Cô gái cánh cụt
glistening_bottomwear,7,Đồ mặc dưới bóng nhẫy
panda_boy,0,Cậu trai gấu trúc
cheese_trail,0,Vệt phô mai
son_penetrating_father,7,Con trai thâm nhập cha
lace_collar,0,Cổ áo ren
latex_bottomwear,7,Đồ mặc dưới cao su
borrowed_hairstyle,0,Kiểu tóc mượn
bones_in_feces,7,Xương trong phân
print_eyepatch,0,Miếng bịt mắt họa tiết
warehouse,0,Nhà kho
farting_at_viewer,7,Đánh rắm vào người xem
spiked_gauntlets,0,Găng tay giáp có gai
imminent_transformation,7,Sự biến đổi sắp xảy ra
spreading_own_ass,0,Mông mở rộng của mình
throat_bulge,0,Chỗ lùm lùm cổ họng
spoken_animal,0,Động vật trong bóng thoại
jackal_boy,0,Cậu trai chồn sói
rope_around_neck,0,Dây thừng quanh cổ
peach_(fruit),7,Đào
golden_eagle,0,Đại bàng màu vàng
mole_on_crotch,0,Nốt ruồi trên đũng quần
vintage,7,Cổ
arrow_print,0,Họa tiết mũi tên
ass_freckles,0,Tàn nhang mông
multicolored_stripes,0,Sọc nhiều màu
paw_print_soles,0,Bàn chân họa tiết chân thú
heart_collar_tag,7,Nhãn vòng cổ trái tim
half_note,0,Nốt nhạc một nửa
obese_intersex,7,Người liên giới tính béo phì
bulge_to_ass,0,Phần phồng lên tới mông
cozy,7,Ấm cúng
ferret_girl,0,Cô gái chồn bạc
open_onesie,0,Bộ liền thân mở
bat_ornament,0,Đồ trang trí dơi
patterned_legwear,0,Đồ che chân có hoa văn
wrist_straps,0,Dây đeo cổ tay
wood_fence,7,Hàng rào gỗ
wall-eyed,0,Mắt lé ra ngoài
feminine,7,Nữ tính
young_andromorph,7,Nhân vật andromorph trẻ
earphones_removed,0,Tai nghe nhét tai đã tháo ra
stuffed_frog,0,Ếch nhồi bông
multicolored_neckerchief,0,Khăn quàng cổ nhiều màu
folded_diaper,7,Tã lót gấp lại
front_and_back,0,Phía trước và lưng
laces,0,Ren
antler_grab,0,Bóp gạc hươu
cross_pendant,0,Mặt dây chuyền chữ thập
snout_scar,7,Sẹo mõm
cum_on_chin,7,Tinh dịch trên cằm
shark_boy,0,Cậu trai cá mập
chin_spikes,7,Gai nhọn cằm
stamp_mark,0,Dấu dấu
1997,0,Năm 1997
tucked_money,0,Tiền giắt vào trong
egg_bulge,7,Chỗ lùm lùm trứng
teal_scales,7,Vảy xanh cổ vịt
witch_(manosaba),0,Phù thủy
hug_from_side,0,Ôm từ lệch bên
two_tone_beak,7,Mỏ hai tông
young_gynomorph,7,Nhân vật gynomorph trẻ
patch_(marking),7,Miếng vá
fishnet_handwear,7,Đồ che tay lưới
cracked_ground,7,Mặt đất nứt
two_tone_skinsuit,7,Bộ đồ ôm sát hai tông
head_between_buttocks,7,Đầu giữa mông
servant,0,Người hầu
spread_knees,7,Đầu gối dạng ra
undone_neckerchief,0,Khăn quàng cổ chưa cài
back_to_back,7,Lưng tới lưng
goo_tentacles,7,Xúc tu nhầy
cracked_screen,0,Màn hình nứt
arched_window,0,Cửa sổ cong
pilot_helmet,0,Mũ bảo hiểm phi công
brown_helmet,0,Mũ bảo hiểm màu nâu
torn_skinsuit,7,Bộ đồ mô phỏng bị rách
locker_bench,7,Ghế dài tủ để đồ
frilly_bottomwear,7,Đồ mặc dưới nhún diềm
beak_closed,7,Mỏ khép lại
detailed_scales,7,Vảy có chi tiết
rhinoceros_beetle,0,Bọ cánh cứng tê giác
tank_top_only,7,Chỉ có áo ba lỗ
fake_beard,0,Râu giả
two-tone_capelet,0,Áo choàng ngắn hai tông
double_thumbs_up,0,Ngón cái kép hướng lên
multi_knot,7,Nhiều nút thắt
stuffed_unicorn,0,Kỳ lân nhồi bông
checkered_legwear,0,Đồ che chân kẻ ca-rô
wool,0,Len
weight,0,Cân nặng
skull_tattoo,0,Hình xăm đầu lâu
striped_leggings,0,Quần legging kẻ sọc
multi_pecs,7,Nhiều cơ ngực
tan_spots,7,Đốm nâu rám nắng
heart_on_cheek,0,Trái tim trên má
vibrator_on_pussy,7,Đồ chơi rung trên âm hộ
hoof_fetish,7,Sở thích móng guốc
multicolored_butt,7,Mông nhiều màu
loss_of_speech,7,Sự mất nói
pattern_handwear,7,Đồ che tay hoa văn
worship,0,Sự sùng bái
extra_penises,0,Thêm dương vật
elemental_(creature),0,Nguyên tố
valley,0,Thung lũng
silver_armlet,0,Vòng đeo tay bạc
pinup_(style),0,Tranh pinup
crescent_halo,0,Vầng hào quang hình lưỡi liềm
diamonds_(suit),7,Hình thoi
roman,7,La Mã
striped_neck,7,Cổ kẻ sọc
long_antennae,7,Ăng-ten dài
anal_sheath,7,Bao dương vật hậu môn
tan_butt,7,Mông nâu rám nắng
broken_wall,0,Bức tường bị gãy
faceless_gynomorph,7,Nhân vật gynomorph không mặt
unusual_vulva,7,Âm hộ bất thường
print_swimwear,7,Đồ bơi họa tiết
mushroom_on_head,0,Nấm trên đầu
gauze_on_knee,0,Gạc y tế trên đầu gối
bouncing_pecs,0,Cơ ngực nảy
open_pajamas,0,Đồ ngủ mở
unicorn_girl,0,Cô gái kỳ lân
cheek_tattoo,0,Hình xăm gò má
persian_cat,0,Mèo Ba Tư
drawn_heart,0,Trái tim vẽ
floating_curtains,0,Rèm cửa lơ lửng
diaper_under_onesie,7,Tã lót bên dưới bộ liền thân
front_zipper,0,Khóa kéo phía trước
ofuda_on_pussy,0,Bùa ofuda trên âm hộ
print_tank_top,0,Áo hai dây họa tiết
brown_headband,0,Băng đô nâu
double-sided_axe,0,Rìu mặt kép
faceless_humanoid,7,Người không mặt
spotted_butt,7,Mông có đốm
lemon_print,0,Họa tiết chanh
facial_spots,7,Đốm trên mặt
flaming_head,0,Đầu bốc cháy
vine_tentacles,7,Xúc tu dây leo
torn_thigh_highs,7,Tất cao đùi bị rách
salt,0,Muối
abyssal_ship_transformation,0,Sự biến đổi vực thẳm con tàu
multi_vulva,7,Nhiều âm hộ
presenting_armpit,7,Nách chĩa ra
brown_eyeshadow,0,Phấn mắt nâu
collar_jewel,0,Đá quý cổ áo
sister_penetrated,7,Chị em gái bị thâm nhập
bandage_on_cheek,0,Băng quấn trên má
see-through_pelvic_curtain,0,Rèm xương chậu xuyên thấu
cum_on_beak,7,Tinh dịch trên mỏ
unworn_crown,0,Vương miện không mặc
teal_topwear,7,Áo xanh cổ vịt
brown_hakama,0,Quần hakama nâu
cum_on_armpits,0,Tinh dịch trên nách
obese_gynomorph,7,Nhân vật gynomorph béo phì
collar_pull,7,Kéo cổ áo
cuffs_to_collar,7,Ống bọc cổ tay tới vòng cổ
magenta_scales,7,Vảy hồng cánh sen
popsicle_melting,7,Cây kem que đang tan chảy
numbers_(nanoha),0,Chữ số
flaming_skull,0,Đầu lâu bốc cháy
panda_girl,0,Cô gái gấu trúc
sheath_penetration,7,Sự thâm nhập bao dương vật
multiple_cutouts,0,Nhiều lỗ cắt
star_pattern,7,Hoa văn ngôi sao
baseball_(ball),7,Bóng chày
brown_hood,0,Mũ trùm màu nâu
watermelon_print,0,Họa tiết dưa hấu
alien_genitalia,7,Bộ phận sinh dục ngoài hành tinh
prey_outline,7,Đường viền con mồi
wooden_door,0,Cánh cửa bằng gỗ
elbows_on_knees,0,Khuỷu tay trên đầu gối
cuddling_handjob,0,Ôm ấp thủ dâm bằng tay
star_trail,0,Vệt ngôi sao
striped_handwear,7,Đồ che tay kẻ sọc
vulva_shot,7,Cắt cảnh âm hộ
plaid_capelet,0,Áo choàng ngắn kẻ caro
veiny_thighs,0,Đùi lộ gân
young_rimmed,7,Trẻ bị liếm hậu môn
star_pendant,0,Mặt dây chuyền ngôi sao
denim_topwear,7,Áo jean
knot_grab,7,Bóp nút thắt
vibrator_on_clitoris,0,Đồ chơi rung trên âm vật
knot_bulge,7,Chỗ lùm lùm nút thắt
triangle_halo,0,Vầng hào quang hình tam giác
huge_clitoris,0,Âm vật khổng lồ
spread_cloaca,7,Lỗ huyệt dạng ra
casual_masturbation,7,Thủ dâm thường ngày
pelvic_curtain_aside,0,Rèm xương chậu lệch bên
ankle,0,Cổ chân
dolphin_girl,0,Cô gái cá heo
licking_blood,0,Đang liếm máu
rubber_band,0,Dải băng cao su
biting_cheek,0,Đang cắn má
monotone_legwear,7,Đồ che chân một tông
scale_growth,7,Sự mọc vảy
folding_screen,0,Đang gấp màn hình
jaw_spikes,7,Gai nhọn hàm
tan_sclera,7,Củng mạc nâu rám nắng
pom_antennae,7,Ăng-ten quả bông
back_scar,7,Sẹo lưng
tiger_cub,0,Con non hổ
back_dimples,7,Lúm đồng tiền lưng
plaid_sailor_collar,0,Cổ áo thủy thủ kẻ caro
platform_missionary_position,7,Tư thế truyền giáo đế dày
equine_balls,7,Tinh hoàn ngựa
vertical-striped_pajamas,0,Đồ ngủ dọc kẻ sọc
thumb_in_ass,7,Ngón cái trong mông
brown_tunic,0,Áo tuynic nâu
outline_heart,7,Trái tim đường viền
erection_under_bottomwear,7,Cương cứng bên dưới trang phục thân dưới
human_head,0,Đầu người
bead_anklet,0,Vòng chân hạt
two-sided_capelet,0,Áo choàng ngắn mặt hai
darkened_areola,7,Quầng vú tối đi
iron_fence,0,Hàng rào sắt
kindergarten,0,Mẫu giáo
slit_throat,0,Cổ họng xẻ tà
ghost_print,0,Họa tiết ma
shaped_balloon,7,Bóng bay hình
mechanical_spine,0,Cột sống cơ khí
stuffed_whale,0,Cá voi nhồi bông
touching_butt,7,Chạm mông
sharp_fangs,7,Nanh sắc
sailor_collar_lift,0,Nâng lên cổ áo thủy thủ
linked_collar,0,Cổ áo được nối
pig_girl,0,Cô gái lợn
two_tone_handwear,7,Đồ che tay hai tông
drooling_on_partner,7,Đang chảy dãi trên bạn tình
biker,7,Mô tô
2_antennae,7,Hai cái ăng-ten
flying_sex,7,Quan hệ trên không
4_pecs,7,Bốn cơ ngực
5_claws,7,Năm móng vuốt
crowded,0,Đông đúc
glue,0,Keo
cum_on_crotch,0,Tinh dịch trên đũng quần
stuffed_fish,0,Cá nhồi bông
brown_beak,7,Mỏ nâu
topless_human,7,Người hở phần trên
heart_areola,7,Quầng vú trái tim
cow_print_armwear,7,Đồ che tay họa tiết bò
leather_collar,0,Cổ áo da
jaw_drop,0,Giọt hàm
weight_bench,0,Ghế dài cân nặng
corn_dog,0,Chó ngô
large_clitoris,0,Âm vật lớn
diaper_bulge,7,Chỗ lùm lùm tã lót
skimpy_swimwear,7,Đồ bơi ít vải
feather_markings,7,Vằn lông vũ
pushing_head,7,Đang đẩy đầu
spotted_back,7,Lưng có đốm
swinging_baseball_bat,0,Đung đưa dơi bóng chày
dildo_size_difference,7,Chênh lệch kích thước dương vật giả
vintage_microphone,0,Micrô cổ
cum_on_viewer,7,Tinh dịch trên người xem
see-through_raincoat,0,Áo mưa xuyên thấu
booties,7,Giày mềm
gesturing_at_viewer,7,Ra hiệu với người xem
partially_clothed_humanoid,7,Dạng người mặc đồ một phần
head_spines,7,Cột sống đầu
hyper_cheeks,7,Má phóng đại
head_on_lap,7,Đầu trên đùi
matcha_(food),0,Trà matcha
sign_around_neck,0,Bảng hiệu quanh cổ
firefighter_helmet,0,Mũ bảo hiểm cứu hỏa
thick_outlines,0,Đường viền dày
cuffs-to-collar,0,Ống bọc cổ tay tới vòng cổ
bouncing_testicles,0,Tinh hoàn nảy
checkered_topwear,7,Áo kẻ ca-rô
vine_print,0,Họa tiết dây leo
swinging_on_swing,0,Đung đưa trên đu quay
head_tattoo,0,Hình xăm đầu
layered_legwear,0,Đồ che chân nhiều lớp
lipstick_mark_on_neck,0,Dấu son môi trên cổ
human_rimming_feral,7,Người liếm hậu môn động vật không nhân hóa
brown_outline,0,Đường viền nâu
dog_paws,0,Bàn chân thú chó
bucket_on_head,0,Xô trên đầu
feral_bondage,7,Trói buộc bán thú
space_cat_(meme),0,Mèo vũ trụ
glistening_eyeshadow,7,Phấn mắt bóng nhẫy
lamb,0,Cừu con
slim_human,7,Người thon
thigh_sheath,0,Bao dương vật đùi
spoken_star,0,Ngôi sao trong bóng thoại
clitoris_outline,7,Đường viền âm vật
tiger_paws,0,Bàn chân thú hổ
split_crop,0,Áo croptop tách đôi
grandfather_clock,0,Đồng hồ ông
two_tone_butt,7,Mông hai tông
macro_on_macro,7,Cận cảnh trên cận cảnh
stuffed_octopus,0,Bạch tuộc nhồi bông
loose_foreskin,7,Bao quy đầu rộng
sunflower_print,0,Họa tiết hướng dương
presenting_to_viewer,7,Đưa ra phía trước tới người xem
monotone_mane,7,Bờm một tông
gynomorph_penetrating_human,7,Nhân vật nữ có cơ quan sinh dục nam thâm nhập người
balloon_fetish,7,Sở thích bóng bay
sailor_moon_(cosplay),0,Mặt trăng thủy thủ
latex_hood,7,Mũ trùm cao su
pouches,7,Túi con
star_censor,0,Kiểm duyệt ngôi sao
biting_partner,7,Đang cắn bạn tình
younger_gynomorph,7,Nhân vật gynomorph nhỏ tuổi hơn
covering_erection,7,Che cương cứng
gender_symbol_penetration,7,Sự thâm nhập giới tính biểu tượng
employee,7,Nhân viên
stuffed_lion,0,Sư tử nhồi bông
steel_beam,0,Chùm thép
bamboo_print,0,Họa tiết tre
bandaid_on_stomach,0,Băng cá nhân trên bụng
lotus_position,0,Tư thế sen
visor_lift,0,Nâng lên lưỡi trai
hooded_pajamas,0,Đồ ngủ có mũ trùm
tank_helmet,0,Mũ bảo hiểm áo ba lỗ
1996,0,Năm 1996
knees_pulled_up,7,Đầu gối kéo hướng lên
pumpkin_butt,7,Mông bí ngô
mole_on_butt,7,Nốt ruồi trên mông
presenting_genitalia,7,Bộ phận sinh dục chĩa ra
ankle_band,7,Dải băng cổ chân
striped_(kink),7,Kẻ sọc
empty_plate,0,Cái đĩa trống
human_penetrating_human,7,Người thâm nhập người
no_entry_sign,0,Biển cấm vào
side-seamed_legwear,0,Quần tất có đường chỉ bên
headshot,0,Đầu và vai
tablet_pen,7,Bút máy bảng vẽ
fluffy_mane,7,Bờm lông xù
slides,0,Cầu trượt
decorations,0,Đồ trang trí
dominant_prey,7,Con mồi chiếm ưu thế
gold_halo,0,Vầng hào quang vàng kim
moon_print,0,Họa tiết mặt trăng
wooden_lantern,0,Đèn lồng bằng gỗ
precum_on_balls,7,Dịch tiền xuất tinh trên tinh hoàn
snout_grab,7,Bóp mõm
feces_on_butt,7,Phân trên mông
striped_suit,0,Bộ đồ kẻ sọc
collar_chain_(jewelry),0,Dây chuyền cổ áo
butterfly_on_head,0,Bươm bướm trên đầu
ornate,0,Cầu kỳ
tapering_snout,7,Mõm vót nhọn
fold-over_collar,0,Gập phía trên vòng cổ
half-spread_vulva,7,Âm hộ một nửa dạng ra
paizuri_on_lap,0,Ép ngực vào dương vật trên đùi
marble_(toy),0,Đá cẩm thạch
chain_collar,7,Cổ áo dây xích
bloomers_pull,0,Kéo quần phồng
wrists_to_ankles,7,Cổ tay tới cổ chân
clover_(flower),0,Cỏ ba lá
intersex_penetrating_human,7,Liên giới tính thâm nhập người
chastity_strap,7,Dây đeo trinh tiết
garlic,0,Tỏi
ruined_makeup,7,Trang điểm hoang tàn
submissive_predator,7,Vật săn mồi nhượng bộ
blood_trail,0,Vệt máu
height_mark,0,Dấu chiều cao
covering_vulva,7,Che âm hộ
christmas_star,0,Ngôi sao Giáng sinh
hyper_knot,7,Nút thắt phóng đại
torn_tank_top,0,Áo ba lỗ bị rách
team_star,0,Ngôi sao đội
frilled_nightgown,0,Áo ngủ nhún xếp
glistening_topwear,7,Áo bóng nhẫy
iron_cuffs,7,Ống bọc cổ tay sắt
intersex_penetrating_andromorph,7,Liên giới tính thâm nhập nhân vật andromorph
clitoris_slip,0,Trượt hở âm vật
cheek_fins,7,Vây gò má
gold_border,0,Viền ảnh vàng kim
unusual_position,7,Tư thế bất thường
see-through_camisole,0,Áo hai dây xuyên thấu
antler_ornament,0,Đồ trang trí gạc hươu
cervine_vulva,7,Âm hộ hươu
spring_(object),0,Mùa xuân
sweaty_back,7,Lưng đầm mồ hôi
rope_marks,0,Dấu dây thừng
willow,0,Liễu
ankle_wraps,7,Băng quấn cổ chân
no_smoking,0,Không có đang hút thuốc
silver_tiara,0,Vương miện nhỏ bạc
cheek_expansion,7,Độ giãn gò má
swimwear_removed,7,Đồ bơi đã tháo ra
baton,7,Cái gậy
sheep_boy,0,Cậu trai cừu
leopard_girl,0,Cô gái báo
gold_bell,0,Chuông vàng kim
armored_legwear,0,Đồ che chân bọc giáp
teal_markings,7,Vằn xanh cổ vịt
high_up,0,Cao hướng lên
bread_bun,0,Búi tóc bánh mì
striped_feathers,7,Lông vũ kẻ sọc
torn_capelet,0,Áo choàng ngắn bị rách
tornado,0,Lốc xoáy
facial_scales,7,Vảy trên mặt
halloween_decoration,7,Đồ trang trí Halloween
foreskin_insertion,0,Đưa vào bao quy đầu
mechanical_tentacles,0,Xúc tu cơ khí
tentacle_around_waist,7,Xúc tu quanh eo
writing_on_balls,7,Chữ viết trên tinh hoàn
tan_neck,7,Cổ nâu rám nắng
cetacean_vulva,7,Âm hộ họ cá voi
short_mane,7,Bờm ngắn
bamboo_fence,0,Hàng rào tre
balloon_animal,0,Động vật bóng bay
thong_pull,7,Kéo chữ T
korean,7,Hàn Quốc
brown_scrunchie,0,Dây buộc tóc nâu
penetrated_pov,7,Góc nhìn thứ nhất bị thâm nhập
glistening_claws,7,Móng vuốt bóng nhẫy
grabbing_partner,7,Nắm bạn tình
quadruple_penetration,0,Bốn sự thâm nhập
highleg_bottomwear,7,Đồ mặc dưới cắt cao
cum_on_tentacle,7,Tinh dịch trên xúc tu
aqua_eyeshadow,0,Phấn mắt xanh ngọc
gold_helmet,0,Mũ bảo hiểm màu vàng kim
butt_on_fire,7,Mông trên lửa
two-tone_leggings,0,Quần legging hai tông
predator_penetrated,7,Vật săn mồi bị thâm nhập
long_beak,7,Mỏ dài
large_bulge,0,Chỗ lùm lùm lớn
grid_print,0,Họa tiết lưới
cum_in_pumpkin,7,Tinh dịch trong bí ngô
gynomorph_feral,7,Nhân vật bán thú dạng cái
diamond_print,0,Họa tiết hình thoi
frilly_bloomers,7,Quần phồng nhún diềm
emblem_(fire_emblem_engage),0,Huy hiệu
cum_on_cheek,7,Tinh dịch trên má
cum_in_tentacles,7,Tinh dịch trong xúc tu
2_mouths,7,Hai miệng
dog_hood,0,Mũ trùm chó
intersex_human,7,Người liên giới tính
star_(shape),7,Ngôi sao
giraffe_print,0,Họa tiết hươu cao cổ
bamboo_screen,0,Màn hình tre
bitten_apple,0,Táo bị cắn
flying_whale,0,Cá voi bay
banana_boat,0,Thuyền chuối
symbol_on_thigh,7,Biểu tượng trên đùi
human_toilet,0,Bồn cầu người
sex_with_insects,0,Quan hệ tình dục kèm côn trùng
character_snowman,0,Người tuyết nhân vật
shin_strap,0,Dây đeo cẳng chân
offering_leash,0,Đưa cho dây dắt
head_in_ass,7,Đầu trong mông
frilled_corset,0,Áo corset nhún xếp
spoken_skull,0,Đầu lâu trong bóng thoại
cum_on_paw,7,Tinh dịch trên bàn chân thú
freckled_back,7,Lưng có tàn nhang
caprine_genitalia,7,Bộ phận sinh dục dê
biting_head,0,Đang cắn đầu
vaginal_fluids_on_butt,7,Dịch âm đạo trên mông
pages,0,Trang
cock_hanging,7,Dương vật thõng xuống
missing_poster,0,Áp phích thiếu
spring,7,Mùa xuân
spoken_symbol,0,Biểu tượng trong bóng thoại
cheek_window,7,Cửa sổ gò má
head_between_pecs,0,Đầu giữa cơ ngực
no_heterochromia,0,Không có mắt hai màu
leather_headgear,7,Phụ kiện đội đầu da
silver_crown,0,Vương miện bạc
glistening_swimwear,7,Đồ bơi bóng nhẫy
bear_paws,0,Bàn chân thú gấu
sketching,0,Phác
shell_(projectile),7,Vỏ
window_curtains,7,Rèm cửa sổ
frog_boy,0,Cậu trai ếch
lemon_testicles,7,Tinh hoàn chanh
partial_transformation,0,Sự biến đổi một phần
multiple_tattoos,0,Nhiều hình xăm
pirate_ship,0,Con tàu cướp biển
small_testicles,0,Tinh hoàn nhỏ
round_collar,0,Cổ áo tròn
intersex_on_humanoid,7,Liên giới tính trên dạng người
wet_bottomwear,7,Đồ mặc dưới ướt
master_and_servant,0,Chủ nhân và người hầu
unusual_vaginal_fluids,7,Dịch âm đạo bất thường
lipstick_mark_on_stomach,0,Dấu son môi trên bụng
nut_(hardware),0,Đai ốc
lifebuoy_anklet,0,Vòng chân phao cứu sinh
star_cutout,0,Lỗ cắt ngôi sao
soccer_field,0,Cánh đồng bóng đá
dominant_in_chastity,7,Thống trị trong trinh tiết
jelly_(food),7,Thạch
plantigrade_to_digitigrade,7,Bàn chân áp đất tới đi bằng ngón chân
brown_highlights,7,Điểm nhấn nâu
older_brother,7,Anh em trai lớn tuổi hơn
number_on_topwear,7,Chữ số trên trang phục thân trên
heart_above_head,7,Trái tim bên trên đầu
prehistoric,0,Tiền sử
snout_in_ass,7,Mõm trong mông
balls_on_glass,7,Tinh hoàn trên thủy tinh
giant_snake,0,Rắn khổng lồ
broken_bone,0,Xương bị gãy
ankle_scrunchie,0,Dây buộc tóc cổ chân
angel_(evangelion),0,Thiên thần
imminent_masturbation,0,Thủ dâm sắp xảy ra
two_tone_armwear,7,Đồ che tay hai tông
chinese,7,Trung Quốc
medical_syringe,7,Ống tiêm y tế
multicolored_capelet,0,Áo choàng ngắn nhiều màu
applying_manicure,0,Đang sơn móng tay
flats_(shoes),7,Phẳng
saliva_on_butt,7,Nước bọt trên mông
one_calf_up,7,Một bắp chân hướng lên
young_prey,7,Con mồi trẻ
ladybug_ornament,0,Đồ trang trí bọ rùa
cat_ornament,0,Đồ trang trí mèo
striped_headband,0,Băng đô kẻ sọc
head_on_ass,0,Đầu trên mông
hamster_girl,0,Cô gái chuột hamster
spider_tattoo,0,Hình xăm nhện
lactating_into_container,0,Sữa rỉ ra vào trong vật chứa
squish_(sound_effect),7,Bị ép dẹt
cum_on_armpit,7,Tinh dịch trên nách
swimwear_only,7,Chỉ mặc đồ bơi
shaking_hips,7,Đang lắc hông
neck_scar,7,Sẹo cổ
monotone_scales,7,Vảy một tông
fluffy_butt,7,Mông lông xù
presenting_bulge,7,Chỗ lùm lùm chĩa ra
plaid_collar,0,Cổ áo kẻ caro
striped_scrunchie,0,Dây buộc tóc kẻ sọc
aqua_border,0,Viền ảnh xanh ngọc
blood_drop,0,Giọt máu
smelling_ass,0,Ngửi mông
leopard_gecko,0,Tắc kè báo
gag_around_neck,0,Nhét miệng quanh cổ
scale_print,0,Họa tiết vảy
half_moon,0,Mặt trăng một nửa
blood_on_cheek,0,Máu trên má
violet_(flower),0,Màu tím
snowflake_ornament,0,Đồ trang trí bông tuyết
lolita_print,0,Họa tiết lolita
spiked_bat,0,Dơi có gai
humanoid_prey,7,Con mồi dạng người
matching_hairstyle,0,Kiểu tóc đôi
animal_on_back,0,Động vật trên lưng
rubbing_head,0,Đang xoa đầu
1995,0,Năm 1995
thigh_cuffs,0,Ống bọc cổ tay đùi
multiple_theme_colors,0,Màu nhiều chủ đề
bulge_size_difference,7,Chênh lệch kích thước chỗ lùm lùm
ankle_bell,0,Chuông cổ chân
empty_bottle,0,Cái chai trống
erection_under_briefs,7,Cương cứng bên dưới quần lót tam giác
older_sibling,7,Anh chị em lớn tuổi hơn
stirrup_(marking),7,Đai giữ
nut_(food),0,Đai ốc
two_tone_neck,7,Cổ hai tông
octopus_boy,0,Cậu trai bạch tuộc
character_sticker,0,Nhãn dán nhân vật
wrist_tattoo,0,Hình xăm cổ tay
slingshot_(weapon),0,Dây chéo
headband_only,7,Chỉ có băng đô
spider_lily_print,0,Họa tiết huệ nhện
torn_paper,0,Giấy bị rách
cum_on_abs,7,Tinh dịch trên cơ bụng
gynomorph_penetrating_andromorph,7,Nhân vật nữ có cơ quan sinh dục nam thâm nhập nhân vật andromorph
armpit_worship,7,Sự sùng bái nách
mural,0,Tranh tường
checkered_wall,0,Bức tường kẻ ca-rô
lube_on_butt,7,Chất bôi trơn trên mông
head_mirror,0,Cái gương đầu
bandage_on_knee,0,Băng quấn trên đầu gối
gold_tattoo,0,Hình xăm vàng kim
knee_strap,0,Dây đeo đầu gối
countershade_vulva,7,Âm hộ bóng ngược
gold_eyeshadow,0,Phấn mắt vàng kim
cum_on_own_knot,7,Tinh dịch trên nút thắt của mình
large_buttons,0,Cúc áo lớn
tan_mane,7,Bờm nâu rám nắng
inverted_colors,0,Màu đảo ngược
muscular_butt,7,Mông cơ bắp
cum_on_sheath,7,Tinh dịch trên bao kiếm
multicolored_outline,0,Đường viền nhiều màu
gaping_cloaca,7,Lỗ huyệt há rộng
peaceful,7,Yên tĩnh
ominous,7,Tăm tối
goo_suit,7,Bộ đồ nhầy
guide,0,Hướng dẫn
covered_vulva,7,Âm hộ được che
glaring_at_viewer,7,Nhìn giận dữ người xem
monotone_feathers,7,Lông vũ một tông
ass_lift,0,Nâng lên mông
snap,7,Cúc bấm
mole_on_back,0,Nốt ruồi trên lưng
glistening_handwear,7,Đồ che tay bóng nhẫy
native_american_headdress,0,Đồ đội đầu Mỹ bản địa
no_emblem,0,Không có huy hiệu
throbbing_knot,7,Nút thắt giật thình thịch
mismatched_vulva,7,Âm hộ lệch đôi
camo_topwear,7,Áo rằn ri
gynomorph_on_humanoid,7,Nhân vật nữ có cơ quan sinh dục nam trên dạng người
polka_dot_neckerchief,0,Khăn quàng cổ chấm bi
trail,7,Vệt
gynomorph_human,7,Người dạng cái
panda_print,0,Họa tiết gấu trúc
glistening_tentacles,7,Xúc tu bóng nhẫy
hypnotic_screen,7,Màn hình bị thôi miên
cheek_scar,7,Sẹo gò má
leather_suit,0,Bộ đồ da
assertive,7,Tự tin
writing_on_wall,0,Chữ viết trên bức tường
pig_boy,0,Cậu trai lợn
balls_on_head,7,Tinh hoàn trên đầu
snake_boy,0,Cậu trai rắn
asymmetrical_transformation,7,Sự biến đổi bất đối xứng
skull_collar,0,Cổ áo đầu lâu
character_cutout,0,Lỗ cắt nhân vật
wooden_horse_(device),7,Ngựa bằng gỗ
winged_headphones,0,Tai nghe có cánh
human_fetish,7,Sở thích người
boar_boy,0,Cậu trai lợn rừng
bubble_wand,0,Cây đũa phép bọt khí
german,7,Đức
head_on_butt,7,Đầu trên mông
quiff,0,Ngửa ra sau
adjusting_hood,0,Đang chỉnh mũ trùm
stuffed_dolphin,0,Cá heo nhồi bông
olive,0,Màu xanh ô liu
touching_thigh,7,Chạm đùi
antennae_markings,7,Vằn ăng-ten
cow_hood,0,Mũ trùm bò
creature_print,7,Họa tiết sinh vật
frilled_pajamas,0,Đồ ngủ nhún xếp
lace-trimmed_veil,0,Màn che mặt ren viền
thumb_in_pocket,0,Ngón cái trong túi áo
presenting_sheath,7,Bao dương vật chĩa ra
micro_human,7,Người rất nhỏ
multi_clitoris,7,Nhiều âm vật
waist,7,Eo
cheek_frill,7,Diềm xếp gò má
offering_collar,0,Đưa cho vòng cổ
mole_on_forehead,0,Nốt ruồi trên trán
partially_clothed_human,7,Người mặc đồ một phần
brown_eyelids,7,Mí mắt nâu
latex_corset,0,Áo corset cao su
crotch_strap,0,Dây đeo đũng quần
veiny_neck,0,Cổ lộ gân
pointing_with_thumb,0,Chỉ tay kèm ngón cái
thought,7,Trong bong bóng nghĩ
scar_on_chin,0,Sẹo trên cằm
shot_in_head,7,Cắt cảnh trong đầu
back_peek,0,Lưng lấp ló
saliva_on_vulva,7,Nước bọt trên âm hộ
french,7,Pháp
braided_mane,7,Bờm tết
jaw,0,Hàm
broken_bottle,0,Cái chai bị gãy
bottle_to_cheek,0,Cái chai tới má
wet_butt,7,Mông ướt
vibrator_on_chastity_cage,7,Đồ chơi rung trên lồng trinh tiết
crown_print,0,Họa tiết vương miện
circle_cutout,0,Lỗ cắt hình tròn
older_humanoid,7,Dạng người lớn tuổi hơn
barely_visible_sheath,7,Bao dương vật hầu như không lộ rõ
very_low_bun,0,Búi tóc rất thấp
dipstick_beak,7,Mỏ hình que
bone_collar_tag,7,Nhãn vòng cổ xương
open_towel,0,Khăn tắm mở
asian,7,Châu Á
stirrups,7,Đai giữ
otter_girl,0,Cô gái rái cá
bean,7,Đậu
ursine_genitalia,7,Bộ phận sinh dục gấu
broken_plate,0,Cái đĩa bị gãy
leggings_only,7,Chỉ có quần legging
multiple_moons,0,Nhiều mặt trăng
counters_(nikke),0,Quầy
carrying_multiple_people,0,Mang theo nhiều người
podium,0,Bục
top_pull,0,Kéo áo
grinning_at_partner,7,Cười toe nhìn bạn tình
human_dog,0,Chó người
leather_legwear,7,Đồ che chân da
jellyfish_girl,0,Cô gái sứa
gold_headdress,0,Đồ đội đầu vàng kim
multiple_partners,7,Nhiều bạn tình
frog_hood,0,Mũ trùm ếch
wide_hipped_feral,7,Nhân vật bán thú hông rộng
lace-trimmed_eyepatch,0,Miếng bịt mắt ren viền
heart_tag,7,Nhãn trái tim
coin_(ornament),0,Đồng xu
anchor_tattoo,0,Hình xăm cái neo
glistening_heart,7,Trái tim bóng nhẫy
teal_sclera,7,Củng mạc xanh cổ vịt
whale_print,0,Họa tiết cá voi
print_scrunchie,0,Dây buộc tóc họa tiết
aqua_headband,0,Băng đô xanh ngọc
pajamas_pull,0,Kéo đồ ngủ
floor_lamp,0,Đèn sàn nhà
stirrups_(riding),0,Đai giữ
dominant_andromorph,7,Nhân vật andromorph chiếm ưu thế
cum_from_cloaca,7,Tinh dịch từ lỗ huyệt
greek,7,Hy Lạp
dog_print,0,Họa tiết chó
squid_girl,0,Cô gái mực
cracked,7,Nứt
work,7,Lao động
band,7,Dải băng
thigh_marking,0,Vằn đùi
calves,0,Bắp chân
armpit_showing,7,Nách lộ ra
invisible_wall,0,Bức tường tàng hình
apple_on_head,0,Táo trên đầu
striped_headgear,7,Phụ kiện đội đầu kẻ sọc
human_to_inanimate,7,Người tới vô tri
athletic_andromorph,7,Nhân vật andromorph cường tráng
monotone_beak,7,Mỏ một tông
animal-shaped_balloon,0,Bóng bay hình động vật
dry_anal_orgasm,7,Lên đỉnh hậu môn khô
touching_tips,7,Chạm đầu chóp
print_headband,0,Băng đô họa tiết
key_in_head,0,Chìa khóa trong đầu
pleated_capelet,0,Áo choàng ngắn xếp ly
spoken_number,0,Chữ số trong bóng thoại
cheetah_girl,0,Cô gái báo gấm
scar_on_thigh,0,Sẹo trên đùi
reverse_penetration,0,Sự thâm nhập ngược
triangle_(shape),7,Hình tam giác
magic_pen_(twisted_wonderland),0,Bút máy phép thuật
monotone_handwear,7,Đồ che tay một tông
diving_helmet,0,Mũ bảo hiểm lặn
topless_intersex,7,Người liên giới tính hở phần trên
baseball_field,0,Cánh đồng bóng chày
touching_head,7,Chạm đầu
pregnant_human,7,Người mang thai
covering_head,0,Che đầu
broken_helmet,0,Mũ bảo hiểm bị gãy
blood_in_ass,7,Máu trong mông
cube_(object),7,Khối lập phương
translucent_latex,7,Cao su bán trong suốt
plaid_neckerchief,0,Khăn quàng cổ kẻ caro
side_halo,0,Vầng hào quang lệch bên
multicolored_tank_top,0,Áo hai dây nhiều màu
holographic_screen,7,Màn hình toàn ảnh
grabbing_hips,7,Nắm hông
magic_lamp,7,Đèn phép thuật
two_tone_head,7,Đầu hai tông
clubroom,0,Phòng câu lạc bộ
bovine_vulva,7,Âm hộ bò
bound_top,7,Áo bị trói
print_capelet,0,Áo choàng ngắn họa tiết
olive_(fruit),7,Màu xanh ô liu
peanut,0,Đậu phộng
gold_headband,0,Băng đô vàng kim
zipper_top,0,Áo khóa kéo
glistening_head,7,Đầu bóng nhẫy
wrist_markings,7,Vằn cổ tay
lace-trimmed_capelet,0,Áo choàng ngắn ren viền
ass_to_pussy,7,Mông tới âm hộ
spiked_thigh_strap,0,Dây đeo đùi có gai
crossed_out,0,Chéo thò ra
dry_orgasm,7,Lên đỉnh khô
skull_(marking),7,Đầu lâu
two-tone_beard,0,Râu hai tông
bound_knees,0,Đầu gối bị trói
armpit_stubble,0,Râu lởm chởm nách
musical_note_ornament,0,Đồ trang trí nốt nhạc âm nhạc
rounded_back,7,Lưng tròn
no_shading,7,Không tô bóng
fire_axe,0,Rìu lửa
cum_in_stomach,7,Tinh dịch trong bụng
human_tower,0,Tháp người
overweight_andromorph,7,Nhân vật andromorph thừa cân
rope_around_balls,7,Dây thừng quanh tinh hoàn
crab_on_head,0,Cua trên đầu
tan_soles,7,Bàn chân nâu rám nắng
head_leaf,7,Lá đầu
andromorph_on_top,7,Nhân vật andromorph trên áo
legwear_cutout,0,Lỗ cắt quần tất
snake_bondage,0,Trói buộc rắn
facial_paint,7,Màu vẽ trên mặt
aqua_tunic,0,Áo tuynic xanh ngọc
knee_grab,7,Bóp đầu gối
tentacle_maw,7,Hàm xúc tu
no_print,0,Không có họa tiết
pentagon_(shape),0,Ngũ giác
imminent_hanging,7,Sắp xảy ra thõng xuống
royal_navy_emblem_(azur_lane),0,Huy hiệu hoàng gia xanh navy
long_orgasm,7,Lên đỉnh dài
glistening_pecs,7,Cơ ngực bóng nhẫy
erection_under_blanket,0,Cương cứng bên dưới chăn
brown_dog,0,Chó nâu
macro_feral,7,Nhân vật bán thú phóng to
arrow_in_head,0,Mũi tên trong đầu
aqua_collar,0,Cổ áo màu xanh ngọc
hearts_(suit),7,Trái tim
artist_name_(singer),0,Tên họa sĩ
flaming_halo,0,Vầng hào quang bốc cháy
war_paint,0,Vẽ mặt trận
chinese_lantern_(plant),0,Đèn lồng Trung Quốc
paper_boat,0,Thuyền giấy
prehistoric_animal,0,Động vật tiền sử
sample,7,Mẫu
arrow_pointing_to_crotch,7,Mũi tên chĩa ra tới đũng quần
thick_sheath,7,Bao dương vật dày
washing_back,0,Đang giặt lưng
vulva_slip,7,Trượt hở âm hộ
veiny_tentacles,0,Xúc tu lộ gân
fawn_spots,7,Đốm nai con
cum_on_sofa,7,Tinh dịch trên ghế bành
brown_head,7,Đầu nâu
neck_tied,7,Cổ được buộc
plastic,7,Nhựa
glass_wall,0,Bức tường thủy tinh
fake_censor,0,Kiểm duyệt giả
winged_wand,0,Cây đũa phép có cánh
5_heads,7,Năm cái đầu
carrot_pen,7,Bút máy cà rốt
chocolate_on_pussy,0,Sô-cô-la trên âm hộ
starry_moon,0,Mặt trăng đầy sao
no_scar,0,Không có sẹo
claw_hammer,0,Búa móng vuốt
mushroom_girl,0,Cô gái nấm
1994,0,Năm 1994
paper_chain,0,Dây chuyền giấy
barely_visible_areola,7,Quầng vú hầu như không lộ rõ
tan_head,7,Đầu nâu rám nắng
back_grab,7,Bóp lưng
checkered_neckerchief,0,Khăn quàng cổ kẻ ca-rô
cum_on_snout,7,Tinh dịch trên mõm
spotted_feathers,7,Lông vũ có đốm
grape_print,0,Họa tiết nho
prey_penetrated,7,Con mồi bị thâm nhập
lipstick_mark_on_ass,0,Dấu son môi trên mông
circle_(marking),7,Hình tròn
curtains_closed,7,Rèm cửa khép lại
no_headgear,0,Không có đồ đội đầu
retro_controller,7,Tay cầm chơi game hoài cổ
combat_ship_(eve_online),0,Con tàu chiến đấu
flame_pattern,7,Hoa văn ngọn lửa
intersex_prey,7,Con mồi liên giới tính
floating_head_creature,7,Sinh vật đầu lơ lửng
knee_pulled_up,7,Đầu gối kéo hướng lên
crocodile_boy,0,Cậu trai cá sấu
platform,7,Đế dày
metallic,7,Màu ánh kim
briefs_down,7,Quần lót tam giác hướng xuống
stepping_on_viewer,0,Bước người xem
brown_neck,7,Cổ nâu
latex_lingerie,7,Đồ lót nữ cao su
hidden_vibrator,7,Đồ chơi rung được che
fish_tattoo,0,Hình xăm cá
caprine_vulva,7,Âm hộ dê
knee_spikes,0,Gai nhọn đầu gối
ten_of_hearts,0,Mười trái tim
glacier,0,Sông băng
biting_own_thumb,0,Đang cắn ngón cái của mình
obscured_masturbation,7,Thủ dâm bị che
stuffed_fox,0,Cáo nhồi bông
tan_stripes,7,Sọc nâu rám nắng
puffy,7,Phồng
bottomless_andromorph,7,Nhân vật andromorph hở phần dưới
teal_claws,7,Móng vuốt xanh cổ vịt
visor_helmet,7,Mũ bảo hiểm lưỡi trai
camouflage_helmet,0,Mũ bảo hiểm rằn ri
multiple_drills,0,Nhiều tóc xoắn
eyepatch_lift,0,Nâng lên miếng bịt mắt
head_ornament,0,Đồ trang trí đầu
gold_corset,0,Áo corset vàng kim
pattern_neckerchief,7,Khăn quàng cổ hoa văn
apple_print,0,Họa tiết táo
shield_print,0,Họa tiết khiên
feces_bulge,7,Chỗ lùm lùm phân
drawing_on_sand,0,Hình vẽ trên cát
eagle_position,7,Tư thế đại bàng
person_as_gift,7,Người như là quà tặng
tasting_plate,0,Nếm chiếc đĩa
torn_neckerchief,0,Khăn quàng cổ bị rách
teal_highlights,7,Điểm nhấn xanh cổ vịt
spinning_top,0,Đang xoay áo
big_forearms,7,Cẳng tay to
living_toilet,7,Bồn cầu có sự sống
see-through_strap,0,Dây đeo xuyên thấu
detailed_vulva,7,Âm hộ có chi tiết
hourglass_(object),7,Đồng hồ cát
feather_collar,0,Cổ áo lông vũ
striped_towel,0,Khăn tắm kẻ sọc
flat_balls,7,Tinh hoàn phẳng
candy_bucket,7,Xô kẹo
human_rimmed,7,Người bị liếm hậu môn
two-sided_veil,0,Màn che mặt hai
print_headgear,7,Phụ kiện đội đầu họa tiết
slip_showing,0,Trượt hở lộ ra
vulva_to_ass,7,Âm hộ tới mông
adjusting_headphones,0,Đang chỉnh tai nghe chụp đầu
clay,0,Đất sét
mouse_on_head,0,Chuột nhắt trên đầu
darkened_sheath,7,Bao dương vật tối đi
younger_humanoid,7,Dạng người nhỏ tuổi hơn
no_internal_organs,7,Không có nội tạng
licking_stomach,0,Đang liếm bụng
tan_border,7,Viền ảnh nâu rám nắng
heart_topwear,7,Áo trái tim
veiny_testicles,0,Tinh hoàn lộ gân
urine_on_balls,7,Nước tiểu trên tinh hoàn
heart_cheeks,0,Má trái tim
putting_on_legwear,0,Đang mặc trang phục chân
coin_flip,0,Cái lật đồng xu
two-tone_tank_top,0,Áo hai dây hai tông
penguin_chick,0,Gà con cánh cụt
winged_animal,0,Động vật có cánh
erection_under_towel,0,Cương cứng bên dưới khăn tắm
bubble_helmet,7,Mũ bảo hiểm bọt khí
bear_position,0,Tư thế gấu
hakama_lift,0,Nâng lên quần hakama
spiked_tailband,7,Dải buộc đuôi có gai
knot_in_ass,7,Nút thắt trong mông
hip_to_hip,7,Hông tới hông
cream_(food),7,Màu kem
chain_around_neck,0,Dây chuyền quanh cổ
exposed_ass,7,Lộ mông
meat_on_bone,7,Thịt trên xương
precum_in_ass,7,Dịch tiền xuất tinh trong mông
teal_vulva,7,Âm hộ xanh cổ vịt
head_insertion,7,Đưa vào đầu
cumshot_in_ass,7,Xuất tinh lên ảnh trong mông
studded_armlet,0,Vòng đeo tay đính đinh
zipper_topwear,7,Áo khóa kéo
print_balloon,7,Bóng bay họa tiết
patting_lap,0,Vỗ đùi
unworn_headgear,0,Phụ kiện đội đầu không mặc
crouching_sex,7,Ngồi xổm quan hệ tình dục
ribbed_tank_top,0,Áo hai dây sống dọc
military_helmet,7,Mũ bảo hiểm quân đội
anal_egg_insertion,7,Đưa vào trứng hậu môn
tan_hooves,7,Vó nâu rám nắng
frog_headband,0,Băng đô ếch
skeleton_(marking),7,Bộ xương
huge_head,7,Đầu khổng lồ
plaid_blanket,0,Chăn kẻ caro
marble_(stone),0,Đá cẩm thạch
frilly_legwear,7,Đồ che chân nhún diềm
brown_horse,0,Ngựa nâu
thong_down,7,Quần lót dây hướng xuống
hooded,7,Có mũ trùm
maid_(fire_emblem:_three_houses),0,Hầu gái
marble,7,Đá cẩm thạch
bodily_fluids_from_pussy,7,Dịch cơ thể từ âm hộ
cat_paw,0,Bàn chân thú mèo
fin_frill,7,Diềm xếp vây
neck_expansion,7,Độ giãn cổ
stuffed_tiger,0,Hổ nhồi bông
skunk_girl,0,Cô gái chồn hôi
stuffed_chicken,0,Gà nhồi bông
pumpkin_patch,7,Miếng vá bí ngô
tentacle_around_wrist,7,Xúc tu quanh cổ tay
rice_(plant),0,Cơm
two_of_hearts,0,Hai trái tim
headdress_only,7,Chỉ có đồ đội đầu
competition_number,7,Chữ số thi đấu
stuffed_horse,0,Ngựa nhồi bông
1993,0,Năm 1993
pot_on_head,0,Chậu trên đầu
stepping_on_balls,7,Bước tinh hoàn
bound_and_gagged,7,Bị trói và bị nhét miệng
tan_tattoo,0,Hình xăm nâu rám nắng
cheek_on_glass,0,Má trên thủy tinh
glitter_makeup,0,Trang điểm kim tuyến
brown_armwear,7,Đồ che tay màu nâu
muscular_calves,7,Bắp chân cơ bắp
ass_worship,0,Sự sùng bái mông
dimple,0,Lúm đồng tiền
tiger_hood,0,Mũ trùm hổ
hyper_clitoris,7,Âm vật phóng đại
bare_butt,7,Mông trụi lá
topless_gynomorph,7,Nhân vật gynomorph hở phần trên
jackal_girl,0,Cô gái chồn sói
triangle_(instrument),0,Hình tam giác
hollow_(zenless_zone_zero),0,Trũng
two-tone_neckerchief,0,Khăn quàng cổ hai tông
oversized_zipper,0,Khóa kéo quá khổ
pepper_(fruit),7,Tiêu
ancient,7,Cổ đại
assertive_feral,7,Nhân vật bán thú tự tin
crocodile_girl,0,Cô gái cá sấu
exposed_back,7,Lộ lưng
fluffy_legwear,0,Đồ che chân lông xù
lantern_on_liquid,0,Đèn lồng trên dạng lỏng
leaves_on_ground,7,Lá trên mặt đất
doll_(nikke),0,Búp bê
bat_tattoo,0,Hình xăm dơi
shared_drink,0,Đồ uống dùng chung
broken_screen,0,Màn hình bị gãy
cow_print_legwear,7,Đồ che chân họa tiết bò
stuffed_seal,0,Hải cẩu nhồi bông
ruff_(clothing),7,Diềm cổ
spotted_neck,7,Cổ có đốm
three_of_hearts,0,Ba trái tim
mother_penetrating_son,7,Mẹ thâm nhập con trai
stepping_stones,0,Bước đá
earmuffs_around_neck,0,Băng chụp tai quanh cổ
sale,0,Bán
tan_muzzle,7,Mõm nâu rám nắng
chin_grab,7,Bóp cằm
pussy_juice_on_balls,7,Dịch âm hộ trên tinh hoàn
brown_leggings,0,Quần legging nâu
dressing_up,7,Đang mặc đồ hướng lên
slit_nostrils,7,Lỗ mũi xẻ tà
saliva_on_chin,7,Nước bọt trên cằm
sleeping_on_partner,7,Đang ngủ trên bạn tình
teasing_partner,7,Trêu bạn tình
bucket_of_chicken,0,Xô gà
veil_lift,0,Nhấc màn che mặt
small_fangs,7,Nanh nhỏ
tent_interior,0,Bên trong lều
aqua_outline,0,Đường viền xanh ngọc
leopard_boy,0,Cậu trai báo
five_of_hearts,0,Năm trái tim
flag_on_wall,7,Hình cờ trên bức tường
featureless_butt,7,Mông không chi tiết
lowered_eyelids,0,Mí mắt hạ xuống
condom_in_ass,0,Bao cao su trong mông
multicolored_neckwear,7,Phụ kiện cổ nhiều màu
bruise_on_stomach,0,Vết bầm trên bụng
bottle_in_ass,7,Cái chai trong mông
pubic_feathers,0,Lông vũ vùng kín
smelling_armpit,0,Ngửi nách
military_truck,0,Xe tải quân đội
skimpy_bottomwear,7,Đồ mặc dưới ít vải
aqua_capelet,0,Áo choàng ngắn xanh ngọc
two_of_spades,0,Hai hình cái xẻng
corridor,7,Hành lang
blank_page,0,Trang trống
checkered_blanket,0,Chăn kẻ ca-rô
eyelash_fetish,7,Sở thích lông mi
egg_from_ovipositor,7,Trứng từ cơ quan đẻ trứng
one_piece_suit,7,Bộ đồ một mảnh
unworn_hairclip,0,Kẹp tóc không mặc
skinny_humanoid,7,Dạng người gầy gò
biped_to_quadruped,7,Đi bằng hai chân tới bốn chân
tan_foreskin,7,Bao quy đầu nâu rám nắng
antler_headband,7,Băng đô gạc hươu
turtle_boy,0,Cậu trai rùa
money_in_thong,7,Tiền trong quần lót dây
navy,7,Màu xanh navy
aqua_sclera,0,Củng mạc xanh ngọc
candle_on_head,0,Nến trên đầu
horse_print,0,Họa tiết ngựa
warmers,7,Băng giữ ấm
squeezing_testicles,0,Đang bóp tinh hoàn
unworn_collar,0,Cổ áo không mặc
yaoi_(object),0,Yaoi
panther_boy,0,Cậu trai báo đen
claw_mark,0,Dấu móng vuốt
pussy_stubble,7,Râu lởm chởm âm hộ
no_parking_sign,0,Biển cấm đậu xe
cropped_topwear,7,Áo lửng
collared_pajamas,0,Đồ ngủ có cổ
pie_(food),7,Bánh nhân
wrist_fluff,7,Lông tơ cổ tay
squeezing_cheeks,0,Đang bóp má
wooden_stool,0,Ghế đẩu bằng gỗ
broken_moon,0,Mặt trăng bị gãy
knot_size_difference,7,Chênh lệch kích thước nút thắt
tentacle_masturbation,0,Thủ dâm xúc tu
2_tongues,7,Hai cái lưỡi
print_bridal_gauntlets,0,Găng tay giáp cô dâu họa tiết
crescent_ornament,0,Đồ trang trí hình lưỡi liềm
suggestive_topwear,7,Áo gợi cảm
two_tone_paws,7,Bàn chân thú hai tông
teal_areola,7,Quầng vú xanh cổ vịt
heart_pouch,0,Túi con trái tim
frilled_anklet,0,Vòng chân nhún xếp
lily_print,0,Họa tiết huệ
stuffed_mouse,0,Chuột nhắt nhồi bông
not_for_sale,0,Không bán
humanoid_penetrating_feral,7,Dạng người thâm nhập động vật không nhân hóa
furgonomic_topwear,7,Áo nửa người nửa thú
removing_pasties,0,Đang cởi miếng che núm vú
police_baton,7,Cái gậy cảnh sát
sari,0,Váy sari
sphere,7,Hình cầu
butt_scar,7,Sẹo mông
big_collar,7,Cổ áo to
vaginal_fluids_on_tentacle,7,Dịch âm đạo trên xúc tu
striped_wrist_cuffs,0,Ống bọc cổ tay cổ tay kẻ sọc
see-through_midriff,0,Vùng eo và bụng xuyên thấu
hoof_growth,7,Sự mọc móng guốc
4_penises,7,Bốn dương vật
striped_collar,0,Cổ áo kẻ sọc
print_hakama,0,Quần hakama họa tiết
wood_door,7,Cánh cửa gỗ
2_anuses,7,Hai hậu môn
fingerless_armwear,7,Đồ che tay hở ngón
broken_cup,0,Cốc bị gãy
arabian,7,Ả Rập
thick_clitoris,7,Âm vật dày
small_areola,7,Quầng vú nhỏ
censored_balls,7,Tinh hoàn đã kiểm duyệt
broken_door,0,Cánh cửa bị gãy
2_claws,7,Hai móng vuốt
throbbing_bulge,7,Chỗ lùm lùm giật thình thịch
tiara_only,7,Chỉ có vương miện nhỏ
headset_microphone,7,Micrô tai nghe
skinned,0,Da
head_on_knees,0,Đầu trên đầu gối
tan_snout,7,Mõm nâu rám nắng
star_on_cheek,0,Ngôi sao trên má
vulva_on_glass,7,Âm hộ trên thủy tinh
brown_wall,7,Bức tường nâu
bouncing_bulge,0,Chỗ lùm lùm nảy
ass-to-ass_penetration,0,Mông tới sự thâm nhập mông
golden_spiral,0,Đường xoáy màu vàng
feral_rimmed,7,Động vật không nhân hóa bị liếm hậu môn
skull_helmet,7,Mũ bảo hiểm đầu lâu
collar_to_collar,7,Vòng cổ tới vòng cổ
single_ankle_cuff,0,Ống tay cổ chân một chiếc
multiple_halos,0,Nhiều vầng hào quang
slit_masturbation,7,Thủ dâm xẻ tà
flame_markings,7,Vằn ngọn lửa
thigh_freckles,0,Tàn nhang đùi
cow_print_bridal_gauntlets,0,Găng tay giáp cô dâu họa tiết bò
pearl_anklet,0,Vòng chân ngọc trai
swimwear_theft,7,Trộm đồ bơi
tan_beak,7,Mỏ nâu rám nắng
hood_only,7,Chỉ có mũ trùm
wet_scales,7,Vảy ướt
blanket_grab,0,Bóp chăn
character_balloon,0,Bóng bay nhân vật
snake_on_head,0,Rắn trên đầu
lion_head_(ornament),0,Đầu sư tử
tube_in_ass,7,Dạng ống trong mông
skimpy_topwear,7,Áo ít vải
big_beard,7,Râu to
see-through_capelet,0,Áo choàng ngắn xuyên thấu
formal,7,Trang trọng
spade_pasties,0,Miếng che ngực hình cái xẻng
patterns,7,Hoa văn
rain_poncho,0,Áo poncho mưa
two_of_diamonds,0,Hai hình thoi
stomach_jewel,0,Đá quý bụng
intersex_symbol,7,Biểu tượng liên giới tính
tentacle_bulge,7,Chỗ lùm lùm xúc tu
textured,7,Có kết cấu
multicolored_collar,0,Cổ áo nhiều màu
thick_outline,7,Đường viền dày
iridescent_scales,7,Vảy ánh kim
crown_(symbol),0,Vương miện
thigh_corset,0,Áo corset đùi
speechless,7,Không có nói
severed_balls,7,Tinh hoàn bị cắt lìa
floral_(idolmaster),0,Thêu hoa
blood_on_stomach,0,Máu trên bụng
animal_name,0,Tên động vật
stuffed_pig,0,Lợn nhồi bông
flag_patch,0,Miếng vá hình cờ
metal_pasties,0,Miếng che ngực kim loại
doll_on_head,0,Búp bê trên đầu
broken_heart_print,0,Họa tiết trái tim bị gãy
attic,0,Gác xép
cum_in_beak,7,Tinh dịch trong mỏ
halftone_outline,0,Đường viền chấm nửa tông
padded_walls,0,Bức tường có đệm
bamboo_slips,0,Trượt hở tre
crescent_(shape),7,Trăng lưỡi liềm
brown_bridal_gauntlets,0,Găng tay giáp cô dâu nâu
concrete_wall,0,Bức tường bê tông
small_vulva,7,Âm hộ nhỏ
mushroom_print,0,Họa tiết nấm
ant_girl,0,Cô gái kiến
feather_growth,7,Sự mọc lông vũ
skeletal,7,Hình bộ xương
removing_condom,0,Đang cởi bao cao su
three_of_diamonds,0,Ba hình thoi
glancing_back,7,Liếc nhìn lưng
condom_in_pussy,7,Bao cao su trong âm hộ
sweaty_pecs,7,Cơ ngực đầm mồ hôi
master_crown,0,Vương miện chủ nhân
tentacles_on_futa,0,Xúc tu trên futanari
chastity_cage_strap,0,Dây đeo lồng trinh tiết
sugar_bowl,0,Bát đường
blowing_smoke,7,Thổi khói
translucent_lingerie,7,Đồ lót nữ bán trong suốt
arrow_tattoo,0,Hình xăm mũi tên
glass_bowl,0,Bát thủy tinh
two_tone_antennae,7,Ăng-ten hai tông
cum_as_milk,7,Tinh dịch như là sữa
lotus_print,0,Họa tiết sen
facial_stripes,7,Sọc trên mặt
key_frame,0,Khung hình chìa khóa
thick_knot,7,Nút thắt dày
giraffe_girl,0,Cô gái hươu cao cổ
cum_on_dildo,7,Tinh dịch trên dương vật giả
two_tone_balls,7,Tinh hoàn hai tông
band_(marking),7,Dải băng
grabbing_waist,7,Nắm eo
cum_on_glass,7,Tinh dịch trên thủy tinh
small_top,7,Áo nhỏ
tiny_head,7,Đầu rất nhỏ
tied_beard,0,Râu quai nón được buộc
lipstick_on_butt,7,Son môi trên mông
urine_in_pussy,7,Nước tiểu trong âm hộ
elderly_intersex,7,Người liên giới tính lớn tuổi
restroom_symbol,0,Biểu tượng nhà vệ sinh
impossible_towel,0,Khăn tắm bất khả thi
cheek_to_cheek,7,Má tới má
diaper_under_latex,7,Tã lót bên dưới latex
older_sister,7,Chị em gái lớn tuổi hơn
robotic_tentacles,7,Xúc tu người máy
lightning_bolt_facial_mark,0,Dấu trên mặt bu lông sấm sét
multicolored_crop_top,7,Áo cắt ngắn nhiều màu
thigh_scrunchie,0,Dây buộc tóc đùi
balancing_on_head,0,Giữ thăng bằng trên đầu
gynomorph_prey,7,Con mồi dạng cái
rubbing_cheek,7,Đang xoa má
throwing_person,0,Đang ném người
covered_armpit,0,Nách được che
covered_in_blood,7,Được che trong máu
teal_bottomwear,7,Đồ mặc dưới xanh cổ vịt
butt_fluff,7,Lông tơ mông
grabbing_neck,7,Nắm cổ
head_gem,7,Đá quý đầu
glistening_back,7,Lưng bóng nhẫy
measuring_cup,0,Đang đo cốc
staff_(ff10),0,Gậy trường
raccoon_hood,0,Mũ trùm gấu mèo
disembodied_balls,7,Tinh hoàn tách rời
rubbing_butt,7,Đang xoa mông
grabbing_bedding,7,Nắm đồ trải giường
fishnet_bottomwear,7,Đồ mặc dưới lưới
cum_in_foreskin,7,Tinh dịch trong bao quy đầu
snail_girl,0,Cô gái ốc sên
touching_pussy,7,Chạm âm hộ
kicking_balls,7,Đang đá tinh hoàn
kicking_viewer,0,Đang đá người xem
see-through_nightgown,0,Áo ngủ xuyên thấu
ten_of_spades,0,Mười hình cái xẻng
striped_wall,0,Bức tường kẻ sọc
flying_boat,0,Thuyền bay
straw_(stalk),0,Rơm
drawn_crown,0,Vương miện vẽ
renaissance,0,Phục hưng
showgirl,0,Gợi cảm
overweight_penetrated,7,Thừa cân bị thâm nhập
diaper_transformation,7,Sự biến đổi tã lót
imminent_ejaculation,0,Xuất tinh sắp xảy ra
aqua_tank_top,0,Áo hai dây xanh ngọc
oversized_spoon,0,Thìa quá khổ
throwing_character,7,Đang ném nhân vật
4_heads,7,Bốn cái đầu
squirrel_boy,0,Cậu trai sóc
see-through_towel,0,Khăn tắm xuyên thấu
gear_print,0,Họa tiết bánh răng
adjusting_collar,0,Đang chỉnh vòng cổ
blood_on_axe,0,Máu trên rìu
cum_in_own_ass,7,Tinh dịch trong mông của mình
seven_of_hearts,0,Bảy trái tim
younger_brother,7,Anh em trai nhỏ tuổi hơn
low_wall,7,Bức tường thấp
thigh_beads,0,Hạt chuỗi đùi
presenting_pecs,7,Cơ ngực chĩa ra
print_bottomwear,7,Đồ mặc dưới họa tiết
lounge,0,Thư giãn
tied_down,7,Bị trói giữ
energy_tank,0,Áo ba lỗ năng lượng
aqua_feathers,0,Lông vũ xanh ngọc
neckwear_only,7,Chỉ có phụ kiện cổ
stuffed_duck,0,Vịt nhồi bông
patting_back,0,Vỗ lưng
cum_on_testicles,0,Tinh dịch trên tinh hoàn
sleeveless_tunic,0,Áo tuynic không tay
geometric,7,Hình học
bloodless,7,Không có máu
neck_cuff,7,Ống tay cổ
zebra_girl,0,Cô gái ngựa vằn
human_(warcraft),0,Người
bathrobe_only,7,Chỉ có áo choàng tắm
sugar,7,Đường
brown_pajamas,0,Đồ ngủ nâu
partially_clothed_gynomorph,7,Nhân vật gynomorph mặc đồ một phần
bruise_on_neck,0,Vết bầm trên cổ
bound_to_vibrator,7,Bị trói tới đồ chơi rung
padded_palms,7,Lòng bàn tay có đệm
pinstripes,7,Sọc chỉ
gynomorph_penetrating_humanoid,7,Nhân vật nữ có cơ quan sinh dục nam thâm nhập dạng người
striped_capelet,0,Áo choàng ngắn kẻ sọc
skull_in_feces,7,Đầu lâu trong phân
ivy_(plant),7,Trường xuân
bell_tower,0,Tháp chuông
oversized_fork,0,Dĩa quá khổ
golden_lipstick,7,Son môi màu vàng
spiked,0,Có gai
touching_hip,7,Chạm hông
stuffed_cow,0,Bò nhồi bông
vaginal_egg_insertion,7,Đưa vào trứng âm đạo
licking_popsicle,7,Đang liếm cây kem que
native,7,Bản địa
clothed_masturbation,7,Thủ dâm mặc đồ
vulva_expansion,7,Độ giãn âm hộ
can_to_cheek,0,Lon tới má
fish_bowl,7,Bát cá
silver_chain,0,Dây chuyền bạc
drawing_pen,7,Đang vẽ bút máy
two-sided_hood,0,Mũ trùm mặt hai
chinese_spoon,0,Thìa Trung Quốc
heart-shaped_cookie,0,Bánh quy hình trái tim
multicolored_suit,0,Bộ đồ nhiều màu
countershade_feathers,7,Lông vũ bóng ngược
tube_bulge,7,Chỗ lùm lùm dạng ống
two_tone_markings,7,Vằn hai tông
gold_swimwear,7,Đồ bơi màu vàng kim
padded,7,Có đệm
cum_on_figure,0,Tinh dịch trên dáng người
sheath_grab,7,Bóp bao dương vật
crescent_moon_(marking),7,Mặt trăng hình lưỡi liềm
bat_boy,0,Cậu trai dơi
offering_money,7,Đưa cho tiền
cum_in_balls,7,Tinh dịch trong tinh hoàn
front_and_back_penises,7,Phía trước và dương vật lưng
bandage_on_thigh,0,Băng quấn trên đùi
number_balloon,0,Bóng bay chữ số
scorpion_girl,0,Cô gái bọ cạp
chastity_seal,7,Hải cẩu trinh tiết
big_beak,7,Mỏ to
tube_top_lift,0,Nâng lên dạng ống áo
fox_hood,0,Mũ trùm cáo
cropped_tank_top,7,Áo hai dây lửng
perfume,7,Nước hoa
hairless_balls,7,Tinh hoàn không lông
tapering_tentacles,7,Xúc tu vót nhọn
small_bulge,7,Chỗ lùm lùm nhỏ
oversized_collar,7,Cổ áo quá khổ
italian_flag_print,0,Họa tiết hình cờ Ý
toilet_bowl,7,Bát bồn cầu
sweaty_paws,7,Bàn chân thú đầm mồ hôi
shoulderless_topwear,7,Áo không vai
spotted_balls,7,Tinh hoàn có đốm
owl_boy,0,Cậu trai cú mèo
elbow_cutout,0,Lỗ cắt khuỷu tay
lantern_(e.g.o),0,Đèn lồng
insulting_partner,7,Chửi bạn tình
fox_print,0,Họa tiết cáo
disembodied,7,Tách rời
condom_on_head,0,Bao cao su trên đầu
feathered_headdress,7,Đồ đội đầu có lông vũ
checkered_collar,0,Cổ áo kẻ ca-rô
cutie_mark_on_balls,7,Cutie mark trên tinh hoàn
brown_foreskin,7,Bao quy đầu nâu
transformation_through_vore,7,Biến hình xuyên qua nuốt chửng
reindeer_hood,0,Mũ trùm tuần lộc
elderly_human,7,Người lớn tuổi
medium_mane,7,Bờm vừa
licking_lollipop,7,Đang liếm kẹo mút
glass_window,7,Cửa sổ thủy tinh
broken_ground,0,Mặt đất bị gãy
four_of_hearts,0,Bốn trái tim
big_snout,7,Mõm to
submissive_brother,7,Anh em trai nhượng bộ
smoke_heart,0,Trái tim khói
box_on_head,0,Cái hộp trên đầu
folds,7,Gập
layered_heart,7,Trái tim nhiều lớp
porcelain,0,Sứ
knee_cutout,0,Lỗ cắt đầu gối
stump,7,Gốc cây
hyper_claws,7,Móng vuốt phóng đại
argyle_(pattern),7,Kẻ quả thoi
speech_bubble_censor,0,Kiểm duyệt bọt khí nói
leggings_pull,0,Kéo quần legging
three_of_spades,0,Ba hình cái xẻng
clitoris_chain,0,Dây chuyền âm vật
elderly_gynomorph,7,Nhân vật gynomorph lớn tuổi
resting_on_partner,7,Nghỉ trên bạn tình
open_cuffs,0,Ống bọc cổ tay mở
furgonomic_hood,7,Mũ trùm nửa người nửa thú
multicolored_neck,7,Cổ nhiều màu
shin_grab,7,Bóp cẳng chân
monotone_armwear,7,Đồ che tay một tông
reaching_back,7,Đang với tay ngả về sau
cum_inside_without_penetration,7,Tinh dịch bên trong không có thâm nhập
assertive_humanoid,7,Dạng người tự tin
2_vulvas,7,Hai âm hộ
head_tentacle,7,Xúc tu đầu
large_forehead,0,Trán lớn
slingshot,7,Dây chéo
organ_(instrument),0,Nội tạng
multi_sheath,7,Nhiều bao dương vật
ovipositor_in_ass,7,Cơ quan đẻ trứng trong mông
sister_penetrating_sister,7,Chị em gái thâm nhập chị em gái
scar_on_hip,0,Sẹo trên hông
metal_claws,7,Móng vuốt kim loại
five_of_spades,0,Năm hình cái xẻng
split_jaw,7,Hàm chia hai
alternate_halo,0,Vầng hào quang khác
notes,7,Nốt nhạc
young_rimming_young,7,Trẻ liếm hậu môn trẻ
paper_seal,7,Hải cẩu giấy
sun_(marking),7,Mặt trời
micro_pasties,0,Miếng che ngực rất nhỏ
tank_top_lift,7,Nâng lên áo ba lỗ áo
unworn_neckerchief,0,Khăn quàng cổ không mặc
topwear_down,7,Kéo trang phục thân trên xuống
dominant_sister,7,Chị em gái chiếm ưu thế
spread_eagle_position,0,Tư thế đại bàng dạng ra
brown_snout,7,Mõm nâu
leaf_ornament,0,Đồ trang trí chiếc lá
tactical,7,Chiến thuật
torn_flag,0,Hình cờ bị rách
hollow_(bleach),0,Trũng
stamp,7,Con dấu
rope_muzzle,7,Mõm dây thừng
camouflage_headband,0,Băng đô rằn ri
convenient_head,0,Đầu tiện ích
exposed_organs,7,Lộ nội tạng
side_grab,7,Bóp lệch bên
rope_around_waist,0,Dây thừng quanh eo
headphones_only,7,Chỉ có tai nghe chụp đầu
head_print,7,Họa tiết đầu
metal_eyepatch,0,Miếng bịt mắt kim loại
frilled_tube_top,0,Áo dạng ống nhún xếp
thighs_up,7,Đùi hướng lên
midriff_tattoo,0,Hình xăm vòng eo
blood_on_back,0,Máu trên lưng
magical_tattoo,7,Hình xăm kỳ diệu
stump_scar,7,Sẹo gốc cây
paw_tattoo,0,Hình xăm chân thú
larger_andromorph,7,Nhân vật andromorph to hơn
moon_symbol,7,Biểu tượng mặt trăng
diaper_under_skinsuit,7,Tã lót bên dưới bộ đồ mô phỏng
throbbing_vulva,7,Âm hộ giật thình thịch
cross_(weapon),0,Thập tự
2_clitorises,7,Hai âm vật
thigh_up,7,Đùi hướng lên
pumpkin_on_head,0,Bí ngô trên đầu
drinking_from_condom,0,Đang uống từ bao cao su
ethereal_mane,7,Bờm thoát tục
lightning_scar,0,Sẹo sấm sét
mesh,0,Lưới
monotone_tank_top,7,Áo hai dây một tông
hyper_foreskin,7,Bao quy đầu phóng đại
countershade_head,7,Đầu bóng ngược
bolt_(fastener),7,Bu lông
pattern_tank_top,7,Áo hai dây hoa văn
elbow_on_thigh,0,Khuỷu tay trên đùi
snowflake_halo,0,Vầng hào quang bông tuyết
licking_own_beak,7,Đang liếm mỏ của mình
twilight_(e.g.o),0,Chạng vạng
slim_intersex,7,Người liên giới tính thon
grabbing_both_cheeks,7,Nắm cả hai cái má
multicolored_highlights,7,Điểm nhấn nhiều màu
frilled_tank_top,0,Áo hai dây nhún xếp
undersized_topwear,7,Áo quá nhỏ
multicolored_border,0,Viền ảnh nhiều màu
scar_on_head,0,Sẹo trên đầu
animal_balloon,7,Bóng bay động vật
tentacle_around_ankle,7,Xúc tu quanh cổ chân
cock_sheath,7,Bao dương vật dương vật
licking_thigh,0,Đang liếm đùi
monotone_neck,7,Cổ một tông
teal_mane,7,Bờm xanh cổ vịt
glass_pen,0,Bút máy thủy tinh
mismatched_irises,0,Mống mắt lệch đôi
floating_whiskers,7,Râu mép lơ lửng
print_towel,0,Khăn tắm họa tiết
multi_jaw,7,Nhiều cái hàm
back_plates,7,Cái đĩa lưng
tan_fingernails,7,Móng tay nâu rám nắng
neck_spines,7,Cột sống cổ
lipstick_(object),7,Son môi
mole_on_areola,0,Nốt ruồi trên quầng vú
calf_grab,7,Bóp bắp chân
cum_on_own_sheath,7,Tinh dịch trên bao dương vật của mình
brown_spikes,7,Gai nhọn nâu
japanese_idol,7,Idol Nhật Bản
ofuda_on_vulva,7,Bùa ofuda trên âm hộ
andromorph_humanoid,7,Dạng người dạng đực
reindeer_boy,0,Cậu trai tuần lộc
cat_helmet,0,Mũ bảo hiểm mèo
side_balls,7,Tinh hoàn lệch bên
half-shaved_head,7,Đầu cạo ngắn một nửa
basket_position,7,Tư thế cái rổ
pumpkin_basket,7,Cái rổ bí ngô
blood_from_neck,0,Máu từ cổ
freckled_vulva,7,Âm hộ có tàn nhang
paper_cutout,0,Lỗ cắt giấy
licking_glass,7,Đang liếm thủy tinh
cum_in_sheath,7,Tinh dịch trong bao kiếm
cup_on_head,0,Cốc trên đầu
dog_on_head,0,Chó trên đầu
masturbation_inside_stomach,7,Thủ dâm bên trong bụng
tank_interior,0,Bên trong áo ba lỗ
one_in_one_out,7,Một trong một thò ra
walnut,0,Óc chó
hairy_armpits,7,Nách nhiều lông
discarded_bottomwear,7,Trang phục thân dưới đã bỏ đi
younger_sibling,7,Anh chị em nhỏ tuổi hơn
younger_sister,7,Chị em gái nhỏ tuổi hơn
paper_towel,0,Khăn tắm giấy
multicolored_head,7,Đầu nhiều màu
thumbless,7,Không có ngón cái
see-through_bridal_gauntlets,0,Găng tay cô dâu xuyên thấu
no_tattoo,0,Không có hình xăm
licking_screen,0,Đang liếm màn hình
animal_cutout,0,Lỗ cắt động vật
drop,7,Giọt
bandaid_on_ass,0,Băng cá nhân trên mông
thick_foreskin,7,Bao quy đầu dày
print_neckerchief,0,Khăn quàng cổ họa tiết
striped_head,7,Đầu kẻ sọc
spiked_balls,7,Tinh hoàn có gai
single_flame,0,Một ngọn lửa
splatter_print,0,Họa tiết văng
bird_skull,0,Đầu lâu chim
deer_skull,0,Đầu lâu nai
buttplug_pull_out,7,Kéo chậu hậu môn thò ra
welding,0,Hàn
cum_on_bedding,7,Tinh dịch trên đồ trải giường
kitchen_hood,0,Mũ trùm bếp
pattern_leggings,7,Quần legging hoa văn
partially_behind_glass,7,Một phần phía sau thủy tinh
bands,0,Dải
striped_butt,7,Mông kẻ sọc
duck_boy,0,Cậu trai vịt
frog_on_head,0,Ếch trên đầu
latex_thong,7,Quần lót dây cao su
paper_crown,0,Vương miện giấy
partners,7,Bạn tình
bulge_lift,0,Nâng lên chỗ lùm lùm
small_iris,7,Mống mắt nhỏ
broken_neck,0,Cổ bị gãy
offering_condom,7,Đưa cho bao cao su
lace-trimmed_nightgown,0,Áo ngủ ren viền
paw_up,0,Bàn chân thú hướng lên
five_of_diamonds,0,Năm hình thoi
turquoise_scales,7,Vảy xanh ngọc lam
cat_on_person,0,Mèo trên người
latex_crop_top,7,Áo cắt ngắn cao su
spotted_bottomwear,7,Đồ mặc dưới có đốm
slim_gynomorph,7,Nhân vật gynomorph thon
other_with_other,0,Người khác kèm người khác
microphone_wand,0,Cây đũa phép mic
gauntlets_(weapon),7,Găng tay giáp
spotted_topwear,7,Áo có đốm
wall_mirror,0,Cái gương bức tường
casual_ejaculation,7,Xuất tinh thường ngày
floral_markings,7,Vằn thêu hoa
glistening_armpit,7,Nách bóng nhẫy
pectoral_(jewelry),7,Cơ ngực
magic_carpet,0,Thảm phép thuật
fishnet_cutout,0,Lỗ cắt lưới
pantyshot_through_reflection,0,Ảnh lộ quần lót xuyên qua ảnh phản chiếu
six_of_hearts,0,Sáu trái tim
ankle_markings,7,Vằn cổ chân
species_fetish,7,Sở thích loài
amber_(material),7,Hổ phách
fishnet_kneehighs,0,Tất đầu gối lưới
rhinoceros_girl,0,Cô gái tê giác
human_skull,7,Đầu lâu người
rope_pull,0,Kéo dây thừng
raptor,0,Khủng long săn mồi
brown_sofa,7,Ghế sofa nâu
drooling_onto_other,7,Đang chảy dãi lên người khác
crop_top_lift,0,Nhấc áo croptop
tapering_clitoris,7,Âm vật vót nhọn
large_paws,7,Bàn chân thú lớn
polka_dot_border,0,Viền ảnh chấm bi
star_button,0,Cúc áo ngôi sao
character_transformation,0,Sự biến đổi nhân vật
tan_paws,7,Bàn chân thú nâu rám nắng
unworn_headband,0,Băng đô không mặc
wall_bondage,7,Trói buộc bức tường
glistening_beak,7,Mỏ bóng nhẫy
cum_on_screen,7,Tinh dịch trên màn hình
sweaty_head,7,Đầu đầm mồ hôi
wet_and_messy,0,Ướt và rối
latex_bridal_gauntlets,0,Găng tay giáp cô dâu cao su
donut_print,0,Họa tiết bánh donut
monotone_paws,7,Bàn chân thú một tông
duck_girl,0,Cô gái vịt
hood_basket,0,Cái rổ mũ trùm
bandage_on_neck,0,Băng quấn trên cổ
fawn,0,Nai con
chain_bondage,7,Trói buộc dây xích
four_of_diamonds,0,Bốn hình thoi
detailed_armpit,7,Nách có chi tiết
spiral_print,0,Họa tiết xoắn ốc
crotch_head,7,Đầu đũng quần
no_neckwear,0,Không có phụ kiện cổ
wrapping_paper,0,Đang quấn giấy
eight_of_hearts,0,Tám trái tim
pepper_(spice),0,Tiêu
disembodied_tentacle,7,Xúc tu tách rời
monotone_markings,7,Vằn một tông
star_and_crescent,0,Ngôi sao và trăng lưỡi liềm
pearl_(rain_world),0,Ngọc trai
intersex_penetrating_humanoid,7,Liên giới tính thâm nhập dạng người
armored_corset,0,Áo corset giáp
covered_in_goo,7,Được che trong nhầy
onesie_open,7,Bộ liền thân mở
crouching_over_dildo,7,Đang cúi người phía trên dương vật giả
hyper_penetration,7,Sự thâm nhập phóng đại
rubber_chicken,0,Gà cao su
split_head,0,Đầu chia hai
cum_on_hoof,7,Tinh dịch trên móng guốc
bones_in_cum,7,Xương trong tinh dịch
exposed_balls,7,Lộ tinh hoàn
tied_balls,7,Tinh hoàn được buộc
torn_handwear,7,Găng tay bị rách
bandaged_waist,0,Eo băng bó
leather_wrist_straps,0,Dây đeo cổ tay da
monster_(monster_farm),0,Quái vật
diaper_penetration,7,Sự thâm nhập tã lót
gold_gauntlets,0,Găng tay giáp vàng kim
voluptuous_feral,7,Nhân vật bán thú nóng bỏng
seven_of_diamonds,0,Bảy hình thoi
arrow_through_apple,0,Mũi tên xuyên qua táo
shared_heart,7,Trái tim dùng chung
1990,0,Năm 1990
feather_ornament,7,Đồ trang trí lông vũ
bandaged_knees,0,Đầu gối băng bó
steel,7,Thép
scorpion_tattoo,0,Hình xăm bọ cạp
younger_andromorph,7,Nhân vật andromorph nhỏ tuổi hơn
beak_growth,7,Sự mọc mỏ
cum_on_pawpads,7,Tinh dịch trên đệm chân thú
double,7,Kép
glistening_feathers,7,Lông vũ bóng nhẫy
bead_armlet,0,Vòng đeo tay hạt
brown_floor,7,Sàn nhà nâu
freckled_areola,7,Quầng vú có tàn nhang
triple_vertical_stripe,0,Sọc ba dọc
maskless,7,Không có mặt nạ
fin_scar,7,Sẹo vây
glistening_headgear,7,Phụ kiện đội đầu bóng nhẫy
stepping_on_head,7,Bước đầu
blindfold_only,7,Chỉ mặc băng bịt mắt
head_tilted_back,7,Đầu nghiêng ngả về sau
american_flag_neckwear,0,Phụ kiện cổ hình cờ Mỹ
planet_penetrated,7,Hành tinh bị thâm nhập
brown_fingernails,7,Móng tay nâu
mermaid_position,7,Tư thế nàng tiên cá
paw_growth,7,Sự mọc chân thú
leaf_(anatomy),7,Lá cây
headband_around_neck,0,Băng đô quanh cổ
butt_cutout,7,Lỗ cắt mông
stomach_(organ),0,Bụng
multicolored_thong,7,Quần lót dây nhiều màu
discarded_diaper,7,Tã lót đã bỏ đi
multicolored_scrunchie,0,Dây buộc tóc nhiều màu
tulip_(flower),7,Tulip
aqua_pajamas,0,Đồ ngủ xanh ngọc
spider_boy,0,Cậu trai nhện
money_in_legwear,7,Tiền trong trang phục chân
concrete_floor,7,Sàn nhà bê tông
glass_of_milk,7,Thủy tinh sữa
latex_tentacles,7,Xúc tu cao su
bottle_insertion,7,Đưa vào cái chai
diaper_masturbation,7,Thủ dâm tã lót
wet_balls,7,Tinh hoàn ướt
forced_to_cum_inside,7,Bị ép buộc tới xuất tinh bên trong
urine_on_butt,7,Nước tiểu trên mông
nine_of_hearts,0,Chín trái tim
shell_(company),0,Vỏ
partially_invisible,0,Một phần vô hình
mismatched_humanoid_vulva,7,Âm hộ dạng người lệch đôi
smelling_pussy,0,Ngửi âm hộ
container_of_milk,7,Vật chứa sữa
ovipositor_in_pussy,7,Cơ quan đẻ trứng trong âm hộ
putting_on_condom,0,Đang mặc bao cao su
panther_(tank),0,Báo đen
curled_antennae,7,Ăng-ten uốn xoăn
writing_on_crotch,7,Chữ viết trên đũng quần
metal_chain,7,Dây chuyền kim loại
crown_ornament,0,Đồ trang trí vương miện
golden_fangs,7,Nanh màu vàng
two-tone_wrist_cuffs,0,Ống bọc cổ tay cổ tay hai tông
see-through_tank_top,0,Áo ba lỗ xuyên thấu
paw_grab,7,Bóp chân thú
eastern,7,Phương Đông
multicolored_claws,7,Móng vuốt nhiều màu
fluffy_hips,7,Hông lông xù
controller_on_ground,7,Tay cầm chơi game trên mặt đất
tan_spikes,7,Gai nhọn nâu rám nắng
energy_spear,0,Ngọn giáo năng lượng
geometric_balloon,7,Bóng bay hình học
two-tone_collar,0,Cổ áo hai tông
flag_(shape),7,Hình cờ
yuri_(object),0,Tình cảm nữ-nữ
tan_wall,7,Bức tường nâu rám nắng
glistening_gem,7,Đá quý bóng nhẫy
knight_helmet,7,Mũ bảo hiểm hiệp sĩ
cum_inside_prey,7,Tinh dịch bên trong con mồi
half-soles,0,Bàn chân một nửa
frilled_veil,0,Màn che mặt nhún xếp
monotone_tentacles,7,Xúc tu một tông
flowing_mane,7,Bờm tung bay
open_suit,7,Bộ đồ mở
bun_(food),0,Búi tóc
cheerful,7,Vui tươi
thigh_peek,0,Đùi lấp ló
small_claws,7,Móng vuốt nhỏ
back_mane,7,Bờm lưng
pull-up_(exercise),7,Kéo hướng lên
strapless_topwear,7,Áo không quai
countershade_sheath,7,Bao dương vật bóng ngược
butterfly_girl,0,Cô gái bươm bướm
vibrator_on_balls,7,Đồ chơi rung trên tinh hoàn
not_present,0,Không xuất hiện
multicolored_balls,7,Tinh hoàn nhiều màu
latex_top,0,Áo cao su
afterglow_(bang_dream!),0,Ánh chiều tàn
goo_penetration,7,Sự thâm nhập nhầy
single_fishnet_armwear,0,Đồ che tay lưới một chiếc
watermelon_pattern,7,Hoa văn dưa hấu
toned_thighs,7,Đùi thon săn
snowflake_pattern,7,Hoa văn bông tuyết
armored_animal,0,Động vật bọc giáp
number_candle,0,Nến chữ số
brown_poncho,0,Áo poncho nâu
adjusting_strap,0,Đang chỉnh dây đeo
triple_horizontal_stripe,0,Sọc ba ngang
fishnet_crop_top,7,Áo cắt ngắn lưới
chubby_on_skinny,7,Mũm mĩm trên gầy gò
striped_thighs,7,Đùi kẻ sọc
torn_overalls,0,Quần yếm bị rách
maid_collar,7,Cổ áo hầu gái
combat_gear,7,Đồ tác chiến
fluffy_thighs,7,Đùi lông xù
broken_vase,0,Lọ hoa bị gãy
two_tone_collar,7,Cổ áo hai tông
print_collar,0,Cổ áo họa tiết
spotted_head,7,Đầu có đốm
tan_handwear,7,Đồ che tay nâu rám nắng
egg_from_cloaca,7,Trứng từ lỗ huyệt
butt_to_cheek,7,Mông tới má
caramel,0,Karamel
milk_on_ground,7,Sữa trên mặt đất
lightning_bolt_marking,7,Vằn bu lông sấm sét
neck_snap,0,Cúc bấm cổ
print_legwear,7,Đồ che chân họa tiết
thigh_highs_(marking),7,Tất cao đùi
head_on_ground,0,Đầu trên mặt đất
mini_snowman,0,Người tuyết siêu ngắn
ankle_tattoo,0,Hình xăm cổ chân
arrow_pointing_to_butt,7,Mũi tên chĩa ra tới mông
seven_of_spades,0,Bảy hình cái xẻng
gold_pendant,0,Mặt dây chuyền vàng kim
fireworks_print,0,Họa tiết pháo hoa
chinese_knot_border,0,Viền ảnh Trung Quốc nút thắt
height_theme,7,Chủ đề chiều cao
bodyless,7,Không có cơ thể
strawberry_pattern,7,Hoa văn dâu tây
hooded_top,0,Áo có mũ trùm
hanger,7,Móc treo
bead_curtain,0,Rèm hạt
wand_in_head,0,Cây đũa phép trong đầu
amber_sclera,7,Củng mạc hổ phách
almond,0,Hạnh nhân
mascara_wand,0,Cây đũa phép mascara
dipstick_feathers,7,Lông vũ hình que
diamond_on_cheek,0,Hình thoi trên má
frilled_eyepatch,0,Miếng bịt mắt nhún xếp
monotone_knot,7,Nút thắt một tông
cum_on_slit,7,Tinh dịch trên xẻ tà
trampoline,0,Tấm bạt nhún
huge_anal_beads,7,Hạt chuỗi hậu môn khổng lồ
four_of_spades,0,Bốn hình cái xẻng
mechanical_head,0,Đầu cơ khí
ovipositor_penetration,7,Sự thâm nhập cơ quan đẻ trứng
pig_snout,0,Mõm lợn
torn_hakama,0,Quần hakama bị rách
carrot_in_pocket,0,Cà rốt trong túi áo
gold_wrist_cuffs,0,Ống bọc cổ tay cổ tay vàng kim
cloaca_ejaculation,7,Xuất tinh lỗ huyệt
amber_(gem),7,Hổ phách
tentacles_from_pussy,7,Xúc tu từ âm hộ
counting_money,0,Đang đếm tiền
elderly_feral,7,Nhân vật bán thú lớn tuổi
creature_on_lap,0,Sinh vật trên đùi
snowflake_pendant,0,Mặt dây chuyền bông tuyết
cheetah_print,7,Họa tiết báo gấm
undone_ascot,0,Khăn ascot chưa cài
burning_paper,0,Giấy đang cháy
geometric_pattern,0,Hoa văn hình học
buttplug_swimwear,7,Đồ bơi chậu hậu môn
elephant_girl,0,Cô gái voi
circle_censor,0,Kiểm duyệt hình tròn
feces_on_balls,7,Phân trên tinh hoàn
multicolored_helmet,0,Mũ bảo hiểm nhiều màu
neck_collar,7,Cổ áo cổ
tall_girl,7,Cô gái cao
chocolate_print,0,Họa tiết sô-cô-la
stained_glass_window,7,Cửa sổ thủy tinh vấy bẩn
diaper_down,7,Tã lót hướng xuống
bomber_antenna,7,Ăng-ten bomber
teal_feathers,7,Lông vũ xanh cổ vịt
six_of_diamonds,0,Sáu hình thoi
huge_claws,0,Móng vuốt khổng lồ
multicolored_gem,0,Đá quý nhiều màu
licking_back,0,Đang liếm ngả về sau
hip_gear,0,Bánh răng hông
leaf_on_liquid,0,Lá cây trên dạng lỏng
bandaged_stump,7,Gốc cây băng bó
bondage_gear_only,7,Chỉ có đồ trói buộc
two-tone_feathers,0,Lông vũ hai tông
gold_hooves,7,Vó vàng kim
masculine,7,Nam tính
frilled_armlet,0,Vòng đeo tay nhún xếp
pubic_cutout,0,Lỗ cắt vùng kín
tan_highlights,7,Điểm nhấn nâu rám nắng
cross_cutout,0,Lỗ cắt chữ thập
translucent_censor,7,Kiểm duyệt bán trong suốt
teal_swimwear,7,Đồ bơi màu xanh cổ vịt
wringing,0,Vắt
gynomorph_penetrating_feral,7,Nhân vật nữ có cơ quan sinh dục nam thâm nhập động vật không nhân hóa
garage_door,0,Cánh cửa gara
bone_pattern,7,Hoa văn xương
duck_print,0,Họa tiết vịt
precum_on_butt,7,Dịch tiền xuất tinh trên mông
obese_human,7,Người béo phì
pride_rock,7,Tảng đá tự hào
glistening_vaginal_fluids,7,Dịch âm đạo bóng nhẫy
plaid_scrunchie,0,Dây buộc tóc kẻ caro
drawn_halo,0,Vầng hào quang vẽ
blanket_veil,0,Màn che mặt chăn
cum_in_bottle,7,Tinh dịch trong cái chai
blood_on_bandage,7,Máu trên băng quấn
licking_abs,7,Đang liếm cơ bụng
touching_own_hip,7,Chạm hông của mình
1991,0,Năm 1991
reaching_up,7,Đang với tay hướng lên
sister_penetrating_brother,7,Chị em gái thâm nhập anh em trai
frilled_hakama,0,Quần hakama nhún xếp
metal_gear_(robot),0,Bánh răng kim loại
frill_spines,7,Cột sống diềm xếp
camouflage_tank_top,0,Áo hai dây rằn ri
slim_feral,7,Nhân vật bán thú thon
messy_mane,7,Bờm rối
sole_to_sole,7,Lòng bàn chân tới lòng bàn chân
lion_cub,0,Con non sư tử
axolotl_girl,0,Cô gái kỳ giông axolotl
three_monkeys,0,Ba cái khỉ
closed_door,7,Cánh cửa khép
gold_pasties,0,Miếng che ngực vàng kim
paw_print_palms,0,Lòng bàn tay họa tiết chân thú
magic_bondage,0,Trói buộc phép thuật
milk_bucket,7,Xô sữa
anal-vaginal_orgasm,7,Lên đỉnh âm đạo hậu môn
glistening_knees,7,Đầu gối bóng nhẫy
ten_of_diamonds,0,Mười hình thoi
vertical-striped_suit,0,Bộ đồ dọc kẻ sọc
cum_on_egg,7,Tinh dịch trên trứng
moon_pendant,7,Mặt dây chuyền mặt trăng
gums_(mouth),7,Nướu
curls,7,Lọn tóc xoăn
sparkle_facial_mark,0,Dấu trên mặt ánh lấp lánh
peach_ornament,0,Đồ trang trí đào
censored_clitoris,0,Âm vật đã kiểm duyệt
magical_girl_wand,7,Cây đũa phép nữ kỳ diệu
back_stripes,7,Sọc lưng
monotone_beard,7,Râu một tông
long_muzzle,7,Mõm dài
bonfire_(dark_souls),0,Lửa trại
thighs_spread,7,Đùi dạng ra
wooden_beam,0,Chùm bằng gỗ
pumpkin_print,0,Họa tiết bí ngô
weight_loss,0,Sự mất cân nặng
platform_truck,0,Xe tải đế dày
frilly_topwear,7,Áo nhún diềm
quintuple_penetration,7,Năm sự thâm nhập
crooked_whiskers,7,Râu mèo vẹo
multicolored_headgear,7,Phụ kiện đội đầu nhiều màu
fishnet_veil,0,Màn che mặt lưới
candy_print,0,Họa tiết kẹo
six_of_spades,0,Sáu hình cái xẻng
hitting_head,7,Đánh đầu
heartless_(kingdom_hearts),0,Không có trái tim
perfume_(cosmetics),0,Nước hoa
moose_girl,0,Cô gái nai sừng tấm
barely_visible_clitoris,7,Âm vật hầu như không lộ rõ
feeding_partner,7,Đút cho bạn tình
flame_tattoo,0,Hình xăm ngọn lửa
licking_inside,7,Đang liếm bên trong
striped_balls,7,Tinh hoàn kẻ sọc
moon_gate,0,Cổng mặt trăng
side,7,Lệch bên
double_insertion,0,Đưa vào kép
torn_armwear,7,Đồ che cánh tay bị rách
antennae_growth,7,Sự mọc ăng-ten
grills,0,Nướng
double_popsicle,0,Cây kem que kép
plaid_pajamas,0,Đồ ngủ kẻ caro
older_feral_younger_human,7,Người bán thú lớn tuổi hơn nhỏ tuổi hơn
wood_bench,7,Ghế dài gỗ
floating_screen,0,Màn hình lơ lửng
moth_boy,0,Cậu trai bướm đêm
zoom,7,Phóng to
voluptuous_human,7,Người nóng bỏng
offering_beverage,7,Đưa cho đồ uống
cum_on_chastity_cage,7,Tinh dịch trên lồng trinh tiết
print_pasties,0,Miếng che ngực họa tiết
mechanical_neck,0,Cổ cơ khí
multicolored_leggings,0,Quần legging nhiều màu
partially_clothed_intersex,7,Người liên giới tính mặc đồ một phần
two-tone_suit,0,Bộ đồ hai tông
spiral_markings,7,Vằn xoắn ốc
smaller_rimmed,7,Nhỏ hơn bị liếm hậu môn
fishnet_bridal_gauntlets,0,Găng tay giáp cô dâu lưới
scar_on_ass,0,Sẹo trên mông
paw_markings,7,Vằn chân thú
sheep_hood,0,Mũ trùm cừu
bandages_only,7,Chỉ có băng gạc
brown_wrist_cuffs,0,Ống bọc cổ tay cổ tay nâu
bulging_butt,7,Mông lồi
magical_masturbation,7,Thủ dâm kỳ diệu
aqua_butterfly,0,Bướm xanh ngọc
bear_cub,0,Con non gấu
nun_veil,7,Màn che mặt nữ tu
sports_bottle,0,Cái chai thể thao
imminent_double_penetration,0,Sự thâm nhập sắp xảy ra kép
big_nostrils,7,Lỗ mũi to
bare_sheath,7,Bao dương vật trụi lá
feral_rimming_human,7,Động vật không nhân hóa liếm hậu môn người
foil,0,Giấy bạc
feather_print,0,Họa tiết lông vũ
2_sheaths,7,Hai bao dương vật
fishnet_skinsuit,7,Bộ đồ ôm sát lưới
clothed_prey,7,Con mồi mặc đồ
wooden_bowl,0,Bát bằng gỗ
wheat_print,0,Họa tiết lúa mì
snout_in_sheath,7,Mõm trong bao kiếm
chicken_girl,0,Cô gái gà
wyrm,0,Rồng không cánh
head_in_pussy,7,Đầu trong âm hộ
assertive_gynomorph,7,Nhân vật gynomorph tự tin
fish_skeleton_print,0,Họa tiết bộ xương cá
spoken_thumbs_up,0,Ngón cái trong bóng thoại hướng lên
butt_torture,7,Tra tấn mông
diamond_collar_tag,7,Nhãn vòng cổ hình thoi
cow_print_pasties,0,Miếng che ngực họa tiết bò
saliva_on_dildo,7,Nước bọt trên dương vật giả
slim_andromorph,7,Nhân vật andromorph thon
head_on_knee,0,Đầu trên đầu gối
scale_freckles,7,Tàn nhang vảy
symbol_tattoo,7,Hình xăm biểu tượng
long_pigtails,7,Tóc hai bím dài
glistening_neck,7,Cổ bóng nhẫy
amber_(gemstone),0,Hổ phách
cow_print_lingerie,7,Đồ lót nữ họa tiết bò
brown_antennae,7,Ăng-ten nâu
ankle_warmers,7,Băng giữ ấm cổ chân
overhang,7,Vạt thừa
letter_balloon,0,Bóng bay bức thư
sex_inside_stomach,7,Quan hệ tình dục bên trong bụng
butt_transformation,7,Sự biến đổi mông
striped_border,0,Viền ảnh kẻ sọc
blood_censor,0,Kiểm duyệt máu
stuffed_turtle,0,Rùa nhồi bông
wide_hipped_human,7,Người hông rộng
nine_of_spades,0,Chín hình cái xẻng
clitoris_pull,0,Kéo âm vật
sweaty_hips,7,Hông đầm mồ hôi
sweaty_topwear,7,Áo đầm mồ hôi
veiny_vulva,7,Âm hộ lộ gân
idol_(object),7,Idol
spiral_knees,7,Đầu gối xoắn ốc
tied_muzzle,7,Mõm được buộc
pastels,0,Màu pastel
licking_ass,0,Đang liếm mông
peach_print,0,Họa tiết đào
boar_hood,0,Mũ trùm lợn rừng
cotton_(plant),0,Cotton
cargo_ship,0,Con tàu túi hộp
two-tone_tube_top,0,Áo dạng ống hai tông
hyper_insertion,7,Đưa vào phóng đại
translucent_armwear,7,Đồ che tay bán trong suốt
two-tone_tunic,0,Áo tuynic hai tông
glistening_hooves,7,Vó bóng nhẫy
prison_suit,7,Bộ đồ tù
multicolored_headband,0,Băng đô nhiều màu
touching_own_thigh,7,Chạm đùi của mình
overalls_down,7,Quần yếm hướng xuống
discarded_condom,7,Bao cao su đã bỏ đi
wide_snout,7,Mõm rộng
waist_tassel,0,Chùm tua rua eo
licking_paws,7,Đang liếm bàn chân thú
gem_(azur_lane),0,Đá quý
shaved_balls,7,Tinh hoàn cạo ngắn
tank_(container),7,Áo ba lỗ
1985,0,Năm 1985
inviting_to_oral,7,Mời quan hệ bằng miệng
spanish,7,Tây Ban Nha
pride_heart,7,Trái tim tự hào
hakama_pull,0,Kéo quần hakama
open_zipper,7,Khóa kéo mở
vaginal_fluids_trail,7,Vệt âm đạo dịch
imminent_torture,0,Tra tấn sắp xảy ra
waist_cuff,7,Ống tay eo
frilled_hood,0,Mũ trùm nhún xếp
butterfly_(accessory),7,Bươm bướm
broken_fence,0,Hàng rào bị gãy
penguin_ornament,0,Đồ trang trí cánh cụt
head_scar,7,Sẹo đầu
pasties_only,7,Chỉ có miếng che núm vú
rock_band,0,Dải băng tảng đá
son_rimming_father,7,Con trai liếm hậu môn cha
flying_broom,7,Cây chổi bay
fish_head,0,Đầu cá
saliva_on_tentacle,7,Nước bọt trên xúc tu
saliva_on_ground,7,Nước bọt trên mặt đất
bat_symbol,7,Biểu tượng dơi
viking_helmet,7,Mũ bảo hiểm kỵ sĩ Bắc Âu
armored_collar,0,Cổ áo bọc giáp
ninja_suit,7,Bộ đồ ninja
spiked_legwear,0,Đồ che chân có gai
bone_tag,7,Nhãn xương
spades_(marking),7,Hình cái xẻng
crab_girl,0,Cô gái cua
wear,7,Đồ mặc
forearm_grab,7,Bóp cẳng tay
deep_aqua_mirror,0,Cái gương sâu xanh ngọc
cum_on_soles,7,Tinh dịch trên lòng bàn chân
rock_wall,7,Bức tường tảng đá
hairless_butt,7,Mông không lông
tentacle_around_balls,7,Xúc tu quanh tinh hoàn
peanut_(food),7,Đậu phộng
character_cookie,0,Bánh quy nhân vật
bird_hood,0,Mũ trùm chim
bamboo_leaf,0,Lá tre
mechanical_hips,0,Hông cơ khí
melancholic,7,U buồn
cross-laced_armwear,0,Đồ che tay chữ thập buộc dây
clitoris_peek,0,Âm vật lấp ló
print_hood,0,Mũ trùm họa tiết
american_flag_tattoo,0,Hình xăm hình cờ Mỹ
1989,0,Năm 1989
daisy_chain,7,Dây chuyền cúc dại
fake_whiskers,0,Râu mèo giả
multiple_anal_orgasms,7,Lên đỉnh hậu môn nhiều
multiple_costumes,0,Nhiều trang phục
pale_scales,7,Vảy nhạt
pubes_in_foreskin,7,Lông mu trong bao quy đầu
pseudo-penile_penetration,7,Sự thâm nhập thuộc dương vật giả
half-split_chopsticks,0,Đôi đũa chia hai một nửa
crop_top_only,7,Chỉ mặc áo croptop
buckteeth_(lower_incisors),7,Răng vẩu
bulb,7,Bóng đèn
bare_thighs,7,Đùi trần
bead,7,Hạt
camel_girl,0,Cô gái lạc đà
silver_collar,0,Cổ áo màu bạc
cut_antlers,7,Gạc bị cắt
small_sheath,7,Bao dương vật nhỏ
two-tone_pajamas,0,Đồ ngủ hai tông
shot_down,0,Cắt cảnh hướng xuống
ursine_vulva,7,Âm hộ gấu
print_leggings,0,Quần legging họa tiết
striped_mane,7,Bờm kẻ sọc
energy_(pokemon_tcg),0,Năng lượng
weasel_boy,0,Cậu trai chồn
multiple_anklets,0,Nhiều vòng chân
milk_can,7,Lon sữa
stuffed_squid,0,Mực ống nhồi bông
monotone_head,7,Đầu một tông
double_spread,7,Kép dạng ra
animal_clitoris,7,Âm vật động vật
latex_leggings,7,Quần legging cao su
licking_dildo,0,Đang liếm dương vật giả
skinless,7,Không có da
can_in_ass,7,Lon trong mông
andromorph_on_feral,7,Nhân vật andromorph trên động vật không nhân hóa
forehead_scar,7,Sẹo trán
spade_vine_tattoo,0,Hình xăm dây leo hình cái xẻng
two_tone_crop_top,7,Áo cắt ngắn hai tông
layered_capelet,0,Áo choàng ngắn nhiều lớp
gold_stripes,7,Sọc vàng kim
cat_symbol,0,Biểu tượng mèo
long_clitoris,7,Âm vật dài
translucent_nightgown,7,Áo ngủ bán trong suốt
stuffed_monkey,0,Khỉ nhồi bông
torn_curtains,0,Rèm cửa bị rách
asymmetrical_bondage,7,Trói buộc bất đối xứng
aqua_scales,0,Vảy xanh ngọc
younger_on_top,7,Nhỏ tuổi hơn trên áo
putting_on_diaper,7,Đang mặc tã lót
brown_tattoo,7,Hình xăm nâu
feces_in_pussy,7,Phân trong âm hộ
brown_bird,0,Chim nâu
poncho_only,7,Chỉ có áo poncho
flying_animal,0,Động vật bay
teal_eyeshadow,7,Phấn mắt xanh cổ vịt
torn_bandages,0,Băng gạc bị rách
stitched_forehead,0,Trán khâu
heart_on_butt,7,Trái tim trên mông
turtleneck_capelet,0,Áo choàng ngắn cổ lọ
spade_facial_mark,0,Dấu trên mặt hình cái xẻng
stuffed_reindeer,0,Tuần lộc nhồi bông
raised_knee,7,Đầu gối dựng lên
towel_on_lap,7,Khăn tắm trên đùi
torn_veil,0,Màn che mặt bị rách
rubbing_diaper,7,Đang xoa tã lót
head_to_head,7,Đầu tới đầu
track_marks,0,Dấu điền kinh
monster_penetrated,7,Quái vật bị thâm nhập
slit_(wound),7,Xẻ tà
checkered_bottomwear,7,Đồ mặc dưới kẻ ca-rô
lamp_(e.g.o),0,Đèn
topwear_up,7,Kéo trang phục thân trên lên
brown_clitoris,7,Âm vật nâu
giant_squid,0,Mực ống khổng lồ
discarded_topwear,7,Trang phục thân trên đã bỏ đi
urine_in_cup,7,Nước tiểu trong cốc
paper_balloon,0,Bóng bay giấy
sun_pendant,0,Mặt dây chuyền mặt trời
two_tone_tank_top,7,Áo hai dây hai tông
case,7,Bao đựng
open_can,0,Lon mở
rose_tattoo,7,Hình xăm hoa hồng
open_bathrobe,7,Áo choàng tắm mở
fish_insertion,7,Đưa vào cá
removing_helmet,0,Đang cởi mũ bảo hiểm
pattern_pajamas,7,Đồ ngủ hoa văn
mismatched_pasties,0,Miếng che ngực lệch đôi
cum_in_beverage,7,Tinh dịch trong đồ uống
gold_cuffs,7,Ống bọc cổ tay vàng kim
tiger_tattoo,0,Hình xăm hổ
oak_leaf,0,Lá sồi
dry_vaginal_orgasm,7,Lên đỉnh âm đạo khô
rubbing_neck,0,Đang xoa cổ
showing_armpit,7,Đang cho thấy nách
checkered_tank_top,0,Áo hai dây kẻ ca-rô
blood_on_claws,7,Máu trên móng vuốt
head_torture,7,Tra tấn đầu
gender_symbol_tattoo,7,Hình xăm giới tính biểu tượng
grabbing_tentacle,0,Nắm xúc tu
grabbing_own_butt,7,Nắm mông của mình
solid_hooves,7,Vó màu đặc
horned_tiara,0,Vương miện nhỏ có sừng
star_collar_tag,7,Nhãn vòng cổ ngôi sao
lifting_balls,7,Đang nhấc tinh hoàn
areola_expansion,7,Độ giãn quầng vú
stomping_pov,7,Dẫm lên góc nhìn thứ nhất
lightning_whiskers,7,Râu mèo sấm sét
butler_position,7,Tư thế quản gia
double_dildo_insertion,7,Đưa vào dương vật giả kép
dildo_in_cloaca,7,Dương vật giả trong lỗ huyệt
exposed_thighs,7,Lộ đùi
paw_ornament,0,Đồ trang trí chân thú
neck_pouch,0,Túi con cổ
writing_on_ass,0,Chữ viết trên mông
ofuda_on_forehead,7,Bùa ofuda trên trán
teal_balls,7,Tinh hoàn xanh cổ vịt
bubble_print,0,Họa tiết bọt khí
metallic_markings,7,Vằn ánh kim
plaid_headgear,7,Phụ kiện đội đầu kẻ caro
kitchen_sink,7,Bồn rửa bếp
two-tone_helmet,0,Mũ bảo hiểm hai tông
monotone_back,7,Lưng một tông
octopus_tattoo,0,Hình xăm bạch tuộc
fluffy_antennae,7,Ăng-ten lông xù
marble_floor,0,Sàn nhà đá cẩm thạch
cow_skull,0,Đầu lâu bò
two_tone_headgear,7,Phụ kiện đội đầu hai tông
wedding_suit,0,Bộ đồ cưới
pen_(object),7,Bút máy
shared_veil,0,Màn che mặt dùng chung
short_pigtails,7,Tóc hai bím ngắn
panther_print,0,Họa tiết báo đen
triple_bun,0,Ba búi tóc
swan_boat,0,Thuyền thiên nga
capelet_only,7,Chỉ có áo choàng ngắn
urine_in_bowl,7,Nước tiểu trong bát
urine_on_back,7,Nước tiểu trên lưng
pointy_chin,0,Cằm nhọn
terrace,0,Sân thượng
spiked_tentacles,7,Xúc tu có gai
bulging_balls,7,Tinh hoàn lồi
countershade_paws,7,Bàn chân thú bóng ngược
forepaw_on_head,7,Bàn chân trước trên đầu
grid_border,0,Viền ảnh lưới
animal_pussy,0,Âm hộ động vật
mother_penetrating_daughter,7,Mẹ thâm nhập con gái
glistening_collar,7,Cổ áo bóng nhẫy
acorn_pendant,0,Mặt dây chuyền quả sồi
bulge_peek,0,Phần phồng lên lấp ló
brown_freckles,7,Tàn nhang nâu
hip_fins,7,Vây hông
gold_areola,7,Quầng vú vàng kim
blowing_candle,0,Thổi nến
bandaid_on_wrist,0,Băng cá nhân trên cổ tay
donut_stamp,0,Con dấu bánh donut
heart_border,0,Viền ảnh trái tim
monster_on_human,7,Quái vật trên người
resting_head,7,Nghỉ trên đầu
pointing_at_head,7,Chỉ vào đầu
snowman_print,0,Họa tiết người tuyết
prey_bulge,7,Chỗ lùm lùm con mồi
studded_thigh_strap,0,Dây đeo đùi đính đinh
thin_neck,7,Cổ mỏng
veiny_pecs,7,Cơ ngực lộ gân
spoken_paw_print,0,Họa tiết chân thú trong bóng thoại
ass_out,7,Mông thò ra
horse_head,0,Đầu ngựa
noble_heart_(grimms_notes),0,Trái tim quý tộc
magic_collar,7,Cổ áo phép thuật
clock_print,0,Họa tiết đồng hồ
unbuttoned_bottomwear,7,Trang phục thân dưới mở khuy
stained,7,Vấy bẩn
cracked_skull,0,Đầu lâu nứt
licking_paw,0,Đang liếm bàn chân thú
floor_bondage,7,Trói buộc sàn nhà
chin_scar,7,Sẹo cằm
eyepatch_pull,0,Kéo miếng bịt mắt
frilled_bloomers,0,Quần phồng nhún xếp
crescent_tattoo,0,Hình xăm hình lưỡi liềm
discarded_swimwear,7,Đồ bơi đã bỏ đi
camo_headgear,7,Phụ kiện đội đầu rằn ri
golden_deer_(fire_emblem),0,Hươu màu vàng
wristwear,7,Phụ kiện cổ tay
feral_rimming_feral,7,Động vật không nhân hóa liếm hậu môn động vật không nhân hóa
elbow_gauntlets,0,Găng tay giáp khuỷu tay
candy_store,0,Cửa hàng kẹo
quad,7,Bốn
urine_on_head,7,Nước tiểu trên đầu
tilted_border,0,Đường viền nghiêng
hood_pull,0,Kéo mũ trùm
nine_of_diamonds,0,Chín hình thoi
kangaroo_genitalia,7,Bộ phận sinh dục chuột túi
small_beak,7,Mỏ nhỏ
pointing_at_pussy,7,Chỉ vào âm hộ
christmas_lingerie,7,Đồ lót nữ Giáng sinh
stirrup_leggings,7,Quần legging đai giữ
cum_in_chastity_cage,7,Tinh dịch trong lồng trinh tiết
army_helmet,7,Mũ bảo hiểm lục quân
wrist_warmers,7,Băng giữ ấm cổ tay
collared_tunic,0,Áo tuynic có cổ
translucent_tank_top,7,Áo hai dây bán trong suốt
latex_collar,7,Cổ áo cao su
head_growth,7,Sự mọc đầu
checkered_print,0,Họa tiết kẻ ca-rô
towel_slip,0,Trượt hở khăn tắm
chick_print,0,Họa tiết gà con
tall_crown,0,Vương miện cao
multicolored_tunic,0,Áo tuynic nhiều màu
cage_interior,0,Bên trong lồng
eight_of_diamonds_(playing_card),0,Tám hình thoi
sleep_fetish,7,Sở thích ngủ
torn_crop_top,7,Áo croptop bị rách
caramel_(food),7,Karamel
monotone_collar,7,Cổ áo một tông
print_crop_top,7,Áo cắt ngắn họa tiết
ethereal,7,Thoát tục
gold_thong,0,Quần lót dây vàng kim
rope_ladder,0,Thang dây thừng
leather_armwear,7,Đồ che tay da
empty_scrotum,7,Bìu trống
chocolate_on_ass,0,Sô-cô-la trên mông
skull_cup,0,Cốc đầu lâu
fish_bottle,0,Cái chai cá
double_masturbation,7,Thủ dâm kép
1992,0,Năm 1992
organ_removal,7,Sự tháo bỏ nội tạng
no_freckles,0,Không có tàn nhang
multicolored_spots,7,Đốm nhiều màu
cum_from_slit,7,Tinh dịch từ xẻ tà
sex_on_floor,7,Quan hệ tình dục trên sàn nhà
crab_print,0,Họa tiết cua
balls_out,7,Tinh hoàn thò ra
bruise_on_knee,0,Vết bầm trên đầu gối
two_tone_claws,7,Móng vuốt hai tông
stomach_torture,7,Tra tấn bụng
insect_on_head,0,Côn trùng trên đầu
adjusting_headset,0,Đang chỉnh tai nghe
striped_tentacles,7,Xúc tu kẻ sọc
japanese_flag_print,0,Họa tiết hình cờ Nhật Bản
blood_on_snow,0,Máu trên tuyết
triangle_cutout,0,Lỗ cắt hình tam giác
stuffed_snake,0,Rắn nhồi bông
macro_humanoid,7,Dạng người phóng to
waist_tattoo,7,Hình xăm eo
flaming_neck,7,Cổ bốc cháy
hairy_pecs,7,Cơ ngực nhiều lông
throne_position,7,Tư thế ngai vàng
throwing_money,0,Đang ném tiền
round_cloaca,7,Lỗ huyệt tròn
scrotum_ladder,7,Thang bìu
see-through_cutout,0,Lỗ cắt xuyên thấu
manicure,7,Sửa móng tay
wooden_stairs,0,Cầu thang bằng gỗ
gym_topwear,7,Áo thể dục
stuffed_raccoon,0,Gấu mèo nhồi bông
demon_on_angel,7,Quỷ trên thiên thần
metal_jaw,0,Hàm kim loại
disembodied_butt,7,Mông tách rời
aisle,0,Lối đi
stitched_wrist,0,Cổ tay khâu
feather_(magia_record),0,Lông vũ
removing_bandaid,0,Đang cởi băng cá nhân
cake_on_head,0,Bánh ngọt trên đầu
pale,7,Nhạt
sun_behind_head,0,Mặt trời phía sau đầu
stuffed_crocodile,0,Cá sấu nhồi bông
cum_on_forehead,7,Tinh dịch trên trán
multicolored_paws,7,Bàn chân thú nhiều màu
head_wraps,7,Băng quấn đầu
closed_curtains,0,Rèm khép
cuffs_(object),7,Ống bọc cổ tay
cum_on_cloaca,7,Tinh dịch trên lỗ huyệt
porcine_genitalia,7,Bộ phận sinh dục lợn
exposed_armpit,7,Lộ nách
writing_on_back,7,Chữ viết trên lưng
unworn_scrunchie,0,Dây buộc tóc không mặc
yelling_at_viewer,7,Hét vào người xem
diamond_(minecraft),0,Hình thoi
human_penetrating_intersex,7,Người thâm nhập liên giới tính
exposed_skull,7,Lộ đầu lâu
feces_in_toilet,7,Phân trong bồn cầu
energy_scythe,0,Lưỡi hái năng lượng
shiny_forehead,0,Trán bóng
pegasus_(constellation),0,Ngựa Pegasus
symbol_on_head,7,Biểu tượng trên đầu
cum_on_own_neck,7,Tinh dịch trên cổ của mình
assertive_human,7,Người tự tin
eight_of_spades,0,Tám hình cái xẻng
neck_wraps,7,Băng quấn cổ
porcine_vulva,7,Âm hộ lợn
translucent_balls,7,Tinh hoàn bán trong suốt
fire_orgasm,7,Lên đỉnh lửa
character_tattoo,0,Hình xăm nhân vật
sloth_(animal),0,Con lười
detailed_feathers,7,Lông vũ có chi tiết
bandage_wraps,7,Băng quấn băng quấn
transparent_butterfly,0,Bướm trong suốt
young_penetrating_older,7,Trẻ thâm nhập lớn tuổi hơn
invisible_partner,7,Bạn tình tàng hình
rope_around_wrist,0,Dây thừng quanh cổ tay
leopard_print_thong,7,Quần lót dây họa tiết báo
small_snout,7,Mõm nhỏ
banana_in_ass,7,Chuối trong mông
bronze,0,Màu đồng thau
rubbing_crotch,7,Đang xoa đũng quần
print_wrist_cuffs,0,Ống bọc cổ tay cổ tay họa tiết
drawn_star,0,Ngôi sao vẽ
pixiv_bottle_(meme),0,Cái chai Pixiv
italian,7,Ý
production_note,0,Nốt nhạc sản xuất
tassel-trimmed_capelet,0,Áo choàng ngắn chuỗi tua viền
vibrator_on_diaper,7,Đồ chơi rung trên tã lót
swallowing_urine,7,Nuốt nước tiểu
exposed_heart,0,Lộ trái tim
long_veil,0,Màn che mặt dài
drink_pouch,0,Túi con đồ uống
tribal_paint,7,Màu vẽ văn hoá bộ lạc
spiked_cuffs,0,Ống bọc cổ tay có gai
alternate_pride_colors,7,Màu tự hào khác
poking_head,0,Đang chỉ vào đầu
bronze_(metal),7,Màu đồng thau
banana_print,0,Họa tiết chuối
torn_hood,0,Mũ trùm bị rách
halo_ornament,0,Đồ trang trí vầng hào quang
humanoid_to_feral,7,Dạng người tới động vật không nhân hóa
multi_tentacle,7,Nhiều xúc tu
sweaty_neck,7,Cổ đầm mồ hôi
age_transformation,7,Sự biến đổi tuổi
pajamas_lift,0,Nâng lên đồ ngủ
snout_tied,7,Mõm được buộc
cheek_stripes,7,Sọc gò má
beam,7,Chùm
letter_print,0,Họa tiết bức thư
pastel_palettes_(bang_dream!),0,Bảng màu pastel
chicken_boy,0,Cậu trai gà
brown_headdress,0,Đồ đội đầu nâu
stuffed_owl,0,Cú nhồi bông
triangle_(anatomy),7,Hình tam giác
vertical-striped_leggings,0,Quần legging dọc kẻ sọc
training_wear_(fire_emblem_engage),0,Đồ mặc tập luyện
mini_tiara,0,Vương miện nhỏ siêu ngắn
wet_tentacles,7,Xúc tu ướt
fake_paws,7,Bàn chân thú giả
brown_sideburns,7,Tóc mai nâu
exposed_crotch,7,Lộ đũng quần
pussy_fins,7,Vây âm hộ
bean_(legume),7,Đậu
glistening_clitoris,7,Âm vật bóng nhẫy
mesh_top,7,Áo lưới
reverse_palettes,0,Bảng màu ngược
spade_cutout,0,Lỗ cắt hình cái xẻng
braided,7,Tết
two_tone_neckerchief,7,Khăn quàng cổ hai tông
new_moon,0,Mặt trăng mới
older_on_child,7,Lớn tuổi hơn trên trẻ em
unicorn_boy,0,Cậu trai kỳ lân
mismatched_animal_vulva,7,Âm hộ động vật lệch đôi
lifting_animal,0,Đang nhấc động vật
lace-trimmed_wrist_cuffs,0,Ống bọc cổ tay cổ tay ren viền
alternate_neckwear,0,Phụ kiện cổ khác
tying_headband,0,Đang buộc băng đô
cum_in_coffee,7,Tinh dịch trong cà phê
loose,7,Rộng
brown_tube_top,0,Áo dạng ống màu nâu
grabbing_viewer,7,Nắm người xem
ass_expansion,0,Độ giãn mông
long_sheath,7,Bao dương vật dài
leaf_pattern,7,Hoa văn chiếc lá
veiny_pectorals,0,Cơ ngực lộ gân
ladybug_girl,0,Cô gái bọ rùa
pussy_juice_on_viewer,7,Dịch âm hộ trên người xem
police_dog,7,Chó cảnh sát
cake_print,0,Họa tiết bánh ngọt
brown_soles,7,Bàn chân nâu
furgonomic_swimwear,7,Đồ bơi nửa người nửa thú
wet_mane,7,Bờm ướt
shirtless_humanoid,7,Dạng người không mặc áo
thumbs_in_pockets,0,Ngón cái trong túi áo
shrimp_girl,0,Cô gái tôm
lace-up_legwear,0,Quần tất buộc dây
torn_swimwear,7,Đồ bơi bị rách
covered_knees,0,Đầu gối được che
raised_swimwear,7,Đồ bơi dựng lên
nightgown_lift,0,Nâng lên áo ngủ
rock_(genre),7,Tảng đá
hamster_hood,0,Mũ trùm chuột hamster
erection_in_briefs,7,Cương cứng trong quần lót tam giác
horned_headphones,0,Tai nghe có sừng
touching_crotch,7,Chạm đũng quần
cheek,7,Má
screws,7,Ốc vít
antler_removal,7,Sự tháo bỏ gạc hươu
steam_from_nostrils,7,Hơi nước từ lỗ mũi
shark_head,0,Đầu cá mập
sheath_pull,7,Kéo bao dương vật
deer_head,0,Đầu nai
rounded_snout,7,Mõm tròn
thigh_high_marking,7,Vằn đùi cao
tentacle_in_slit,7,Xúc tu trong xẻ tà
german_flag_print,0,Họa tiết hình cờ Đức
cone,7,Nón nhọn
two-tone_border,0,Viền ảnh hai tông
spread_sheath,7,Bao dương vật dạng ra
excessive_fluff,7,Lông tơ quá nhiều
dipstick_snout,7,Mõm hình que
bandaged_stomach,0,Bụng băng bó
feces_in_bowl,7,Phân trong bát
wrist_chain,0,Dây chuyền cổ tay
smelling_balls,7,Ngửi tinh hoàn
entwined_tongues,7,Lưỡi quấn vào nhau
triangle_head,7,Đầu hình tam giác
multicolored_cat,0,Mèo nhiều màu
transformation_through_milk,7,Biến hình xuyên qua sữa
hood_grab,0,Bóp mũ trùm
clitoris_torture,0,Tra tấn âm vật
human_penetrating_monster,7,Người thâm nhập quái vật
pussy_juice_in_container,0,Dịch âm hộ trong vật chứa
head_expansion,7,Độ giãn đầu
feral_on_young,7,Động vật không nhân hóa trên trẻ
pussy_growth,7,Sự mọc âm hộ
golden_pussy,7,Âm hộ màu vàng
andromorph_on_human,7,Nhân vật andromorph trên người
broken_chopsticks,0,Đôi đũa bị gãy
tied_condom,7,Bao cao su được buộc
femboy_penetrated,7,Nhân vật nam nữ tính bị thâm nhập
mechanical_broom,0,Cây chổi cơ khí
multiple_penile_orgasms,7,Lên đỉnh thuộc dương vật nhiều
giant_leaf,0,Lá khổng lồ
floating_stairs,0,Cầu thang lơ lửng
overalls_pull,0,Kéo quần yếm
torn_ascot,0,Khăn ascot bị rách
baseball,7,Bóng chày
bound_to_wall,7,Bị trói tới bức tường
medium_butt,7,Mông vừa
snout_in_pussy,7,Mõm trong âm hộ
skull_pauldron,0,Giáp vai đầu lâu
cum_on_diaper,7,Tinh dịch trên tã lót
cum_on_moobs,7,Tinh dịch trên ngực nam
offering_milk,7,Đưa cho sữa
topwear_aside,7,Kéo trang phục thân trên sang bên
cum_on_hips,7,Tinh dịch trên hông
dildo_in_slit,7,Dương vật giả trong xẻ tà
shaved_mark,0,Dấu cạo ngắn
space_wolves,0,Sói vũ trụ
tube_top_pull,0,Kéo dạng ống áo
stuffed_elephant,0,Voi nhồi bông
master_up,0,Chủ nhân hướng lên
servants,7,Người hầu
teal_stripes,7,Sọc xanh cổ vịt
foil_(fencing),0,Giấy bạc
one_piece_top,7,Áo một mảnh
neck_lift,0,Nâng lên cổ
bruise_on_ass,0,Vết bầm trên mông
mechanical_pussy,0,Âm hộ cơ khí
medium_tank,0,Áo ba lỗ vừa
giant_hammer,0,Búa khổng lồ
cliffs,7,Vách đá
moon_tattoo,0,Hình xăm mặt trăng
fire_truck,0,Xe tải lửa
holographic,7,Toàn ảnh
macro_balls,7,Tinh hoàn phóng to
human_on_monster,7,Người trên quái vật
tied_to_dildo,7,Trói vào dương vật giả
noble,7,Quý tộc
four-leaf_clover_print,0,Họa tiết cỏ ba lá chiếc lá bốn
inviting_cumshot,7,Mời xuất tinh lên ảnh
print_cup,0,Cốc họa tiết
blood_on_floor,7,Máu trên sàn nhà
lactating_in_cup,7,Sữa rỉ ra trong cốc
boxing_headgear,0,Phụ kiện đội đầu quyền Anh
fluffy_foreskin,7,Bao quy đầu lông xù
lotus_(brand),0,Sen
two_tone_outline,7,Đường viền hai tông
blood_on_pussy,0,Máu trên âm hộ
barely_visible_butt,7,Mông hầu như không lộ rõ
thumb,0,Ngón cái
disembodied_vulva,7,Âm hộ tách rời
scale_tattoo,7,Hình xăm vảy
glistening_hip,7,Hông bóng nhẫy
ghost_ornament,0,Đồ trang trí ma
leaf_crown,7,Vương miện chiếc lá
neck_chain,7,Dây chuyền cổ
hip_scar,7,Sẹo hông
cross_(marking),7,Thập tự
cum_from_gills,7,Tinh dịch từ mang
forked_antennae,7,Ăng-ten chẻ đôi
head_lock,7,Lọn tóc đầu
drawing_arrow,0,Đang vẽ mũi tên
condom_on_ass,0,Bao cao su trên mông
turquoise_(gemstone),0,Màu xanh ngọc lam
spread_thighs,7,Đùi dạng ra
monotone_spikes,7,Gai nhọn một tông
iridescent_feathers,7,Lông vũ ánh kim
wrist_strap,7,Dây đeo cổ tay
frilled_overskirt,0,Chân váy phủ ngoài nhún xếp
egg_transformation,7,Sự biến đổi trứng
bodily_fluids_from_ass,7,Dịch cơ thể từ mông
frilled_bridal_gauntlets,0,Găng tay giáp cô dâu nhún xếp
paw_cutout,0,Lỗ cắt chân thú
door_chain,0,Dây chuyền cánh cửa
name_plate,7,Cái đĩa tên
floating_liquid,0,Dạng lỏng lơ lửng
septum,7,Vách mũi
bulge_(sound_effect),7,Phần phồng lên
no_undershirt,0,Không có áo lót trong
single_feather,0,Một lông vũ
half-brother_and_sister,7,Anh em trai một nửa và chị em gái
cow_suit,7,Bộ đồ bò
no_lube,7,Không có chất bôi trơn
hourglass_expansion,7,Độ giãn đồng hồ cát
iris_print,0,Họa tiết mống mắt
money_in_thigh_highs,7,Tiền trong tất cao đùi
pasties_removed,0,Miếng che núm vú đã tháo ra
ribs_(food),0,Xương sườn
cum_on_window,7,Tinh dịch trên cửa sổ
multiple_tongues,0,Nhiều cái lưỡi
licking_precum,7,Đang liếm dịch tiền xuất tinh
rib_tattoo,0,Hình xăm xương sườn
chain_print,0,Họa tiết dây xích
covering_forehead,0,Che trán
otter_boy,0,Cậu trai rái cá
stars_around_head,7,Ngôi sao quanh đầu
paint_bucket,7,Xô sơn
ruined_orgasm,0,Lên đỉnh hoang tàn
crescent_wand,0,Cây đũa phép hình lưỡi liềm
no_hood,0,Không có mũ trùm
spiked_frill,7,Diềm xếp có gai
zoom_out,7,Phóng to thò ra
golden_butterfly,0,Bướm màu vàng
animal_insertion,0,Đưa vào động vật
highlighter_(makeup),0,Phấn bắt sáng
pointing_at_crotch,0,Chỉ vào đũng quần
star-shaped_buckle,0,Khóa hình ngôi sao
neck_torture,7,Tra tấn cổ
bear_pride_colors,7,Màu tự hào gấu
neck_penetration,7,Sự thâm nhập cổ
buffalo,0,Trâu
lemur_girl,0,Cô gái culi
spiked_pauldron,7,Giáp vai có gai
french_flag_print,0,Họa tiết hình cờ Pháp
cybernetic_jaw,7,Hàm người máy cấy ghép
ruined_(league),0,Hoang tàn
paws_on_head,7,Bàn chân thú trên đầu
cracked_helmet,0,Mũ bảo hiểm nứt
pecs_growth,7,Sự mọc cơ ngực
spring_onion_print,0,Họa tiết hành tây mùa xuân
urine_in_container,7,Nước tiểu trong vật chứa
bulging_thighs,7,Đùi lồi
wet_ground,0,Mặt đất ướt
photo_on_wall,7,Ảnh chụp trên bức tường
head_between_knees,0,Đầu giữa đầu gối
countershade_jaw,7,Hàm bóng ngược
kneehighs_pull,0,Đang kéo tất cao đến gối
knee_markings,7,Vằn đầu gối
pussy_on_glass,0,Âm hộ trên thủy tinh
golden_shrimp_balls_(genshin_impact),0,Tinh hoàn tôm màu vàng
smooth_balls,7,Tinh hoàn trơn
mermaid_suit,7,Bộ đồ nàng tiên cá
sweat_on_ass,7,Mồ hôi trên mông
rose_window,0,Cửa sổ hoa hồng
star_(mario_bros),7,Ngôi sao
bones_in_balls,7,Xương trong tinh hoàn
saliva_on_head,7,Nước bọt trên đầu
feeding_animal,0,Đút cho động vật
moles,7,Nốt ruồi
glistening_foreskin,7,Bao quy đầu bóng nhẫy
urine_from_ass,7,Nước tiểu từ mông
clover_ornament,0,Đồ trang trí cỏ ba lá
biting_ass,0,Đang cắn mông
feather_capelet,0,Áo choàng ngắn lông vũ
iron,7,Sắt
crossed_weapons,0,Vũ khí chéo
ruined_pussy,7,Âm hộ hoang tàn
puffy_cloaca,7,Lỗ huyệt phồng
ruined,7,Hoang tàn
beaver_girl,0,Cô gái hải ly
pearl_beads,7,Hạt chuỗi ngọc trai
touching_feces,7,Chạm phân
tied_knot,7,Nút thắt được buộc
bunny_hood_(zelda),0,Mũ trùm thỏ
jewel_collar,7,Cổ áo đá quý
transformation_through_bite,7,Biến hình xuyên qua cắn
wraps_only,7,Chỉ có băng quấn
sex_with_prey,7,Quan hệ tình dục kèm con mồi
striped_frill,7,Diềm xếp kẻ sọc
open_palm,7,Lòng bàn tay mở
butt_zipper,7,Khóa kéo mông
illuminated,7,Được chiếu sáng
lion_print,0,Họa tiết sư tử
oral_egg_insertion,7,Đưa vào trứng bằng miệng
leaf_pasties,0,Miếng che ngực chiếc lá
1988,0,Năm 1988
spotted_swimwear,7,Đồ bơi có đốm
transparent_anal_beads,7,Hạt chuỗi hậu môn trong suốt
urine_on_pussy,7,Nước tiểu trên âm hộ
stuffed_squirrel,0,Sóc nhồi bông
urine_on_wall,7,Nước tiểu trên bức tường
fringe-trimmed_capelet,0,Áo choàng ngắn mái viền
carrying_multiple_partners,7,Mang theo nhiều bạn tình
moon_(symbol),0,Mặt trăng
edwardian,0,Thời Edward
drawing_on_dirt,0,Hình vẽ trên bụi bẩn
double_deep_throat,7,Cổ họng sâu kép
licking_chastity_device,7,Đang liếm đai cấm dục
leather_corset,0,Áo corset da
ass_ripped,7,Mông rách toạc
cum_on_claws,7,Tinh dịch trên móng vuốt
fluffy_sheath,7,Bao dương vật lông xù
back_zipper,0,Khóa kéo lưng
entwined_penises,7,Dương vật quấn vào nhau
dolphin_print,0,Họa tiết cá heo
letter_banner,0,Biểu ngữ bức thư
cum_on_eyelid,7,Tinh dịch trên mí mắt
dotted_half_note,0,Nốt nhạc chấm tròn một nửa
tentacle_in_balls,7,Xúc tu trong tinh hoàn
inviting_to_anal,7,Mời quan hệ qua đường hậu môn
earphones_around_neck,0,Tai nghe nhét tai quanh cổ
horse_pussy,0,Âm hộ ngựa
curved_beak,7,Mỏ cong
wooden_plate,0,Cái đĩa bằng gỗ
gem_beads,7,Hạt chuỗi đá quý
bandage_on_beak,7,Băng quấn trên mỏ
countershade_armpits,7,Nách bóng ngược
smaller,7,Nhỏ hơn
pride,7,Tự hào
coin_pouch,7,Túi con đồng xu
asymmetrical_markings,7,Vằn bất đối xứng
neck_feathers,0,Lông vũ cổ
thick_collar,7,Cổ áo dày
card_pendant,0,Mặt dây chuyền thẻ
cargo,0,Túi hộp
shared_pocket,0,Túi áo dùng chung
planet_insertion,7,Đưa vào hành tinh
human_with_animal_genitalia,7,Người kèm bộ phận sinh dục động vật
butt_dimples,7,Lúm đồng tiền mông
licking_chastity_cage,7,Đang liếm lồng trinh tiết
micro_feral,7,Nhân vật bán thú rất nhỏ
fish_ornament,0,Đồ trang trí cá
mattress_on_floor,7,Đệm nằm trên sàn nhà
balls_only,7,Chỉ có tinh hoàn
obscured,0,Bị che
bones_in_condom,7,Xương trong bao cao su
tiger_(p),0,Hổ
bomb_collar,0,Cổ áo bom
markings_on_cheeks,0,Dấu vết / hoa văn trên má
mounted_sign,7,Bảng hiệu bị cưỡi lên
cage_muzzle,7,Mõm lồng
shortstack_humanoid,7,Dạng người thấp và mũm mĩm
mouse_hood,0,Mũ trùm chuột
paw_shot,7,Cắt cảnh chân thú
urine_on_stomach,7,Nước tiểu trên bụng
pattern_capelet,7,Áo choàng ngắn hoa văn
diagonal-striped_neckerchief,0,Khăn quàng cổ chéo kẻ sọc
two_tone_helmet,7,Mũ bảo hiểm hai tông
spade_pendant,0,Mặt dây chuyền hình cái xẻng
cheek_grab,7,Bóp gò má
linked_collars,7,Cổ áo được nối
leather_(palico_armor),0,Da thuộc
excessive,7,Quá nhiều
multiple_balloons,7,Nhiều bóng bay
multicolored_tiara,0,Vương miện nhỏ nhiều màu
fluffy_head,7,Đầu lông xù
touching_abs,7,Chạm cơ bụng
unbuttoned_topwear,7,Trang phục thân trên mở khuy
older_on_top,7,Lớn tuổi hơn trên áo
floating_staff,0,Gậy trường lơ lửng
pointy_beak,7,Mỏ nhọn
balls_growth,7,Sự mọc tinh hoàn
asking_partner,7,Hỏi bạn tình
glistening_sheath,7,Bao dương vật bóng nhẫy
bee_boy,0,Cậu trai ong
large_prey,7,Con mồi lớn
cat_pajamas,0,Đồ ngủ mèo
antennae_grab,7,Bóp ăng-ten
knot_print,0,Họa tiết nút thắt
medical_fetish,7,Sở thích y tế
vulva_worship,7,Sự sùng bái âm hộ
tan_legwear,7,Đồ che chân màu nâu rám nắng
ankle_fluff,7,Lông tơ cổ chân
star-shaped_cookie,0,Bánh quy hình ngôi sao
duck_hood,0,Mũ trùm vịt
sports_drink,0,Đồ uống thể thao
crotch_fins,7,Vây đũng quần
crescent_pendant,0,Mặt dây chuyền hình lưỡi liềm
clitoris_expansion,7,Độ giãn âm vật
spotted_cheeks,7,Má có đốm
no_reflection,0,Không có ảnh phản chiếu
raised_forearm,7,Cẳng tay dựng lên
octopus_print,0,Họa tiết bạch tuộc
spanking_mark,7,Đét dấu
cybernetic_spine,7,Cột sống người máy cấy ghép
monotone_crop_top,7,Áo cắt ngắn một tông
lagomorph_genitalia,7,Bộ phận sinh dục bộ thỏ
gold_neckwear,7,Phụ kiện cổ vàng kim
vibrator_on_bulge,7,Đồ chơi rung trên phần phồng lên
locks,7,Lọn tóc
5_penises,7,Năm dương vật
top_knot,7,Nút thắt áo
cactus_girl,0,Cô gái xương rồng
pseudo_bottomwear,7,Đồ mặc dưới giả
wide_open,7,Rộng mở
royal_magic_wand_(svtfoe),0,Cây đũa phép thuật hoàng gia
silver_claws,0,Móng vuốt bạc
furgonomic_helmet,7,Mũ bảo hiểm nửa người nửa thú
dirty_legwear,0,Đồ che chân bẩn
tube_(container),0,Dạng ống
rain_drops,7,Giọt mưa
gold_claws,0,Móng vuốt vàng kim
milk_tank,7,Áo ba lỗ sữa
monotone_fingernails,7,Móng tay một tông
wet_thighs,7,Đùi ướt
towel_pull,0,Kéo khăn tắm
loss_(meme),0,Sự mất
pulling_balls,7,Đang kéo tinh hoàn
missing_head,7,Đầu thiếu
counting_sheep,0,Đang đếm cừu
solid_snake_(cosplay),0,Rắn màu đặc
outerwear,7,Áo khoác ngoài
lobster_girl,0,Cô gái tôm hùm
silver_legwear,0,Đồ che chân màu bạc
touching_another's_back,0,Chạm của người khác ngả về sau
military_gear,7,Bánh răng quân đội
gauze_on_thigh,0,Gạc y tế trên đùi
halo_removed,0,Vầng hào quang đã tháo ra
musky_paws,7,Bàn chân thú có mùi xạ hương
partial_penetration,7,Sự thâm nhập một phần
cum_on_own_butt,7,Tinh dịch trên mông của mình
character_popsicle,7,Cây kem que nhân vật
sheath_bulge,7,Chỗ lùm lùm bao dương vật
character_name_tattoo,0,Hình xăm nhân vật tên
stuffed_otter,0,Rái cá nhồi bông
stuffed_koala,0,Gấu túi nhồi bông
penguin_print,0,Họa tiết cánh cụt
bells_(animal_crossing),7,Chuông
lingerie_only,7,Chỉ có đồ lót nữ gợi cảm
crop_(anatomy),7,Cắt ngắn
egg_in_balls,7,Trứng trong tinh hoàn
no_hairclip,0,Không có kẹp tóc
frilly_collar,7,Cổ áo nhún diềm
divine_markings,0,Vằn thiêng liêng
moon_collar_tag,7,Nhãn vòng cổ mặt trăng
entwined,7,Quấn vào nhau
leggings_down,7,Quần legging hướng xuống
multicolored_sailor_collar,0,Cổ áo thủy thủ nhiều màu
peeking_through_door,7,Nhòm cánh cửa
pumpkin_ornament,0,Đồ trang trí bí ngô
spiral_cheeks,0,Má xoắn ốc
transformation_through_masturbation,7,Biến hình xuyên qua thủ dâm
metal_floor,0,Sàn nhà kim loại
pull,0,Kéo
neck_vulva,7,Âm hộ cổ
veiny_head,0,Đầu lộ gân
spotted_legwear,7,Đồ che chân có đốm
macro_gynomorph,7,Nhân vật gynomorph phóng to
obscured_pussy,7,Âm hộ bị che
fishnet_swimwear,7,Đồ bơi lưới
big_anal_beads,7,Hạt chuỗi hậu môn to
torn_blindfold,0,Băng bịt mắt bị rách
inner_thigh,7,Đùi mặt trong
triangle_button,0,Cúc áo hình tam giác
blood_on_mirror,0,Máu trên cái gương
stuffed_giraffe,0,Hươu cao cổ nhồi bông
inflating_balloon,7,Đang bơm to bóng bay
lipstick_mark_on_forehead,0,Dấu son môi trên trán
heart_gem,7,Đá quý trái tim
metal_tentacles,7,Xúc tu kim loại
pseudo_balls,7,Tinh hoàn giả
small_paws,7,Bàn chân thú nhỏ
vulva_transformation,7,Sự biến đổi âm hộ
teal_fingernails,7,Móng tay xanh cổ vịt
shell_print,0,Họa tiết vỏ
arrow_(anatomy),7,Mũi tên
electricity_symbol,7,Biểu tượng dòng điện
licking_floor,0,Đang liếm sàn nhà
two-sided_poncho,0,Áo poncho mặt hai
lap,7,Đùi
handless,7,Không có bàn tay
rope_around_ankle,7,Dây thừng quanh cổ chân
star_decoration,7,Đồ trang trí ngôi sao
precum_in_pussy,7,Dịch tiền xuất tinh trong âm hộ
elbow_drop,0,Giọt khuỷu tay
touching_chin,7,Chạm cằm
neck_corset,0,Áo corset cổ
floating_rocks,7,Tảng đá lơ lửng
candy_corn_pattern,7,Hoa văn ngô kẹo
stuffed_crab,0,Cua nhồi bông
clothed_to_topless,7,Mặc quần áo tới để ngực trần
multicolored_butterfly,0,Bướm nhiều màu
cum_on_topwear,7,Tinh dịch trên trang phục thân trên
angel_island,7,Đảo thiên thần
broken_collar,7,Cổ áo bị gãy
multicolored_headphones,7,Tai nghe nhiều màu
two-tone_headband,0,Băng đô hai tông
aqua_suit,0,Bộ đồ màu xanh ngọc
sniffing_own_armpit,7,Ngửi nách của mình
paper_plate,0,Cái đĩa giấy
shadowed,0,Có bóng
modern,7,Hiện đại
big_forehead,7,Trán to
balls_shot,7,Cắt cảnh tinh hoàn
butt_window,7,Cửa sổ mông
soda_(e.g.o),0,Nước ngọt
blood_on_head,7,Máu trên đầu
wasp_girl,0,Cô gái ong bắp cày
pilot_suit,7,Bộ đồ phi công
lipstick_mark_on_pussy,0,Dấu son môi trên âm hộ
numbers_above_head,0,Chữ số bên trên đầu
wrist_bell,0,Chuông cổ tay
bird_on_lap,0,Chim trên đùi
bulging_neck,7,Cổ lồi
aqua_wrist_cuffs,0,Ống bọc cổ tay cổ tay xanh ngọc
chain_tattoo,0,Hình xăm dây xích
tentacle_suit,7,Bộ đồ xúc tu
winged_skull,0,Đầu lâu có cánh
darkened_eyelids,7,Mí mắt tối đi
spiked_hood,0,Mũ trùm có gai
planet_symbol,7,Biểu tượng hành tinh
elemental_animal,0,Động vật nguyên tố
bandaid_on_hip,0,Băng cá nhân trên hông
plaid_border,0,Viền ảnh kẻ caro
religious_themes,7,Chủ đề tôn giáo
cum_on_feathers,7,Tinh dịch trên lông vũ
diagonal-striped_border,0,Viền ảnh chéo kẻ sọc
grabbing_wrist,7,Nắm cổ tay
pregnant_masturbation,7,Thủ dâm mang thai
dipstick_paws,7,Bàn chân thú hình que
prey_in_feces,7,Con mồi trong phân
older_andromorph,7,Nhân vật andromorph lớn tuổi hơn
torn_straps,0,Dây đeo bị rách
vaginal_fluids_on_balls,7,Dịch âm đạo trên tinh hoàn
internal_balls,7,Tinh hoàn bên trong
intersex_penetrating_feral,7,Liên giới tính thâm nhập động vật không nhân hóa
spoken_broken_heart,0,Trái tim trong bóng thoại bị gãy
fluffy_collar,0,Cổ áo lông xù
tan_frill,7,Diềm xếp nâu rám nắng
vertical-striped_collar,0,Cổ áo dọc kẻ sọc
elephant_boy,0,Cậu trai voi
unworn_bloomers,0,Quần phồng không mặc
monotone_neckwear,7,Phụ kiện cổ một tông
1987,0,Năm 1987
corset_only,7,Chỉ mặc áo corset
gauze_on_neck,0,Gạc y tế trên cổ
buttons_(nipples),7,Cúc áo
cat_eared_creature,7,Sinh vật có tai mèo
chocolate_on_pectorals,0,Sô-cô-la trên cơ ngực
honey_pot,7,Chậu mật ong
brown_veil,0,Màn che mặt nâu
stuffed_hedgehog,0,Nhím nhồi bông
lace-trimmed_sailor_collar,0,Cổ áo thủy thủ ren viền
bucket_of_milk,0,Xô sữa
crotch_crab,7,Cua đũng quần
two_tone_spikes,7,Gai nhọn hai tông
cum_in_ghost,7,Tinh dịch trong ma
wet_feathers,7,Lông vũ ướt
biker_girl,7,Cô gái mô tô
inverted_cross_print,0,Họa tiết đảo ngược chữ thập
multicolored_tattoo,7,Hình xăm nhiều màu
dry_suit,0,Bộ đồ khô
multiple_cumshots,7,Nhiều tinh dịch bắn ra
glass_mug,0,Cốc có quai thủy tinh
long_vulva,7,Âm hộ dài
handjob_with_legwear,0,Thủ dâm bằng tay kèm trang phục chân
spotted_headgear,7,Phụ kiện đội đầu có đốm
human_penetrating_gynomorph,7,Người thâm nhập nhân vật nữ có cơ quan sinh dục nam
inflated_butt,7,Mông phồng to
cat_pendant,0,Mặt dây chuyền mèo
huge_cumshot,7,Tinh dịch bắn ra khổng lồ
grabbing_both_knees,7,Nắm cả hai đầu gối
spread_plates,7,Cái đĩa dạng ra
star-shaped_gem,0,Đá quý hình ngôi sao
precum_on_own_balls,7,Dịch tiền xuất tinh trên tinh hoàn của mình
embroidered_legwear,0,Đồ che chân thêu
touching_cheek,7,Chạm má
sharp_beak,7,Mỏ sắc
cum_in_gills,7,Tinh dịch trong mang
daughter_penetrating_mother,7,Con gái thâm nhập mẹ
long_head,0,Đầu dài
double_thumbs_down,0,Ngón cái kép hướng xuống
candy_bowl,7,Bát kẹo
covering_butt,7,Che mông
outstretched_stomach,0,Bụng duỗi thẳng
mouse_print,0,Họa tiết chuột
head_on_another's_back,0,Đầu trên của người khác ngả về sau
countershade_tentacles,7,Xúc tu bóng ngược
snake_hood_markings,7,Vằn rắn mũ trùm
cum_as_lube,7,Tinh dịch như là chất bôi trơn
no_neck,0,Không có cổ
submissive_prey,7,Con mồi nhượng bộ
skeleton_horse,0,Ngựa bộ xương
saliva_drop,7,Giọt nước bọt
striped_antennae,7,Ăng-ten kẻ sọc
vaginal_fluids_on_egg,7,Dịch âm đạo trên trứng
sleeping_on_sofa,7,Đang ngủ trên ghế bành
camouflage_legwear,0,Đồ che chân rằn ri
lace_veil,0,Màn che mặt ren
head_empty,7,Đầu rỗng
multicolored_towel,7,Khăn tắm nhiều màu
pom_(decoration),7,Quả bông
7_heads,7,Bảy cái đầu
print_tube_top,0,Áo dạng ống họa tiết
striped_hood,0,Mũ trùm kẻ sọc
pride_flag_question_mark_(meme),0,Dấu hỏi hình cờ tự hào
lagomorph_vulva,7,Âm hộ bộ thỏ
peasant,0,Nông dân
candy_heart,0,Trái tim kẹo
covered_in_feces,7,Được che trong phân
gold_spikes,7,Gai nhọn vàng kim
curled,7,Uốn xoăn
teal_legwear,7,Đồ che chân màu xanh cổ vịt
can_insertion,7,Đưa vào lon
pussy_tentacle,0,Xúc tu âm hộ
see-through_wrist_cuffs,0,Vòng cổ tay xuyên thấu
six_pointed_star,0,Ngôi sao sáu nhọn
studded_anklet,0,Vòng chân đính đinh
1983,0,Năm 1983
leather_helmet,7,Mũ bảo hiểm da
head_wreath_removed,0,Vòng hoa đầu đã tháo ra
palm_leaves,7,Lá cọ
lace_bridal_gauntlets,0,Găng tay giáp cô dâu ren
tan_cheeks,7,Má nâu rám nắng
hyper_growth,7,Sự mọc phóng đại
multicolored_eyeshadow,0,Phấn mắt nhiều màu
multiple_chins,7,Nhiều cái cằm
egg_basket,7,Cái rổ trứng
tentacle_hood,7,Mũ trùm xúc tu
gem_on_head,0,Đá quý trên đầu
foreskin_worship,7,Sự sùng bái bao quy đầu
present_balloon_(animal_crossing),7,Bóng bay xuất hiện
mysterious,7,Bí ẩn
bottle_between_thighs,0,Cái chai giữa đùi
biting_coin,0,Đang cắn đồng xu
no_pawpads,7,Không có đệm chân thú
metal_fence,7,Hàng rào kim loại
torn_camisole,0,Áo hai dây bị rách
bee_print,0,Họa tiết ong
iron_collar,7,Cổ áo sắt
patchwork,7,Chắp vá
biting_foreskin,0,Đang cắn bao quy đầu
owner_mark,7,Dấu chủ nhân
knights_(ensemble_stars!),0,Hiệp sĩ
sticker_on_stomach,0,Nhãn dán trên bụng
person_on_back,0,Người trên lưng
patting_butt,7,Vỗ mông
animal_on_ass,0,Động vật trên mông
younger_prey,7,Con mồi nhỏ tuổi hơn
tied_tank_top,0,Áo ba lỗ được buộc
cum_in_toilet,7,Tinh dịch trong bồn cầu
cable_insertion,0,Đưa vào cáp
tank_truck,0,Xe tải áo ba lỗ
big_cumshot,7,Tinh dịch bắn ra to
wrist_scar,7,Sẹo cổ tay
paw_to_paw,7,Bàn chân thú tới bàn chân thú
tan_antennae,7,Ăng-ten nâu rám nắng
three_piece_suit,7,Bộ đồ ba mảnh
6_heads,7,Sáu cái đầu
elbow_cuffs,0,Ống bọc cổ tay khuỷu tay
blossoms,7,Hoa nở
wide_waist,7,Eo rộng
feather_mane,7,Bờm lông vũ
dice_pendant,0,Mặt dây chuyền xúc xắc
note_(gatchaman_crowds),0,Nốt nhạc
scorpion_(position),7,Bọ cạp
bound_thumbs,0,Ngón cái bị trói
gold_wristwear,7,Phụ kiện cổ tay vàng kim
removing_earbuds,0,Đang cởi tai nghe nhét tai
precum_on_floor,7,Dịch tiền xuất tinh trên sàn nhà
hamster_boy,0,Cậu trai chuột hamster
swallowing_saliva,7,Nuốt nước bọt
sun_ornament,0,Đồ trang trí mặt trời
precum_on_sheath,7,Dịch tiền xuất tinh trên bao kiếm
dog_on_lap,0,Chó trên đùi
back_towards_viewer,7,Lưng về phía người xem
equine_mane,7,Bờm ngựa
trap_(pmd),7,Trap
smooth_foreskin,7,Bao quy đầu trơn
skimpy_thong,7,Quần lót dây ít vải
jackets,0,Áo khoác
blood_moon_(league),0,Mặt trăng máu
mecha_on_girl,0,Mecha trên cô gái
humanoid_to_inanimate,7,Dạng người tới vô tri
hips_grab,7,Bóp hông
ship_interior,0,Bên trong con tàu
butt_fetish,7,Sở thích mông
licking_viewer,7,Đang liếm người xem
licking_candy,7,Đang liếm kẹo
corn_field,0,Cánh đồng ngô
hawaiian,7,Hawaii
large_fangs,7,Nanh lớn
heart_mole,7,Chuột chũi trái tim
assertive_intersex,7,Người liên giới tính tự tin
mole_on_testicles,0,Nốt ruồi trên tinh hoàn
heart_swimwear,7,Đồ bơi trái tim
aqua_hood,0,Mũ trùm màu xanh ngọc
wristband_only,7,Chỉ có băng cổ tay
pubic_scales,7,Vảy vùng kín
leaf_tattoo,0,Hình xăm chiếc lá
organ_penetration,7,Sự thâm nhập nội tạng
no_headband,0,Không có băng đô
towel_lift,0,Nâng lên khăn tắm
print_handwear,7,Đồ che tay họa tiết
energy_claws,0,Móng vuốt năng lượng
skinny_human,7,Người gầy gò
chin_on_head,7,Cằm trên đầu
teal_collar,7,Cổ áo màu xanh cổ vịt
energy_axe,0,Rìu năng lượng
tentacle_on_pussy,7,Xúc tu trên âm hộ
hairy_back,7,Lưng nhiều lông
offering_hug,7,Đưa cho ôm
badger_girl,0,Cô gái lửng
vertical-striped_corset,0,Áo corset dọc kẻ sọc
chain_position,7,Tư thế dây xích
panda_ornament,0,Đồ trang trí gấu trúc
objects_in_condom,7,Vật thể trong bao cao su
stage_of_magic_(idolmaster),0,Sân khấu phép thuật
ribbed_collar,0,Cổ áo sống dọc
see-through_frills,0,Viền bèo xuyên thấu
multiple_stomachs,7,Nhiều cái bụng
back_feathers,7,Lông vũ lưng
glass_floor,0,Sàn nhà thủy tinh
exposed_hips,7,Lộ hông
pumpkin_balls,7,Tinh hoàn bí ngô
precum_through_bottomwear,7,Dịch tiền xuất tinh xuyên qua trang phục thân dưới
multicolored_inner_pussy,7,Âm hộ nhiều màu mặt trong
pattern_wall,7,Bức tường hoa văn
sheep_print,0,Họa tiết cừu
eight-pointed_star,0,Ngôi sao tám nhọn
two_tone_spots,7,Đốm hai tông
vine_tentacle,0,Xúc tu dây leo
diamond_plate,0,Cái đĩa hình thoi
multiple_faces,0,Nhiều khuôn mặt
2_thumbs,7,Hai ngón cái
bat_(shape),7,Dơi
bulge_expansion,7,Độ giãn chỗ lùm lùm
pajamas_only,7,Chỉ có đồ ngủ
oversized_spider,0,Nhện quá khổ
flame_torture,7,Tra tấn ngọn lửa
censored_testicles,0,Tinh hoàn đã kiểm duyệt
bound_snout,7,Mõm bị trói
ruffled_collar,7,Cổ áo xếp tầng
tan_floor,7,Sàn nhà nâu rám nắng
kangaroo_girl,0,Cô gái chuột túi
latex_mermaid,7,Nàng tiên cá cao su
aqua_helmet,0,Mũ bảo hiểm màu xanh ngọc
vulva_markings,7,Vằn âm hộ
torn_suit,7,Bộ vest bị rách
golden_axe_(weapon),0,Rìu màu vàng
offering_gift,7,Đưa cho quà tặng
rope_knot,7,Nút thắt dây thừng
pendant_only,7,Chỉ có mặt dây chuyền
poking_stomach,7,Đang chỉ vào bụng
freckled_neck,7,Cổ có tàn nhang
chin-chin,0,Cằm cằm
cum_on_cake,7,Tinh dịch trên bánh ngọt
popsicle_in_ass,7,Cây kem que trong mông
metal_wall,7,Bức tường kim loại
metal_balls,7,Tinh hoàn kim loại
character_ornament,0,Đồ trang trí nhân vật
shell_pasties,0,Miếng che ngực vỏ
no_harness,0,Không có đai buộc
skull_pattern,7,Hoa văn đầu lâu
detailed_foreskin,7,Bao quy đầu có chi tiết
dragonfly_print,0,Họa tiết chuồn chuồn
pattern_suit,7,Bộ đồ hoa văn
butler_(fire_emblem:_three_houses),0,Quản gia
paw_pattern,7,Hoa văn chân thú
lace_thigh_strap,0,Dây đeo đùi ren
cumshot_in_pussy,7,Xuất tinh lên ảnh trong âm hộ
3_balls,7,Ba tinh hoàn
slide_(sound_effect),7,Cầu trượt
farting_underwater,7,Đánh rắm vào dưới nước
crouching_over_partner,7,Đang cúi người phía trên bạn tình
magic_chain,7,Dây chuyền phép thuật
big_chin,7,Cằm to
clothed_to_bottomless,7,Mặc quần áo tới không mặc quần
skinny_gynomorph,7,Nhân vật gynomorph gầy gò
watermelon_between_thighs,0,Dưa hấu giữa đùi
candle_insertion,7,Đưa vào nến
washing_animal,0,Đang giặt động vật
cat_zipper,0,Khóa kéo mèo
whale_ornament,0,Đồ trang trí cá voi
stuffed_shrimp,0,Tôm nhồi bông
striped_cheeks,7,Má kẻ sọc
vertical-striped_capelet,0,Áo choàng ngắn dọc kẻ sọc
crossed_knees,0,Đầu gối chéo
two_tone_thong,7,Quần lót dây hai tông
gums_showing,7,Nướu lộ ra
tan_tank_top,7,Áo hai dây nâu rám nắng
twitching_testicles,0,Tinh hoàn giật giật
internal_sheath,7,Bao dương vật bên trong
muzzle_in_pussy,7,Mõm trong âm hộ
taller_partner,7,Bạn tình cao hơn
forearm_tattoo,7,Hình xăm cẳng tay
translucent_curtains,7,Rèm bán trong suốt
tied_to_butt,7,Trói vào mông
andromorph_penetrating_intersex,7,Nhân vật andromorph thâm nhập liên giới tính
hypnotic_helmet,7,Mũ bảo hiểm bị thôi miên
tentacle_growth,7,Sự mọc xúc tu
snowflake_marking,7,Vằn bông tuyết
print_armwear,7,Đồ che tay họa tiết
metal_bondage,7,Trói buộc kim loại
metal_helmet,7,Mũ bảo hiểm kim loại
waterfall_(undertale),0,Thác nước
honey_strap,0,Dây đeo mật ong
mane_bun,7,Búi tóc bờm
liquids,7,Dạng lỏng
translucent_thong,7,Quần lót dây bán trong suốt
feral_to_human,7,Động vật không nhân hóa tới người
brown_lipstick,7,Son môi nâu
crotch_markings,7,Vằn đũng quần
checkered_border,0,Viền ảnh kẻ ca-rô
acorn_(palico_armor),0,Quả sồi
teal_spots,7,Đốm xanh cổ vịt
cheetah_boy,0,Cậu trai báo gấm
orgasm_beam,0,Chùm lên đỉnh
fiery_headphones,0,Tai nghe bằng lửa
big_spikes,7,Gai nhọn to
brown_butterfly,0,Bướm nâu
heart_headband,0,Băng đô trái tim
diamond_pattern,7,Hoa văn hình thoi
empty_bowl,0,Bát trống
ass_zipper,0,Khóa kéo mông
moon_behind_head,0,Mặt trăng phía sau đầu
pubic_markings,7,Vằn vùng kín
washing_partner,7,Đang giặt bạn tình
gold_armwear,7,Đồ che tay màu vàng kim
flying_pig,0,Lợn bay
meiji_milk_chocolate,0,Sô-cô-la sữa Minh Trị
cock_dog,7,Chó dương vật
multicolored_pajamas,0,Đồ ngủ nhiều màu
blood_on_balls,7,Máu trên tinh hoàn
notched_leaf,7,Lá chẻ
lion_hood,0,Mũ trùm sư tử
lace_lingerie,7,Đồ lót nữ ren
cat_tattoo,0,Hình xăm mèo
licking_crotch,7,Đang liếm đũng quần
animal_skull_ornament,0,Đồ trang trí đầu lâu động vật
jelly_drink,0,Đồ uống thạch
ankle_spikes,7,Gai nhọn cổ chân
living_thong,7,Quần lót dây có sự sống
keyhole_topwear,7,Áo lỗ khóa
two-tone_scrunchie,0,Dây buộc tóc hai tông
basket_on_head,0,Cái rổ trên đầu
two-sided_tailcoat,0,Áo đuôi tôm mặt hai
skinny_intersex,7,Người liên giới tính gầy gò
presenting_stomach,0,Bụng chĩa ra
cutting_onions,0,Đang cắt hành tây
two_tone_inner_pussy,7,Âm hộ hai tông mặt trong
wooden_cup,0,Cốc bằng gỗ
floral_print_veil,0,Màn che mặt họa tiết thêu hoa
poking_butt,7,Đang chỉ vào mông
jackal_(hellsing),0,Chồn sói
legwear_pull,7,Đang kéo trang phục chân
petals_on_ground,0,Cánh hoa trên mặt đất
blood_on_thigh,0,Máu trên đùi
fluids_on_ground,7,Dịch trên mặt đất
leather_lingerie,7,Đồ lót nữ da
elbow_markings,7,Vằn khuỷu tay
short_beak,7,Mỏ ngắn
clean,0,Sạch
1986,0,Năm 1986
antler_growth,7,Sự mọc gạc hươu
pattern_crop_top,7,Áo cắt ngắn hoa văn
print,7,Họa tiết
robotics,7,Người máy
spotted_paws,7,Bàn chân thú có đốm
glistening_cheeks,7,Má bóng nhẫy
translucent_crop_top,7,Áo cắt ngắn bán trong suốt
heart_frame,0,Khung hình trái tim
top_down,7,Áo hướng xuống
steaming_pussy,7,Âm hộ đang bốc khói
rope_fence,0,Hàng rào dây thừng
turtleneck_lift,0,Nâng lên cổ lọ
slit_outline,7,Đường viền xẻ tà
goo_in_ass,7,Nhầy trong mông
pointing_back,7,Chỉ tay ngả về sau
v_over_crotch,0,Tư thế chữ V phía trên đũng quần
frilled_shark,0,Cá mập nhún xếp
feathered_helmet,0,Mũ bảo hiểm có lông vũ
indian,7,Ấn Độ
two_tone_border,7,Viền ảnh hai tông
brown_whiskers,7,Râu mèo nâu
resting_on_balls,7,Nghỉ trên tinh hoàn
alien_print,0,Họa tiết ngoài hành tinh
erection_under_swimwear,7,Cương cứng bên dưới đồ bơi
darkened_foreskin,7,Bao quy đầu tối đi
undersized_bottomwear,7,Đồ mặc dưới quá nhỏ
plaid_wrist_cuffs,0,Ống bọc cổ tay cổ tay kẻ caro
vibrator_on_chastity_device,7,Đồ chơi rung trên đai cấm dục
height_growth,0,Sự mọc chiều cao
musical_note_tattoo,0,Hình xăm nốt nhạc âm nhạc
tripping_balls,7,Vấp phải tinh hoàn
elderly_humanoid,7,Dạng người lớn tuổi
deer_spots,7,Đốm nai
loose_pussy,7,Âm hộ rộng
dipstick_tentacles,7,Xúc tu hình que
micro_on_macro,7,Rất nhỏ trên cận cảnh
alternate_tattoo,0,Hình xăm khác
metal_beads,7,Hạt chuỗi kim loại
veiny_sheath,7,Bao dương vật lộ gân
carpet_floor,7,Sàn nhà thảm trải sàn
octopus_(food),0,Bạch tuộc
sparkle_censor,0,Kiểm duyệt ánh lấp lánh
tattoo_on_thigh,7,Hình xăm trên đùi
blanket_only,7,Chỉ có chăn
half_lotus_position,0,Tư thế sen một nửa
lavender_(diaper),7,Màu tím oải hương
stuffed_goat,0,Dê nhồi bông
animal_on_stomach,0,Động vật trên bụng
touching_back,7,Chạm lưng
pendant_removed,0,Mặt dây chuyền đã tháo ra
skunk_boy,0,Cậu trai chồn hôi
pectorals_on_glass,0,Cơ ngực trên thủy tinh
argyle_topwear,7,Áo kẻ quả thoi
rabbits_(ensemble_stars!),0,Thỏ
precum_on_partner,7,Dịch tiền xuất tinh trên bạn tình
precum_through_chastity_cage,7,Dịch tiền xuất tinh xuyên qua lồng trinh tiết
objects_in_cum,7,Vật thể trong tinh dịch
pattern_towel,7,Khăn tắm hoa văn
cum_in_head,7,Tinh dịch trong đầu
musky_sheath,7,Bao dương vật có mùi xạ hương
musky_armpits,7,Nách có mùi xạ hương
hollow_(e.g.o),0,Trũng
planet_rings,7,Nhẫn hành tinh
spider_tank,0,Áo ba lỗ nhện
cat_testicles,0,Tinh hoàn mèo
ejaculation_from_handjob,7,Xuất tinh từ thủ dâm bằng tay
striped_hakama,0,Quần hakama kẻ sọc
fish_on_head,0,Cá trên đầu
greek_helmet,0,Mũ bảo hiểm Hy Lạp
saliva_on_perineum,7,Nước bọt trên tầng sinh môn
divine,7,Thiêng liêng
triangular_cloaca,7,Lỗ huyệt hình tam giác
leaf_wreath,0,Vòng hoa chiếc lá
no_symbol_tattoo,0,Không có hình xăm biểu tượng
saliva_as_lube,7,Nước bọt như là chất bôi trơn
ankle_chain,7,Dây chuyền cổ chân
rain_on_window,7,Mưa trên cửa sổ
stuffed_deer,0,Hươu nhồi bông
raincoat_only,7,Chỉ có áo mưa
bird_tattoo,0,Hình xăm chim
mushroom_transformation,7,Sự biến đổi nấm
lace-trimmed_tank_top,0,Áo hai dây ren viền
cum_on_thigh_highs,7,Tinh dịch trên tất cao đùi
vanilla,0,Vani
bovine_balls,7,Tinh hoàn bò
curved_claws,7,Móng vuốt cong
frowning_at_partner,7,Nhăn mặt với bạn tình
licking_cum_from_pussy,7,Đang liếm tinh dịch từ âm hộ
2_faces,7,Hai khuôn mặt
syringe_in_head,0,Ống tiêm trong đầu
cum_on_mirror,7,Tinh dịch trên cái gương
glistening_spikes,7,Gai nhọn bóng nhẫy
frilled_neckerchief,0,Khăn quàng cổ nhún xếp
halo_(device),7,Vầng hào quang
balls_on_floor,7,Tinh hoàn trên sàn nhà
front_door,7,Cánh cửa phía trước
pig_print,0,Họa tiết lợn
dirt_floor,0,Sàn nhà bụi bẩn
unworn_kneehighs,0,Tất đầu gối không mặc
energy_field,0,Cánh đồng năng lượng
talking_animal,0,Nói chuyện với động vật
iridescent_mane,7,Bờm ánh kim
open_skull,0,Đầu lâu mở
micro_on_paw,7,Rất nhỏ trên bàn chân thú
paw_(marking),7,Bàn chân thú
heart_pockets,0,Túi áo trái tim
tan_back,7,Lưng nâu rám nắng
tan_beard,7,Râu nâu rám nắng
mole_on_hip,0,Nốt ruồi trên hông
teal_tank_top,7,Áo hai dây xanh cổ vịt
detailed_balls,7,Tinh hoàn có chi tiết
chain_pull,0,Kéo dây xích
saliva_on_neck,7,Nước bọt trên cổ
torn_photo,0,Ảnh chụp bị rách
metal_door,0,Cánh cửa kim loại
son_prey,7,Con mồi con trai
twin_towers,7,Tháp đôi
feral_penetrating_andromorph,7,Động vật không nhân hóa thâm nhập nhân vật andromorph
frame_(idolmaster),0,Khung hình
pussy_juice_on_thighs,7,Dịch âm hộ trên đùi
towel_drop,7,Giọt khăn tắm
animal_sticker,0,Nhãn dán động vật
wool_handwear,7,Đồ che tay len
print_veil,0,Màn che mặt họa tiết
twitching_pussy,0,Âm hộ giật giật
hairy_thighs,7,Đùi nhiều lông
fetish_gear,7,Bánh răng sở thích
glistening_thong,7,Quần lót dây bóng nhẫy
squatting_on_person,0,Đang ngồi xổm trên người
huge_vulva,7,Âm hộ khổng lồ
zipper_swimwear,7,Đồ bơi khóa kéo
plastic_spoon,0,Thìa nhựa
anklet_(marking),7,Vòng chân
strawberry_ornament,0,Đồ trang trí dâu tây
sheep_head,0,Đầu cừu
long_feathers,7,Lông vũ dài
frilled_curtains,0,Rèm nhún xếp
glistening_helmet,7,Mũ bảo hiểm bóng nhẫy
older_on_loli,7,Lớn tuổi hơn trên nhân vật nhỏ tuổi
licking_lemon,0,Đang liếm chanh
fish_hood,0,Mũ trùm cá
orgasm_torture,7,Tra tấn lên đỉnh
print_curtains,0,Rèm họa tiết
see-through_hood,0,Mũ trùm xuyên thấu
paint_on_butt,7,Màu vẽ trên mông
skunk_stripe,7,Sọc chồn hôi
feather_beard,7,Râu lông vũ
bear_claws,0,Móng vuốt gấu
magical_transformation,7,Sự biến đổi kỳ diệu
spirals,7,Đường xoáy
4_paws,7,Bốn bàn chân thú
flat_stomach,7,Bụng phẳng
alternate_piercings,0,Khuyên khác
brown_strap,0,Dây đeo nâu
gorilla_boy,0,Cậu trai khỉ đột
hyper_head,7,Đầu phóng đại
blood_on_paper,0,Máu trên giấy
bound_calves,0,Bắp chân bị trói
regal,7,Hoàng gia
pseudo_beard,7,Râu giả
military_patch,0,Miếng vá quân đội
goo_bondage,7,Trói buộc nhầy
tan_whiskers,7,Râu mèo nâu rám nắng
feeding_bottle,7,Đút cho cái chai
inner_foreskin,7,Bao quy đầu mặt trong
shaking_balls,7,Đang lắc tinh hoàn
cum_on_photo,7,Tinh dịch trên ảnh chụp
blowing_balloon,7,Thổi bóng bay
undershirt_peek,0,Áo lót trong lấp ló
cum_on_own_head,7,Tinh dịch trên đầu của mình
dildo_pull_out,7,Kéo dương vật giả thò ra
cum_on_feces,7,Tinh dịch trên phân
shield_wall,0,Bức tường khiên
lightless,7,Không có nhạt
plaid_hood,0,Mũ trùm kẻ caro
balls_on_planet,7,Tinh hoàn trên hành tinh
see-through_overskirt,0,Chân váy phủ ngoài xuyên thấu
feral_penetrating_gynomorph,7,Động vật không nhân hóa thâm nhập nhân vật nữ có cơ quan sinh dục nam
bottomwear_around_ankles,7,Trang phục thân dưới quanh cổ chân
grid_floor,7,Sàn nhà lưới
bottle_in_pussy,7,Cái chai trong âm hộ
monotone_neckerchief,7,Khăn quàng cổ một tông
feces_on_ass,7,Phân trên mông
overalls_removed,0,Quần yếm đã tháo ra
pussy_out_of_frame,0,Âm hộ thò ra khung hình
pulling_back,0,Đang kéo lưng
brown_latex,7,Cao su nâu
heart_crown,0,Vương miện trái tim
dog_head,0,Đầu chó
cum_on_pubes,7,Tinh dịch trên lông mu
sharp_spikes,7,Gai nhọn sắc
head_plate,7,Cái đĩa đầu
precum_on_ass,7,Dịch tiền xuất tinh trên mông
narrow_beak,7,Mỏ hẹp
poking_cheek,7,Đang chỉ vào má
plaid_towel,0,Khăn tắm kẻ caro
armlet_(marking),7,Vòng tay
unusual_clitoris,7,Âm vật bất thường
cake_decoration,0,Đồ trang trí bánh ngọt
unworn_veil,0,Màn che mặt không mặc
floral_topwear,7,Áo thêu hoa
glistening_mane,7,Bờm bóng nhẫy
capelet_lift,0,Nâng lên áo choàng ngắn
crescent_cutout,0,Lỗ cắt hình lưỡi liềm
veiny_clitoris,7,Âm vật lộ gân
paw_pendant,0,Mặt dây chuyền chân thú
sextuple_penetration,7,Sáu sự thâm nhập
ladder_cutout,0,Lỗ cắt cái thang
pussy_towards_viewer,7,Âm hộ về phía người xem
broken_skull,0,Đầu lâu bị gãy
broken_wrist,7,Cổ tay bị gãy
outline_star,7,Ngôi sao đường viền
muzzle_strap,7,Dây đeo mõm
micro_in_ass,7,Rất nhỏ trong mông
heart_lock,7,Lọn tóc trái tim
flat_top,7,Áo phẳng
visible_bone,7,Xương lộ rõ
head_turned_sideways,7,Đầu quay đi nghiêng bên
mounted_dildo,0,Dương vật giả bị cưỡi lên
gynomorph_rimming_gynomorph,7,Nhân vật nữ có cơ quan sinh dục nam liếm hậu môn nhân vật nữ có cơ quan sinh dục nam
clitoris_band,7,Dải băng âm vật
3_vulvas,7,Ba âm hộ
removing_topwear,7,Đang cởi trang phục thân trên
licking_soles,7,Đang liếm lòng bàn chân
monotone_skinsuit,7,Bộ đồ ôm sát một tông
drops,7,Giọt
footless,7,Không có bàn chân
grabbing_diaper,7,Nắm tã lót
feral_to_humanoid,7,Động vật không nhân hóa tới dạng người
hamster_on_head,0,Chuột hamster trên đầu
thighs_crossed,7,Đùi bắt chéo
glistening_snout,7,Mõm bóng nhẫy
intersex_pride_colors,7,Màu tự hào liên giới tính
resting_on_condom,7,Nghỉ trên bao cao su
whisker_growth,7,Sự mọc râu mép
bear_head,0,Đầu gấu
squid_print,0,Họa tiết mực
gold_makeup,7,Trang điểm vàng kim
mechanical_heart,0,Trái tim cơ khí
dildo_on_wall,7,Dương vật giả trên bức tường
biting_leash,7,Đang cắn dây dắt
diagonal-striped_legwear,0,Đồ che chân chéo kẻ sọc
skull_pendant,0,Mặt dây chuyền đầu lâu
vibrator_on_soles,0,Đồ chơi rung trên lòng bàn chân
orgasm_from_handjob,7,Cực khoái từ thủ dâm bằng tay
diaper_corset,7,Áo corset tã lót
controller_on_thigh,7,Tay cầm chơi game trên đùi
person_and_furrification,0,Người và hoá thú
demon_hood,0,Mũ trùm quỷ
burning_photo,0,Ảnh chụp đang cháy
two-tone_corset,0,Áo corset hai tông
serene,7,Yên bình
lace_wrist_cuffs,0,Ống bọc cổ tay cổ tay ren
shaved_armpit,7,Nách cạo ngắn
monotone_eyelids,7,Mí mắt một tông
older_on_shota,7,Lớn tuổi hơn trên shota
spade_ornament,0,Đồ trang trí hình cái xẻng
macro_intersex,7,Người liên giới tính phóng to
vaginal_knot_hanging,7,Nút thắt âm đạo thõng xuống
hourglass_print,0,Họa tiết đồng hồ cát
striped_crop_top,7,Áo cắt ngắn kẻ sọc
alternate_(the_mandela_catalogue),0,Khác
tentacles_around_waist,7,Xúc tu quanh eo
neck_stripes,7,Sọc cổ
toned_butt,7,Mông thon săn
winged_eyeliner,7,Kẻ mắt có cánh
single_strap_swimwear,7,Đồ bơi dây một chiếc
fluids_on_viewer,7,Dịch trên người xem
opera,0,Ô-pê-ra
hip_strap,0,Dây đeo hông
monotone_headphones,7,Tai nghe một tông
polka_dot_bloomers,0,Quần phồng chấm bi
big_hammer,7,Búa to
chin_stud,7,Khuyên nụ cằm
floating_gem,0,Đá quý lơ lửng
leash_towards_viewer,7,Dây dắt về phía người xem
faceless_hood,0,Mũ trùm không mặt
owner,7,Chủ nhân
empty_sheath,7,Bao dương vật trống
diaper_butt,7,Mông tã lót
bowl_boat,0,Thuyền cái bát
fishnet_tank_top,7,Áo hai dây lưới
balloon_print,7,Họa tiết bóng bay
barely_visible_knot,7,Nút thắt hầu như không lộ rõ
christmas_legwear,7,Đồ che chân Giáng sinh
predators,7,Vật săn mồi
clitoris_bell,7,Chuông âm vật
covering_stomach,0,Che bụng
two_tone_headband,7,Băng đô hai tông
worm_girl,0,Cô gái giun
chinese_border,0,Viền ảnh Trung Quốc
bushy,7,Rậm
tapir_print,0,Họa tiết heo vòi
walrus_boy,0,Cậu trai hải mã
pointing_at_butt,7,Chỉ vào mông
undressing_crabs,7,Đang cởi cua
paw_on_thigh,7,Bàn chân thú trên đùi
unicorn_print,0,Họa tiết kỳ lân
lion_(macross_frontier),0,Sư tử
snout_overhang,7,Vạt thừa mõm
lined,7,Có lớp lót
magic_tentacle,7,Xúc tu phép thuật
tan_outline,7,Đường viền nâu rám nắng
pattern_balloon,7,Bóng bay hoa văn
touching_neck,7,Chạm cổ
metallic_tentacles,7,Xúc tu ánh kim
candle_in_ass,7,Nến trong mông
wet_swimwear,7,Đồ bơi ướt
tan_crop_top,7,Áo cắt ngắn màu nâu rám nắng
zombie_(bleach),0,Thây ma
athletic_feral,7,Nhân vật bán thú cường tráng
nightgown_only,7,Chỉ có áo ngủ
broken_zipper,7,Khóa kéo bị gãy
triple_tiara_(umamusume),0,Ba vương miện nhỏ
cum_between_thighs,7,Tinh dịch giữa đùi
brown_tentacles,7,Xúc tu nâu
snow_animal,0,Động vật tuyết
hip_growth,7,Sự mọc hông
touching_thighs,7,Chạm đùi
head_on_hip,7,Đầu trên hông
folding_paizuri,0,Đang gấp ép ngực vào dương vật
onion_(pikmin),0,Hành tây
crouching_over_viewer,7,Đang cúi người phía trên người xem
grabbing_muzzle,7,Nắm mõm
presenting_pectorals,0,Cơ ngực chĩa ra
precum_on_head,7,Dịch tiền xuất tinh trên đầu
egg_print,0,Họa tiết trứng
coil_(dimension_w),0,Cuộn tròn
wrist_spikes,7,Gai nhọn cổ tay
bondage_wrist_cuff,7,Ống tay cổ tay trói buộc
bone_ornament,0,Đồ trang trí xương
half-brothers,7,Anh em trai một nửa
humid,7,Ẩm ướt
human_on_demon,7,Người trên quỷ
raised_crop_top,7,Áo cắt ngắn dựng lên
butterfly_cutout,0,Lỗ cắt bươm bướm
3_tongues,7,Ba cái lưỡi
tunic_lift,0,Nâng lên áo tuynic
spotted_tentacles,7,Xúc tu có đốm
teal_hooves,7,Vó xanh cổ vịt
floating_dildo,7,Dương vật giả lơ lửng
cake_transformation,7,Sự biến đổi bánh ngọt
monotone_thong,7,Quần lót dây một tông
multiple_armlets,0,Nhiều vòng đeo tay
touching_forehead,0,Chạm trán
multi_nostril,7,Nhiều lỗ mũi
flag_topwear,7,Áo hình cờ
leaf_print_topwear,7,Áo họa tiết chiếc lá
hooded_poncho,0,Áo poncho có mũ trùm
half-brother,7,Anh em trai một nửa
phantom_masturbation,7,Thủ dâm hư ảo
metal_plates,7,Cái đĩa kim loại
bound_neck,0,Cổ bị trói
name_on_collar,7,Tên trên vòng cổ
portraits,7,Ảnh chân dung
convenient_tentacle,0,Xúc tu tiện ích
pattern_thong,7,Quần lót dây hoa văn
brown_headgear,7,Phụ kiện đội đầu nâu
fin_growth,7,Sự mọc vây
sugar_skull,7,Đầu lâu đường
penguin_boy,0,Cậu trai cánh cụt
gauze_on_forehead,0,Gạc y tế trên trán
brown_thong,7,Quần lót dây nâu
aqua_eyeliner,0,Kẻ mắt xanh ngọc
coil,0,Cuộn tròn
casual_orgasm,7,Lên đỉnh thường ngày
no_piercings,0,Không có khuyên
puffy_collar,0,Cổ áo phồng
bone_bulge,7,Chỗ lùm lùm xương
8_heads,7,Tám cái đầu
throwing_petals,0,Đang ném cánh hoa
cum_in_mug,7,Tinh dịch trong cốc có quai
stuffed_pegasus,0,Ngựa có cánh nhồi bông
cow_print_wrist_cuffs,0,Ống bọc cổ tay cổ tay họa tiết bò
dotted_outline,7,Đường viền chấm tròn
zipper_legwear,0,Đồ che chân khóa kéo
magical_girl_transformation,7,Sự biến đổi nữ kỳ diệu
floating_blood,0,Máu lơ lửng
athletic_top,7,Áo cường tráng
horse_mane,7,Bờm ngựa
vine_penetration,7,Sự thâm nhập dây leo
pussy_from_back,7,Âm hộ từ lưng
teal_lipstick,7,Son môi xanh cổ vịt
ankle_fins,0,Vây cổ chân
crouching_tiger_position,7,Ngồi xổm tư thế hổ
covering_pecs,0,Che cơ ngực
tied_diaper,7,Tã lót được buộc
tan_clitoris,7,Âm vật nâu rám nắng
spiral_elbows,7,Khuỷu tay xoắn ốc
drawing_on_snow,0,Hình vẽ trên tuyết
open_top,7,Áo mở
musky_ass,7,Mông có mùi xạ hương
spinning_cat_(meme),0,Đang xoay mèo
chain_axe,0,Rìu dây xích
musical_note_(marking),7,Nốt nhạc
very_long_veil,0,Màn che mặt rất dài
veil_only,7,Chỉ đeo màn che mặt
vibrator_in_slit,7,Đồ chơi rung trong xẻ tà
cross-laced_collar,0,Cổ áo chữ thập buộc dây
clitoris_to_collar,7,Âm vật tới vòng cổ
plaid_corset,0,Áo corset kẻ caro
torn_headband,0,Băng đô bị rách
skull_in_condom,7,Đầu lâu trong bao cao su
lipstick_mark_tattoo,0,Hình xăm vệt son môi
spreading_partner,7,Bạn tình mở rộng
floating_lights,0,Đèn lơ lửng
twin_towers_(new_york_city),7,Tháp đôi
bleeding_heart_(flower),0,Trái tim đang chảy máu
head_removed,0,Đầu đã tháo ra
vaginal_fluids_between_thighs,7,Dịch âm đạo giữa đùi
two-page_spread,0,Hai cái trang dạng ra
hip_fluff,7,Lông tơ hông
cum_on_beard,7,Tinh dịch trên râu quai nón
sun_halo,0,Vầng hào quang mặt trời
glistening_bulge,7,Chỗ lùm lùm bóng nhẫy
giraffe_boy,0,Cậu trai hươu cao cổ
removing_gag,0,Đang cởi nhét miệng
throbbing_clitoris,7,Âm vật giật thình thịch
licking_tentacle,0,Đang liếm xúc tu
dirty_paws,7,Bàn chân thú bẩn
island_turtle,0,Rùa đảo
anal_pull_out,7,Kéo hậu môn thò ra
fin_markings,7,Vằn vây
transformation_through_cum,7,Biến hình xuyên qua tinh dịch
popsicle_in_pussy,7,Cây kem que trong âm hộ
collar_chain,7,Dây chuyền cổ áo
circle_print,0,Họa tiết hình tròn
tentacle_on_head,7,Xúc tu trên đầu
brown_crop_top,7,Áo cắt ngắn màu nâu
anal_fluids_on_butt,7,Dịch hậu môn trên mông
tentacles_around_neck,7,Xúc tu quanh cổ
rope_collar,7,Cổ áo dây thừng
tents,7,Lều
cat_suit_(mario),7,Bộ đồ mèo
stained_glass_print,0,Họa tiết thủy tinh vấy bẩn
aqua_pussy,0,Âm hộ xanh ngọc
fang_growth,7,Sự mọc nanh
imminent_cumshot,7,Tinh dịch bắn ra sắp xảy ra
bound_testicles,0,Tinh hoàn bị trói
wet_ass,7,Mông ướt
giraffe_genitalia,7,Bộ phận sinh dục hươu cao cổ
cheese_print,0,Họa tiết phô mai
head_stripes,7,Sọc đầu
sweaty_sheath,7,Bao dương vật đầm mồ hôi
monotone_inner_pussy,7,Âm hộ một tông mặt trong
twirling_mustache,0,Đang xoắn ria mép
monotone_headgear,7,Phụ kiện đội đầu một tông
blindfold_down,0,Băng bịt mắt hướng xuống
hyper_expansion,7,Độ giãn phóng đại
torn_tunic,0,Áo tuynic bị rách
one_paw_up,7,Một bàn chân thú hướng lên
winged_cat,0,Mèo có cánh
skeleton_snake,0,Rắn bộ xương
crab_position,7,Tư thế cua
butterfly_facial_mark,0,Dấu trên mặt bươm bướm
head_in_toilet,7,Đầu trong bồn cầu
head_penetration,7,Sự thâm nhập đầu
soda_suit,7,Bộ đồ nước ngọt
chocolate_heart,7,Trái tim sô-cô-la
torn_tube_top,0,Áo dạng ống bị rách
extra_pussies,0,Thêm âm hộ
alternate_print,0,Họa tiết khác
badger_boy,0,Cậu trai lửng
poking_ass,0,Đang chỉ vào mông
diaper_hood,7,Mũ trùm tã lót
double_door,7,Cánh cửa kép
snout_lick,7,Liếm mõm
mustelid_vulva,7,Âm hộ họ chồn
tank_top_pull,7,Kéo áo ba lỗ áo
beverage_in_sheath,7,Đồ uống trong bao kiếm
paw_mark,7,Dấu chân thú
thigh_window,7,Cửa sổ đùi
licking_feces,7,Đang liếm phân
cum_from_handjob,7,Tinh dịch từ thủ dâm bằng tay
cybernetic_head,7,Đầu người máy cấy ghép
goat_skull,0,Đầu lâu dê
stud_piercings,0,Khuyên khuyên nụ
reaching_down,7,Đang với tay hướng xuống
precum_on_stomach,7,Dịch tiền xuất tinh trên bụng
folding_stool,0,Đang gấp ghế đẩu
ripped_seam,7,Đường may xé rách
grabbing_sides,7,Nắm lệch bên
broken_lock_symbol,7,Biểu tượng bị gãy lọn tóc
chin,7,Cằm
no_veil,0,Không có màn che mặt
plate_on_head,0,Chiếc đĩa trên đầu
blood_from_head,7,Máu từ đầu
translucent_towel,7,Khăn tắm bán trong suốt
disposable_spoon,0,Thìa dùng một lần
bandage_on_forehead,0,Băng quấn trên trán
covered_in_urine,7,Được che trong nước tiểu
starfish_print,0,Họa tiết sao biển
multicolored_beard,7,Râu nhiều màu
stuffed_hamster,0,Chuột hamster nhồi bông
stuffed_bat,0,Dơi nhồi bông
multicolored_tailband,7,Dải buộc đuôi nhiều màu
pussy_heart,7,Trái tim âm hộ
son_penetrating_parent,7,Con trai thâm nhập cha mẹ
tea_leaves,0,Lá trà
floating_character,0,Nhân vật lơ lửng
bondage_suit,7,Bộ đồ trói buộc
teal_handwear,7,Đồ che tay xanh cổ vịt
thigh_bands,0,Dải đùi
top_pulled_down,7,Áo kéo hướng xuống
topless_andromorph,7,Nhân vật andromorph hở phần trên
feather_antennae,7,Ăng-ten lông vũ
diaper_pull,7,Kéo tã lót
two_tone_back,7,Lưng hai tông
waist_jewel,0,Đá quý eo
police_lights,7,Đèn cảnh sát
deer_print,0,Họa tiết nai
alternate,7,Khác
monotone_earbuds,7,Tai nghe nhét tai một tông
heart-shaped_mirror,0,Cái gương hình trái tim
living_fish_tank,0,Áo ba lỗ cá có sự sống
nostril_penetration,7,Sự thâm nhập lỗ mũi
hip_window,7,Cửa sổ hông
framed_pectorals,0,Cơ ngực khung
quiff_(hairstyle),7,Ngửa ra sau
head_on_back,0,Đầu trên lưng
touching_knee,7,Chạm đầu gối
onesie_only,7,Chỉ có bộ liền thân
head_tentacles,7,Xúc tu đầu
duck_on_head,0,Vịt trên đầu
skull_bulge,7,Chỗ lùm lùm đầu lâu
christmas_cookies,7,Bánh quy Giáng sinh
stomping_on_balls,7,Dẫm lên tinh hoàn
lipless,7,Không có môi
beetle_boy,0,Cậu trai bọ
cybernetic_tentacles,7,Xúc tu người máy cấy ghép
sparkling_mane,7,Bờm lấp lánh
polka_dot_blanket,0,Chăn chấm bi
bulge_worship,7,Sự sùng bái chỗ lùm lùm
two-tone_sailor_collar,0,Cổ áo thủy thủ hai tông
hakama_removed,0,Quần hakama đã tháo ra
tentacle_sheath,7,Bao dương vật xúc tu
deer_hood,0,Mũ trùm nai
aqua_hakama,0,Quần hakama xanh ngọc
wax_stamp,0,Con dấu sáp
animal_band,0,Dải băng động vật
hairs,7,Tóc
saliva_on_prey,7,Nước bọt trên con mồi
two_tone_stripes,7,Sọc hai tông
star_topwear,7,Áo ngôi sao
turtle_button,0,Cúc áo rùa
boat_interior,0,Bên trong thuyền
licking_pectoral,0,Đang liếm cơ ngực
featherless,7,Không có lông vũ
playtime,7,Giờ chơi
scale_plates,7,Cái đĩa vảy
peeking_pussy,7,Nhòm âm hộ
snow_duck,0,Vịt tuyết
multicolored_frill,7,Diềm xếp nhiều màu
syringe_in_ass,7,Ống tiêm trong mông
ruffled_feathers,7,Lông vũ xếp tầng
toned_calves,7,Bắp chân thon săn
back_spots,7,Đốm lưng
crown_tattoo,0,Hình xăm vương miện
pearl_armlet,0,Vòng ngọc trai đeo tay
back_pockets,7,Túi áo lưng
cum_in_tube,7,Tinh dịch trong dạng ống
shortstack_andromorph,7,Nhân vật andromorph thấp và mũm mĩm
throwing_confetti,0,Đang ném giấy vụn trang trí
tube_in_pussy,7,Dạng ống trong âm hộ
covering_diaper,7,Che tã lót
stuffed_star,0,Ngôi sao nhồi bông
magenta_highlights,7,Điểm nhấn hồng cánh sen
gold_eyeliner,7,Kẻ mắt vàng kim
muscular_prey,7,Con mồi cơ bắp
sheath_peek,7,Bao kiếm lấp ló
feather-trimmed_capelet,0,Áo choàng ngắn lông vũ viền
rubbing_bulge,7,Đang xoa phần phồng lên
blood_on_chin,7,Máu trên cằm
balls_in_ass,7,Tinh hoàn trong mông
melon_print,0,Họa tiết dưa
gear_halo,0,Vầng hào quang bánh răng
melting_heart,0,Trái tim đang tan chảy
blood_on_tool,0,Máu trên dụng cụ
3_mouths,7,Ba miệng
diving_gear,7,Bánh răng lặn
antler_stump,7,Gốc cây gạc hươu
jellyfish_print,0,Họa tiết sứa
grandmother_penetrated,7,Bà bị thâm nhập
touching_bellies,7,Chạm bụng
ribbed,7,Sống dọc
branch_print,0,Họa tiết cành cây
triangle_(marking),7,Hình tam giác
capelet_removed,0,Áo choàng ngắn đã tháo ra
futuristic_theme,7,Chủ đề tương lai
bronze_scales,7,Vảy đồng thau
rhinoceros_boy,0,Cậu trai tê giác
floating_tray,0,Cái khay lơ lửng
biting_vulva,7,Đang cắn âm hộ
bandaid_on_back,0,Băng cá nhân trên lưng
flip,0,Cái lật
cosmic_mane,7,Bờm vũ trụ
animal-shaped_markings,7,Vằn hình động vật
translucent_border,7,Viền ảnh bán trong suốt
cheek_marks,7,Dấu gò má
cow_print_topwear,7,Áo họa tiết bò
barely_visible_creature,7,Sinh vật hầu như không lộ rõ
phantom_orgasm,7,Cực khoái hư ảo
latex_bondage,7,Trói buộc cao su
witch_broom,7,Cây chổi phù thủy
pseudo-penile_masturbation,7,Thủ dâm thuộc dương vật giả
cum_on_collar,7,Tinh dịch trên vòng cổ
moose_boy,0,Cậu trai nai sừng tấm
brown_skinsuit,7,Bộ đồ ôm sát nâu
growth_orgasm,7,Lên đỉnh sự mọc
cum_on_toilet,7,Tinh dịch trên bồn cầu
double_eyepatch,0,Miếng bịt mắt kép
andromorph_human,7,Người dạng đực
double_doors,0,Cánh cửa kép
cat_pasties,0,Miếng che ngực mèo
antennae_pull,7,Kéo ăng-ten
alternate_scar,0,Sẹo khác
adjusting_earphones,0,Đang chỉnh tai nghe nhét tai
partially_clothed_andromorph,7,Nhân vật andromorph mặc đồ một phần
rope_anklet,0,Vòng chân dây thừng
heart-shaped_bottle,0,Cái chai hình trái tim
paper_moon_(fate/grand_order),0,Mặt trăng giấy
beak_scar,7,Sẹo mỏ
pig_tattoo,0,Hình xăm lợn
patting_diaper,7,Vỗ tã lót
double_wrist_grab,7,Bóp cổ tay kép
bound_to_toilet,7,Bị trói tới bồn cầu
fire_symbol,7,Biểu tượng lửa
decoration_(idolmaster),0,Đồ trang trí
carrot_in_ass,7,Cà rốt trong mông
two_tone_headphones,7,Tai nghe hai tông
glistening_leggings,7,Quần legging bóng nhẫy
glistening_leaves,7,Lá bóng nhẫy
tool_(hollow_knight),0,Dụng cụ
iron_crown_(darkest_dungeon),7,Vương miện sắt
two_moons,7,Hai mặt trăng
silver_mane,7,Bờm bạc
horizontal_stripes,7,Sọc ngang
tentacle_from_ass,7,Xúc tu từ mông
wood_beams,7,Chùm gỗ
striped_tube_top,0,Áo dạng ống kẻ sọc
stomping_on_floor,0,Dẫm lên sàn nhà
1_antenna,7,Một cái ăng-ten
poncho_lift,0,Nâng lên áo poncho
pregnant_transformation,7,Sự biến đổi mang thai
cookie_print,0,Họa tiết bánh quy
touching_own_butt,7,Chạm mông của mình
dildo_deep_throat,7,Cổ họng sâu dương vật giả
headset_removed,0,Tai nghe đã tháo ra
licking_vaginal_fluids,7,Đang liếm dịch âm đạo
imminent_bondage,7,Trói buộc sắp xảy ra
suspenders_removed,0,Dây treo quần đã tháo ra
cheetah_spots,7,Đốm báo gấm
heart_spots,7,Đốm trái tim
hearts_around_butt,7,Trái tim quanh mông
arrow_marking,7,Vằn mũi tên
spiked_tiara,0,Vương miện nhỏ có gai
bondage_straps,7,Dây đeo trói buộc
vertical-striped_hakama,0,Quần hakama dọc kẻ sọc
russian_flag_print,0,Họa tiết hình cờ Nga
plaid_tank_top,0,Áo hai dây kẻ caro
bone_spikes,7,Gai nhọn xương
height_loss,7,Sự mất chiều cao
window_frame,7,Khung hình cửa sổ
writing_on_paper,7,Chữ viết trên giấy
transformation_through_smoking,7,Biến hình xuyên qua đang hút thuốc
dirty_soles,7,Bàn chân bẩn
pus,7,Mủ
bandage_on_butt,7,Băng quấn trên mông
discarded_briefs,7,Quần lót tam giác đã bỏ đi
print_thong,7,Quần lót dây họa tiết
medium,7,Vừa
blowing_on_stomach,7,Thổi bụng
steaming_feces,7,Phân đang bốc khói
humanoid_penetrating_intersex,7,Dạng người thâm nhập liên giới tính
fluffy_feathers,7,Lông vũ lông xù
cosmic_print,7,Họa tiết vũ trụ
hexagons,7,Lục giác
blood_on_pectorals,0,Máu trên cơ ngực
human_fingering_feral,7,Người đút ngón tay vào động vật không nhân hóa
hyper_beam_(pokemon),0,Chùm phóng đại
floating_candle,0,Nến lơ lửng
9_heads,7,Chín cái đầu
seal_boy,0,Cậu trai hải cẩu
baleen,7,Tấm sừng
crops,0,Cắt ngắn
lotus_lantern,0,Đèn lồng sen
watermelon_popsicle,7,Cây kem que dưa hấu
broken_heart_marking,7,Vằn trái tim bị gãy
flat_screen,7,Màn hình phẳng
futuristic_suit,7,Bộ đồ tương lai
pulling_up_bottomwear,7,Đang kéo lên trang phục thân dưới
prehensile_clitoris,7,Âm vật có khả năng quấn
head_lift,0,Nâng lên đầu
multi_snout,7,Nhiều cái mõm
stuffed_jellyfish,0,Sứa nhồi bông
pubes_on_butt,7,Lông mu trên mông
lollipop_in_ass,7,Kẹo mút trong mông
brown_heart,7,Trái tim nâu
giant_cat,0,Mèo khổng lồ
clitoris_cutout,0,Lỗ cắt âm vật
clitoris_in_pussy,7,Âm vật trong âm hộ
silver_markings,7,Vằn bạc
gill_penetration,7,Sự thâm nhập mang
bear_pajamas,0,Đồ ngủ gấu
lace-trimmed_thigh_strap,0,Dây đeo đùi ren viền
gingham_legwear,0,Đồ che chân kẻ ô vuông
curl,7,Lọn tóc xoăn
clothed_to_partially_clothed,7,Mặc quần áo tới mặc quần áo một phần
olive_wreath,0,Vòng hoa xanh ô liu
mechanical_collar,0,Cổ áo cơ khí
neckwear_lift,0,Nâng lên khăn cổ
tan_helmet,7,Mũ bảo hiểm màu nâu rám nắng
lion_paw,0,Bàn chân thú sư tử
paws_only,7,Chỉ có bàn chân thú
glistening_antennae,7,Ăng-ten bóng nhẫy
fully_clothed_to_bottomless,7,Mặc kín tới không mặc quần
andromorph_penetrating_andromorph,7,Nhân vật andromorph thâm nhập nhân vật andromorph
age_in_dialogue,7,Tuổi trong lời thoại
two_tone_beard,7,Râu hai tông
removing_hood,0,Đang cởi mũ trùm
monstrous,7,Quái dị
fish_pendant,0,Mặt dây chuyền cá
father_fingering_son,7,Cha đút ngón tay vào con trai
on_top_of_viewer,7,Ở phía trên người xem
throwing_rock,0,Đang ném tảng đá
beam_scythe,0,Lưỡi hái chùm
multiple_hairstyles,0,Nhiều kiểu tóc
one_cup,0,Một cái cốc
checkered_buckle,0,Khóa kẻ ca-rô
zombie_buckle,0,Khóa thây ma
bell_anklet,7,Vòng chân chuông
flaming_feathers,7,Lông vũ bốc cháy
gold_fingernails,7,Móng tay vàng kim
drooling_on_ground,7,Đang chảy dãi trên mặt đất
cave_paintings,0,Bức tranh hang động
imminent_anal_orgasm,7,Lên đỉnh hậu môn sắp xảy ra
thigh_worship,0,Sự sùng bái đùi
leather_thong,7,Quần lót dây da
plaid_outerwear,7,Áo khoác ngoài kẻ caro
vertical,7,Dọc
teal_tentacles,7,Xúc tu xanh cổ vịt
frilly_armwear,7,Đồ che tay nhún diềm
severed_genitalia,7,Bộ phận sinh dục bị cắt lìa
urine_on_sheath,7,Nước tiểu trên bao kiếm
palms_up,7,Lòng bàn tay hướng lên
grabbing_both_calves,7,Nắm cả hai bắp chân
beetle_girl,0,Cô gái bọ
taut,7,Căng chặt
no_armwear,0,Không có đồ che cánh tay
translucent_head,7,Đầu bán trong suốt
eight_of_diamonds,7,Tám hình thoi
plaid_curtains,0,Rèm kẻ caro
sister_rimming_brother,7,Chị em gái liếm hậu môn anh em trai
heart_legwear,7,Đồ che chân trái tim
spanking_orgasm,7,Đét cực khoái
gold_legwear,7,Đồ che chân màu vàng kim
twin_brothers,7,Anh em trai đôi
earbuds_only,7,Chỉ có tai nghe nhét tai
split_balls,7,Tinh hoàn chia hai
elbow_grab,7,Bóp khuỷu tay
throwing_pie,0,Đang ném bánh nhân
adjusting_neckerchief,0,Đang chỉnh khăn quàng cổ
two-tone_hood,0,Mũ trùm hai tông
tentacle_in_cloaca,7,Xúc tu trong lỗ huyệt
brown_spines,7,Cột sống nâu
balls_on_surface,7,Tinh hoàn trên bề mặt
tied_foreskin,7,Bao quy đầu được buộc
hip_cutout,7,Lỗ cắt hông
autumn_colors,7,Màu mùa thu
bone_markings,7,Vằn xương
toilet_transformation,7,Sự biến đổi bồn cầu
cum_on_partner's_back,7,Tinh dịch trên của bạn tình ngả về sau
cum_on_knee,7,Tinh dịch trên đầu gối
documentary,7,Tài liệu
brown_gem,0,Đá quý nâu
vibrator_in_cloaca,7,Đồ chơi rung trong lỗ huyệt
organ_(musical_instrument),7,Nội tạng
presenting_knot,7,Nút thắt chĩa ra
huge_fangs,7,Nanh khổng lồ
chains_(marking),7,Dây chuyền
metal_bucket,7,Xô kim loại
precum_on_pussy,7,Dịch tiền xuất tinh trên âm hộ
pumpkin_pasties,0,Miếng che ngực bí ngô
layered,0,Nhiều lớp
snow_print,0,Họa tiết tuyết
big_syringe,7,Ống tiêm to
open_gate,0,Cổng mở
knot_outline,7,Đường viền nút thắt
multiple_scarves,0,Nhiều khăn quàng
crossed_hooves,7,Vó chéo
spider_ornament,0,Đồ trang trí nhện
lube_on_balls,7,Chất bôi trơn trên tinh hoàn
urine_in_condom,7,Nước tiểu trong bao cao su
skull_facepaint,0,Vẽ mặt đầu lâu
axe_in_head,0,Rìu trong đầu
tentacle_on_balls,7,Xúc tu trên tinh hoàn
lace-trimmed_cuffs,0,Ống bọc cổ tay ren viền
two_moons_(ff9),0,Hai mặt trăng
gold_band,7,Dải băng vàng kim
mismatched_wrist_cuffs,0,Ống bọc cổ tay cổ tay lệch đôi
glass_plate,0,Cái đĩa thủy tinh
miniskirt_lift,7,Nâng lên chân váy ngắn
short_humanoid,7,Dạng người ngắn
head_gear,7,Bánh răng đầu
neck_tentacles,7,Xúc tu cổ
twin_sisters,7,Chị em gái đôi
short_leggings,0,Quần legging ngắn
crab_hood,0,Mũ trùm cua
forepaw_on_crotch,7,Bàn chân trước trên đũng quần
beak_markings,7,Vằn mỏ
wooden_fish,0,Cá bằng gỗ
mismatched_eyeshadow,0,Phấn mắt lệch đôi
missing,7,Thiếu
gold_topwear,7,Áo vàng kim
golden_wreath,7,Vòng hoa màu vàng
ascot_only,7,Chỉ có khăn ascot
blonde_sideburns,7,Tóc mai vàng hoe
poking_pussy,0,Đang chỉ vào âm hộ
darkened_mane,7,Bờm tối đi
diaper_on_ground,7,Tã lót trên mặt đất
giant_cub,7,Con non khổng lồ
diaper_aside,7,Tã lót lệch bên
elbows_on_thighs,0,Khuỷu tay trên đùi
fake_snout,7,Mõm giả
lowered_head,7,Đầu hạ xuống
animal_lantern,0,Đèn lồng động vật
thigh_spikes,7,Gai nhọn đùi
striped_thong,7,Quần lót dây kẻ sọc
loose_neckerchief,0,Khăn quàng cổ rộng
micro_in_pussy,7,Rất nhỏ trong âm hộ
wet_suit,0,Bộ đồ ướt
star_eyepatch,0,Miếng bịt mắt ngôi sao
flaming,7,Bốc cháy
multicolored_headset,7,Tai nghe nhiều màu
maroon_markings,7,Vằn nâu đỏ
broken_heart_tattoo,7,Hình xăm trái tim bị gãy
convenient_neckwear,0,Phụ kiện cổ tiện ích
broken_spear,0,Ngọn giáo bị gãy
aqua_veil,0,Màn che mặt xanh ngọc
precum_on_viewer,7,Dịch tiền xuất tinh trên người xem
pulling_thong,7,Đang kéo quần lót dây
messy_stomach,7,Bụng rối
puffy_vulva,7,Âm hộ phồng
aqua_corset,0,Áo corset xanh ngọc
tied_to_floor,7,Trói vào sàn nhà
brother_fingering_sister,7,Anh em trai đút ngón tay vào chị em gái
pig_head,0,Đầu lợn
masturbation_through_sheath,7,Thủ dâm xuyên qua bao kiếm
uneven_growth,7,Sự mọc không đều
lipstick_on_vulva,7,Son môi trên âm hộ
pseudo_pussy,7,Âm hộ giả
planet_collar_tag,7,Nhãn vòng cổ hành tinh
cyan_stripes,7,Sọc xanh lơ
excessive_fluids,7,Dịch quá nhiều
exterior,7,Bên ngoài
cum_on_surface,7,Tinh dịch trên bề mặt
seal_pup,0,Con non hải cẩu
hip_spikes,7,Gai nhọn hông
tan_freckles,7,Tàn nhang nâu rám nắng
demon_cat,0,Mèo quỷ
seal_girl,0,Cô gái hải cẩu
pinstripe_topwear,7,Áo sọc chỉ
fox_on_head,0,Cáo trên đầu
tan_tentacles,7,Xúc tu nâu rám nắng
biped_to_legless,7,Đi bằng hai chân tới không có chân
carrying_larger_partner,7,Mang theo bạn tình to hơn
cum_on_blanket,7,Tinh dịch trên chăn
cum_on_bench,7,Tinh dịch trên ghế dài
andromorph_feral,7,Nhân vật bán thú dạng đực
waist_turned,7,Eo quay đi
touching_own_thighs,7,Chạm đùi của mình
gloomy_bear_(cosplay),0,Gấu ảm đạm
egg_anal_beads,7,Hạt chuỗi hậu môn trứng
macro_prey,7,Con mồi phóng to
nostril_stud,7,Khuyên nụ lỗ mũi
stone_bench,0,Ghế dài đá
polka_dot_towel,0,Khăn tắm chấm bi
adjusting_eyepatch,0,Đang chỉnh miếng che mắt
gold_latex,7,Cao su vàng kim
countershade_back,7,Lưng bóng ngược
rudder,0,Bánh lái
fish_(symbol),0,Cá
blood_in_cup,0,Máu trong cốc
lace-trimmed_hood,0,Mũ trùm ren viền
straps_only,7,Chỉ có dây đeo
stuffed_leopard,0,Báo nhồi bông
orgasm_from_workout,7,Cực khoái từ tập thể dục
blood_on_window,0,Máu trên cửa sổ
anklet_only,7,Chỉ có vòng chân
scale_(mononoke),0,Vảy
unusual_balls,7,Tinh hoàn bất thường
multiple_sketches,7,Nhiều bản phác thảo
top_lift,7,Nâng lên áo
stretching_back,7,Đang kéo giãn lưng
reverse,7,Ngược
reverse_diving_suit,7,Bộ đồ lặn ngược
metal_scales,7,Vảy kim loại
striped_bridal_gauntlets,0,Găng tay giáp cô dâu kẻ sọc
striped_beak,7,Mỏ kẻ sọc
vertical-striped_wall,0,Bức tường dọc kẻ sọc
muscular_on_overweight,7,Cơ bắp trên thừa cân
muscular_pecs,7,Cơ ngực cơ bắp
urine_on_feces,7,Nước tiểu trên phân
smaller_top,7,Áo nhỏ hơn
blood_on_helmet,0,Máu trên mũ bảo hiểm
diaper_under_swimwear,7,Tã lót bên dưới đồ bơi
darkened_soles,7,Bàn chân tối đi
sweaty_soles,7,Bàn chân đầm mồ hôi
blood_on_ass,0,Máu trên mông
can_on_head,0,Lon trên đầu
constricted,7,Co hẹp
offering_oral,7,Đưa cho quan hệ bằng miệng
two_on_one,7,Hai trên một
torn_armband,0,Băng tay bị rách
futa_with_other,0,Futanari kèm người khác
micro_in_drink,7,Rất nhỏ trong đồ uống
cum_around_pussy,7,Tinh dịch quanh âm hộ
gold_bottomwear,7,Đồ mặc dưới vàng kim
covered_in_writing,7,Được che trong chữ viết
covering_up,7,Che hướng lên
brown_overskirt,0,Chân váy phủ ngoài nâu
reindeer_print,0,Họa tiết tuần lộc
pecs_on_glass,7,Cơ ngực trên thủy tinh
cross-laced_straps,0,Dây đeo chữ thập buộc dây
condom_in_pocket,0,Bao cao su trong túi áo
deep_anal_penetration,7,Sự thâm nhập hậu môn sâu
cat_headphones,7,Tai nghe mèo
cracked_gem,7,Đá quý nứt
touching_own_knee,7,Chạm đầu gối của mình
ceramics,7,Gốm
cum_on_cheeks,7,Tinh dịch trên má
touching_pecs,7,Chạm cơ ngực
cum_on_groin,7,Tinh dịch trên háng
cum_on_leggings,7,Tinh dịch trên quần legging
sleeping_on_sleeping,7,Đang ngủ trên đang ngủ
sparkle_(marking),7,Lấp lánh
cum_on_helmet,7,Tinh dịch trên mũ bảo hiểm
mini,7,Siêu ngắn
rock_(music),0,Tảng đá
heart_freckles,7,Tàn nhang trái tim
feral_penetrating_intersex,7,Động vật không nhân hóa thâm nhập liên giới tính
anal_tentacles,7,Xúc tu hậu môn
exposed_ribs,7,Lộ xương sườn
bomb_suit,0,Bộ đồ bom
tentacles_around_wrists,7,Xúc tu quanh cổ tay
tan_cloaca,7,Lỗ huyệt nâu rám nắng
eagle_boy,0,Cậu trai đại bàng
ghost_(starcraft),0,Ma
anchor_pendant,0,Mặt dây chuyền cái neo
turned_back,7,Lưng quay đi
fox_cub,0,Con non cáo
pussy_juice_on_vibrator,7,Dịch âm hộ trên đồ chơi rung
magic_spread,7,Phép thuật dạng ra
vaginal_fluids_in_container,7,Dịch âm đạo trong vật chứa
fake_poster,0,Áp phích giả
forehead_beam,0,Chùm trán
cross-laced_capelet,0,Áo choàng ngắn chữ thập buộc dây
big_antennae,7,Ăng-ten to
tornado_(aircraft),7,Lốc xoáy
gold_balls,7,Tinh hoàn vàng kim
blood_on_butt,7,Máu trên mông
back_freckles,0,Tàn nhang lưng
double_forearm_grab,7,Bóp cẳng tay kép
butt_print,7,Họa tiết mông
urine_through,7,Nước tiểu xuyên qua
grabbing_collar,7,Nắm vòng cổ
bulge_on_ass,7,Phần phồng lên trên mông
urine_on_chin,7,Nước tiểu trên cằm
topwear_grab,7,Nắm trang phục thân trên
feather_censor,0,Kiểm duyệt lông vũ
diamond-shaped_pasties,0,Miếng che ngực hình thoi
butterfly_eyepatch,0,Miếng bịt mắt bươm bướm
blowing_smoke_(gun),0,Thổi khói
lube_on_ground,7,Chất bôi trơn trên mặt đất
person_between_thighs,0,Người giữa đùi
greasy,7,Bết dầu
vertical-striped_headband,0,Băng đô dọc kẻ sọc
bottle_on_head,0,Cái chai trên đầu
buttplug_in_pussy,7,Chậu hậu môn trong âm hộ
aqua_leggings,0,Quần legging xanh ngọc
reverse_transformation,7,Sự biến đổi ngược
multiple_screens,0,Nhiều màn hình
brother_fingering_brother,7,Anh em trai đút ngón tay vào anh em trai
multiple_facial_piercings,7,Khuyên trên mặt nhiều
candy_island_(idolmaster),0,Đảo kẹo
scar_on_pecs,0,Sẹo trên cơ ngực
cybernetic_neck,7,Cổ người máy cấy ghép
brown_thighs,7,Đùi nâu
squeezing_bulge,7,Đang bóp phần phồng lên
cum_on_foreskin,7,Tinh dịch trên bao quy đầu
hamster_print,0,Họa tiết chuột hamster
sailor_suit,7,Bộ đồ thủy thủ
cum_through_thong,7,Tinh dịch xuyên qua quần lót dây
mecha_interior,0,Bên trong mecha
circle_button,7,Cúc áo hình tròn
translucent_wall,7,Bức tường bán trong suốt
translucent_veil,7,Màn che mặt bán trong suốt
meat_bun,7,Búi tóc thịt
brown_knot,7,Nút thắt nâu
brown_scar,7,Sẹo nâu
ass_on_staff,0,Mông trên gậy trường
jaw_fins,7,Vây hàm
neckerchief_grab,0,Bóp khăn quàng cổ
bird_on_back,0,Chim trên lưng
sticker_on_ass,0,Nhãn dán trên mông
christmas_handwear,7,Đồ che tay Giáng sinh
acorn_print,0,Họa tiết quả sồi
spiked_head,7,Đầu có gai
bear_paw,0,Bàn chân thú gấu
lace-trimmed_headdress,0,Đồ đội đầu ren viền
spiked_chain,0,Dây chuyền có gai
wrist_on_thigh,7,Cổ tay trên đùi
turquoise_eyeshadow,7,Phấn mắt xanh ngọc lam
large_foreskin,7,Bao quy đầu lớn
masturbation_inside_balls,7,Thủ dâm bên trong tinh hoàn
hornless,7,Không có sừng
legwear_down,7,Kéo trang phục chân xuống
anal_beads_in_cloaca,7,Hạt chuỗi hậu môn trong lỗ huyệt
tassel_loafers,0,Giày lười chuỗi tua
halo_anklet,0,Vòng chân vầng hào quang
bomb_rock,0,Tảng đá bom
pale_soles,7,Bàn chân nhạt
human_penetrating_andromorph,7,Người thâm nhập nhân vật andromorph
tattoo_on_neck,7,Hình xăm trên cổ
humanoid_penetrating_gynomorph,7,Dạng người thâm nhập nhân vật nữ có cơ quan sinh dục nam
no_areola,7,Không có quầng vú
lipstick_mark_on_back,0,Dấu son môi trên lưng
cone_(geometry),0,Nón nhọn
blues_(nijisanji),0,Màu xanh dương
wide_back,0,Lưng rộng
undone_collar,0,Vòng cổ chưa cài
empty,7,Trống
floral_tattoo,7,Hình xăm thêu hoa
wet_tank_top,7,Áo hai dây ướt
candy_in_ass,7,Kẹo trong mông
cherry_girls,0,Cô gái hoa anh đào
wall_decoration,7,Đồ trang trí bức tường
argyle_capelet,0,Áo choàng ngắn kẻ quả thoi
partially_toeless_legwear,0,Đồ che chân một phần hở ngón chân
symbol_on_topwear,7,Biểu tượng trên trang phục thân trên
santa_hood,0,Mũ trùm ông già Noel
terrace_(architecture),0,Sân thượng
carving_fork,0,Đang khắc dĩa
sand_on_butt,7,Cát trên mông
tentacle_from_pussy,7,Xúc tu từ âm hộ
tentacle_beard,7,Râu xúc tu
pattern_blanket,7,Chăn hoa văn
iridescent_markings,7,Vằn ánh kim
diving_fins,7,Vây lặn
carrot_pattern,7,Hoa văn cà rốt
tentacle_ejaculation,7,Xuất tinh xúc tu
squirrel_print,0,Họa tiết sóc
tentacle_penetrated,7,Xúc tu bị thâm nhập
heart_buckle,7,Khóa trái tim
checkered_carpet,0,Thảm kẻ ca-rô
serial_number,7,Chữ số sê-ri
head_aside,7,Đầu lệch bên
cum_on_bulge,7,Tinh dịch trên phần phồng lên
peeking_areola,7,Nhòm quầng vú
presenting_clitoris,7,Âm vật chĩa ra
glistening_crop_top,7,Áo cắt ngắn bóng nhẫy
glistening_lingerie,7,Đồ lót nữ bóng nhẫy
precum_on_chastity_device,7,Dịch tiền xuất tinh trên đai cấm dục
koala_girl,0,Cô gái koala
christmas_bells,7,Chuông Giáng sinh
bulge_on_head,7,Phần phồng lên trên đầu
clothed_penetration,7,Sự thâm nhập mặc đồ
rain_of_arrows,0,Mưa mũi tên
bottomwear_lift,7,Nhấc trang phục thân dưới
feces_on_head,7,Phân trên đầu
bunny_hood,7,Mũ trùm thỏ
turtle_girl,0,Cô gái rùa
turtleneck_tunic,0,Áo tuynic cổ lọ
egyptian_eyeliner,7,Kẻ mắt Ai Cập
layered_nightgown,0,Áo ngủ nhiều lớp
leaf_cutout,0,Lỗ cắt chiếc lá
chocolate_on_stomach,0,Sô-cô-la trên bụng
arthropod-shaped_markings,7,Vằn hình chân khớp
horse_hood,0,Mũ trùm ngựa
blood_on_glass,0,Máu trên thủy tinh
earmuffs_removed,0,Băng chụp tai đã tháo ra
hairy_forearms,7,Cẳng tay nhiều lông
arrow_(marking),7,Mũi tên
licking_diaper,7,Đang liếm tã lót
messy_orgasm,7,Lên đỉnh rối
unworn_capelet,0,Áo choàng ngắn không mặc
metal_hood,7,Mũ trùm kim loại
wet_genitalia,7,Bộ phận sinh dục ướt
bell_print,0,Họa tiết chuông
gym_bench,7,Ghế dài thể dục
no_thoughts,7,Không có trong bong bóng nghĩ
pancake_print,0,Họa tiết bánh kếp
backless_topwear,7,Áo hở lưng
arachnid-shaped_markings,7,Vằn hình họ nhện
teal_spikes,7,Gai nhọn xanh cổ vịt
pattern_floor,7,Sàn nhà hoa văn
divine_flame_(jujutsu_kaisen),0,Ngọn lửa thiêng liêng
thick_claws,7,Móng vuốt dày
teal_border,7,Viền ảnh xanh cổ vịt
tan_knot,7,Nút thắt nâu rám nắng
paw_claws,7,Móng vuốt chân thú
translucent_leggings,7,Quần legging bán trong suốt
paw_symbol,7,Biểu tượng chân thú
calf_(animal),0,Bắp chân
transformation_ray,7,Tia sự biến đổi
floating_veil,0,Màn che mặt lơ lửng
fake_scar,0,Sẹo giả
discarded_dildo,7,Dương vật giả đã bỏ đi
wide_hipped_andromorph,7,Nhân vật andromorph hông rộng
cake_(minecraft),0,Bánh ngọt
brown_wraps,7,Băng quấn nâu
cum_through_chastity,7,Tinh dịch xuyên qua trinh tiết
removing_briefs,7,Đang cởi quần lót tam giác
banana_popsicle,0,Cây kem que chuối
severed_scrotum,7,Bìu bị cắt lìa
marbles_(toy),7,Đá cẩm thạch
print_sailor_collar,0,Cổ áo thủy thủ họa tiết
iron_halo,0,Vầng hào quang sắt
panda_cub,0,Con non gấu trúc
monotone_frill,7,Diềm xếp một tông
chin_balls,7,Tinh hoàn cằm
no_outlines,7,Không có đường viền
no_crown,0,Không có vương miện
internals,7,Bên trong
internal_stomach,7,Bụng bên trong
cum_on_electronics,7,Tinh dịch trên đồ điện tử
grabbing_forearms,7,Nắm cẳng tay
beam_axe,0,Rìu chùm
stone_axe,0,Rìu đá
glistening_bell,7,Chuông bóng nhẫy
cheek_spiral,7,Đường xoáy gò má
precum_on_own_sheath,7,Dịch tiền xuất tinh trên bao dương vật của mình
pen_to_chin,0,Bút máy tới cằm
ofuda_removed,0,Bùa ofuda đã tháo ra
licking_window,7,Đang liếm cửa sổ
torn_briefs,7,Quần lót tam giác bị rách
daisy_chain_(sex),0,Dây chuyền cúc dại
sweatshirt_only,7,Chỉ có áo nỉ
offering_anal,7,Đưa cho quan hệ qua đường hậu môn
stretching_butt,7,Đang kéo giãn mông
bouncing_thighs,7,Đùi nảy
donut_halo,0,Vầng hào quang bánh donut
two_tone_neckwear,7,Phụ kiện cổ hai tông
two_tone_frill,7,Diềm xếp hai tông
argyle_border,0,Viền ảnh kẻ quả thoi
elderly_on_child,7,Lớn tuổi trên trẻ em
large_sheath,7,Bao dương vật lớn
flying_ribbons,0,Ruy băng bay
wooden_ladder,0,Thang bằng gỗ
one_(style),0,Một
mismatched_pauldrons,0,Giáp vai lệch đôi
spade_print,0,Họa tiết hình cái xẻng
cowboy_fringe,0,Mái cao bồi
wooden_mug,7,Cốc có quai bằng gỗ
two-tone_eyeshadow,0,Phấn mắt hai tông
tv_antenna,7,Ăng-ten ti vi
alternate_headgear,0,Phụ kiện đội đầu khác
desaturated,7,Giảm bão hòa
submissive_penetrated,7,Phục tùng bị thâm nhập
door_lock,0,Lọn tóc cánh cửa
gem_pasties,0,Miếng che ngực đá quý
barely_visible_cloaca,7,Lỗ huyệt hầu như không lộ rõ
half_thong,7,Quần lót dây một nửa
diaper_outline,7,Đường viền tã lót
cracked_beak,7,Mỏ nứt
fluffy_pussy,7,Âm hộ lông xù
unworn_maid_headdress,0,Đồ đội đầu hầu gái không mặc
christmas_armwear,7,Đồ che tay Giáng sinh
knuckle_tattoo,7,Hình xăm khớp ngón
licking_sweat,7,Đang liếm mồ hôi
licking_claws,7,Đang liếm móng vuốt
glistening_hips,7,Hông bóng nhẫy
pleated_collar,0,Cổ áo xếp ly
precum_on_back,7,Dịch tiền xuất tinh trên lưng
spiral_pattern,7,Hoa văn xoắn ốc
presenting_to_partner,7,Đưa ra phía trước tới bạn tình
wet_head,7,Đầu ướt
bell_tower_(pokemon),0,Tháp chuông
peeking_balls,7,Nhòm tinh hoàn
winged_armlet,0,Vòng tay có cánh
japanese_tattoo,7,Hình xăm Nhật Bản
magic_mirror,7,Cái gương phép thuật
plaid_suit,0,Bộ đồ kẻ caro
hitting_ground,7,Đánh mặt đất
sticker_on_butt,7,Nhãn dán trên mông
head_on_floor,7,Đầu trên sàn nhà
bloomers_on_head,0,Quần phồng trên đầu
dildo_on_ground,7,Dương vật giả trên mặt đất
sheath_masturbation,7,Thủ dâm bao dương vật
heart-shaped_birthmark,0,Nốt bớt hình trái tim
stepping_on_back,7,Bước lưng
bird_on_knee,0,Chim trên đầu gối
spotted_vulva,7,Âm hộ có đốm
heart_on_sign,7,Trái tim trên bảng hiệu
drinking_from_bowl,0,Đang uống từ bát
frames,7,Khung hình
hips_forward,7,Hông hướng tới trước
jaw_grab,7,Bóp hàm
tiara_removed,0,Vương miện nhỏ đã tháo ra
removed_bottomwear,7,Trang phục thân dưới đã tháo ra
wide_collar,7,Cổ áo rộng
veiny_stomach,0,Bụng lộ gân
tan_toenails,7,Móng chân nâu rám nắng
tan_sofa,7,Ghế sofa nâu rám nắng
camo_swimwear,7,Đồ bơi rằn ri
brown_door,7,Cánh cửa nâu
rope_swing,7,Cái đu dây thừng
lotus_wand,0,Cây đũa phép sen
broken_broom,0,Cây chổi bị gãy
pulling_chain,7,Đang kéo dây chuyền
medical_bondage,7,Trói buộc y tế
triangle_border,0,Viền ảnh hình tam giác
triangle_(musical_instrument),7,Hình tam giác
four-leaf_clover_ornament,0,Đồ trang trí cỏ ba lá chiếc lá bốn
tan_armwear,7,Đồ che tay màu nâu rám nắng
star-shaped_chocolate,0,Sô-cô-la hình ngôi sao
bat_pattern,7,Hoa văn dơi
star_border,0,Viền ảnh ngôi sao
tentacles_from_ass,7,Xúc tu từ mông
foreskin_sheath,7,Bao dương vật bao quy đầu
cracked_mirror,7,Cái gương nứt
giant_skull,0,Đầu lâu khổng lồ
visor_only,7,Chỉ có lưỡi trai
tan_suit,7,Bộ đồ màu nâu rám nắng
paw_print_ornament,0,Đồ trang trí họa tiết chân thú
tan_walls,7,Bức tường nâu rám nắng
covered_in_chocolate,7,Được che trong sô-cô-la
milk_in_cup,7,Sữa trong cốc
gold_snake,0,Rắn vàng kim
fake_beak,0,Mỏ giả
smoke_censor,0,Kiểm duyệt khói
vaginal_wall,7,Bức tường âm đạo
carrying_child,7,Mang theo trẻ em
fluffies,7,Lông xù
number_on_balloon,7,Chữ số trên bóng bay
balloon_transformation,7,Sự biến đổi bóng bay
cum_on_own_thighs,7,Tinh dịch trên đùi của mình
apple_in_ass,7,Táo trong mông
balls_tied,7,Tinh hoàn được buộc
round_girl,0,Cô gái tròn
prints,7,Họa tiết
cum_on_own_chin,7,Tinh dịch trên cằm của mình
eagle_(helldivers),0,Đại bàng
reverse_mermaid,0,Nàng tiên cá ngược
4_tentacles,7,Bốn xúc tu
clay_(artwork),7,Đất sét
thong_around_ankle,7,Quần lót dây quanh cổ chân
drawing_on_wall,7,Hình vẽ trên bức tường
headdress_removed,0,Đồ đội đầu đã tháo ra
sheath_size_difference,7,Chênh lệch kích thước bao dương vật
tide,0,Thủy triều
tied_topwear,7,Trang phục thân trên được buộc
jungle_girl,7,Cô gái rừng rậm
monotone_foreskin,7,Bao quy đầu một tông
monotone_wristwear,7,Phụ kiện cổ tay một tông
company,7,Công ty
no_mustache,0,Không có ria mép
human_to_scalie,7,Người tới nhân vật bò sát nhân hóa
planet_in_pussy,7,Hành tinh trong âm hộ
mop_bucket,0,Xô cây lau nhà
lightning_bolt_tattoo,0,Hình xăm bu lông sấm sét
cum_between_cheeks,7,Tinh dịch giữa má
lifted_from_behind,0,Góc nhìn từ phía sau nâng lên
licking_urine,7,Đang liếm nước tiểu
lace_curtains,0,Rèm ren
see-through_balloon,0,Bóng bay xuyên thấu
anal_beads_out,7,Hạt chuỗi hậu môn thò ra
feathers_in_feces,7,Lông vũ trong phân
leather_muzzle,7,Mõm da
multi_genitalia_bulge,7,Chỗ lùm lùm bộ phận sinh dục nhiều
striped_neckwear,7,Phụ kiện cổ kẻ sọc
stuffed_bee,0,Ong nhồi bông
sparkly,7,Lấp lánh
latex_fetish,7,Sở thích cao su
sparkling_eyeshadow,7,Phấn mắt lấp lánh
large_collar,0,Cổ áo lớn
pulling_cheek,7,Đang kéo má
internal_testicles,7,Tinh hoàn bên trong
pony_beads,7,Hạt chuỗi ngựa lùn
aqua_bird,0,Chim xanh ngọc
robotic_head,7,Đầu người máy
feces_transformation,7,Sự biến đổi phân
forepaw_on_back,7,Bàn chân trước trên lưng
leather_pride_colors,7,Màu tự hào da
tan_latex,7,Cao su nâu rám nắng
polka_dot_outline,0,Đường viền chấm bi
crescent_balloon,0,Bóng bay hình lưỡi liềm
tan_scar,7,Sẹo nâu rám nắng
tan_thighs,7,Đùi nâu rám nắng
two_tone_towel,7,Khăn tắm hai tông
lamb_boy,0,Cậu trai cừu con
swords_(tarot),7,Kiếm
feral_to_inanimate,7,Động vật không nhân hóa tới vô tri
butterfly_on_knee,0,Bươm bướm trên đầu gối
butterfly_doors,0,Cánh cửa bươm bướm
back_torture,7,Tra tấn lưng
half-sister,7,Chị em gái một nửa
orgasm_from_fingering,7,Cực khoái từ kích thích bằng ngón tay
downcast,7,Cụp xuống
knee_on_balls,7,Đầu gối trên tinh hoàn
hairy_thigh,7,Đùi nhiều lông
patchworks,0,Chắp vá
drool_on_chin,7,Dãi trên cằm
bruise_on_back,0,Vết bầm trên lưng
snow_balls,7,Tinh hoàn tuyết
drink_bottle,7,Cái chai đồ uống
gynomorph_rimmed,7,Nhân vật nữ có cơ quan sinh dục nam bị liếm hậu môn
teal_crop_top,7,Áo cắt ngắn màu xanh cổ vịt
exotic_(nikke),0,Độc lạ
balls_in_throat,7,Tinh hoàn trong cổ họng
balls_collar,7,Cổ áo tinh hoàn
spring_horse,7,Ngựa mùa xuân
print_helmet,0,Mũ bảo hiểm họa tiết
idol_worship,7,Sự sùng bái thần tượng
copper_(metal),7,Màu đồng đỏ
pig_hood,0,Mũ trùm lợn
eagle_head_(ornament),0,Đầu đại bàng
hyper_beam,7,Chùm phóng đại
heart-shaped_tag,0,Nhãn hình trái tim
hypnotic_tentacles,7,Xúc tu bị thôi miên
owl_print,0,Họa tiết cú mèo
head_fluff,7,Lông tơ đầu
head_veil,7,Màn che mặt đầu
growth_ray,7,Tia sự mọc
mole_on_chin,0,Nốt ruồi trên cằm
saliva_on_back,7,Nước bọt trên lưng
touching_abdominal_bulge,7,Chạm bụng phình
controller_on_sofa,7,Tay cầm chơi game trên ghế bành
rubbing_chin,7,Đang xoa cằm
heart_birthmark,7,Nốt bớt trái tim
religious_motif,7,Họa tiết tôn giáo
heart_shaped_butt,7,Mông hình trái tim
cum_in_helmet,7,Tinh dịch trong mũ bảo hiểm
6_penises,7,Sáu dương vật
floating_cum,7,Tinh dịch lơ lửng
spreading_own_butt,7,Mông mở rộng của mình
balls_on_butt,7,Tinh hoàn trên mông
single_strap_topwear,7,Áo dây một chiếc
cum_from_tentacle,7,Tinh dịch từ xúc tu
steam_controller,7,Tay cầm chơi game hơi nước
cum_on_planet,7,Tinh dịch trên hành tinh
torn_fin,7,Vây bị rách
grabbing_throat,7,Nắm cổ họng
shared_towel,0,Khăn tắm dùng chung
name_in_heart,7,Tên trong trái tim
spiked_neck,7,Cổ có gai
spiked_anal_beads,7,Hạt chuỗi hậu môn có gai
bone_in_ass,7,Xương trong mông
celestial_star,7,Ngôi sao thiên thể
pattern_scales,7,Vảy hoa văn
collar_snap,7,Cúc bấm cổ áo
organ,7,Nội tạng
missing_jaw,7,Hàm thiếu
mismatched_balls,7,Tinh hoàn lệch đôi
mismatched_bridal_gauntlets,0,Găng tay giáp cô dâu lệch đôi
mushroom_boy,0,Cậu trai nấm
tan_swimwear,7,Đồ bơi màu nâu rám nắng
two_tone_leggings,7,Quần legging hai tông
tan_neckerchief,7,Khăn quàng cổ nâu rám nắng
sleeping_on_floor,7,Đang ngủ trên sàn nhà
feces_in_diaper,7,Phân trong tã lót
feces_on_dildo,7,Phân trên dương vật giả
space_(diaper),7,Vũ trụ
striped_balloon,7,Bóng bay kẻ sọc
hoof_on_head,7,Móng guốc trên đầu
wrist_on_knee,7,Cổ tay trên đầu gối
star_fox_symbol,7,Biểu tượng cáo ngôi sao
glass_of_wine,7,Thủy tinh rượu vang
intake,7,Lọn tóc
magic_symbols,7,Biểu tượng phép thuật
bat_pasties,0,Miếng che ngực dơi
studded_legwear,0,Đồ che chân đính đinh
multicolored_snout,7,Mõm nhiều màu
checkered_capelet,0,Áo choàng ngắn kẻ ca-rô
multiple_collars,7,Nhiều cổ áo
pecs_outline,7,Đường viền cơ ngực
slip_(sound_effect),7,Trượt hở
magenta_feathers,7,Lông vũ hồng cánh sen
tentacles_around_balls,7,Xúc tu quanh tinh hoàn
formal_suit,7,Bộ đồ trang trọng
fox_ornament,0,Đồ trang trí cáo
tentacle_boy,0,Cậu trai xúc tu
gold_button,7,Cúc áo vàng kim
gold_theme,0,Chủ đề vàng kim
grabbing_blanket,7,Nắm chăn
untied_straps,0,Dây đeo cởi dây
balloon_insertion,7,Đưa vào bóng bay
floating_on_back,0,Lơ lửng trên lưng
onesie_undone,7,Bộ liền thân chưa cài
rubber_duck_on_head,7,Vịt cao su trên đầu
rubber_pride_colors,7,Màu tự hào cao su
monotone_leggings,7,Quần legging một tông
teal_armwear,7,Đồ che tay màu xanh cổ vịt
keyhole_lingerie,7,Đồ lót nữ lỗ khóa
licking_own_armpit,0,Đang liếm nách của mình
buttplug_outline,7,Đường viền chậu hậu môn
suggestive_print,7,Họa tiết gợi cảm
leopard_print_swimwear,7,Đồ bơi họa tiết báo
see-through_collar,0,Vòng cổ xuyên thấu
back_pussy,7,Âm hộ lưng
anal_print,7,Họa tiết hậu môn
butt_spots,7,Đốm mông
two_tone_suit,7,Bộ đồ hai tông
adjusting_suspenders,0,Đang chỉnh dây treo quần
polka_dot_nightgown,0,Áo ngủ chấm bi
stuffed_spider,0,Nhện nhồi bông
layered_collar,0,Cổ áo nhiều lớp
latex_tank_top,7,Áo hai dây cao su
larger,7,To hơn
wrists_held,7,Cổ tay được cầm
striped_blanket,7,Chăn kẻ sọc
lace-trimmed_corset,0,Áo corset ren viền
spiky,0,Dựng
bulge_growth,7,Sự mọc chỗ lùm lùm
christmas_bottomwear,7,Đồ mặc dưới Giáng sinh
beak_in_pussy,7,Mỏ trong âm hộ
sheath_worship,7,Sự sùng bái bao dương vật
oversized,7,Quá khổ
cum_on_micro,7,Tinh dịch trên rất nhỏ
steaming_ass,7,Mông đang bốc khói
pussy_juice_on_paw,7,Dịch âm hộ trên bàn chân thú
fake_fangs,0,Nanh giả
censored_symbol,0,Biểu tượng đã kiểm duyệt
transformation_pen,0,Bút máy sự biến đổi
sexy_panthers_(idolmaster),0,Báo đen gợi cảm
brown_blanket,7,Chăn nâu
transparent_animal,0,Động vật trong suốt
circles,7,Hình tròn
bat_cutout,0,Lỗ cắt dơi
puffy_sheath,7,Bao dương vật phồng
tribal_print,0,Họa tiết văn hoá bộ lạc
shared_headphones,0,Tai nghe dùng chung
jawless,7,Không có hàm
waist_chain,7,Dây chuyền eo
clover_facial_mark,0,Dấu trên mặt cỏ ba lá
precum_through_briefs,7,Dịch tiền xuất tinh xuyên qua quần lót tam giác
brown_bloomers,0,Quần phồng nâu
studded_handwear,7,Đồ che tay đính đinh
multi_stomach,7,Nhiều cái bụng
stumps,7,Gốc cây
vertical-striped_tank_top,0,Áo hai dây dọc kẻ sọc
pup_gear,7,Bánh răng con non
elemental_monkeys,7,Khỉ nguyên tố
squid_boy,0,Cậu trai mực
monkey_paw,7,Bàn chân thú khỉ
spread_open,7,Dạng ra mở
gender_name,7,Tên giới tính
urine_on_neck,7,Nước tiểu trên cổ
ghost_boy,0,Cậu trai ma
spider-shaped_markings,7,Vằn hình nhện
bamboo_bottle,0,Cái chai tre
sparkling_genitalia,7,Bộ phận sinh dục lấp lánh
beak_tied,7,Mỏ được buộc
age_spots,7,Đốm tuổi
hyper_neck,7,Cổ phóng đại
goo_in_pussy,7,Nhầy trong âm hộ
shirtless_human,7,Người không mặc áo
metal_halo,0,Vầng hào quang kim loại
floral_print_hakama,0,Quần hakama họa tiết thêu hoa
cum_on_bottomwear,7,Tinh dịch trên trang phục thân dưới
wizard_mark_(mahoutsukai_no_yakusoku),0,Dấu phù thủy nam
apple_(inmu),0,Táo
cum_on_hood,7,Tinh dịch trên mũ trùm
raising_butt,7,Nâng mông
cup_to_cheek,0,Cốc tới má
short_suit,0,Bộ đồ ngắn
hood_(clothing),7,Mũ trùm
pattern_sofa,7,Ghế sofa hoa văn
matcha_(tea),7,Trà matcha
partially_exposed,7,Một phần lộ ra
wrist_ruff,0,Diềm cổ tay
parking,7,Đậu xe
cat_skull,0,Đầu lâu mèo
teal_capelet,7,Áo choàng ngắn xanh cổ vịt
pancake_position,7,Tư thế bánh kếp
fingerless_handwear,7,Đồ che tay hở ngón
back_fluff,7,Lông tơ lưng
discarded_helmet,7,Mũ bảo hiểm đã bỏ đi
see-through_cuffs,0,Ống bọc cổ tay xuyên thấu
dirty_floor,7,Sàn nhà bẩn
signboard,7,Biển hiệu
reaching_forward,7,Đang với tay hướng tới trước
blood_on_beak,7,Máu trên mỏ
touching_own_head,7,Chạm đầu của mình
blood_on_hooves,7,Máu trên móng guốc
blood_on_topwear,7,Máu trên trang phục thân trên
exposed_spine,7,Lộ cột sống
magical_bondage,7,Trói buộc kỳ diệu
lace_capelet,0,Áo choàng ngắn ren
latex_cuffs,7,Ống bọc cổ tay cao su
offering_cum,7,Đưa cho tinh dịch
sloth_girl,0,Cô gái lười
leather_bondage,7,Trói buộc da
lube_in_pussy,7,Chất bôi trơn trong âm hộ
feces_on_wall,7,Phân trên bức tường
chains_of_others_(e.g.o),0,Dây chuyền những người khác
thighs_tied,7,Đùi được buộc
thumb_in_pussy,7,Ngón cái trong âm hộ
heart_thong,7,Quần lót dây trái tim
tinted_windows,7,Cửa sổ nhuộm màu
removing_bandages,0,Đang cởi băng gạc
head_vulva,7,Âm hộ đầu
removing_eyepatch,0,Đang cởi miếng che mắt
heart_hairclip,7,Kẹp tóc trái tim
licking_pecs,7,Đang liếm cơ ngực
letter_(alphabet),7,Bức thư
lube_from_ass,7,Chất bôi trơn từ mông
anal_wall,7,Bức tường hậu môn
orgasm_from_licking,7,Cực khoái từ đang liếm
ribbed_cuffs,0,Ống bọc cổ tay sống dọc
top_scars,7,Sẹo áo
topwear_removed,7,Trang phục thân trên đã tháo ra
cherry_ornament,0,Đồ trang trí hoa anh đào
dickey_cutout,0,Lỗ cắt cổ áo giả
disembodied_crotch,7,Đũng quần tách rời
teal_latex,7,Cao su xanh cổ vịt
acorn_insertion,7,Đưa vào quả sồi
fish_bowl_helmet,7,Mũ bảo hiểm cái bát cá
dolphin_pendant,0,Mặt dây chuyền cá heo
paw_pasties,0,Miếng che ngực chân thú
rock_star,7,Ngôi sao tảng đá
cup_of_tea,7,Cốc trà
cum_on_rock,7,Tinh dịch trên tảng đá
floating_animal,0,Động vật lơ lửng
cum_from_sheath,7,Tinh dịch từ bao kiếm
floral_swimwear,7,Đồ bơi thêu hoa
micro_balls,7,Tinh hoàn rất nhỏ
micro_on_balls,7,Rất nhỏ trên tinh hoàn
golden_feathers,0,Lông vũ màu vàng
candy_transformation,7,Sự biến đổi kẹo
key_around_neck,7,Chìa khóa quanh cổ
golden_bear_(fate),0,Gấu màu vàng
gold_beads,0,Hạt chuỗi vàng kim
forepaw_on_stomach,7,Bàn chân trước trên bụng
glistening_elbows,7,Khuỷu tay bóng nhẫy
crab_tank_(splatoon),0,Áo ba lỗ cua
whimsical,7,Kỳ ảo
gingham,7,Kẻ ô vuông
saliva_on_sheath,7,Nước bọt trên bao kiếm
sweaty_bottomwear,7,Đồ mặc dưới đầm mồ hôi
sweaty_areola,7,Quầng vú đầm mồ hôi
ghost_dick,7,Dương vật ma
urine_on_paw,7,Nước tiểu trên bàn chân thú
plate_(pokemon),0,Chiếc đĩa
v_over_armpit,0,Tư thế chữ V phía trên nách
frilly_lingerie,7,Đồ lót nữ nhún diềm
broken_jaw,7,Hàm bị gãy
elbows_on_ground,0,Khuỷu tay trên mặt đất
multicolored_areola,7,Quầng vú nhiều màu
bat_decoration,7,Đồ trang trí dơi
precum_on_knot,7,Dịch tiền xuất tinh trên nút thắt
precum_on_paw,7,Dịch tiền xuất tinh trên bàn chân thú
brown_neckwear,7,Phụ kiện cổ nâu
clitoris_bondage,7,Trói buộc âm vật
sheath_expansion,7,Độ giãn bao dương vật
cleft,7,Chẻ đôi
baseball_bat_in_ass,7,Dơi bóng chày trong mông
print_onesie,7,Bộ liền thân họa tiết
star_wreath,0,Vòng hoa ngôi sao
brown_outerwear,7,Áo khoác ngoài nâu
waist_down,7,Eo hướng xuống
arrow_pointing_to_pussy,7,Mũi tên chĩa ra tới âm hộ
bulging_stomach,7,Bụng lồi
big_zipper,7,Khóa kéo to
barely_visible_bulge,7,Chỗ lùm lùm hầu như không lộ rõ
pulling_down_top,7,Đang kéo xuống áo
framed,7,Khung
spit_fetish,7,Sở thích nước bọt
rubbing_thigh,7,Đang xoa đùi
spiked_armwear,7,Đồ che tay có gai
royal_penguin,0,Cánh cụt hoàng gia
giraffe_vulva,7,Âm hộ hươu cao cổ
salt_lamp,7,Đèn muối
forepaw_on_butt,7,Bàn chân trước trên mông
glossy_eyed,7,Mắt bóng
2_knots,7,Hai nút thắt
folding_sign,0,Đang gấp bảng hiệu
gold_tailband,7,Dải buộc đuôi vàng kim
poking_pecs,0,Đang chỉ vào cơ ngực
cross-shaped_shaved_mark,0,Dấu hình cạo ngắn chữ thập
pointing_at_animal,0,Chỉ vào động vật
pussy_sticker,7,Nhãn dán âm hộ
inflation_from_inside,7,Phình to từ bên trong
no_facial_mark,0,Không có điểm trên mặt
chin_up,7,Cằm hướng lên
flaming_heart,7,Trái tim bốc cháy
tapering,7,Vót nhọn
fish_symbol,7,Biểu tượng cá
tattoo_peek,0,Hình xăm lấp ló
fire_censor,0,Kiểm duyệt lửa
teal_clitoris,7,Âm vật xanh cổ vịt
team_lift,7,Nâng lên đội
quadruped_to_biped,7,Bốn chân tới đi bằng hai chân
unusual_ejaculation,7,Xuất tinh bất thường
tentacles_on_gynomorph,7,Xúc tu trên nhân vật nữ có cơ quan sinh dục nam
maid_lingerie,7,Đồ lót nữ hầu gái
small_hips,7,Hông nhỏ
harness_over_diaper,7,Đai buộc phía trên tã lót
feces_on_plate,7,Phân trên chiếc đĩa
feces_on_pussy,7,Phân trên âm hộ
skull_collar_tag,7,Nhãn vòng cổ đầu lâu
skinny_feral,7,Nhân vật bán thú gầy gò
lipstick_mark_on_photo,0,Dấu son môi trên ảnh chụp
removing_blindfold,0,Đang cởi băng bịt mắt
religious_neckwear,7,Phụ kiện cổ tôn giáo
licking_cum_from_ass,7,Đang liếm tinh dịch từ mông
boar_girl,0,Cô gái lợn rừng
tool_wall,7,Bức tường dụng cụ
wizard_robes,7,Áo choàng phù thủy nam
exposed_veins,0,Lộ gân
touching_sheath,7,Chạm bao kiếm
pearl_ornament,0,Đồ trang trí ngọc trai
see-through_butterfly,0,Bươm bướm xuyên thấu
discarded_thong,7,Quần lót dây đã bỏ đi
see-through_lingerie,0,Đồ lót nữ gợi cảm xuyên thấu
back_scales,7,Vảy lưng
pawpads_in_balls,7,Đệm chân thú trong tinh hoàn
workout_gear,7,Bánh răng tập thể dục
cat_button,0,Cúc áo mèo
triple_star,0,Ba ngôi sao
pattern_neckwear,7,Phụ kiện cổ hoa văn
partially_clothed_feral,7,Nhân vật bán thú mặc đồ một phần
shrimp_print,0,Họa tiết tôm
writing_on_diaper,7,Chữ viết trên tã lót
stomach_wraps,7,Băng quấn bụng
vulva_print,7,Họa tiết âm hộ
brown_toenails,7,Móng chân nâu
multiple_vaginal_orgasms,7,Lên đỉnh âm đạo nhiều
cock_corset,7,Áo corset dương vật
pseudo-scrotum,7,Bìu giả
pregnant_top,7,Áo mang thai
biting_thumb,7,Đang cắn ngón cái
arrow_pointing_to_balls,7,Mũi tên chĩa ra tới tinh hoàn
extra_noses,0,Thêm mũi
armwear_marking,7,Vằn đồ tay
lace_legwear,7,Đồ che chân ren
neck_stump,7,Gốc cây cổ
freckled_elbow,7,Khuỷu tay có tàn nhang
bottle_of_milk,7,Cái chai sữa
wall_lights,7,Đèn bức tường
very_tiny_head,7,Đầu rất nhỏ rất
leaf_symbol,7,Biểu tượng chiếc lá
spiral_screen,7,Màn hình xoắn ốc
broken_heart_symbol,7,Biểu tượng trái tim bị gãy
covering_genitalia,7,Che bộ phận sinh dục
anchor_collar,0,Cổ áo cái neo
lifted_topwear,7,Trang phục thân trên nâng lên
cracked_bowl,0,Bát nứt
round_number,7,Chữ số tròn
forced_to_pull,7,Bị ép buộc tới kéo
heart_bottomwear,7,Đồ mặc dưới trái tim
heart_hooves,7,Vó trái tim
chocolate_on_head,0,Sô-cô-la trên đầu
polka_dot_capelet,0,Áo choàng ngắn chấm bi
gold_buttons,7,Cúc áo vàng kim
hyper_orgasm,7,Lên đỉnh phóng đại
key_on_collar,7,Chìa khóa trên vòng cổ
microphone_symbol,0,Biểu tượng mic
micro_on_butt,7,Rất nhỏ trên mông
long_tentacles,7,Xúc tu dài
feather_headdress,7,Đồ đội đầu lông vũ
thick_tentacles,7,Xúc tu dày
vaginal_pull_out,7,Kéo âm đạo thò ra
feces_in_bucket,7,Phân trong xô
vaginal_balls,7,Tinh hoàn âm đạo
themed,7,Chủ đề
rodent_genitalia,7,Bộ phận sinh dục bộ gặm nhấm
no_ofuda,0,Không có bùa ofuda
beak_grab,7,Bóp mỏ
gripping_blanket,7,Đang siết chăn
soldier_helmet,7,Mũ bảo hiểm lính
feral_lingerie,7,Đồ lót nữ bán thú
6_pecs,7,Sáu cơ ngực
tentacles_on_andromorph,7,Xúc tu trên nhân vật andromorph
note_on_back,0,Nốt nhạc trên lưng
bandage_on_head,7,Băng quấn trên đầu
chicken_hood,0,Mũ trùm gà
sniffing_cum,7,Ngửi tinh dịch
untied_obi,0,Đai obi cởi dây
fiery_beard,0,Râu bằng lửa
imminent_oral_penetration,7,Sự thâm nhập bằng miệng sắp xảy ra
wet_bloomers,0,Quần phồng ướt
mane_growth,7,Sự mọc bờm
snow_cat,0,Mèo tuyết
snowman_on_head,0,Người tuyết trên đầu
unworn_sailor_collar,0,Cổ áo thủy thủ không mặc
tentacle_on_neck,7,Xúc tu trên cổ
chicken_print,0,Họa tiết gà
banana_leaf,0,Lá chuối
half_crown,0,Vương miện một nửa
tattoo_(artwork),7,Hình xăm
macro_butt,7,Mông phóng to
obscured_partner,7,Bạn tình bị che
blowing_steam,0,Thổi hơi nước
cutting_wood,7,Đang cắt gỗ
empty_can,7,Lon trống
flame_trail,0,Vệt ngọn lửa
flaming_hooves,7,Vó bốc cháy
tan_onesie,7,Bộ liền thân nâu rám nắng
no_beard,0,Không có râu quai nón
balls_transformation,7,Sự biến đổi tinh hoàn
animal_tower,0,Tháp động vật
chastity_cage_bell,7,Chuông lồng trinh tiết
sleep_masturbation,7,Thủ dâm ngủ
feces_in_testicles,7,Phân trong tinh hoàn
daughter_rimming_father,7,Con gái liếm hậu môn cha
butterfly_boy,0,Cậu trai bươm bướm
feathered_collar,0,Cổ áo có lông vũ
grabbing_towel,7,Nắm khăn tắm
grabbing_railing,7,Nắm lan can
metal_plate,0,Cái đĩa kim loại
aqua_track_suit,0,Bộ đồ điền kinh màu xanh ngọc
angels,7,Thiên thần
ninja_buckle,0,Khóa ninja
flowing,7,Tung bay
fluffy_ass,7,Mông lông xù
crossed_paws,7,Bàn chân thú chéo
sentient_butt,7,Mông có tri giác
key_print,0,Họa tiết chìa khóa
milk_orgasm,7,Lên đỉnh sữa
head_tied,7,Đầu được buộc
heart_decoration,7,Đồ trang trí trái tim
licking_bulge,0,Đang liếm phần phồng lên
elemental_symbol_(genshin_impact),7,Biểu tượng nguyên tố
symbol_on_butt,7,Biểu tượng trên mông
cow_lingerie,7,Đồ lót nữ bò
pup_pride_colors,7,Màu tự hào con non
four_leaf_clover_hairstyle,0,Kiểu tóc cỏ ba lá chiếc lá bốn
four_pointed_star,7,Ngôi sao bốn nhọn
spiked_crown,0,Vương miện có gai
double_axe,7,Rìu kép
vertical-striped_neckerchief,0,Khăn quàng cổ dọc kẻ sọc
leather_sofa,7,Ghế sofa da
leaf_feathers,7,Lông vũ chiếc lá
hidden_erection,7,Cương cứng được che
big_neck,7,Cổ to
big_piercings,7,Khuyên to
erection_in_sheath,7,Cương cứng trong bao kiếm
eyeball_collar,0,Cổ áo mắt cầu
freckled_knees,7,Đầu gối có tàn nhang
diaper_around_ankles,7,Tã lót quanh cổ chân
turquoise_areola,7,Quầng vú xanh ngọc lam
silver_hooves,7,Vó bạc
overalls_rolled_up,0,Quần yếm cuộn lên hướng lên
torn_towel,0,Khăn tắm bị rách
moth_on_head,0,Ngài trên đầu
dimple_facial_mark,0,Dấu trên mặt lúm đồng tiền
brown_gauntlets,0,Găng tay giáp nâu
pregnant_prey,7,Con mồi mang thai
horse_girl_(stereotype),0,Cô gái ngựa
brown_onesie,7,Bộ liền thân nâu
knee_on_crotch,7,Đầu gối trên đũng quần
see-through_poncho,0,Áo poncho xuyên thấu
star_areola,7,Quầng vú ngôi sao
translucent_skinsuit,7,Bộ đồ ôm sát bán trong suốt
striped_irises,0,Mống mắt kẻ sọc
striped_hips,7,Hông kẻ sọc
beaver_boy,0,Cậu trai hải ly
print_corset,0,Áo corset họa tiết
patch_(kirby_air_ride),0,Miếng vá
writings,7,Chữ viết
showing_forehead,0,Đang cho thấy trán
brown_carpet,7,Thảm nâu
elbow_frill,7,Diềm xếp khuỷu tay
wagging_hips,7,Hông vẫy
broken_crown,0,Vương miện bị gãy
silver_anklet,0,Vòng chân bạc
layered_star,7,Ngôi sao nhiều lớp
bird_ornament,0,Đồ trang trí chim
intersex_rimmed,7,Liên giới tính bị liếm hậu môn
muzzle_held,7,Mõm được cầm
bread_print,0,Họa tiết bánh mì
licking_prey,7,Đang liếm con mồi
print_ornament,0,Đồ trang trí họa tiết
lilies,7,Huệ
bead_band,0,Dải băng hạt
andromorph_penetrating_gynomorph,7,Nhân vật andromorph thâm nhập nhân vật nữ có cơ quan sinh dục nam
linked_penises,7,Dương vật được nối
lipstick_markings,7,Vằn son môi
padded_soles,7,Bàn chân có đệm
star_cheeks,7,Má ngôi sao
one_knee_forward,7,Một đầu gối hướng tới trước
tide_(detergent),0,Thủy triều
english_flag_print,0,Họa tiết hình cờ Anh
camo_tank_top,7,Áo hai dây rằn ri
bitten_popsicle,0,Cây kem que bị cắn
lobster_claws,7,Móng vuốt tôm hùm
drool_on_gag,7,Dãi trên nhét miệng
garage_(building),7,Gara
bound_waist,7,Eo bị trói
older_humanoid_younger_human,7,Người dạng người lớn tuổi hơn nhỏ tuổi hơn
translucent_toilet,7,Bồn cầu bán trong suốt
erection_under_thong,7,Cương cứng bên dưới quần lót dây
lube_on_buttplug,7,Chất bôi trơn trên chậu hậu môn
suggestive_bottomwear,7,Đồ mặc dưới gợi cảm
hoof_on_hip,7,Móng guốc trên hông
cat_on_ass,0,Mèo trên mông
ghost_tentacles,7,Xúc tu ma
cat_band,0,Dải băng mèo
big_bell,7,Chuông to
bone_plates,7,Cái đĩa xương
snake_armlet,0,Vòng đeo tay rắn
pot_of_gold,7,Chậu màu vàng kim
tentacle_wall,7,Bức tường xúc tu
tentacle_print,0,Họa tiết xúc tu
bandaid_print,0,Họa tiết băng cá nhân
forked,7,Chẻ đôi
glistening_crown,7,Vương miện bóng nhẫy
glistening_pasties,7,Miếng che ngực bóng nhẫy
reflection_only,7,Chỉ có ảnh phản chiếu
teal_outline,7,Đường viền xanh cổ vịt
teal_antennae,7,Ăng-ten xanh cổ vịt
mark_on_butt,7,Dấu trên mông
hearts_around_symbol,7,Trái tim quanh biểu tượng
head_stripe,7,Sọc đầu
head_on_own_knee,0,Đầu trên đầu gối của mình
koala_boy,0,Cậu trai koala
son_rimming_mother,7,Con trai liếm hậu môn mẹ
curled_paws,7,Bàn chân thú uốn xoăn
cum_on_scales,7,Tinh dịch trên vảy
cum_on_hip,7,Tinh dịch trên hông
floral_bottomwear,7,Đồ mặc dưới thêu hoa
half-beak,7,Mỏ một nửa
blood_on_fork,0,Máu trên dĩa
covered_in_paint,7,Được che trong màu vẽ
card_creature,0,Sinh vật thẻ
blindfold_on_head,0,Băng bịt mắt trên đầu
blindfold_around_neck,0,Băng bịt mắt quanh cổ
button-up,7,Cúc áo hướng lên
two_piece_suit,7,Bộ đồ hai mảnh
bamboo_spear,0,Ngọn giáo tre
two_tone_onesie,7,Bộ liền thân hai tông
lace_print,0,Họa tiết ren
diaper_on_head,7,Tã lót trên đầu
uneven_eyelids,7,Mí mắt không đều
spaghetti_top,7,Áo dây mảnh
waist_beads,7,Hạt chuỗi eo
spade_(shovel),7,Hình cái xẻng
two-tone_headdress,0,Đồ đội đầu hai tông
censored_cloaca,7,Lỗ huyệt đã kiểm duyệt
silver_bell_(object),7,Chuông bạc
iris_shot,0,Cắt cảnh mống mắt
nightmare_(sinoalice),0,Ác mộng
blanket_pull,7,Kéo chăn
leather_wrist_cuffs,7,Ống bọc cổ tay cổ tay da
leather_pouch,7,Túi con da
internal_transformation,7,Sự biến đổi bên trong
prosthetic_jaw,7,Hàm nhân tạo
twin_ankle_bows,7,Nơ cổ chân đôi
store_window,7,Cửa sổ cửa hàng
pussy_zipper,7,Khóa kéo âm hộ
micro_in_armpit,7,Rất nhỏ trong nách
field_(agriculture),7,Cánh đồng
clock_pendant,0,Mặt dây chuyền đồng hồ
poking_back,0,Đang chỉ vào lưng
crown_flame,7,Ngọn lửa vương miện
touching_waist,7,Chạm eo
satin_thong,0,Quần lót dây sa tanh
muscular_on_slim,7,Cơ bắp trên thon
wet_patch,7,Miếng vá ướt
lifting_weight,7,Đang nhấc cân nặng
muscular_growth,7,Sự mọc cơ bắp
polka_dot_heart,0,Trái tim chấm bi
melting_clock,0,Đồng hồ đang tan chảy
grabbing_pussy,7,Nắm âm hộ
grabbing_cheek,7,Nắm má
cosmic_feathers,7,Lông vũ trụ
skeleton_cat,0,Mèo bộ xương
cum_on_inner_thigh,7,Tinh dịch trên đùi mặt trong
beak_in_cloaca,7,Mỏ trong lỗ huyệt
multiple_neckties,0,Nhiều cà vạt
multiple_snakes,0,Nhiều cái rắn
biting_blankets,7,Đang cắn chăn
tan_collar,7,Cổ áo màu nâu rám nắng
mechanical_antennae,0,Ăng-ten cơ khí
tan_eyeshadow,7,Phấn mắt nâu rám nắng
feces_in_stomach,7,Phân trong bụng
frilly_neckwear,7,Phụ kiện cổ nhún diềm
tan_ruff,7,Diềm cổ nâu rám nắng
wide_head,7,Đầu rộng
no_thoughts_head_empty_(meme),0,Không có đầu trong bong bóng nghĩ rỗng
throwing_away,0,Đang ném quay ra xa
gaping_sheath,7,Bao dương vật há rộng
side_zipper,0,Khóa kéo lệch bên
thigh_thighs,7,Đùi đùi
master_of_hearts_tattoo,0,Chủ nhân hình xăm trái tim
transparent_tentacles,7,Xúc tu trong suốt
heart_seal,0,Hải cẩu trái tim
pattern_cutout,0,Lỗ cắt hoa văn
pregnant_expansion,7,Độ giãn mang thai
wooden_frame,0,Khung hình bằng gỗ
checkered_headband,0,Băng đô kẻ ca-rô
slit_wrist,7,Cổ tay xẻ tà
snowman_ornament,0,Đồ trang trí người tuyết
planet_print,0,Họa tiết hành tinh
tentacle_around_thigh,7,Xúc tu quanh đùi
candy_hearts,7,Trái tim kẹo
exposed_areola,7,Lộ quầng vú
bone_pendant,7,Mặt dây chuyền xương
saliva_on_pawpads,7,Nước bọt trên đệm chân thú
truck_interior,0,Bên trong xe tải
bone_halo,0,Vầng hào quang xương
snake_head,0,Đầu rắn
tentacles_around_ankles,7,Xúc tu quanh cổ chân
antenna_grab,0,Bóp ăng-ten
neck_spots,7,Đốm cổ
nurse_lingerie,7,Đồ lót nữ y tá
girls_(aespa),0,Cô gái
vertical_stripes,7,Sọc dọc
spread_pouch,7,Túi con dạng ra
bandage_on_snout,7,Băng quấn trên mõm
triple_cumshot,7,Ba tinh dịch bắn ra
pantyshot_(standing),7,Ảnh lộ quần lót
glistening_balloon,7,Bóng bay bóng nhẫy
hidden_dildo,7,Dương vật giả được che
cat_pattern,7,Hoa văn mèo
glistening_cup,7,Cốc bóng nhẫy
writing_on_sign,7,Chữ viết trên bảng hiệu
showing_diaper,7,Đang cho thấy tã lót
mole_girl,0,Cô gái chuột chũi
precum_in_condom,7,Dịch tiền xuất tinh trong bao cao su
adjusting_ascot,0,Đang chỉnh khăn ascot
helmet_writing,0,Viết lên mũ bảo hiểm
helmet_with_visor,7,Mũ bảo hiểm kèm lưỡi trai
carrying_fellatio,7,Mang theo quan hệ bằng miệng
raised_top,7,Áo dựng lên
patting_cheek,0,Vỗ má
gauze_on_stomach,0,Gạc y tế trên bụng
heart_antennae,0,Ăng-ten trái tim
jellyfish_boy,0,Cậu trai sứa
head_pull,7,Kéo đầu
head_to_side,7,Đầu tới lệch bên
gold_fork,0,Dĩa vàng kim
disembodied_snout,7,Mõm tách rời
father_fingering_daughter,7,Cha đút ngón tay vào con gái
long_scar,0,Sẹo dài
paintbrush_(neopets),7,Cọ vẽ
11_heads,7,Mười một cái đầu
sheath_transformation,7,Sự biến đổi bao dương vật
no_sign,7,Không có bảng hiệu
multicolored_corset,0,Áo corset nhiều màu
multicolored_spikes,7,Gai nhọn nhiều màu
feeding_birds,7,Đút cho chim
egg_through,7,Trứng xuyên qua
cum_on_paper,7,Tinh dịch trên giấy
cum_on_condom,7,Tinh dịch trên bao cao su
cum_on_antennae,7,Tinh dịch trên ăng-ten
tulip_print,0,Họa tiết tulip
grab_behind_knot,7,Bóp phía sau nút thắt
fellatio_from_feral,7,Quan hệ bằng miệng từ động vật không nhân hóa
striped_corset,0,Áo corset kẻ sọc
print_headphones,0,Tai nghe họa tiết
blowing_out_candles,7,Thổi ra ngoài nến
aqua_bridal_gauntlets,0,Găng tay giáp cô dâu xanh ngọc
licking_another's_back,0,Đang liếm của người khác ngả về sau
aqua_nightgown,0,Áo ngủ xanh ngọc
chain_(pandora_hearts),0,Dây chuyền
toeless_leggings,7,Quần legging hở ngón chân
brushing_animal,0,Đang chải động vật
touching_balls,7,Chạm tinh hoàn
hairless_armpit,7,Nách không lông
starry_eyed,7,Mắt đầy sao
wax_on_stomach,7,Sáp trên bụng
clipboard_on_lap,7,Bảng kẹp giấy trên đùi
sexy_bulb,7,Bóng đèn gợi cảm
cow_transformation,7,Sự biến đổi bò
dressing_partner,7,Đang mặc bạn tình
flash_(sound_effect),7,Nháy
nightgown_pull,0,Kéo áo ngủ
two-sided_collar,0,Cổ áo mặt hai
double_slit_penetration,7,Sự thâm nhập xẻ tà kép
waffle_print,0,Họa tiết bánh quế
vaginal_fluids_around_pussy,7,Dịch âm đạo quanh âm hộ
silver_feathers,7,Lông vũ bạc
two_tone_snout,7,Mõm hai tông
brown_eyeliner,0,Kẻ mắt nâu
rivers_of_blood_(elden_ring),0,Sông máu
pumpkin_anal_beads,7,Hạt chuỗi hậu môn bí ngô
snail_on_head,0,Ốc sên trên đầu
pumpkin_in_ass,7,Bí ngô trong mông
broken_floor,7,Sàn nhà bị gãy
torn_collar,0,Vòng cổ bị rách
brown_iris,7,Mống mắt nâu
shadings,7,Tô bóng
insect_penetrated,7,Côn trùng bị thâm nhập
bread_bowl,0,Bát bánh mì
print_blanket,0,Chăn họa tiết
lined_up,7,Có lớp lót hướng lên
beak_penetration,7,Sự thâm nhập mỏ
padlock_symbol,0,Biểu tượng ổ khóa
character_outline,7,Đường viền nhân vật
hyper_hourglass,7,Đồng hồ cát phóng đại
thighs_on_glass,7,Đùi trên thủy tinh
thick_cumshot,7,Tinh dịch bắn ra dày
animal_ornament,0,Đồ trang trí động vật
older_on_cub,7,Lớn tuổi hơn trên con non
slim_top,7,Áo thon
wooden_fork,0,Dĩa bằng gỗ
triangle_(nikke),0,Hình tam giác
snail_print,0,Họa tiết ốc sên
bodies,7,Cơ thể
bunny_headband,7,Băng đô thỏ
heart_wall,7,Bức tường trái tim
removing_towel,7,Đang cởi khăn tắm
carrot_hairclip,7,Kẹp tóc cà rốt
paw_pussy,7,Âm hộ chân thú
scar_on_knee,0,Sẹo trên đầu gối
cyan_hooves,7,Vó xanh lơ
short_top,7,Áo ngắn
cum_on_plate,7,Tinh dịch trên chiếc đĩa
hammer_(weapon),7,Búa
turtle_print,0,Họa tiết rùa
blood_on_curtains,0,Máu trên rèm cửa
micro_in_diaper,7,Rất nhỏ trong tã lót
cross_collar_tag,7,Nhãn vòng cổ chữ thập
cross_(symbol),7,Thập tự
penile_ovipositor,7,Cơ quan đẻ trứng thuộc dương vật
younger_rimmed,7,Nhỏ tuổi hơn bị liếm hậu môn
nightmare_(madoka_magica),0,Ác mộng
butterfly_pattern,7,Hoa văn bươm bướm
button_knot,0,Nút thắt cúc
two_tone_headset,7,Tai nghe hai tông
flaming_axe,7,Rìu bốc cháy
symbol_on_back,7,Biểu tượng trên lưng
blank,7,Trống
asymmetrical_balls,7,Tinh hoàn bất đối xứng
grab_head,7,Đầu bóp
persian_(culture),7,Ba Tư
fluffy_cuffs,7,Ống bọc cổ tay lông xù
golden_stripes,7,Sọc màu vàng
gold_sclera,7,Củng mạc vàng kim
2_tentacles,7,Hai xúc tu
glue_bottle,7,Cái chai keo
glitter_eyeshadow,7,Phấn mắt kim tuyến
glistening_floor,7,Sàn nhà bóng nhẫy
spotted_neckerchief,7,Khăn quàng cổ có đốm
gingham_pajamas,0,Đồ ngủ kẻ ô vuông
monotone_whiskers,7,Râu mèo một tông
saliva_on_knot,7,Nước bọt trên nút thắt
urine_in_bottle,7,Nước tiểu trong cái chai
balls_in_pussy,7,Tinh hoàn trong âm hộ
pinstripe_bottomwear,7,Đồ mặc dưới sọc chỉ
unusual_head,7,Đầu bất thường
multicolored_anklet,7,Vòng chân nhiều màu
multicolored_earbuds,7,Tai nghe nhét tai nhiều màu
multicolored_bridal_gauntlets,7,Găng tay giáp cô dâu nhiều màu
drill_tank,0,Áo ba lỗ xoắn ốc
name_on_topwear,7,Tên trên trang phục thân trên
bird_skull_ornament,0,Đồ trang trí đầu lâu chim
unfastened_diaper,7,Tã lót mở
uniforms,7,Đồng phục
clitoris_tied,0,Âm vật được buộc
muzzle_in_sheath,7,Mõm trong bao kiếm
musical_note_hairclip,7,Kẹp tóc nốt nhạc âm nhạc
muscular_thigh,7,Đùi cơ bắp
10_heads,7,Mười cái đầu
balls_on_ass,7,Tinh hoàn trên mông
studded_topwear,7,Áo đính đinh
balls_fetish,7,Sở thích tinh hoàn
asking_out,7,Đang hỏi thò ra
bandage_on_elbow,0,Băng quấn trên khuỷu tay
big_heart_(organ),7,Trái tim to
squeezing_diaper,7,Đang bóp tã lót
big_cloaca,7,Lỗ huyệt to
saliva_on_armpit,7,Nước bọt trên nách
saliva_on_partner,7,Nước bọt trên bạn tình
neck_band,7,Dải băng cổ
fork_in_head,0,Dĩa trong đầu
round_door,0,Cánh cửa tròn
gold_button_(fastener),7,Cúc áo vàng kim
fluffy_shark,7,Cá mập lông xù
doublet,7,Áo doublet
spiked_topwear,7,Áo có gai
two_tone_whiskers,7,Râu mèo hai tông
grabbing_own_pecs,7,Nắm cơ ngực của mình
pocket_chain,7,Dây chuyền túi áo
spider_(ensemble_stars!),0,Nhện
pointing_at_partner,7,Chỉ vào bạn tình
asymmetrical,7,Bất đối xứng
covered_in_snow,7,Được che trong tuyết
butterfly_(ensemble_stars!),0,Bươm bướm
flat_butt,7,Mông phẳng
butt_drop,7,Giọt mông
cracked_window,7,Cửa sổ nứt
fishnet_thigh_strap,0,Dây đeo đùi lưới
crescent_beam,0,Chùm hình lưỡi liềm
6_balls,7,Sáu tinh hoàn
crossdressing_andromorph,7,Nhân vật andromorph mặc đồ khác giới
blood_drops,7,Giọt máu
knee_wraps,7,Băng quấn đầu gối
blood_on_plate,0,Máu trên chiếc đĩa
crown_jewels,7,Đá quý vương miện
paw_wand,0,Cây đũa phép chân thú
veiny_foreskin,7,Bao quy đầu lộ gân
talking_underwater,7,Nói chuyện với dưới nước
cum_on_balloon,7,Tinh dịch trên bóng bay
no_faces,7,Không có khuôn mặt
tan_skinsuit,7,Bộ đồ ôm sát nâu rám nắng
cyan_clitoris,7,Âm vật xanh lơ
heart_bulge,7,Chỗ lùm lùm trái tim
heart_crop_top,7,Áo cắt ngắn trái tim
hearts_around_pussy,7,Trái tim quanh âm hộ
schoolgirl_wear_(idolmaster),0,Đồ mặc nữ sinh
scorpion_print,0,Họa tiết bọ cạp
screen_door,7,Cánh cửa màn hình
mane_grab,7,Bóp bờm
pregnant_growth,7,Sự mọc mang thai
transparent_halo,0,Vầng hào quang trong suốt
translucent_ovipositor,7,Cơ quan đẻ trứng bán trong suốt
back_scars,7,Sẹo lưng
tentacle_heart,0,Trái tim xúc tu
bondage_bench,7,Ghế dài trói buộc
explosion_(pokemon),0,Vụ nổ
pajamas_down,7,Đồ ngủ hướng xuống
sheath_pulled_back,7,Bao kiếm kéo ngả về sau
testicles_on_head,0,Tinh hoàn trên đầu
see-through_pasties,0,Miếng che núm vú xuyên thấu
egg_cup,0,Cốc trứng
sharp_chin,0,Cằm sắc
silk_moth,0,Ngài lụa
sleeveless_crop_top,7,Áo cắt ngắn không tay
animal_print_swimwear,7,Đồ bơi họa tiết động vật
daughter_penetrating_father,7,Con gái thâm nhập cha
lotus_symbol_(warframe),0,Biểu tượng sen
thigh_fluff,7,Lông tơ đùi
human_chain,0,Dây chuyền người
brown_hanbok,0,Áo hanbok nâu
laced_topwear,7,Áo buộc dây
character_on_plate,7,Nhân vật trên chiếc đĩa
diamond_border,0,Viền ảnh hình thoi
elbow_patches,0,Miếng vá khuỷu tay
elbow_on_own_hip,0,Khuỷu tay trên hông của mình
septuple_penetration,7,Bảy sự thâm nhập
single_bridal_legwear,0,Đồ che chân cô dâu một chiếc
weights_on_balls,7,Cân nặng trên tinh hoàn
leaf_mane,7,Bờm chiếc lá
inflated_balloon,7,Bóng bay phồng to
pussy_juice_in_diaper,7,Dịch âm hộ trong tã lót
pushing_button,7,Đang đẩy cúc áo
pushed_inside,7,Bên trong đẩy
pushing_dildo,7,Đang đẩy dương vật giả
pussy_juice_on_knot,7,Dịch âm hộ trên nút thắt
sex_on_ground,7,Quan hệ tình dục trên mặt đất
sticker_on_neck,0,Nhãn dán trên cổ
wax_on_butt,7,Sáp trên mông
industrial_ship_(eve_online),0,Con tàu industrial
leaf_anklet,7,Vòng chân chiếc lá
inverted_stripes,7,Sọc đảo ngược
cloaca_shot,7,Cắt cảnh lỗ huyệt
drinking_from_bottle,7,Đang uống từ cái chai
strawberry_chocolate,0,Sô-cô-la dâu tây
front_to_front,7,Phía trước tới phía trước
iridescent_butt,7,Mông ánh kim
multiple_shots,7,Nhiều cắt cảnh
frilly_heart,7,Trái tim nhún diềm
star_beads,7,Hạt chuỗi ngôi sao
quilted_capelet,0,Áo choàng ngắn bông chần
can_in_pussy,7,Lon trong âm hộ
andromorph_prey,7,Con mồi dạng đực
linen,7,Vải lanh
bat_lingerie,0,Đồ lót nữ dơi
tied_leash,7,Dây dắt được buộc
bandage_on_hip,0,Băng quấn trên hông
hyper_snout,7,Mõm phóng đại
sentient_diaper,7,Tã lót có tri giác
urine_in_throat,7,Nước tiểu trong cổ họng
brown_anklets,7,Vòng chân nâu
lace_topwear,7,Áo ren
lace-trimmed_bridal_gauntlets,0,Găng tay giáp cô dâu ren viền
brown_facial_markings,7,Vằn trên mặt nâu
humanoid_rimming_feral,7,Dạng người liếm hậu môn động vật không nhân hóa
entwined_tentacles,7,Xúc tu quấn vào nhau
gingham_blanket,0,Chăn kẻ ô vuông
ass_to_other_pussy,7,Mông tới âm hộ người khác
springs,7,Mùa xuân
confetti_balloon,0,Bóng bay giấy vụn trang trí
thin_beak,7,Mỏ mỏng
torn_thong,7,Quần lót dây bị rách
glistening_neckwear,7,Phụ kiện cổ bóng nhẫy
animal_print_armwear,7,Đồ che tay họa tiết động vật
spoken_lipstick_mark,0,Dấu son môi trong bóng thoại
fold,7,Gập
bruise_on_wrist,0,Vết bầm trên cổ tay
gold_collar_tag,7,Nhãn vòng cổ vàng kim
gold_irises,7,Mống mắt vàng kim
gold_transformation,7,Sự biến đổi vàng kim
golden_rings,7,Nhẫn màu vàng
wood_bucket,7,Xô gỗ
hooded_tunic,0,Áo tuynic có mũ trùm
hood_ornament,0,Đồ trang trí mũ trùm
touching_vulva,7,Chạm âm hộ
cosmic_frill,7,Diềm xếp vũ trụ
spiked_drink,7,Đồ uống có gai
writing_on_balloon,7,Chữ viết trên bóng bay
two_tone_pauldron,7,Giáp vai hai tông
small_prey,7,Con mồi nhỏ
octopus_tentacles,7,Xúc tu bạch tuộc
octopus_pot,0,Chậu bạch tuộc
two_angles,7,Hai góc máy
swinging_hips,7,Đung đưa hông
print_bloomers,0,Quần phồng họa tiết
cow_print_thong,7,Quần lót dây họa tiết bò
symbol_on_bottomwear,7,Biểu tượng trên trang phục thân dưới
crab_boy,0,Cậu trai cua
dirty_bottomwear,7,Đồ mặc dưới bẩn
cherry_on_head,7,Hoa anh đào trên đầu
spanking_pussy,0,Đét âm hộ
paint_transformation,7,Sự biến đổi sơn
snail_trail,7,Vệt ốc sên
snake_tentacles,7,Xúc tu rắn
tentacle_transformation,7,Sự biến đổi xúc tu
crescent_collar,0,Cổ áo hình lưỡi liềm
chocolate_on_butt,7,Sô-cô-la trên mông
disembodied_ass,7,Mông tách rời
tag_(concept),0,Nhãn
milk_on_thighs,7,Sữa trên đùi
palm_up,7,Lòng bàn tay hướng lên
panda_on_head,0,Gấu trúc trên đầu
ferret_boy,0,Cậu trai chồn bạc
metal_bat,7,Dơi kim loại
veiny_butt,7,Mông lộ gân
viewers,7,Người xem
fake_scythe,0,Lưỡi hái giả
carrying_head,7,Mang theo đầu
ribbed_tentacle,7,Xúc tu sống dọc
heart_zipper,0,Khóa kéo trái tim
heart_print_topwear,7,Áo họa tiết trái tim
cum_on_buttplug,7,Tinh dịch trên chậu hậu môn
removing_bottomwear,7,Đang cởi trang phục thân dưới
no_cheeks,0,Không có má
medial,7,Phía trong
feces_on_back,7,Phân trên lưng
tan_hood,7,Mũ trùm màu nâu rám nắng
measuring_spoon,0,Đang đo thìa
tank_top_aside,7,Áo ba lỗ lệch bên
feces_in_container,7,Phân trong vật chứa
no_fire,0,Không có lửa
tan_genitalia,7,Bộ phận sinh dục nâu rám nắng
feces_on_thigh,7,Phân trên đùi
feces_through,7,Phân xuyên qua
cum_on_whiskers,7,Tinh dịch trên râu mép
cum_on_neckerchief,7,Tinh dịch trên khăn quàng cổ
apple_pattern,7,Hoa văn táo
heart_top,0,Áo trái tim
rib_bones,7,Xương xương sườn
rice_field,7,Cánh đồng cơm
aqua_claws,0,Móng vuốt xanh ngọc
dominant_brother,7,Anh em trai chiếm ưu thế
dominant_(ensemble_stars!),0,Thống trị
fake_pussy,7,Âm hộ giả
fake_hooves,7,Vó giả
satin_lingerie,0,Đồ lót nữ sa tanh
metal_pot,7,Chậu kim loại
scorpion_(world_trigger),0,Bọ cạp
bulge_insertion,7,Đưa vào chỗ lùm lùm
blood_on_feathers,7,Máu trên lông vũ
blood_on_crotch,7,Máu trên đũng quần
faceless_andromorph,7,Nhân vật andromorph không mặt
vines_(marking),7,Dây leo
vine_tattoo,7,Hình xăm dây leo
micro_on_head,7,Rất nhỏ trên đầu
precum_through_swimwear,7,Dịch tiền xuất tinh xuyên qua đồ bơi
figure_drawing,7,Hình vẽ dáng người
short_beard,7,Râu ngắn
eyepatch_strap_only,0,Chỉ có dây đeo miếng bịt mắt
ripped_suit,7,Bộ đồ xé rách
polka_dot_headband,0,Băng đô chấm bi
antique,7,Cổ
6_tentacles,7,Sáu xúc tu
exposed_vulva,7,Lộ âm hộ
seal_hood,0,Mũ trùm hải cẩu
exposed_feces,7,Lộ phân
spaced_out,7,Giãn cách thò ra
5_tentacles,7,Năm xúc tu
fishnets_only,7,Chỉ có đồ lót lưới
flame_heart,7,Trái tim ngọn lửa
flaming_back,7,Lưng bốc cháy
vaginal_tentacle,7,Xúc tu âm đạo
towel_on_floor,7,Khăn tắm trên sàn nhà
mismatched_sailor_collar,0,Cổ áo thủy thủ lệch đôi
floating_objects,7,Vật thể lơ lửng
asymmetrical_pasties,0,Miếng che ngực bất đối xứng
pointy_fingernails,7,Móng tay nhọn
pointing_at_forehead,0,Chỉ vào trán
two_tone_cheeks,7,Má hai tông
two_tone_hood,7,Mũ trùm hai tông
double_balls,7,Tinh hoàn kép
two_tone_sheath,7,Bao dương vật hai tông
writing_on_condom,7,Chữ viết trên bao cao su
spiked_band,7,Dải băng có gai
cosmic_paws,7,Bàn chân thú vũ trụ
grabbing_wall,7,Nắm bức tường
swan_girl,0,Cô gái thiên nga
corset_suit,7,Bộ đồ áo corset
cheek_pouches,7,Túi con gò má
goo_on_balls,7,Nhầy trên tinh hoàn
touching_snout,7,Chạm mõm
checkered_swimwear,7,Đồ bơi kẻ ca-rô
checkered_headgear,7,Phụ kiện đội đầu kẻ ca-rô
gold_star,7,Ngôi sao vàng kim
horse_collar,7,Cổ áo ngựa
rope_halo,0,Vầng hào quang dây thừng
raised_chin,0,Cằm dựng lên
sleeping_on_ground,7,Đang ngủ trên mặt đất
glistening_stomach,7,Bụng bóng nhẫy
spotted_armwear,7,Đồ che tay có đốm
foreskin_penetration,7,Sự thâm nhập bao quy đầu
rain_print,0,Họa tiết mưa
glaring_at_partner,7,Nhìn giận dữ bạn tình
bound_elbows,0,Khuỷu tay bị trói
slapping_vulva,7,Đang tát âm hộ
pseudo_cloaca,7,Lỗ huyệt giả
bound_prey,7,Con mồi bị trói
torn_pelvic_curtain,0,Rèm xương chậu bị rách
spring_(hydrology),7,Mùa xuân
planet_anal_beads,7,Hạt chuỗi hậu môn hành tinh
saliva_on_own_chin,7,Nước bọt trên cằm của mình
saliva_on_glass,7,Nước bọt trên thủy tinh
ass_drill,7,Tóc xoắn mông
human_transformation,7,Sự biến đổi người
plaid_swimwear,7,Đồ bơi kẻ caro
bandaid_pull,0,Kéo băng cá nhân
brown_bodice,0,Áo corset nâu
diaper_position,7,Tư thế tã lót
lace-trimmed_straps,0,Dây đeo ren viền
big_maw,7,Hàm to
brother_rimming_sister,7,Anh em trai liếm hậu môn chị em gái
angel_halo_(mon-musu_quest!),0,Vầng hào quang thiên thần
on_top_of_head,7,Ở phía trên đầu
moths,7,Ngài
tied_towel,0,Khăn tắm được buộc
puffy_wrist_cuffs,0,Ống bọc cổ tay cổ tay phồng
balloon_in_ass,7,Bóng bay trong mông
beak_(e.g.o),0,Mỏ
gaping_ovipositor,7,Cơ quan đẻ trứng há rộng
tip_grab,7,Bóp đầu chóp
large_chin,0,Cằm lớn
stuffed_boar,0,Lợn rừng nhồi bông
stuffed_beetle,0,Bọ cánh cứng nhồi bông
frilly_headdress,7,Đồ đội đầu nhún diềm
striped_sofa,7,Ghế sofa kẻ sọc
striped_snake,0,Rắn kẻ sọc
muscular_ass,7,Mông cơ bắp
zipper_vulva,7,Âm hộ khóa kéo
straight_(poker_hand),7,Thẳng
leaf_girl,0,Cô gái chiếc lá
pussy_juice_on_own_balls,7,Dịch âm hộ trên tinh hoàn của mình
